{"CSB":{"OFF":77.916458125,"DEF":66.9929440312,"NET":10.9235140938,"PACE":77.4868384073,"hAST%":15.930466699,"hTO%":13.8913669615,"TOR":20.0955786705,"AR":23.0453883836,"STL%":9.5868815676,"BLK%":8.4772370487,"EFG%":49.0185950413,"TS%":51.1658736789,"PPWS":1.0233174736,"REB%":57.4545454545,"OREB%":38.9558232932,"DREB%":72.7574750831,"FTR":0.3130165289,"FFI":37.1177452767,"Py-W":12.8533906395,"Py-L":1.1466093605,"PPR":-1.8131654685,"HHI":0.0960430004},"SBU":{"OFF":74.4934065366,"DEF":68.2446664972,"NET":6.2487400394,"PACE":71.2143563658,"hAST%":14.3861458701,"hTO%":11.8753562607,"TOR":16.3824645227,"AR":19.8461855932,"STL%":7.114670307,"BLK%":6.8541300527,"EFG%":46.1659663866,"TS%":48.820216447,"PPWS":0.9764043289,"REB%":53.3868092692,"OREB%":31.1320754717,"DREB%":73.3108108108,"FTR":0.3214285714,"FFI":33.6098463511,"Py-W":12.0369961378,"Py-L":2.9630038622,"PPR":-1.2090478826,"HHI":0.1072299442},"MU":{"OFF":74.4756038824,"DEF":71.6598910702,"NET":2.8157128122,"PACE":76.1035405877,"hAST%":14.9462991376,"hTO%":12.5654727263,"TOR":17.8328478105,"AR":21.2117031851,"STL%":10.0427090301,"BLK%":6.0240963855,"EFG%":45.1092611863,"TS%":48.2629005182,"PPWS":0.9652580104,"REB%":54.2884990253,"OREB%":34.7663551402,"DREB%":75.5600814664,"FTR":0.319458897,"FFI":34.2470709099,"Py-W":9.0923769532,"Py-L":4.9076230468,"PPR":-1.4270796492,"HHI":0.1314085499},"League":{"OFF":73.0978875865,"DEF":73.0978875865,"NET":0.0,"PACE":78.0029045524,"hAST%":15.0579629285,"hTO%":12.2497055359,"TOR":17.1128992205,"AR":21.0360486876,"STL%":9.6909586173,"BLK%":7.094647622,"EFG%":44.3316082414,"TS%":47.9873784752,"PPWS":0.9597475695,"REB%":50.0,"OREB%":30.3226937917,"DREB%":69.6773062083,"FTR":0.3295576604,"FFI":33.0187717658,"Py-W":7.4,"Py-L":7.4,"PPR":-1.1829740188,"HHI":0.0085956261},"LPU":{"OFF":76.4637382796,"DEF":77.0904902327,"NET":-0.6267519531,"PACE":79.7763768454,"hAST%":15.9293536195,"hTO%":10.9022192073,"TOR":15.0420468747,"AR":21.9781018224,"STL%":9.6101966144,"BLK%":3.9308176101,"EFG%":45.8930276982,"TS%":50.4950167213,"PPWS":1.0099003344,"REB%":46.5156794425,"OREB%":25.1736111111,"DREB%":68.006993007,"FTR":0.3495702006,"FFI":32.3959980288,"Py-W":7.0108964959,"Py-L":7.9891035041,"PPR":-0.1496040697,"HHI":0.117041118},"UPHSD":{"OFF":66.8388251484,"DEF":68.2494938199,"NET":-1.4106686715,"PACE":74.4327864673,"hAST%":16.3492858933,"hTO%":13.4051616136,"TOR":19.1671806791,"AR":23.3767951273,"STL%":9.8522891341,"BLK%":9.841827768,"EFG%":40.9136546185,"TS%":44.3641876226,"PPWS":0.8872837525,"REB%":51.097972973,"OREB%":30.9608540925,"DREB%":69.2926045016,"FTR":0.2861445783,"FFI":31.6415965104,"Py-W":6.2583796565,"Py-L":8.7416203435,"PPR":-1.3522120275,"HHI":0.1169778541},"EAC":{"OFF":70.1916181966,"DEF":71.7011153621,"NET":-1.5094971655,"PACE":79.496671303,"hAST%":15.5290505432,"hTO%":11.4548889939,"TOR":16.2690250061,"AR":22.0554308073,"STL%":9.3924268077,"BLK%":8.6477987421,"EFG%":42.1468401487,"TS%":45.1237263464,"PPWS":0.9024745269,"REB%":46.8222043443,"OREB%":28.3464566929,"DREB%":66.1184210526,"FTR":0.3392193309,"FFI":31.6835736124,"Py-W":6.2355449164,"Py-L":8.7644550836,"PPR":-0.6054847701,"HHI":0.1075156409},"CSJL":{"OFF":71.7488398697,"DEF":74.0468454171,"NET":-2.2980055474,"PACE":78.3287926357,"hAST%":14.7716082115,"hTO%":14.8978612731,"TOR":20.0862707108,"AR":19.9160480777,"STL%":7.4897958583,"BLK%":9.0277777778,"EFG%":45.5761316872,"TS%":50.4433992748,"PPWS":1.0088679855,"REB%":48.8773747841,"OREB%":26.1627906977,"DREB%":67.1339563863,"FTR":0.3323045267,"FFI":33.4691463934,"Py-W":5.6475375346,"Py-L":9.3524624654,"PPR":-2.5493490827,"HHI":0.099694786},"AU":{"OFF":71.1717954996,"DEF":73.9351525294,"NET":-2.7633570298,"PACE":81.4227034645,"hAST%":13.7978405476,"hTO%":11.2672322375,"TOR":15.311044876,"AR":18.7498891796,"STL%":12.6090957802,"BLK%":6.5693430657,"EFG%":43.592142189,"TS%":46.5955872893,"PPWS":0.9319117458,"REB%":46.8883205456,"OREB%":27.9809220986,"DREB%":68.75,"FTR":0.3713751169,"FFI":32.4314292683,"Py-W":5.2827066768,"Py-L":9.7172933232,"PPR":-1.0784037444,"HHI":0.08553162},"JRU":{"OFF":73.3788246956,"DEF":77.9289526898,"NET":-4.5501279942,"PACE":78.0197832788,"hAST%":15.7495346728,"hTO%":12.468381616,"TOR":17.8587183247,"AR":22.5583810418,"STL%":9.6556706732,"BLK%":8.0527086384,"EFG%":42.4684159378,"TS%":47.5798676906,"PPWS":0.9515973538,"REB%":49.671977507,"OREB%":32.6750448833,"DREB%":68.2352941176,"FTR":0.3848396501,"FFI":33.7596496852,"Py-W":4.1453859698,"Py-L":10.8546140302,"PPR":-1.099762027,"HHI":0.1174050838},"SSCR":{"OFF":74.5696606662,"DEF":79.3459399723,"NET":-4.7762793061,"PACE":83.7471961681,"hAST%":13.237077813,"hTO%":10.0881694346,"TOR":13.7716053325,"AR":18.070256708,"STL%":11.1446517142,"BLK%":3.5114503817,"EFG%":43.1255337319,"TS%":47.4948284254,"PPWS":0.9498965685,"REB%":46.2383770076,"OREB%":28.9156626506,"DREB%":68.4007707129,"FTR":0.2792485056,"FFI":30.6649749393,"Py-W":4.0538025851,"Py-L":10.9461974149,"PPR":-0.6562774478,"HHI":0.1093659555}}