{"AU":{"POS":1221.3405519674,"PACE":81.4227034645},"CSB":{"POS":1084.8157377016,"PACE":77.4868384073},"CSJL":{"POS":1174.9318895349,"PACE":78.3287926357},"EAC":{"POS":1192.4500695452,"PACE":79.496671303},"JRU":{"POS":1170.2967491815,"PACE":78.0197832788},"LPU":{"POS":1196.6456526807,"PACE":79.7763768454},"MU":{"POS":1065.4495682281,"PACE":76.1035405877},"SBU":{"POS":1068.215345487,"PACE":71.2143563658},"SSCR":{"POS":1256.2079425215,"PACE":83.7471961681},"UPHSD":{"POS":1116.49179701,"PACE":74.4327864673},"League":{"POS":1154.6845303858,"PACE":78.0029045524}}