{"CSB":{"MINS":206.25,"FGM":29.5,"FGA":72.25,"2PM":23.25,"2PA":45.75,"3PM":6.25,"3PA":26.5,"FTM":10.5,"FTA":17.0,"PTS":75.75,"OFF":15.75,"DEF":33.0,"REB":48.75,"AST":14.0,"TO":13.75,"STL":7.75,"BLK":4.25,"STK":12.0,"PF":20.0,"Fls on:":19.0,"+\/-":16.75,"GW":55.0,"GP":4.0,"W":4.0,"L":0.0,"FG%":40.830449827,"2P%":50.8196721311,"3P%":23.5849056604,"FT%":61.7647058824,"W%":1.0},"CSJL":{"MINS":200.0,"FGM":28.0,"FGA":60.0,"2PM":22.6666666667,"2PA":38.0,"3PM":5.3333333333,"3PA":22.0,"FTM":18.6666666667,"FTA":24.0,"PTS":80.0,"OFF":9.6666666667,"DEF":27.0,"REB":36.6666666667,"AST":14.6666666667,"TO":16.0,"STL":6.6666666667,"BLK":5.3333333333,"STK":12.0,"PF":22.6666666667,"Fls on:":21.6666666667,"+\/-":2.6666666667,"GW":27.0,"GP":3.0,"W":2.0,"L":1.0,"FG%":46.6666666667,"2P%":59.649122807,"3P%":24.2424242424,"FT%":77.7777777778,"W%":0.6666666667},"MU":{"MINS":200.0,"FGM":24.0,"FGA":67.0,"2PM":15.0,"2PA":35.6666666667,"3PM":9.0,"3PA":31.3333333333,"FTM":11.3333333333,"FTA":17.3333333333,"PTS":68.3333333333,"OFF":12.0,"DEF":26.6666666667,"REB":38.6666666667,"AST":15.6666666667,"TO":13.3333333333,"STL":9.0,"BLK":2.0,"STK":11.0,"PF":22.6666666667,"Fls on:":15.6666666667,"+\/-":-1.3333333333,"GW":23.0,"GP":3.0,"W":2.0,"L":1.0,"FG%":35.8208955224,"2P%":42.0560747664,"3P%":28.7234042553,"FT%":65.3846153846,"W%":0.6666666667},"EAC":{"MINS":206.25,"FGM":22.75,"FGA":70.75,"2PM":14.75,"2PA":42.75,"3PM":8.0,"3PA":28.0,"FTM":15.5,"FTA":25.5,"PTS":69.0,"OFF":9.75,"DEF":28.75,"REB":38.5,"AST":17.5,"TO":12.25,"STL":6.5,"BLK":4.75,"STK":11.25,"PF":22.75,"Fls on:":22.75,"+\/-":-1.25,"GW":27.0,"GP":4.0,"W":2.0,"L":2.0,"FG%":32.1554770318,"2P%":34.5029239766,"3P%":28.5714285714,"FT%":60.7843137255,"W%":0.5},"SBU":{"MINS":206.25,"FGM":23.5,"FGA":63.75,"2PM":15.5,"2PA":37.0,"3PM":8.0,"3PA":26.75,"FTM":16.0,"FTA":28.5,"PTS":71.0,"OFF":14.75,"DEF":30.75,"REB":45.5,"AST":12.75,"TO":14.25,"STL":4.5,"BLK":3.0,"STK":7.5,"PF":19.25,"Fls on:":25.25,"+\/-":2.0,"GW":27.0,"GP":4.0,"W":2.0,"L":2.0,"FG%":36.862745098,"2P%":41.8918918919,"3P%":29.9065420561,"FT%":56.1403508772,"W%":0.5},"SSCR":{"MINS":200.0,"FGM":29.75,"FGA":81.0,"2PM":23.5,"2PA":46.75,"3PM":6.25,"3PA":34.25,"FTM":18.0,"FTA":23.75,"PTS":83.75,"OFF":16.0,"DEF":23.5,"REB":39.5,"AST":14.5,"TO":10.5,"STL":9.5,"BLK":1.5,"STK":11.0,"PF":29.25,"Fls on:":22.25,"+\/-":-4.25,"GW":26.0,"GP":4.0,"W":2.0,"L":2.0,"FG%":36.7283950617,"2P%":50.2673796791,"3P%":18.2481751825,"FT%":75.7894736842,"W%":0.5},"UPHSD":{"MINS":200.0,"FGM":24.5,"FGA":69.0,"2PM":18.75,"2PA":45.25,"3PM":5.75,"3PA":23.75,"FTM":12.0,"FTA":19.75,"PTS":66.75,"OFF":13.0,"DEF":24.75,"REB":37.75,"AST":14.25,"TO":13.0,"STL":7.5,"BLK":3.25,"STK":10.75,"PF":18.25,"Fls on:":19.0,"+\/-":-3.75,"GW":25.0,"GP":4.0,"W":2.0,"L":2.0,"FG%":35.5072463768,"2P%":41.4364640884,"3P%":24.2105263158,"FT%":60.7594936709,"W%":0.5},"League":{"MINS":202.7777777778,"FGM":26.5833333333,"FGA":69.6388888889,"2PM":19.75,"2PA":43.3611111111,"3PM":6.8333333333,"3PA":26.2777777778,"FTM":14.9722222222,"FTA":23.4166666667,"PTS":74.9722222222,"OFF":12.75,"DEF":27.1666666667,"REB":39.9166666667,"AST":15.1944444444,"TO":13.25,"STL":7.5555555556,"BLK":3.3333333333,"STK":10.8888888889,"PF":22.0,"Fls on:":21.6944444444,"+\/-":0.0,"GW":23.8,"GP":3.6,"W":1.8,"L":1.8,"FG%":38.1731152772,"2P%":45.5477258168,"3P%":26.0042283298,"FT%":63.9383155397,"W%":0.5},"LPU":{"MINS":200.0,"FGM":28.6666666667,"FGA":69.6666666667,"2PM":19.6666666667,"2PA":41.0,"3PM":9.0,"3PA":28.6666666667,"FTM":18.0,"FTA":27.3333333333,"PTS":84.3333333333,"OFF":10.3333333333,"DEF":23.6666666667,"REB":34.0,"AST":18.0,"TO":12.3333333333,"STL":6.6666666667,"BLK":1.3333333333,"STK":8.0,"PF":25.0,"Fls on:":24.0,"+\/-":-4.3333333333,"GW":13.0,"GP":3.0,"W":1.0,"L":2.0,"FG%":41.1483253589,"2P%":47.9674796748,"3P%":31.3953488372,"FT%":65.8536585366,"W%":0.3333333333},"JRU":{"MINS":200.0,"FGM":26.0,"FGA":67.0,"2PM":19.75,"2PA":45.0,"3PM":6.25,"3PA":22.0,"FTM":19.25,"FTA":28.75,"PTS":77.5,"OFF":13.25,"DEF":23.5,"REB":36.75,"AST":17.25,"TO":14.5,"STL":7.25,"BLK":5.25,"STK":12.5,"PF":21.0,"Fls on:":25.25,"+\/-":-3.25,"GW":15.0,"GP":4.0,"W":1.0,"L":3.0,"FG%":38.8059701493,"2P%":43.8888888889,"3P%":28.4090909091,"FT%":66.9565217391,"W%":0.25},"AU":{"MINS":208.3333333333,"FGM":30.3333333333,"FGA":74.0,"2PM":25.6666666667,"2PA":55.6666666667,"3PM":4.6666666667,"3PA":18.3333333333,"FTM":10.0,"FTA":21.3333333333,"PTS":75.3333333333,"OFF":11.0,"DEF":29.6666666667,"REB":40.6666666667,"AST":13.6666666667,"TO":13.0,"STL":11.0,"BLK":2.0,"STK":13.0,"PF":19.6666666667,"Fls on:":21.0,"+\/-":-5.3333333333,"GW":0.0,"GP":3.0,"W":0.0,"L":3.0,"FG%":40.990990991,"2P%":46.1077844311,"3P%":25.4545454545,"FT%":46.875,"W%":0.0}}