{"AU":{"MINS":625.0,"FGM":91.0,"FGA":222.0,"2PM":77.0,"2PA":167.0,"3PM":14.0,"3PA":55.0,"FTM":30.0,"FTA":64.0,"PTS":226.0,"OFF":33.0,"DEF":89.0,"REB":122.0,"AST":41.0,"TO":39.0,"STL":33.0,"BLK":6.0,"STK":39.0,"PF":59.0,"Fls on:":63.0,"+\/-":-16.0,"GW":0.0,"GP":3.0,"W":0.0,"L":3.0,"FG%":40.990990991,"2P%":46.1077844311,"3P%":25.4545454545,"FT%":46.875},"CSB":{"MINS":825.0,"FGM":118.0,"FGA":289.0,"2PM":93.0,"2PA":183.0,"3PM":25.0,"3PA":106.0,"FTM":42.0,"FTA":68.0,"PTS":303.0,"OFF":63.0,"DEF":132.0,"REB":195.0,"AST":56.0,"TO":55.0,"STL":31.0,"BLK":17.0,"STK":48.0,"PF":80.0,"Fls on:":76.0,"+\/-":67.0,"GW":55.0,"GP":4.0,"W":4.0,"L":0.0,"FG%":40.830449827,"2P%":50.8196721311,"3P%":23.5849056604,"FT%":61.7647058824},"CSJL":{"MINS":600.0,"FGM":84.0,"FGA":180.0,"2PM":68.0,"2PA":114.0,"3PM":16.0,"3PA":66.0,"FTM":56.0,"FTA":72.0,"PTS":240.0,"OFF":29.0,"DEF":81.0,"REB":110.0,"AST":44.0,"TO":48.0,"STL":20.0,"BLK":16.0,"STK":36.0,"PF":68.0,"Fls on:":65.0,"+\/-":8.0,"GW":27.0,"GP":3.0,"W":2.0,"L":1.0,"FG%":46.6666666667,"2P%":59.649122807,"3P%":24.2424242424,"FT%":77.7777777778},"EAC":{"MINS":825.0,"FGM":91.0,"FGA":283.0,"2PM":59.0,"2PA":171.0,"3PM":32.0,"3PA":112.0,"FTM":62.0,"FTA":102.0,"PTS":276.0,"OFF":39.0,"DEF":115.0,"REB":154.0,"AST":70.0,"TO":49.0,"STL":26.0,"BLK":19.0,"STK":45.0,"PF":91.0,"Fls on:":91.0,"+\/-":-5.0,"GW":27.0,"GP":4.0,"W":2.0,"L":2.0,"FG%":32.1554770318,"2P%":34.5029239766,"3P%":28.5714285714,"FT%":60.7843137255},"JRU":{"MINS":800.0,"FGM":104.0,"FGA":268.0,"2PM":79.0,"2PA":180.0,"3PM":25.0,"3PA":88.0,"FTM":77.0,"FTA":115.0,"PTS":310.0,"OFF":53.0,"DEF":94.0,"REB":147.0,"AST":69.0,"TO":58.0,"STL":29.0,"BLK":21.0,"STK":50.0,"PF":84.0,"Fls on:":101.0,"+\/-":-13.0,"GW":15.0,"GP":4.0,"W":1.0,"L":3.0,"FG%":38.8059701493,"2P%":43.8888888889,"3P%":28.4090909091,"FT%":66.9565217391},"LPU":{"MINS":600.0,"FGM":86.0,"FGA":209.0,"2PM":59.0,"2PA":123.0,"3PM":27.0,"3PA":86.0,"FTM":54.0,"FTA":82.0,"PTS":253.0,"OFF":31.0,"DEF":71.0,"REB":102.0,"AST":54.0,"TO":37.0,"STL":20.0,"BLK":4.0,"STK":24.0,"PF":75.0,"Fls on:":72.0,"+\/-":-13.0,"GW":13.0,"GP":3.0,"W":1.0,"L":2.0,"FG%":41.1483253589,"2P%":47.9674796748,"3P%":31.3953488372,"FT%":65.8536585366},"MU":{"MINS":600.0,"FGM":72.0,"FGA":201.0,"2PM":45.0,"2PA":107.0,"3PM":27.0,"3PA":94.0,"FTM":34.0,"FTA":52.0,"PTS":205.0,"OFF":36.0,"DEF":80.0,"REB":116.0,"AST":47.0,"TO":40.0,"STL":27.0,"BLK":6.0,"STK":33.0,"PF":68.0,"Fls on:":47.0,"+\/-":-4.0,"GW":23.0,"GP":3.0,"W":2.0,"L":1.0,"FG%":35.8208955224,"2P%":42.0560747664,"3P%":28.7234042553,"FT%":65.3846153846},"SBU":{"MINS":825.0,"FGM":94.0,"FGA":255.0,"2PM":62.0,"2PA":148.0,"3PM":32.0,"3PA":107.0,"FTM":64.0,"FTA":114.0,"PTS":284.0,"OFF":59.0,"DEF":123.0,"REB":182.0,"AST":51.0,"TO":57.0,"STL":18.0,"BLK":12.0,"STK":30.0,"PF":77.0,"Fls on:":101.0,"+\/-":8.0,"GW":27.0,"GP":4.0,"W":2.0,"L":2.0,"FG%":36.862745098,"2P%":41.8918918919,"3P%":29.9065420561,"FT%":56.1403508772},"SSCR":{"MINS":800.0,"FGM":119.0,"FGA":324.0,"2PM":94.0,"2PA":187.0,"3PM":25.0,"3PA":137.0,"FTM":72.0,"FTA":95.0,"PTS":335.0,"OFF":64.0,"DEF":94.0,"REB":158.0,"AST":58.0,"TO":42.0,"STL":38.0,"BLK":6.0,"STK":44.0,"PF":117.0,"Fls on:":89.0,"+\/-":-17.0,"GW":26.0,"GP":4.0,"W":2.0,"L":2.0,"FG%":36.7283950617,"2P%":50.2673796791,"3P%":18.2481751825,"FT%":75.7894736842},"UPHSD":{"MINS":800.0,"FGM":98.0,"FGA":276.0,"2PM":75.0,"2PA":181.0,"3PM":23.0,"3PA":95.0,"FTM":48.0,"FTA":79.0,"PTS":267.0,"OFF":52.0,"DEF":99.0,"REB":151.0,"AST":57.0,"TO":52.0,"STL":30.0,"BLK":13.0,"STK":43.0,"PF":73.0,"Fls on:":76.0,"+\/-":-15.0,"GW":25.0,"GP":4.0,"W":2.0,"L":2.0,"FG%":35.5072463768,"2P%":41.4364640884,"3P%":24.2105263158,"FT%":60.7594936709},"League":{"MINS":730.0,"FGM":95.7,"FGA":250.7,"2PM":71.1,"2PA":156.1,"3PM":24.6,"3PA":94.6,"FTM":53.9,"FTA":84.3,"PTS":269.9,"OFF":45.9,"DEF":97.8,"REB":143.7,"AST":54.7,"TO":47.7,"STL":27.2,"BLK":12.0,"STK":39.2,"PF":79.2,"Fls on:":78.1,"+\/-":0.0,"GW":23.8,"GP":3.6,"W":1.8,"L":1.8,"FG%":38.1731152772,"2P%":45.5477258168,"3P%":26.0042283298,"FT%":63.9383155397}}