{"CSB":{"OFF":75.0644190567,"DEF":58.466016163,"NET":16.5984028937,"PACE":75.6849925889,"hAST%":13.0256791961,"hTO%":12.7930777819,"TOR":18.1674061523,"AR":18.4977226278,"STL%":10.2398107404,"BLK%":9.4444444444,"EFG%":45.1557093426,"TS%":47.5040762574,"PPWS":0.9500815251,"REB%":57.6923076923,"OREB%":40.9090909091,"DREB%":71.7391304348,"FTR":0.2352941176,"FFI":34.3153652216,"Py-W":3.9279431643,"Py-L":0.0720568357,"PPR":-2.1970736003,"HHI":0.1145094707},"CSJL":{"OFF":79.7218624674,"DEF":77.0644670519,"NET":2.6573954156,"PACE":75.2616636679,"hAST%":14.4889357218,"hTO%":15.8061116965,"TOR":21.2591633246,"AR":19.4875663809,"STL%":8.8579847186,"BLK%":10.9589041096,"EFG%":51.1111111111,"TS%":56.6893424036,"PPWS":1.1337868481,"REB%":53.9215686275,"OREB%":35.3658536585,"DREB%":66.393442623,"FTR":0.4,"FFI":38.8324060073,"Py-W":1.8971289412,"Py-L":1.1028710588,"PPR":-3.2099289511,"HHI":0.1088888889},"SBU":{"OFF":71.5790493661,"DEF":69.5627381164,"NET":2.0163112498,"PACE":74.3932763449,"hAST%":12.3438861458,"hTO%":13.7961080453,"TOR":19.1549568726,"AR":17.1386456229,"STL%":6.0489337493,"BLK%":8.3916083916,"EFG%":43.137254902,"TS%":46.5329663128,"PPWS":0.9306593263,"REB%":53.0612244898,"OREB%":35.7575757576,"DREB%":69.1011235955,"FTR":0.4470588235,"FFI":35.9010386834,"Py-W":2.4493741878,"Py-L":1.5506258122,"PPR":-2.9100061964,"HHI":0.1350426503},"League":{"OFF":72.5140062522,"DEF":72.5140062522,"NET":0.0,"PACE":77.6521906448,"hAST%":14.0187394924,"hTO%":12.2247508919,"TOR":17.0874056971,"AR":19.5949914388,"STL%":9.7437617392,"BLK%":7.6873798847,"EFG%":43.0793777423,"TS%":46.8915049758,"PPWS":0.9378300995,"REB%":50.0,"OREB%":31.9415448852,"DREB%":68.0584551148,"FTR":0.3362584763,"FFI":32.9357886422,"Py-W":1.8,"Py-L":1.8,"PPR":-1.5388127854,"HHI":0.0105866015},"EAC":{"OFF":65.0734734255,"DEF":66.2523406977,"NET":-1.1788672722,"PACE":79.5254921489,"hAST%":15.664160401,"hTO%":10.9649122807,"TOR":15.4038656901,"AR":22.0055224144,"STL%":8.1734797539,"BLK%":10.2150537634,"EFG%":37.8091872792,"TS%":42.0885689887,"PPWS":0.8417713798,"REB%":43.75,"OREB%":22.8070175439,"DREB%":63.5359116022,"FTR":0.3604240283,"FFI":28.942405267,"Py-W":1.7146983451,"Py-L":2.2853016549,"PPR":-0.2761659833,"HHI":0.1088269271},"MU":{"OFF":67.1841323271,"DEF":68.4950422262,"NET":-1.3109098991,"PACE":76.2828933333,"hAST%":15.118373649,"hTO%":12.8667009779,"TOR":17.4787986542,"AR":20.5375884187,"STL%":11.7981890916,"BLK%":4.3165467626,"EFG%":42.5373134328,"TS%":45.7834554225,"PPWS":0.9156691085,"REB%":50.0,"OREB%":28.8,"DREB%":74.7663551402,"FTR":0.2587064677,"FFI":31.0252220516,"Py-W":1.2699385862,"Py-L":1.7300614138,"PPR":-1.4703725891,"HHI":0.1420345033},"JRU":{"OFF":76.089500358,"DEF":79.280350373,"NET":-3.190850015,"PACE":76.3903031647,"hAST%":15.4847396768,"hTO%":13.0161579892,"TOR":18.981466756,"AR":22.5814001062,"STL%":9.490733378,"BLK%":11.8644067797,"EFG%":43.4701492537,"TS%":48.6503452605,"PPWS":0.9730069052,"REB%":51.5789473684,"OREB%":36.0544217687,"DREB%":68.115942029,"FTR":0.4291044776,"FFI":35.7808779084,"Py-W":1.3654031745,"Py-L":2.6345968255,"PPR":-1.5247784227,"HHI":0.1082206035},"UPHSD":{"OFF":68.0832737745,"DEF":71.9081767956,"NET":-3.824903021,"PACE":73.5312760749,"hAST%":13.5791881075,"hTO%":12.388031256,"TOR":17.6795517417,"AR":19.3795086399,"STL%":10.1997413894,"BLK%":7.8787878788,"EFG%":39.6739130435,"TS%":42.9591968078,"PPWS":0.8591839362,"REB%":49.1856677524,"OREB%":32.0987654321,"DREB%":68.275862069,"FTR":0.2862318841,"FFI":31.0026845001,"Py-W":1.1772464911,"Py-L":2.8227535089,"PPR":-1.8480752801,"HHI":0.133611076},"SSCR":{"OFF":76.193059482,"DEF":80.0595729482,"NET":-3.8665134662,"PACE":82.4386111111,"hAST%":12.4516960069,"hTO%":9.0167453843,"TOR":12.7367502418,"AR":17.588845572,"STL%":11.5237264092,"BLK%":3.6809815951,"EFG%":40.5864197531,"TS%":45.7900492072,"PPWS":0.9158009841,"REB%":49.2211838006,"OREB%":35.5555555556,"DREB%":66.6666666667,"FTR":0.2932098765,"FFI":30.9280147209,"Py-W":1.2469487281,"Py-L":2.7530512719,"PPR":-0.3924748246,"HHI":0.1456627311},"LPU":{"OFF":79.0797845003,"DEF":83.1431726367,"NET":-4.0633881364,"PACE":79.9825143678,"hAST%":16.0676029517,"hTO%":11.0092835039,"TOR":15.4200370304,"AR":22.5049189092,"STL%":8.3351551515,"BLK%":3.1746031746,"EFG%":47.6076555024,"TS%":51.6157989228,"PPWS":1.0323159785,"REB%":42.6778242678,"OREB%":25.2032520325,"DREB%":61.2068965517,"FTR":0.3923444976,"FFI":33.8238893292,"Py-W":0.9289801203,"Py-L":2.0710198797,"PPR":-0.1618107642,"HHI":0.1468387258},"AU":{"OFF":68.0469694156,"DEF":72.864453976,"NET":-4.8174845604,"PACE":83.0308836458,"hAST%":12.4182214684,"hTO%":11.8124545675,"TOR":15.6568248213,"AR":16.4597389147,"STL%":13.2480825411,"BLK%":4.4117647059,"EFG%":44.1441441441,"TS%":45.1710905021,"PPWS":0.90342181,"REB%":48.2213438735,"OREB%":25.78125,"DREB%":71.2,"FTR":0.2882882883,"FFI":31.0524381873,"Py-W":0.7523473133,"Py-L":2.2476526867,"PPR":-1.7457450711,"HHI":0.1076043543}}