{"CSB":{"2PM":20.9090909091,"2PA":46.0909090909,"3PM":5.8181818182,"3PA":27.0,"FTM":11.9090909091,"FTA":20.1818181818,"OFF":12.6363636364,"DEF":20.5454545455,"AST":12.1818181818,"TO":11.8181818182,"STL":9.5454545455,"BLK":3.1818181818,"PF":20.1818181818,"Fls on:":18.9090909091,"+\/-":-12.1818181818,"GW":25.0,"GP":11.0,"MINS":200.0,"FGM":26.7272727273,"FGA":73.0909090909,"FG%":36.5671641791,"2P%":45.3648915187,"3P%":21.5488215488,"FT%":59.009009009,"PTS":71.1818181818,"REB":33.1818181818,"STK":12.7272727273},"SBU":{"2PM":16.0909090909,"2PA":38.4545454545,"3PM":7.5454545455,"3PA":30.4545454545,"FTM":11.7272727273,"FTA":17.2727272727,"OFF":10.5454545455,"DEF":25.7272727273,"AST":13.9090909091,"TO":9.1818181818,"STL":6.0,"BLK":2.6363636364,"PF":19.6363636364,"Fls on:":18.0,"+\/-":-4.0909090909,"GW":51.0,"GP":11.0,"MINS":200.0,"FGM":23.6363636364,"FGA":68.9090909091,"FG%":34.3007915567,"2P%":41.8439716312,"3P%":24.776119403,"FT%":67.8947368421,"PTS":66.5454545455,"REB":36.2727272727,"STK":8.6363636364},"MU":{"2PM":18.5454545455,"2PA":43.6363636364,"3PM":6.1818181818,"3PA":21.9090909091,"FTM":18.6363636364,"FTA":28.1818181818,"OFF":9.8181818182,"DEF":25.1818181818,"AST":15.0,"TO":12.2727272727,"STL":7.4545454545,"BLK":2.5454545455,"PF":20.5454545455,"Fls on:":23.2727272727,"+\/-":-2.5454545455,"GW":35.0,"GP":11.0,"MINS":200.0,"FGM":24.7272727273,"FGA":65.5454545455,"FG%":37.7253814147,"2P%":42.5,"3P%":28.2157676349,"FT%":66.1290322581,"PTS":74.2727272727,"REB":35.0,"STK":10.0},"League":{"2PM":19.9351851852,"2PA":43.2685185185,"3PM":7.037037037,"3PA":26.2685185185,"FTM":14.8703703704,"FTA":23.0092592593,"OFF":12.1851851852,"DEF":26.9537037037,"AST":15.8888888889,"TO":13.2407407407,"STL":7.5925925926,"BLK":3.1851851852,"PF":20.7592592593,"Fls on:":20.462962963,"+\/-":-0.0018518519,"GW":70.7,"GP":10.8,"MINS":200.0,"FGM":26.9722222222,"FGA":69.537037037,"FG%":38.7882822903,"2P%":46.0731863899,"3P%":26.7888614734,"FT%":64.6277665996,"PTS":75.8518518519,"REB":39.1388888889,"STK":10.7777777778},"LPU":{"2PM":22.1818181818,"2PA":41.4545454545,"3PM":7.8181818182,"3PA":26.3636363636,"FTM":13.6363636364,"FTA":21.8181818182,"OFF":12.1818181818,"DEF":29.8181818182,"AST":17.5454545455,"TO":14.4545454545,"STL":6.2727272727,"BLK":3.5454545455,"PF":21.0,"Fls on:":19.5454545455,"+\/-":0.5454545455,"GW":68.0,"GP":11.0,"MINS":200.0,"FGM":30.0,"FGA":67.8181818182,"FG%":44.235924933,"2P%":53.5087719298,"3P%":29.6551724138,"FT%":62.5,"PTS":81.4545454545,"REB":42.0,"STK":9.8181818182},"EAC":{"2PM":18.2727272727,"2PA":43.6363636364,"3PM":7.2727272727,"3PA":26.3636363636,"FTM":17.0909090909,"FTA":26.5454545455,"OFF":14.3636363636,"DEF":29.7272727273,"AST":16.6363636364,"TO":14.7272727273,"STL":7.6363636364,"BLK":3.3636363636,"PF":22.0,"Fls on:":21.9090909091,"+\/-":0.6363636364,"GW":81.0,"GP":11.0,"MINS":200.0,"FGM":25.5454545455,"FGA":70.0,"FG%":36.4935064935,"2P%":41.875,"3P%":27.5862068966,"FT%":64.3835616438,"PTS":75.4545454545,"REB":44.0909090909,"STK":11.0},"UPHSD":{"2PM":16.4545454545,"2PA":38.7272727273,"3PM":7.8181818182,"3PA":30.5454545455,"FTM":11.7272727273,"FTA":18.9090909091,"OFF":12.9090909091,"DEF":26.4545454545,"AST":14.5454545455,"TO":13.2727272727,"STL":8.4545454545,"BLK":2.3636363636,"PF":18.1818181818,"Fls on:":18.0909090909,"+\/-":1.0,"GW":79.0,"GP":11.0,"MINS":200.0,"FGM":24.2727272727,"FGA":69.2727272727,"FG%":35.0393700787,"2P%":42.4882629108,"3P%":25.5952380952,"FT%":62.0192307692,"PTS":68.0909090909,"REB":39.3636363636,"STK":10.8181818182},"CSJL":{"2PM":20.1818181818,"2PA":46.9090909091,"3PM":6.9090909091,"3PA":28.4545454545,"FTM":13.2727272727,"FTA":20.0909090909,"OFF":14.0909090909,"DEF":25.2727272727,"AST":16.3636363636,"TO":10.1818181818,"STL":8.4545454545,"BLK":2.9090909091,"PF":18.7272727273,"Fls on:":19.6363636364,"+\/-":1.5454545455,"GW":61.0,"GP":11.0,"MINS":200.0,"FGM":27.0909090909,"FGA":75.3636363636,"FG%":35.9469240048,"2P%":43.023255814,"3P%":24.2811501597,"FT%":66.0633484163,"PTS":74.3636363636,"REB":39.3636363636,"STK":11.3636363636},"JRU":{"2PM":23.8,"2PA":45.3,"3PM":6.1,"3PA":23.1,"FTM":14.0,"FTA":21.3,"OFF":12.1,"DEF":24.8,"AST":13.2,"TO":14.2,"STL":8.1,"BLK":3.9,"PF":23.5,"Fls on:":20.1,"+\/-":4.12,"GW":94.0,"GP":10.0,"MINS":200.0,"FGM":29.9,"FGA":68.4,"FG%":43.7134502924,"2P%":52.5386313466,"3P%":26.4069264069,"FT%":65.7276995305,"PTS":79.9,"REB":36.9,"STK":12.0},"AU":{"2PM":20.5454545455,"2PA":46.0909090909,"3PM":7.7272727273,"3PA":24.8181818182,"FTM":17.0,"FTA":25.2727272727,"OFF":12.3636363636,"DEF":30.4545454545,"AST":18.1818181818,"TO":15.4545454545,"STL":7.6363636364,"BLK":3.9090909091,"PF":23.7272727273,"Fls on:":20.2727272727,"+\/-":4.3636363636,"GW":107.0,"GP":11.0,"MINS":200.0,"FGM":28.2727272727,"FGA":70.9090909091,"FG%":39.8717948718,"2P%":44.5759368836,"3P%":31.1355311355,"FT%":67.2661870504,"PTS":81.2727272727,"REB":42.8181818182,"STK":11.5454545455},"SSCR":{"2PM":23.0,"2PA":42.5,"3PM":7.1,"3PA":23.1,"FTM":20.1,"FTA":31.1,"OFF":10.7,"DEF":31.8,"AST":21.6,"TO":17.3,"STL":6.3,"BLK":3.6,"PF":20.3,"Fls on:":25.3,"+\/-":7.66,"GW":106.0,"GP":10.0,"MINS":200.0,"FGM":30.1,"FGA":65.6,"FG%":45.8841463415,"2P%":54.1176470588,"3P%":30.7359307359,"FT%":64.6302250804,"PTS":87.4,"REB":42.5,"STK":9.9}}