{"LPU":{"2PM":299.0,"2PA":563.0,"3PM":98.0,"3PA":334.0,"FTM":184.0,"FTA":301.0,"OFF":166.0,"DEF":388.0,"AST":250.0,"TO":191.0,"STL":85.0,"BLK":44.0,"PF":278.0,"Fls on:":265.0,"+\/-":17.0,"GW":90.0,"GP":13.0,"MINS":2600.0,"FGM":397.0,"FGA":897.0,"FG%":44.2586399108,"2P%":53.108348135,"3P%":29.3413173653,"FT%":61.1295681063,"PTS":1076.0,"REB":554.0,"STK":129.0},"EAC":{"2PM":235.0,"2PA":566.0,"3PM":101.0,"3PA":357.0,"FTM":220.0,"FTA":347.0,"OFF":186.0,"DEF":394.0,"AST":222.0,"TO":185.0,"STL":96.0,"BLK":43.0,"PF":291.0,"Fls on:":290.0,"+\/-":4.0,"GW":95.0,"GP":13.0,"MINS":2600.0,"FGM":336.0,"FGA":923.0,"FG%":36.4030335861,"2P%":41.519434629,"3P%":28.2913165266,"FT%":63.4005763689,"PTS":993.0,"REB":580.0,"STK":139.0},"MU":{"2PM":234.0,"2PA":540.0,"3PM":81.0,"3PA":282.0,"FTM":239.0,"FTA":365.0,"OFF":115.0,"DEF":320.0,"AST":191.0,"TO":164.0,"STL":99.0,"BLK":35.0,"PF":266.0,"Fls on:":302.0,"+\/-":-39.0,"GW":35.0,"GP":13.0,"MINS":2600.0,"FGM":315.0,"FGA":822.0,"FG%":38.3211678832,"2P%":43.3333333333,"3P%":28.7234042553,"FT%":65.4794520548,"PTS":950.0,"REB":435.0,"STK":134.0},"JRU":{"2PM":310.0,"2PA":596.0,"3PM":81.0,"3PA":291.0,"FTM":189.0,"FTA":290.0,"OFF":141.0,"DEF":328.0,"AST":178.0,"TO":181.0,"STL":106.0,"BLK":45.0,"PF":305.0,"Fls on:":268.0,"+\/-":54.2,"GW":120.0,"GP":13.0,"MINS":2600.0,"FGM":391.0,"FGA":887.0,"FG%":44.0811724915,"2P%":52.0134228188,"3P%":27.8350515464,"FT%":65.1724137931,"PTS":1052.0,"REB":469.0,"STK":151.0},"CSB":{"2PM":264.0,"2PA":596.0,"3PM":76.0,"3PA":347.0,"FTM":157.0,"FTA":268.0,"OFF":158.0,"DEF":280.0,"AST":166.0,"TO":149.0,"STL":119.0,"BLK":41.0,"PF":264.0,"Fls on:":254.0,"+\/-":-153.0,"GW":25.0,"GP":13.0,"MINS":2600.0,"FGM":340.0,"FGA":943.0,"FG%":36.0551431601,"2P%":44.2953020134,"3P%":21.9020172911,"FT%":58.5820895522,"PTS":913.0,"REB":438.0,"STK":160.0},"SSCR":{"2PM":305.0,"2PA":572.0,"3PM":98.0,"3PA":305.0,"FTM":257.0,"FTA":395.0,"OFF":141.0,"DEF":418.0,"AST":284.0,"TO":224.0,"STL":76.0,"BLK":49.0,"PF":267.0,"Fls on:":329.0,"+\/-":84.6,"GW":133.0,"GP":13.0,"MINS":2600.0,"FGM":403.0,"FGA":877.0,"FG%":45.9521094641,"2P%":53.3216783217,"3P%":32.131147541,"FT%":65.0632911392,"PTS":1161.0,"REB":559.0,"STK":125.0},"AU":{"2PM":271.0,"2PA":594.0,"3PM":92.0,"3PA":310.0,"FTM":221.0,"FTA":320.0,"OFF":151.0,"DEF":389.0,"AST":237.0,"TO":207.0,"STL":98.0,"BLK":47.0,"PF":305.0,"Fls on:":269.0,"+\/-":36.0,"GW":107.0,"GP":13.0,"MINS":2600.0,"FGM":363.0,"FGA":904.0,"FG%":40.1548672566,"2P%":45.6228956229,"3P%":29.6774193548,"FT%":69.0625,"PTS":1039.0,"REB":540.0,"STK":145.0},"CSJL":{"2PM":301.0,"2PA":673.0,"3PM":100.0,"3PA":390.0,"FTM":190.0,"FTA":290.0,"OFF":194.0,"DEF":352.0,"AST":243.0,"TO":154.0,"STL":124.0,"BLK":36.0,"PF":291.0,"Fls on:":283.0,"+\/-":26.0,"GW":87.0,"GP":14.0,"MINS":2800.0,"FGM":401.0,"FGA":1063.0,"FG%":37.7234242709,"2P%":44.7251114413,"3P%":25.641025641,"FT%":65.5172413793,"PTS":1092.0,"REB":546.0,"STK":160.0},"UPHSD":{"2PM":218.0,"2PA":526.0,"3PM":120.0,"3PA":442.0,"FTM":159.0,"FTA":261.0,"OFF":177.0,"DEF":358.0,"AST":210.0,"TO":182.0,"STL":125.0,"BLK":35.0,"PF":266.0,"Fls on:":251.0,"+\/-":16.0,"GW":103.0,"GP":14.0,"MINS":2800.0,"FGM":338.0,"FGA":968.0,"FG%":34.9173553719,"2P%":41.4448669202,"3P%":27.149321267,"FT%":60.9195402299,"PTS":955.0,"REB":535.0,"STK":160.0},"SBU":{"2PM":202.0,"2PA":495.0,"3PM":99.0,"3PA":399.0,"FTM":142.0,"FTA":213.0,"OFF":143.0,"DEF":327.0,"AST":181.0,"TO":127.0,"STL":80.0,"BLK":34.0,"PF":247.0,"Fls on:":231.0,"+\/-":-46.0,"GW":62.0,"GP":13.0,"MINS":2600.0,"FGM":301.0,"FGA":894.0,"FG%":33.6689038031,"2P%":40.8080808081,"3P%":24.8120300752,"FT%":66.6666666667,"PTS":843.0,"REB":470.0,"STK":114.0},"League":{"2PM":263.9,"2PA":572.1,"3PM":94.6,"3PA":345.7,"FTM":195.8,"FTA":305.0,"OFF":157.2,"DEF":355.4,"AST":216.2,"TO":176.4,"STL":100.8,"BLK":40.9,"PF":278.0,"Fls on:":274.2,"+\/-":-0.02,"GW":85.7,"GP":13.2,"MINS":2640.0,"FGM":358.5,"FGA":917.8,"FG%":39.0607975594,"2P%":46.1282992484,"3P%":27.3647671391,"FT%":64.1967213115,"PTS":1007.4,"REB":512.6,"STK":141.7}}