{"AU":{"MINS":2650.0,"FGM":379.0,"FGA":941.0,"2PM":320.0,"2PA":687.0,"3PM":59.0,"3PA":254.0,"FTM":186.0,"FTA":329.0,"PTS":1003.0,"OFF":158.0,"DEF":329.0,"REB":487.0,"AST":198.0,"TO":164.0,"STL":131.0,"BLK":38.0,"STK":169.0,"PF":275.0,"Fls on:":298.0,"+\/-":-36.0,"GW":63.0,"GP":13.0,"W":5.0,"L":8.0,"FG%":40.2763018066,"2P%":46.5793304221,"3P%":23.2283464567,"FT%":56.5349544073},"CSB":{"MINS":2650.0,"FGM":401.0,"FGA":899.0,"2PM":307.0,"2PA":565.0,"3PM":94.0,"3PA":334.0,"FTM":170.0,"FTA":292.0,"PTS":1066.0,"OFF":180.0,"DEF":408.0,"REB":588.0,"AST":236.0,"TO":205.0,"STL":95.0,"BLK":52.0,"STK":147.0,"PF":254.0,"Fls on:":259.0,"+\/-":153.0,"GW":154.0,"GP":13.0,"W":11.0,"L":2.0,"FG%":44.6051167964,"2P%":54.3362831858,"3P%":28.1437125749,"FT%":58.2191780822},"CSJL":{"MINS":2925.0,"FGM":372.0,"FGA":909.0,"2PM":273.0,"2PA":548.0,"3PM":99.0,"3PA":361.0,"FTM":223.0,"FTA":304.0,"PTS":1066.0,"OFF":126.0,"DEF":399.0,"REB":525.0,"AST":222.0,"TO":221.0,"STL":83.0,"BLK":61.0,"STK":144.0,"PF":289.0,"Fls on:":286.0,"+\/-":-26.0,"GW":90.0,"GP":14.0,"W":7.0,"L":7.0,"FG%":40.9240924092,"2P%":49.8175182482,"3P%":27.4238227147,"FT%":73.3552631579},"EAC":{"MINS":2625.0,"FGM":343.0,"FGA":938.0,"2PM":233.0,"2PA":576.0,"3PM":110.0,"3PA":362.0,"FTM":193.0,"FTA":334.0,"PTS":989.0,"OFF":158.0,"DEF":354.0,"REB":512.0,"AST":232.0,"TO":170.0,"STL":100.0,"BLK":48.0,"STK":148.0,"PF":294.0,"Fls on:":289.0,"+\/-":-4.4,"GW":85.0,"GP":13.0,"W":6.0,"L":7.0,"FG%":36.5671641791,"2P%":40.4513888889,"3P%":30.3867403315,"FT%":57.7844311377},"JRU":{"MINS":2600.0,"FGM":344.0,"FGA":900.0,"2PM":276.0,"2PA":630.0,"3PM":68.0,"3PA":270.0,"FTM":242.0,"FTA":354.0,"PTS":998.0,"OFF":162.0,"DEF":301.0,"REB":463.0,"AST":229.0,"TO":180.0,"STL":102.0,"BLK":50.0,"STK":152.0,"PF":270.0,"Fls on:":301.0,"+\/-":-54.0,"GW":58.0,"GP":13.0,"W":4.0,"L":9.0,"FG%":38.2222222222,"2P%":43.8095238095,"3P%":25.1851851852,"FT%":68.3615819209},"LPU":{"MINS":2650.0,"FGM":368.0,"FGA":926.0,"2PM":260.0,"2PA":532.0,"3PM":108.0,"3PA":394.0,"FTM":215.0,"FTA":305.0,"PTS":1059.0,"OFF":130.0,"DEF":329.0,"REB":459.0,"AST":229.0,"TO":146.0,"STL":103.0,"BLK":22.0,"STK":125.0,"PF":269.0,"Fls on:":275.0,"+\/-":-17.0,"GW":77.0,"GP":13.0,"W":6.0,"L":7.0,"FG%":39.7408207343,"2P%":48.8721804511,"3P%":27.4111675127,"FT%":70.4918032787},"MU":{"MINS":2625.0,"FGM":349.0,"FGA":891.0,"2PM":239.0,"2PA":509.0,"3PM":110.0,"3PA":382.0,"FTM":181.0,"FTA":289.0,"PTS":989.0,"OFF":176.0,"DEF":346.0,"REB":522.0,"AST":207.0,"TO":179.0,"STL":99.0,"BLK":31.0,"STK":130.0,"PF":308.0,"Fls on:":262.0,"+\/-":39.2,"GW":120.0,"GP":13.0,"W":10.0,"L":3.0,"FG%":39.1694725028,"2P%":46.9548133595,"3P%":28.7958115183,"FT%":62.6297577855},"SBU":{"MINS":2650.0,"FGM":310.0,"FGA":813.0,"2PM":199.0,"2PA":460.0,"3PM":111.0,"3PA":353.0,"FTM":158.0,"FTA":270.0,"PTS":889.0,"OFF":138.0,"DEF":380.0,"REB":518.0,"AST":173.0,"TO":153.0,"STL":66.0,"BLK":34.0,"STK":100.0,"PF":231.0,"Fls on:":245.0,"+\/-":46.0,"GW":106.0,"GP":13.0,"W":8.0,"L":5.0,"FG%":38.1303813038,"2P%":43.2608695652,"3P%":31.4447592068,"FT%":58.5185185185},"SSCR":{"MINS":2675.0,"FGM":380.0,"FGA":1028.0,"2PM":280.0,"2PA":619.0,"3PM":100.0,"3PA":409.0,"FTM":216.0,"FTA":298.0,"PTS":1076.0,"OFF":176.0,"DEF":301.0,"REB":477.0,"AST":189.0,"TO":142.0,"STL":128.0,"BLK":21.0,"STK":149.0,"PF":336.0,"Fls on:":265.0,"+\/-":-85.0,"GW":37.0,"GP":13.0,"W":3.0,"L":10.0,"FG%":36.9649805447,"2P%":45.2342487884,"3P%":24.4498777506,"FT%":72.4832214765},"UPHSD":{"MINS":2900.0,"FGM":339.0,"FGA":933.0,"2PM":252.0,"2PA":595.0,"3PM":87.0,"3PA":338.0,"FTM":174.0,"FTA":275.0,"PTS":939.0,"OFF":168.0,"DEF":407.0,"REB":575.0,"AST":247.0,"TO":204.0,"STL":101.0,"BLK":52.0,"STK":153.0,"PF":254.0,"Fls on:":262.0,"+\/-":-16.0,"GW":67.0,"GP":14.0,"W":6.0,"L":8.0,"FG%":36.3344051447,"2P%":42.3529411765,"3P%":25.7396449704,"FT%":63.2727272727},"League":{"MINS":2695.0,"FGM":358.5,"FGA":917.8,"2PM":263.9,"2PA":572.1,"3PM":94.6,"3PA":345.7,"FTM":195.8,"FTA":305.0,"PTS":1007.4,"OFF":157.2,"DEF":355.4,"REB":512.6,"AST":216.2,"TO":176.4,"STL":100.8,"BLK":40.9,"STK":141.7,"PF":278.0,"Fls on:":274.2,"+\/-":-0.02,"GW":85.7,"GP":13.2,"W":6.6,"L":6.6,"FG%":39.0607975594,"2P%":46.1282992484,"3P%":27.3647671391,"FT%":64.1967213115}}