{"AU":{"POS":1059.9005656041,"PACE":81.5308127388},"CSB":{"POS":1015.6889698878,"PACE":78.1299207606},"CSJL":{"POS":1100.7027734659,"PACE":78.6216266761},"EAC":{"POS":1044.9141799517,"PACE":80.3780138424},"JRU":{"POS":1019.8050409087,"PACE":78.4465416084},"LPU":{"POS":1036.5722729223,"PACE":79.7363286863},"MU":{"POS":988.2432653418,"PACE":76.0187127186},"SBU":{"POS":923.491905693,"PACE":71.0378388995},"SSCR":{"POS":1090.4836425339,"PACE":83.883357118},"UPHSD":{"POS":1047.0466795797,"PACE":74.7890485414},"League":{"POS":1032.6849295889,"PACE":78.257220159}}