{"CSB":{"2PM":18.1666666667,"2PA":42.5,"3PM":5.6666666667,"3PA":28.8333333333,"FTM":10.8333333333,"FTA":19.3333333333,"OFF":11.6666666667,"DEF":21.0,"AST":11.5,"TO":11.8333333333,"STL":7.1666666667,"BLK":3.1666666667,"PF":19.0,"Fls on:":19.3333333333,"+\/-":-15.0,"GW":14.0,"GP":6,"MINS":200.0,"FGM":23.8333333333,"FGA":71.3333333333,"FG%":33.4112149533,"2P%":42.7450980392,"3P%":19.6531791908,"FT%":56.0344827586,"PTS":64.1666666667,"REB":32.6666666667,"STK":10.3333333333},"SBU":{"2PM":14.6,"2PA":37.8,"3PM":8.6,"3PA":34.8,"FTM":12.2,"FTA":19.2,"OFF":12.8,"DEF":24.6,"AST":14.0,"TO":9.4,"STL":6.8,"BLK":2.6,"PF":23.8,"Fls on:":19.0,"+\/-":-5.0,"GW":25.0,"GP":5,"MINS":200.0,"FGM":23.2,"FGA":72.6,"FG%":31.955922865,"2P%":38.6243386243,"3P%":24.7126436782,"FT%":63.5416666667,"PTS":67.2,"REB":37.4,"STK":9.4},"MU":{"2PM":17.0,"2PA":40.5,"3PM":6.8333333333,"3PA":22.5,"FTM":18.6666666667,"FTA":27.1666666667,"OFF":8.8333333333,"DEF":27.1666666667,"AST":14.6666666667,"TO":13.3333333333,"STL":7.0,"BLK":2.6666666667,"PF":19.1666666667,"Fls on:":23.1666666667,"+\/-":-2.5,"GW":23.0,"GP":6,"MINS":200.0,"FGM":23.8333333333,"FGA":63.0,"FG%":37.8306878307,"2P%":41.975308642,"3P%":30.3703703704,"FT%":68.7116564417,"PTS":73.1666666667,"REB":36.0,"STK":9.6666666667},"League":{"2PM":20.05,"2PA":43.2,"3PM":6.6833333333,"3PA":25.8,"FTM":15.7333333333,"FTA":24.1,"OFF":11.8166666667,"DEF":27.1166666667,"AST":15.5833333333,"TO":13.3833333333,"STL":7.55,"BLK":3.25,"PF":21.7333333333,"Fls on:":21.4,"+\/-":0.0,"GW":39.4,"GP":6,"MINS":200.0,"FGM":26.7333333333,"FGA":69.0,"FG%":38.7439613527,"2P%":46.412037037,"3P%":25.9043927649,"FT%":65.2835408022,"PTS":75.8833333333,"REB":38.9333333333,"STK":10.8},"UPHSD":{"2PM":18.1666666667,"2PA":40.8333333333,"3PM":6.3333333333,"3PA":27.8333333333,"FTM":11.5,"FTA":20.3333333333,"OFF":12.6666666667,"DEF":26.8333333333,"AST":13.3333333333,"TO":12.8333333333,"STL":9.3333333333,"BLK":2.1666666667,"PF":19.8333333333,"Fls on:":18.0,"+\/-":0.1666666667,"GW":26.0,"GP":6,"MINS":200.0,"FGM":24.5,"FGA":68.6666666667,"FG%":35.6796116505,"2P%":44.4897959184,"3P%":22.754491018,"FT%":56.5573770492,"PTS":66.8333333333,"REB":39.5,"STK":11.5},"CSJL":{"2PM":20.8333333333,"2PA":47.6666666667,"3PM":6.3333333333,"3PA":26.3333333333,"FTM":14.5,"FTA":22.3333333333,"OFF":14.0,"DEF":21.5,"AST":15.1666666667,"TO":10.8333333333,"STL":9.0,"BLK":3.0,"PF":21.6666666667,"Fls on:":21.3333333333,"+\/-":0.5,"GW":25.0,"GP":6,"MINS":200.0,"FGM":27.1666666667,"FGA":74.0,"FG%":36.7117117117,"2P%":43.7062937063,"3P%":24.0506329114,"FT%":64.9253731343,"PTS":75.1666666667,"REB":35.5,"STK":12.0},"AU":{"2PM":20.1666666667,"2PA":45.5,"3PM":8.0,"3PA":26.1666666667,"FTM":18.5,"FTA":25.3333333333,"OFF":10.5,"DEF":30.3333333333,"AST":18.0,"TO":16.1666666667,"STL":7.3333333333,"BLK":4.8333333333,"PF":23.3333333333,"Fls on:":20.1666666667,"+\/-":1.5,"GW":66.0,"GP":6,"MINS":200.0,"FGM":28.1666666667,"FGA":71.6666666667,"FG%":39.3023255814,"2P%":44.3223443223,"3P%":30.5732484076,"FT%":73.0263157895,"PTS":82.8333333333,"REB":40.8333333333,"STK":12.1666666667},"EAC":{"2PM":19.0,"2PA":43.1666666667,"3PM":6.0,"3PA":25.0,"FTM":15.5,"FTA":25.8333333333,"OFF":14.0,"DEF":32.5,"AST":15.6666666667,"TO":15.5,"STL":6.8333333333,"BLK":3.6666666667,"PF":22.8333333333,"Fls on:":22.8333333333,"+\/-":2.1666666667,"GW":53.0,"GP":6,"MINS":200.0,"FGM":25.0,"FGA":68.1666666667,"FG%":36.6748166259,"2P%":44.0154440154,"3P%":24.0,"FT%":60.0,"PTS":71.5,"REB":46.5,"STK":10.5},"LPU":{"2PM":25.3333333333,"2PA":45.0,"3PM":7.1666666667,"3PA":25.8333333333,"FTM":17.1666666667,"FTA":25.6666666667,"OFF":13.3333333333,"DEF":30.0,"AST":19.0,"TO":13.6666666667,"STL":6.6666666667,"BLK":3.1666666667,"PF":22.1666666667,"Fls on:":22.1666666667,"+\/-":3.1666666667,"GW":43.0,"GP":6,"MINS":200.0,"FGM":32.5,"FGA":70.8333333333,"FG%":45.8823529412,"2P%":56.2962962963,"3P%":27.7419354839,"FT%":66.8831168831,"PTS":89.3333333333,"REB":43.3333333333,"STK":9.8333333333},"JRU":{"2PM":23.5,"2PA":45.8333333333,"3PM":6.1666666667,"3PA":20.0,"FTM":16.0,"FTA":22.6666666667,"OFF":10.6666666667,"DEF":24.3333333333,"AST":14.3333333333,"TO":13.5,"STL":9.1666666667,"BLK":3.8333333333,"PF":24.8333333333,"Fls on:":20.0,"+\/-":4.5,"GW":56.0,"GP":6,"MINS":200.0,"FGM":29.6666666667,"FGA":65.8333333333,"FG%":45.0632911392,"2P%":51.2727272727,"3P%":30.8333333333,"FT%":70.5882352941,"PTS":81.5,"REB":35.0,"STK":13.0},"SSCR":{"2PM":22.4285714286,"2PA":42.4285714286,"3PM":6.1428571429,"3PA":22.7142857143,"FTM":21.0,"FTA":31.1428571429,"OFF":10.1428571429,"DEF":31.7142857143,"AST":19.2857142857,"TO":15.7142857143,"STL":6.2857142857,"BLK":3.2857142857,"PF":21.1428571429,"Fls on:":26.7142857143,"+\/-":8.2857142857,"GW":63.0,"GP":7,"MINS":200.0,"FGM":28.5714285714,"FGA":65.1428571429,"FG%":43.8596491228,"2P%":52.861952862,"3P%":27.0440251572,"FT%":67.4311926606,"PTS":84.2857142857,"REB":41.8571428571,"STK":9.5714285714}}