{"CSB":{"MINS":204.1666666667,"FGM":30.6666666667,"FGA":70.6666666667,"2PM":24.1666666667,"2PA":45.0,"3PM":6.5,"3PA":25.6666666667,"FTM":11.3333333333,"FTA":18.5,"PTS":79.1666666667,"OFF":14.1666666667,"DEF":32.1666666667,"REB":46.3333333333,"AST":15.6666666667,"TO":14.5,"STL":7.3333333333,"BLK":3.6666666667,"STK":11.0,"PF":19.3333333333,"Fls on:":18.6666666667,"+\/-":15.0,"GW":70.0,"GP":6,"W":5,"L":1,"FG%":43.3962264151,"2P%":53.7037037037,"3P%":25.3246753247,"FT%":61.2612612613,"W%":0.8333333333},"CSJL":{"MINS":200.0,"FGM":25.5,"FGA":60.8333333333,"2PM":19.1666666667,"2PA":36.5,"3PM":6.3333333333,"3PA":24.3333333333,"FTM":17.3333333333,"FTA":22.5,"PTS":74.6666666667,"OFF":9.0,"DEF":26.6666666667,"REB":35.6666666667,"AST":14.3333333333,"TO":16.3333333333,"STL":6.1666666667,"BLK":5.1666666667,"STK":11.3333333333,"PF":22.0,"Fls on:":21.0,"+\/-":-0.5,"GW":54.0,"GP":6,"W":4,"L":2,"FG%":41.9178082192,"2P%":52.5114155251,"3P%":26.0273972603,"FT%":77.037037037,"W%":0.6666666667},"MU":{"MINS":200.0,"FGM":26.3333333333,"FGA":67.0,"2PM":18.0,"2PA":36.8333333333,"3PM":8.3333333333,"3PA":30.1666666667,"FTM":14.6666666667,"FTA":22.6666666667,"PTS":75.6666666667,"OFF":12.1666666667,"DEF":27.0,"REB":39.1666666667,"AST":16.5,"TO":12.0,"STL":7.8333333333,"BLK":2.1666666667,"STK":10.0,"PF":23.6666666667,"Fls on:":18.8333333333,"+\/-":2.5,"GW":47.0,"GP":6,"W":4,"L":2,"FG%":39.3034825871,"2P%":48.8687782805,"3P%":27.6243093923,"FT%":64.7058823529,"W%":0.6666666667},"UPHSD":{"MINS":200.0,"FGM":24.3333333333,"FGA":66.8333333333,"2PM":19.0,"2PA":43.5,"3PM":5.3333333333,"3PA":23.3333333333,"FTM":12.6666666667,"FTA":20.6666666667,"PTS":66.6666666667,"OFF":11.5,"DEF":29.6666666667,"REB":41.1666666667,"AST":16.3333333333,"TO":14.6666666667,"STL":7.6666666667,"BLK":3.8333333333,"STK":11.5,"PF":18.1666666667,"Fls on:":19.5,"+\/-":-0.1666666667,"GW":48.0,"GP":6,"W":4,"L":2,"FG%":36.4089775561,"2P%":43.6781609195,"3P%":22.8571428571,"FT%":61.2903225806,"W%":0.6666666667},"SBU":{"MINS":205.0,"FGM":24.2,"FGA":62.2,"2PM":16.0,"2PA":37.0,"3PM":8.2,"3PA":25.2,"FTM":15.6,"FTA":26.4,"PTS":72.2,"OFF":13.2,"DEF":31.4,"REB":44.6,"AST":12.4,"TO":13.8,"STL":4.4,"BLK":3.2,"STK":7.6,"PF":19.0,"Fls on:":23.8,"+\/-":5.0,"GW":42.0,"GP":5,"W":3,"L":2,"FG%":38.9067524116,"2P%":43.2432432432,"3P%":32.5396825397,"FT%":59.0909090909,"W%":0.6},"LPU":{"MINS":204.1666666667,"FGM":30.3333333333,"FGA":70.1666666667,"2PM":21.8333333333,"2PA":41.8333333333,"3PM":8.5,"3PA":28.3333333333,"FTM":17.0,"FTA":25.5,"PTS":86.1666666667,"OFF":8.5,"DEF":25.6666666667,"REB":34.1666666667,"AST":17.6666666667,"TO":12.1666666667,"STL":6.6666666667,"BLK":1.6666666667,"STK":8.3333333333,"PF":22.3333333333,"Fls on:":22.0,"+\/-":-3.1666666667,"GW":37.0,"GP":6,"W":3,"L":3,"FG%":43.2304038005,"2P%":52.1912350598,"3P%":30.0,"FT%":66.6666666667,"W%":0.5},"League":{"MINS":202.5,"FGM":26.7333333333,"FGA":69.0,"2PM":20.05,"2PA":43.2,"3PM":6.6833333333,"3PA":25.8,"FTM":15.7333333333,"FTA":24.1,"PTS":75.8833333333,"OFF":11.8166666667,"DEF":27.1166666667,"REB":38.9333333333,"AST":15.5833333333,"TO":13.3833333333,"STL":7.55,"BLK":3.25,"STK":10.8,"PF":21.7333333333,"Fls on:":21.4,"+\/-":0.0,"GW":39.4,"GP":6,"W":3,"L":3,"FG%":38.7439613527,"2P%":46.412037037,"3P%":25.9043927649,"FT%":65.2835408022,"W%":0.5},"EAC":{"MINS":204.1666666667,"FGM":23.1666666667,"FGA":72.6666666667,"2PM":15.8333333333,"2PA":43.6666666667,"3PM":7.3333333333,"3PA":29.0,"FTM":15.6666666667,"FTA":26.6666666667,"PTS":69.3333333333,"OFF":12.0,"DEF":26.0,"REB":38.0,"AST":17.1666666667,"TO":11.6666666667,"STL":7.8333333333,"BLK":4.0,"STK":11.8333333333,"PF":23.1666666667,"Fls on:":22.5,"+\/-":-2.1666666667,"GW":27.0,"GP":6,"W":2,"L":4,"FG%":31.880733945,"2P%":36.2595419847,"3P%":25.2873563218,"FT%":58.75,"W%":0.3333333333},"JRU":{"MINS":200.0,"FGM":25.3333333333,"FGA":66.8333333333,"2PM":19.1666666667,"2PA":45.5,"3PM":6.1666666667,"3PA":21.3333333333,"FTM":20.1666666667,"FTA":29.1666666667,"PTS":77.0,"OFF":12.5,"DEF":22.5,"REB":35.0,"AST":17.0,"TO":14.3333333333,"STL":7.1666666667,"BLK":5.0,"STK":12.1666666667,"PF":20.3333333333,"Fls on:":24.6666666667,"+\/-":-4.5,"GW":29.0,"GP":6,"W":2,"L":4,"FG%":37.9052369077,"2P%":42.1245421245,"3P%":28.90625,"FT%":69.1428571429,"W%":0.3333333333},"SSCR":{"MINS":200.0,"FGM":25.7142857143,"FGA":75.2857142857,"2PM":19.1428571429,"2PA":42.8571428571,"3PM":6.5714285714,"3PA":32.4285714286,"FTM":18.0,"FTA":23.8571428571,"PTS":76.0,"OFF":13.2857142857,"DEF":23.1428571429,"REB":36.4285714286,"AST":13.4285714286,"TO":11.4285714286,"STL":9.0,"BLK":1.2857142857,"STK":10.2857142857,"PF":27.1428571429,"Fls on:":21.0,"+\/-":-8.2857142857,"GW":26.0,"GP":7,"W":2,"L":5,"FG%":34.155597723,"2P%":44.6666666667,"3P%":20.2643171806,"FT%":75.4491017964,"W%":0.2857142857},"AU":{"MINS":208.3333333333,"FGM":31.5,"FGA":75.3333333333,"2PM":27.6666666667,"2PA":58.3333333333,"3PM":3.8333333333,"3PA":17.0,"FTM":14.5,"FTA":25.5,"PTS":81.3333333333,"OFF":11.8333333333,"DEF":28.3333333333,"REB":40.1666666667,"AST":15.1666666667,"TO":13.3333333333,"STL":10.6666666667,"BLK":2.8333333333,"STK":13.5,"PF":20.8333333333,"Fls on:":22.5,"+\/-":-1.5,"GW":14.0,"GP":6,"W":1,"L":5,"FG%":41.814159292,"2P%":47.4285714286,"3P%":22.5490196078,"FT%":56.862745098,"W%":0.1666666667}}