{"CSJL":{"2PM":145.0,"2PA":343.0,"3PM":47.0,"3PA":196.0,"FTM":93.0,"FTA":146.0,"OFF":103.0,"DEF":163.0,"AST":113.0,"TO":78.0,"STL":62.0,"BLK":22.0,"PF":142.0,"Fls on:":143.0,"+\/-":-6.0,"GW":25.0,"GP":7.0,"MINS":1400.0,"FGM":192.0,"FGA":539.0,"FG%":35.6215213358,"2P%":42.2740524781,"3P%":23.9795918367,"FT%":63.698630137,"PTS":524.0,"REB":266.0,"STK":84.0},"SBU":{"2PM":95.0,"2PA":232.0,"3PM":49.0,"3PA":199.0,"FTM":71.0,"FTA":110.0,"OFF":71.0,"DEF":149.0,"AST":86.0,"TO":56.0,"STL":39.0,"BLK":16.0,"PF":137.0,"Fls on:":116.0,"+\/-":-23.0,"GW":38.0,"GP":6.0,"MINS":1200.0,"FGM":144.0,"FGA":431.0,"FG%":33.4106728538,"2P%":40.9482758621,"3P%":24.6231155779,"FT%":64.5454545455,"PTS":408.0,"REB":220.0,"STK":55.0},"UPHSD":{"2PM":129.0,"2PA":293.0,"3PM":49.0,"3PA":211.0,"FTM":78.0,"FTA":132.0,"OFF":96.0,"DEF":200.0,"AST":99.0,"TO":92.0,"STL":64.0,"BLK":18.0,"PF":134.0,"Fls on:":120.0,"+\/-":10.0,"GW":38.0,"GP":7.0,"MINS":1400.0,"FGM":178.0,"FGA":504.0,"FG%":35.3174603175,"2P%":44.0273037543,"3P%":23.2227488152,"FT%":59.0909090909,"PTS":483.0,"REB":296.0,"STK":82.0},"EAC":{"2PM":114.0,"2PA":259.0,"3PM":36.0,"3PA":150.0,"FTM":93.0,"FTA":155.0,"OFF":84.0,"DEF":195.0,"AST":94.0,"TO":93.0,"STL":41.0,"BLK":22.0,"PF":137.0,"Fls on:":137.0,"+\/-":13.0,"GW":53.0,"GP":6.0,"MINS":1200.0,"FGM":150.0,"FGA":409.0,"FG%":36.6748166259,"2P%":44.0154440154,"3P%":24.0,"FT%":60.0,"PTS":429.0,"REB":279.0,"STK":63.0},"AU":{"2PM":140.0,"2PA":312.0,"3PM":56.0,"3PA":183.0,"FTM":119.0,"FTA":170.0,"OFF":71.0,"DEF":214.0,"AST":123.0,"TO":108.0,"STL":50.0,"BLK":30.0,"PF":161.0,"Fls on:":139.0,"+\/-":7.0,"GW":66.0,"GP":7.0,"MINS":1400.0,"FGM":196.0,"FGA":495.0,"FG%":39.595959596,"2P%":44.8717948718,"3P%":30.6010928962,"FT%":70.0,"PTS":567.0,"REB":285.0,"STK":80.0},"LPU":{"2PM":152.0,"2PA":270.0,"3PM":43.0,"3PA":155.0,"FTM":103.0,"FTA":154.0,"OFF":80.0,"DEF":180.0,"AST":114.0,"TO":82.0,"STL":40.0,"BLK":19.0,"PF":133.0,"Fls on:":133.0,"+\/-":19.0,"GW":43.0,"GP":6.0,"MINS":1200.0,"FGM":195.0,"FGA":425.0,"FG%":45.8823529412,"2P%":56.2962962963,"3P%":27.7419354839,"FT%":66.8831168831,"PTS":536.0,"REB":260.0,"STK":59.0},"SSCR":{"2PM":157.0,"2PA":297.0,"3PM":43.0,"3PA":159.0,"FTM":147.0,"FTA":218.0,"OFF":71.0,"DEF":222.0,"AST":135.0,"TO":110.0,"STL":44.0,"BLK":23.0,"PF":148.0,"Fls on:":187.0,"+\/-":58.0,"GW":63.0,"GP":7.0,"MINS":1400.0,"FGM":200.0,"FGA":456.0,"FG%":43.8596491228,"2P%":52.861952862,"3P%":27.0440251572,"FT%":67.4311926606,"PTS":590.0,"REB":293.0,"STK":67.0},"JRU":{"2PM":166.0,"2PA":320.0,"3PM":46.0,"3PA":152.0,"FTM":107.0,"FTA":152.0,"OFF":78.0,"DEF":170.0,"AST":97.0,"TO":95.0,"STL":60.0,"BLK":24.0,"PF":173.0,"Fls on:":139.0,"+\/-":34.0,"GW":69.0,"GP":7.0,"MINS":1400.0,"FGM":212.0,"FGA":472.0,"FG%":44.9152542373,"2P%":51.875,"3P%":30.2631578947,"FT%":70.3947368421,"PTS":577.0,"REB":248.0,"STK":84.0},"MU":{"2PM":122.0,"2PA":291.0,"3PM":46.0,"3PA":153.0,"FTM":138.0,"FTA":197.0,"OFF":66.0,"DEF":187.0,"AST":106.0,"TO":94.0,"STL":52.0,"BLK":21.0,"PF":134.0,"Fls on:":162.0,"+\/-":-22.0,"GW":23.0,"GP":7.0,"MINS":1400.0,"FGM":168.0,"FGA":444.0,"FG%":37.8378378378,"2P%":41.9243986254,"3P%":30.0653594771,"FT%":70.0507614213,"PTS":520.0,"REB":253.0,"STK":73.0},"CSB":{"2PM":109.0,"2PA":255.0,"3PM":34.0,"3PA":173.0,"FTM":65.0,"FTA":116.0,"OFF":70.0,"DEF":126.0,"AST":69.0,"TO":71.0,"STL":43.0,"BLK":19.0,"PF":114.0,"Fls on:":116.0,"+\/-":-90.0,"GW":14.0,"GP":6.0,"MINS":1200.0,"FGM":143.0,"FGA":428.0,"FG%":33.4112149533,"2P%":42.7450980392,"3P%":19.6531791908,"FT%":56.0344827586,"PTS":385.0,"REB":196.0,"STK":62.0},"League":{"2PM":132.9,"2PA":287.2,"3PM":44.9,"3PA":173.1,"FTM":101.4,"FTA":155.0,"OFF":79.0,"DEF":180.6,"AST":103.6,"TO":87.9,"STL":49.5,"BLK":21.4,"PF":141.3,"Fls on:":139.2,"+\/-":0.0,"GW":43.2,"GP":6.6,"MINS":1320.0,"FGM":177.8,"FGA":460.3,"FG%":38.6269824028,"2P%":46.2743732591,"3P%":25.9387637204,"FT%":65.4193548387,"PTS":501.9,"REB":259.6,"STK":70.9}}