{"AU":{"POS":587.5604700888,"PACE":83.9372100127},"CSB":{"POS":458.0921818968,"PACE":76.3486969828},"CSJL":{"POS":542.7803191801,"PACE":77.5400455972},"EAC":{"POS":475.6541601124,"PACE":79.2756933521},"JRU":{"POS":540.5008733196,"PACE":77.2144104742},"LPU":{"POS":491.6016888667,"PACE":81.9336148111},"MU":{"POS":533.8738034411,"PACE":76.2676862059},"SBU":{"POS":441.0927356847,"PACE":73.5154559475},"SSCR":{"POS":566.9559315348,"PACE":80.993704505},"UPHSD":{"POS":543.2638582251,"PACE":77.6091226036},"League":{"POS":518.137602235,"PACE":78.4635640492}}