{"CSB":{"MINS":204.1666666667,"FGM":30.6666666667,"FGA":70.6666666667,"2PM":24.1666666667,"2PA":45.0,"3PM":6.5,"3PA":25.6666666667,"FTM":11.3333333333,"FTA":18.5,"PTS":79.1666666667,"OFF":14.1666666667,"DEF":32.1666666667,"REB":46.3333333333,"AST":15.6666666667,"TO":14.5,"STL":7.3333333333,"BLK":3.6666666667,"STK":11.0,"PF":19.3333333333,"Fls on:":18.6666666667,"+\/-":15.0,"GW":70.0,"GP":6.0,"W":5.0,"L":1.0,"FG%":43.3962264151,"2P%":53.7037037037,"3P%":25.3246753247,"FT%":61.2612612613,"W%":0.8333333333},"CSJL":{"MINS":210.7142857143,"FGM":26.2857142857,"FGA":65.2857142857,"2PM":19.2857142857,"2PA":38.1428571429,"3PM":7.0,"3PA":27.1428571429,"FTM":16.1428571429,"FTA":20.7142857143,"PTS":75.7142857143,"OFF":10.5714285714,"DEF":28.4285714286,"REB":39.0,"AST":15.0,"TO":16.1428571429,"STL":6.4285714286,"BLK":5.1428571429,"STK":11.5714285714,"PF":21.0,"Fls on:":19.7142857143,"+\/-":0.8571428571,"GW":66.0,"GP":7.0,"W":5.0,"L":2.0,"FG%":40.2625820569,"2P%":50.5617977528,"3P%":25.7894736842,"FT%":77.9310344828,"W%":0.7142857143},"MU":{"MINS":200.0,"FGM":27.4285714286,"FGA":68.4285714286,"2PM":19.0,"2PA":38.0,"3PM":8.4285714286,"3PA":30.4285714286,"FTM":14.1428571429,"FTA":21.7142857143,"PTS":77.4285714286,"OFF":12.4285714286,"DEF":26.5714285714,"REB":39.0,"AST":15.7142857143,"TO":12.2857142857,"STL":7.4285714286,"BLK":2.0,"STK":9.4285714286,"PF":23.7142857143,"Fls on:":18.8571428571,"+\/-":3.1428571429,"GW":60.0,"GP":7.0,"W":5.0,"L":2.0,"FG%":40.0835073069,"2P%":50.0,"3P%":27.6995305164,"FT%":65.1315789474,"W%":0.7142857143},"UPHSD":{"MINS":210.7142857143,"FGM":25.0,"FGA":70.8571428571,"2PM":19.1428571429,"2PA":45.4285714286,"3PM":5.8571428571,"3PA":25.4285714286,"FTM":11.7142857143,"FTA":19.4285714286,"PTS":67.5714285714,"OFF":12.5714285714,"DEF":30.2857142857,"REB":42.8571428571,"AST":17.1428571429,"TO":14.4285714286,"STL":7.7142857143,"BLK":3.8571428571,"STK":11.5714285714,"PF":17.2857142857,"Fls on:":18.8571428571,"+\/-":-1.4285714286,"GW":48.0,"GP":7.0,"W":4.0,"L":3.0,"FG%":35.2822580645,"2P%":42.1383647799,"3P%":23.0337078652,"FT%":60.2941176471,"W%":0.5714285714},"LPU":{"MINS":204.1666666667,"FGM":30.3333333333,"FGA":70.1666666667,"2PM":21.8333333333,"2PA":41.8333333333,"3PM":8.5,"3PA":28.3333333333,"FTM":17.0,"FTA":25.5,"PTS":86.1666666667,"OFF":8.5,"DEF":25.6666666667,"REB":34.1666666667,"AST":17.6666666667,"TO":12.1666666667,"STL":6.6666666667,"BLK":1.6666666667,"STK":8.3333333333,"PF":22.3333333333,"Fls on:":22.0,"+\/-":-3.1666666667,"GW":37.0,"GP":6.0,"W":3.0,"L":3.0,"FG%":43.2304038005,"2P%":52.1912350598,"3P%":30.0,"FT%":66.6666666667,"W%":0.5},"SBU":{"MINS":204.1666666667,"FGM":24.6666666667,"FGA":62.6666666667,"2PM":16.5,"2PA":37.3333333333,"3PM":8.1666666667,"3PA":25.3333333333,"FTM":14.3333333333,"FTA":25.0,"PTS":71.8333333333,"OFF":12.3333333333,"DEF":31.5,"REB":43.8333333333,"AST":12.8333333333,"TO":13.3333333333,"STL":4.6666666667,"BLK":2.8333333333,"STK":7.5,"PF":19.3333333333,"Fls on:":22.8333333333,"+\/-":3.8333333333,"GW":42.0,"GP":6.0,"W":3.0,"L":3.0,"FG%":39.3617021277,"2P%":44.1964285714,"3P%":32.2368421053,"FT%":57.3333333333,"W%":0.5},"League":{"MINS":204.5454545455,"FGM":26.9393939394,"FGA":69.7424242424,"2PM":20.1363636364,"2PA":43.5151515152,"3PM":6.803030303,"3PA":26.2272727273,"FTM":15.3636363636,"FTA":23.4848484848,"PTS":76.0454545455,"OFF":11.9696969697,"DEF":27.3636363636,"REB":39.3333333333,"AST":15.696969697,"TO":13.3181818182,"STL":7.5,"BLK":3.2424242424,"STK":10.7424242424,"PF":21.4090909091,"Fls on:":21.0909090909,"+\/-":0.0,"GW":43.2,"GP":6.6,"W":3.3,"L":3.3,"FG%":38.6269824028,"2P%":46.2743732591,"3P%":25.9387637204,"FT%":65.4193548387,"W%":0.5},"EAC":{"MINS":204.1666666667,"FGM":23.1666666667,"FGA":72.6666666667,"2PM":15.8333333333,"2PA":43.6666666667,"3PM":7.3333333333,"3PA":29.0,"FTM":15.6666666667,"FTA":26.6666666667,"PTS":69.3333333333,"OFF":12.0,"DEF":26.0,"REB":38.0,"AST":17.1666666667,"TO":11.6666666667,"STL":7.8333333333,"BLK":4.0,"STK":11.8333333333,"PF":23.1666666667,"Fls on:":22.5,"+\/-":-2.1666666667,"GW":27.0,"GP":6.0,"W":2.0,"L":4.0,"FG%":31.880733945,"2P%":36.2595419847,"3P%":25.2873563218,"FT%":58.75,"W%":0.3333333333},"AU":{"MINS":207.1428571429,"FGM":31.0,"FGA":74.2857142857,"2PM":26.8571428571,"2PA":56.1428571429,"3PM":4.1428571429,"3PA":18.1428571429,"FTM":13.8571428571,"FTA":23.8571428571,"PTS":80.0,"OFF":11.1428571429,"DEF":28.0,"REB":39.1428571429,"AST":15.2857142857,"TO":12.7142857143,"STL":9.8571428571,"BLK":2.8571428571,"STK":12.7142857143,"PF":20.4285714286,"Fls on:":22.2857142857,"+\/-":-1.0,"GW":27.0,"GP":7.0,"W":2.0,"L":5.0,"FG%":41.7307692308,"2P%":47.8371501272,"3P%":22.8346456693,"FT%":58.0838323353,"W%":0.2857142857},"JRU":{"MINS":200.0,"FGM":25.2857142857,"FGA":66.7142857143,"2PM":19.2857142857,"2PA":45.8571428571,"3PM":6.0,"3PA":20.8571428571,"FTM":21.0,"FTA":29.8571428571,"PTS":77.5714285714,"OFF":12.5714285714,"DEF":22.7142857143,"REB":35.2857142857,"AST":17.1428571429,"TO":14.2857142857,"STL":7.5714285714,"BLK":5.0,"STK":12.5714285714,"PF":20.1428571429,"Fls on:":24.4285714286,"+\/-":-4.8571428571,"GW":29.0,"GP":7.0,"W":2.0,"L":5.0,"FG%":37.9014989293,"2P%":42.0560747664,"3P%":28.7671232877,"FT%":70.3349282297,"W%":0.2857142857},"SSCR":{"MINS":200.0,"FGM":25.7142857143,"FGA":75.2857142857,"2PM":19.1428571429,"2PA":42.8571428571,"3PM":6.5714285714,"3PA":32.4285714286,"FTM":18.0,"FTA":23.8571428571,"PTS":76.0,"OFF":13.2857142857,"DEF":23.1428571429,"REB":36.4285714286,"AST":13.4285714286,"TO":11.4285714286,"STL":9.0,"BLK":1.2857142857,"STK":10.2857142857,"PF":27.1428571429,"Fls on:":21.0,"+\/-":-8.2857142857,"GW":26.0,"GP":7.0,"W":2.0,"L":5.0,"FG%":34.155597723,"2P%":44.6666666667,"3P%":20.2643171806,"FT%":75.4491017964,"W%":0.2857142857}}