{"CSB":{"OFF":77.7681903509,"DEF":63.0331648107,"NET":14.7350255402,"PACE":76.3486969828,"hAST%":14.3766058975,"hTO%":13.306007586,"TOR":18.9918106962,"AR":20.5198874189,"STL%":9.6050536854,"BLK%":8.6274509804,"EFG%":47.9952830189,"TS%":50.2284070722,"PPWS":1.0045681414,"REB%":58.6497890295,"OREB%":40.2843601896,"DREB%":73.3840304183,"FTR":0.2617924528,"FFI":35.929824712,"Py-W":5.7988071316,"Py-L":0.2011928684,"PPR":-2.0414178994,"HHI":0.1039113573},"SBU":{"OFF":73.2839092211,"DEF":69.3731669657,"NET":3.9107422554,"PACE":73.5154559475,"hAST%":12.8547579299,"hTO%":13.3555926544,"TOR":18.1367756773,"AR":17.4566465894,"STL%":6.3478714871,"BLK%":7.3275862069,"EFG%":45.8776595745,"TS%":48.7556561086,"PPWS":0.9751131222,"REB%":54.4513457557,"OREB%":33.1838565022,"DREB%":72.6923076923,"FTR":0.3989361702,"FFI":35.5060716028,"Py-W":4.2377669085,"Py-L":1.7622330915,"PPR":-2.4976436971,"HHI":0.1307325004},"MU":{"OFF":76.1415895254,"DEF":73.0509715004,"NET":3.090618025,"PACE":76.2676862059,"hAST%":14.8271957729,"hTO%":11.5921712406,"TOR":16.1086757668,"AR":20.6041201668,"STL%":9.7401295334,"BLK%":4.8109965636,"EFG%":46.24217119,"TS%":49.6446105371,"PPWS":0.9928922107,"REB%":51.9011406844,"OREB%":31.7518248175,"DREB%":73.8095238095,"FTR":0.3173277662,"FFI":33.6343188739,"Py-W":4.6195300262,"Py-L":2.3804699738,"PPR":-0.9308115559,"HHI":0.1380836318},"CSJL":{"OFF":73.2340480953,"DEF":72.4049833998,"NET":0.8290646954,"PACE":77.5400455972,"hAST%":14.2122360585,"hTO%":15.2950730915,"TOR":20.8187356849,"AR":19.3448428931,"STL%":8.2906469542,"BLK%":10.4956268222,"EFG%":45.6236323851,"TS%":50.8832565284,"PPWS":1.0176651306,"REB%":50.6493506494,"OREB%":31.223628692,"DREB%":65.8940397351,"FTR":0.3172866521,"FFI":34.4581623949,"Py-W":3.8179103762,"Py-L":3.1820896238,"PPR":-2.9499755359,"HHI":0.1137344251},"League":{"OFF":72.6496201735,"DEF":72.6496201735,"NET":0.0,"PACE":78.4635640492,"hAST%":14.3888888889,"hTO%":12.2083333333,"TOR":16.9646054679,"AR":19.9946885833,"STL%":9.5534467652,"BLK%":7.4512534819,"EFG%":43.5042363676,"TS%":47.4834437086,"PPWS":0.9496688742,"REB%":50.0,"OREB%":30.4314329738,"DREB%":69.5685670262,"FTR":0.3367369107,"FFI":32.7801861694,"Py-W":3.3,"Py-L":3.3,"PPR":-1.3950617284,"HHI":0.0104000718},"AU":{"OFF":71.4820042159,"DEF":72.3755292686,"NET":-0.8935250527,"PACE":83.9372100127,"hAST%":13.5532249075,"hTO%":11.2732431474,"TOR":15.1473770839,"AR":18.2108915502,"STL%":11.7434721212,"BLK%":6.4102564103,"EFG%":44.5192307692,"TS%":47.179348925,"PPWS":0.9435869785,"REB%":49.0161001789,"OREB%":26.7123287671,"DREB%":73.4082397004,"FTR":0.3211538462,"FFI":31.7543100244,"Py-W":3.1533100407,"Py-L":3.8466899593,"PPR":-1.1389380814,"HHI":0.1095344388},"UPHSD":{"OFF":65.2997608122,"DEF":66.6803054382,"NET":-1.3805446261,"PACE":77.6091226036,"hAST%":15.4471963339,"hTO%":13.0013902477,"TOR":18.5913342975,"AR":22.0887140168,"STL%":9.9399213076,"BLK%":9.2150170648,"EFG%":39.4153225806,"TS%":42.5482153138,"PPWS":0.8509643063,"REB%":50.3355704698,"OREB%":30.5555555556,"DREB%":68.8311688312,"FTR":0.2741935484,"FFI":30.6379769435,"Py-W":2.9196138867,"Py-L":4.0803861133,"PPR":-1.4394034258,"HHI":0.1306804214},"EAC":{"OFF":65.5938760057,"DEF":67.6436846309,"NET":-2.0498086252,"PACE":79.2756933521,"hAST%":15.1604356785,"hTO%":10.3032087136,"TOR":14.7165747449,"AR":21.6543885532,"STL%":9.8811287573,"BLK%":9.2664092664,"EFG%":36.9266055046,"TS%":41.0742496051,"PPWS":0.8214849921,"REB%":44.9704142012,"OREB%":26.9662921348,"DREB%":65.0,"FTR":0.3669724771,"FFI":29.347631471,"Py-W":2.2760456347,"Py-L":3.7239543653,"PPR":-0.1077285043,"HHI":0.1050180288},"LPU":{"OFF":78.8748307383,"DEF":81.7735189085,"NET":-2.8986881703,"PACE":81.9336148111,"hAST%":15.8844332554,"hTO%":10.9392795061,"TOR":14.8494201003,"AR":21.5621716525,"STL%":8.1366685481,"BLK%":3.7037037037,"EFG%":49.2874109264,"TS%":52.9365989515,"PPWS":1.058731979,"REB%":44.0860215054,"OREB%":22.0779220779,"DREB%":65.811965812,"FTR":0.3634204276,"FFI":33.2942102245,"Py-W":2.1571027326,"Py-L":3.8428972674,"PPR":-0.1824091468,"HHI":0.1405108328},"JRU":{"OFF":75.3467792751,"DEF":80.0646254912,"NET":-4.7178462161,"PACE":77.2144104742,"hAST%":15.4051555921,"hTO%":12.8376296601,"TOR":18.5013577103,"AR":22.2016292523,"STL%":9.8057195864,"BLK%":10.9375,"EFG%":42.3982869379,"TS%":48.5723486475,"PPWS":0.9714469729,"REB%":49.898989899,"OREB%":34.1085271318,"DREB%":67.0886075949,"FTR":0.4475374732,"FFI":35.1194217276,"Py-W":1.921754656,"Py-L":5.078245344,"PPR":-1.4516824657,"HHI":0.1153234367},"SSCR":{"OFF":70.3758401327,"DEF":78.0483941322,"NET":-7.6725539994,"PACE":80.993704505,"hAST%":12.1371759116,"hTO%":10.3295114141,"TOR":14.1104441369,"AR":16.5797718608,"STL%":11.1119747578,"BLK%":3.0303030303,"EFG%":38.5199240987,"TS%":44.2978950173,"PPWS":0.8859579003,"REB%":46.5328467153,"OREB%":29.5238095238,"DREB%":69.5278969957,"FTR":0.3168880455,"FFI":29.5936632616,"Py-W":1.1224136696,"Py-L":5.8775863304,"PPR":-1.1994187154,"HHI":0.1269998304}}