{"SSCR":{"2PM":157.0,"2PA":297.0,"3PM":43.0,"3PA":159.0,"FTM":147.0,"FTA":218.0,"OFF":71.0,"DEF":222.0,"AST":135.0,"TO":110.0,"STL":44.0,"BLK":23.0,"PF":148.0,"Fls on:":187.0,"+\/-":58.0,"GW":63.0,"GP":7.0,"MINS":1400.0,"FGM":200.0,"FGA":456.0,"FG%":43.8596491228,"2P%":52.861952862,"3P%":27.0440251572,"FT%":67.4311926606,"PTS":590.0,"REB":293.0,"STK":67.0},"JRU":{"2PM":141.0,"2PA":275.0,"3PM":37.0,"3PA":120.0,"FTM":96.0,"FTA":136.0,"OFF":64.0,"DEF":146.0,"AST":86.0,"TO":81.0,"STL":55.0,"BLK":23.0,"PF":149.0,"Fls on:":120.0,"+\/-":27.0,"GW":56.0,"GP":6.0,"MINS":1200.0,"FGM":178.0,"FGA":395.0,"FG%":45.0632911392,"2P%":51.2727272727,"3P%":30.8333333333,"FT%":70.5882352941,"PTS":489.0,"REB":210.0,"STK":78.0},"CSJL":{"2PM":125.0,"2PA":286.0,"3PM":38.0,"3PA":158.0,"FTM":87.0,"FTA":134.0,"OFF":84.0,"DEF":129.0,"AST":91.0,"TO":65.0,"STL":54.0,"BLK":18.0,"PF":130.0,"Fls on:":128.0,"+\/-":3.0,"GW":25.0,"GP":6.0,"MINS":1200.0,"FGM":163.0,"FGA":444.0,"FG%":36.7117117117,"2P%":43.7062937063,"3P%":24.0506329114,"FT%":64.9253731343,"PTS":451.0,"REB":213.0,"STK":72.0},"LPU":{"2PM":121.0,"2PA":230.0,"3PM":35.0,"3PA":133.0,"FTM":86.0,"FTA":131.0,"OFF":73.0,"DEF":148.0,"AST":93.0,"TO":65.0,"STL":35.0,"BLK":16.0,"PF":114.0,"Fls on:":116.0,"+\/-":-6.0,"GW":28.0,"GP":5.0,"MINS":1000.0,"FGM":156.0,"FGA":363.0,"FG%":42.9752066116,"2P%":52.6086956522,"3P%":26.3157894737,"FT%":65.6488549618,"PTS":433.0,"REB":221.0,"STK":51.0},"AU":{"2PM":121.0,"2PA":273.0,"3PM":48.0,"3PA":157.0,"FTM":111.0,"FTA":152.0,"OFF":63.0,"DEF":182.0,"AST":108.0,"TO":97.0,"STL":44.0,"BLK":29.0,"PF":140.0,"Fls on:":121.0,"+\/-":9.0,"GW":66.0,"GP":6.0,"MINS":1200.0,"FGM":169.0,"FGA":430.0,"FG%":39.3023255814,"2P%":44.3223443223,"3P%":30.5732484076,"FT%":73.0263157895,"PTS":497.0,"REB":245.0,"STK":73.0},"MU":{"2PM":102.0,"2PA":243.0,"3PM":41.0,"3PA":135.0,"FTM":112.0,"FTA":163.0,"OFF":53.0,"DEF":163.0,"AST":88.0,"TO":80.0,"STL":42.0,"BLK":16.0,"PF":115.0,"Fls on:":139.0,"+\/-":-15.0,"GW":23.0,"GP":6.0,"MINS":1200.0,"FGM":143.0,"FGA":378.0,"FG%":37.8306878307,"2P%":41.975308642,"3P%":30.3703703704,"FT%":68.7116564417,"PTS":439.0,"REB":216.0,"STK":58.0},"SBU":{"2PM":73.0,"2PA":189.0,"3PM":43.0,"3PA":174.0,"FTM":61.0,"FTA":96.0,"OFF":64.0,"DEF":123.0,"AST":70.0,"TO":47.0,"STL":34.0,"BLK":13.0,"PF":119.0,"Fls on:":95.0,"+\/-":-25.0,"GW":25.0,"GP":5.0,"MINS":1000.0,"FGM":116.0,"FGA":363.0,"FG%":31.955922865,"2P%":38.6243386243,"3P%":24.7126436782,"FT%":63.5416666667,"PTS":336.0,"REB":187.0,"STK":47.0},"UPHSD":{"2PM":109.0,"2PA":245.0,"3PM":38.0,"3PA":167.0,"FTM":69.0,"FTA":122.0,"OFF":76.0,"DEF":161.0,"AST":80.0,"TO":77.0,"STL":56.0,"BLK":13.0,"PF":119.0,"Fls on:":108.0,"+\/-":1.0,"GW":26.0,"GP":6.0,"MINS":1200.0,"FGM":147.0,"FGA":412.0,"FG%":35.6796116505,"2P%":44.4897959184,"3P%":22.754491018,"FT%":56.5573770492,"PTS":401.0,"REB":237.0,"STK":69.0},"CSB":{"2PM":86.0,"2PA":212.0,"3PM":27.0,"3PA":141.0,"FTM":54.0,"FTA":97.0,"OFF":62.0,"DEF":111.0,"AST":56.0,"TO":62.0,"STL":36.0,"BLK":19.0,"PF":97.0,"Fls on:":97.0,"+\/-":-65.0,"GW":14.0,"GP":5.0,"MINS":1000.0,"FGM":113.0,"FGA":353.0,"FG%":32.0113314448,"2P%":40.5660377358,"3P%":19.1489361702,"FT%":55.6701030928,"PTS":307.0,"REB":173.0,"STK":55.0},"EAC":{"2PM":114.0,"2PA":259.0,"3PM":36.0,"3PA":150.0,"FTM":93.0,"FTA":155.0,"OFF":84.0,"DEF":195.0,"AST":94.0,"TO":93.0,"STL":41.0,"BLK":22.0,"PF":137.0,"Fls on:":137.0,"+\/-":13.0,"GW":53.0,"GP":6.0,"MINS":1200.0,"FGM":150.0,"FGA":409.0,"FG%":36.6748166259,"2P%":44.0154440154,"3P%":24.0,"FT%":60.0,"PTS":429.0,"REB":279.0,"STK":63.0},"League":{"2PM":114.9,"2PA":250.9,"3PM":38.6,"3PA":149.4,"FTM":91.6,"FTA":140.4,"OFF":69.4,"DEF":158.0,"AST":90.1,"TO":77.7,"STL":44.1,"BLK":19.2,"PF":126.8,"Fls on:":124.8,"+\/-":0.0,"GW":37.9,"GP":5.8,"MINS":1160.0,"FGM":153.5,"FGA":400.3,"FG%":38.3462403198,"2P%":45.795137505,"3P%":25.8366800535,"FT%":65.2421652422,"PTS":437.2,"REB":227.4,"STK":63.3}}