{"AU":{"POS":513.2582303347,"PACE":85.5430383891},"CSB":{"POS":376.8891230693,"PACE":75.3778246139},"CSJL":{"POS":454.5771311475,"PACE":75.7628551913},"EAC":{"POS":475.6541601124,"PACE":79.2756933521},"JRU":{"POS":461.1542041656,"PACE":76.8590340276},"LPU":{"POS":410.499773412,"PACE":82.0999546824},"MU":{"POS":454.4284272763,"PACE":75.7380712127},"SBU":{"POS":366.8349393091,"PACE":73.3669878618},"SSCR":{"POS":566.9559315348,"PACE":80.993704505},"UPHSD":{"POS":454.8516338583,"PACE":75.808605643},"League":{"POS":453.510355422,"PACE":78.0825769479}}