{"CSB":{"OFF":74.0270766447,"DEF":61.0922379837,"NET":12.934838661,"PACE":75.3778246139,"hAST%":13.4260281027,"hTO%":12.8742735231,"TOR":18.5731016671,"AR":19.3690917386,"STL%":10.3478709288,"BLK%":8.9622641509,"EFG%":44.3370165746,"TS%":46.4164503893,"PPWS":0.9283290078,"REB%":58.0097087379,"OREB%":41.2698412698,"DREB%":72.197309417,"FTR":0.2430939227,"FFI":34.2784591404,"Py-W":4.7787704485,"Py-L":0.2212295515,"PPR":-2.1559832977,"HHI":0.1117759279},"SBU":{"OFF":73.8070371677,"DEF":68.6957465051,"NET":5.1112906626,"PACE":73.3669878618,"hAST%":12.3980163174,"hTO%":13.7977923532,"TOR":18.8095496383,"AR":16.9013344576,"STL%":5.9972477108,"BLK%":8.4656084656,"EFG%":45.498392283,"TS%":48.9053863661,"PPWS":0.9781077273,"REB%":54.3902439024,"OREB%":34.9206349206,"DREB%":71.0407239819,"FTR":0.424437299,"FFI":36.2524307924,"Py-W":3.7959727969,"Py-L":1.2040272031,"PPR":-2.8726745111,"HHI":0.1342761335},"MU":{"OFF":74.9292912947,"DEF":72.4536539172,"NET":2.4756373776,"PACE":75.7380712127,"hAST%":15.6437646166,"hTO%":11.3772833576,"TOR":15.8440792165,"AR":21.7856089227,"STL%":10.3426628219,"BLK%":5.3497942387,"EFG%":45.5223880597,"TS%":49.1512212021,"PPWS":0.983024424,"REB%":52.1064301552,"OREB%":30.9322033898,"DREB%":75.3488372093,"FTR":0.3383084577,"FFI":33.4310425716,"Py-W":3.7874741433,"Py-L":2.2125258567,"PPR":-0.5154777227,"HHI":0.1373498418},"LPU":{"OFF":80.2071088282,"DEF":79.1108841062,"NET":1.096224722,"PACE":82.0999546824,"hAST%":16.5492205851,"hTO%":11.3887109403,"TOR":15.5907516021,"AR":22.6553109219,"STL%":8.0389812949,"BLK%":4.347826087,"EFG%":50.289017341,"TS%":54.2028842355,"PPWS":1.0840576847,"REB%":45.1612903226,"OREB%":22.5130890052,"DREB%":65.5660377358,"FTR":0.387283237,"FFI":34.3251611929,"Py-W":2.7741270695,"Py-L":2.2258729305,"PPR":-0.1855740948,"HHI":0.1425636023},"League":{"OFF":72.3026488987,"DEF":72.3026488987,"NET":0.0,"PACE":78.0825769479,"hAST%":14.3044027713,"hTO%":12.3357613245,"TOR":17.1330156128,"AR":19.8672420426,"STL%":9.7241439964,"BLK%":7.6524511758,"EFG%":43.1676242818,"TS%":47.308235009,"PPWS":0.9461647002,"REB%":50.0,"OREB%":30.5189094107,"DREB%":69.4810905893,"FTR":0.3507369473,"FFI":32.9151397074,"Py-W":2.9,"Py-L":2.9,"PPR":-1.5007092199,"HHI":0.0105617763},"UPHSD":{"OFF":65.9555726898,"DEF":66.1204616215,"NET":-0.1648889317,"PACE":75.808605643,"hAST%":15.2752665378,"hTO%":13.7165658707,"TOR":19.346967989,"AR":21.5454870787,"STL%":10.1131878124,"BLK%":9.387755102,"EFG%":40.3990024938,"TS%":43.9020107121,"PPWS":0.8780402142,"REB%":51.0330578512,"OREB%":30.0,"DREB%":70.0787401575,"FTR":0.3092269327,"FFI":31.6347469848,"Py-W":2.940082844,"Py-L":3.059917156,"PPR":-1.9455484079,"HHI":0.1343375},"CSJL":{"OFF":73.9148489832,"DEF":74.4098144898,"NET":-0.4949655066,"PACE":75.7628551913,"hAST%":14.1354372124,"hTO%":16.1078238001,"TOR":21.5584976201,"AR":18.918681585,"STL%":8.1394327749,"BLK%":10.8391608392,"EFG%":47.1232876712,"TS%":52.780395853,"PPWS":1.0556079171,"REB%":50.1170960187,"OREB%":29.5081967213,"DREB%":65.5737704918,"FTR":0.3698630137,"FFI":35.6885240233,"Py-W":2.8399734687,"Py-L":3.1600265313,"PPR":-3.4926505445,"HHI":0.115104831},"AU":{"OFF":71.309134149,"DEF":72.624261623,"NET":-1.3151274741,"PACE":85.5430383891,"hAST%":13.1822922703,"hTO%":11.5888283695,"TOR":15.5866959888,"AR":17.7298666873,"STL%":12.4693567911,"BLK%":6.2271062271,"EFG%":44.3584070796,"TS%":46.9845182161,"PPWS":0.9396903643,"REB%":49.5884773663,"OREB%":28.0632411067,"DREB%":72.9613733906,"FTR":0.3384955752,"FFI":32.3301186787,"Py-W":2.5645073768,"Py-L":3.4354926232,"PPR":-1.4117772911,"HHI":0.1130072561},"EAC":{"OFF":65.5938760057,"DEF":67.6436846309,"NET":-2.0498086252,"PACE":79.2756933521,"hAST%":15.1604356785,"hTO%":10.3032087136,"TOR":14.7165747449,"AR":21.6543885532,"STL%":9.8811287573,"BLK%":9.2664092664,"EFG%":36.9266055046,"TS%":41.0742496051,"PPWS":0.8214849921,"REB%":44.9704142012,"OREB%":26.9662921348,"DREB%":65.0,"FTR":0.3669724771,"FFI":29.347631471,"Py-W":2.2760456347,"Py-L":3.7239543653,"PPR":-0.1072054185,"HHI":0.1050180288},"JRU":{"OFF":75.1375563467,"DEF":79.5287122371,"NET":-4.3911558904,"PACE":76.8590340276,"hAST%":15.3153153153,"hTO%":12.9129129129,"TOR":18.6488595839,"AR":22.1184148553,"STL%":9.3244297919,"BLK%":10.9090909091,"EFG%":42.5187032419,"TS%":48.3263598326,"PPWS":0.9665271967,"REB%":50.0,"OREB%":33.9366515837,"DREB%":67.8391959799,"FTR":0.4364089776,"FFI":35.0031611728,"Py-W":1.7235199457,"Py-L":4.2764800543,"PPR":-1.5238789676,"HHI":0.1202001462},"SSCR":{"OFF":70.3758401327,"DEF":78.0483941322,"NET":-7.6725539994,"PACE":80.993704505,"hAST%":12.1371759116,"hTO%":10.3295114141,"TOR":14.1104441369,"AR":16.5797718608,"STL%":11.1119747578,"BLK%":3.0303030303,"EFG%":38.5199240987,"TS%":44.2978950173,"PPWS":0.8859579003,"REB%":46.5328467153,"OREB%":29.5238095238,"DREB%":69.5278969957,"FTR":0.3168880455,"FFI":29.5936632616,"Py-W":1.1224136696,"Py-L":5.8775863304,"PPR":-1.1935948268,"HHI":0.1269998304}}