{"AU":{"MINS":1250.0,"FGM":189.0,"FGA":452.0,"2PM":166.0,"2PA":350.0,"3PM":23.0,"3PA":102.0,"FTM":87.0,"FTA":153.0,"PTS":488.0,"OFF":71.0,"DEF":170.0,"REB":241.0,"AST":91.0,"TO":80.0,"STL":64.0,"BLK":17.0,"STK":81.0,"PF":125.0,"Fls on:":135.0,"+\/-":-9.0,"GW":14.0,"GP":6.0,"W":1.0,"L":5.0,"FG%":41.814159292,"2P%":47.4285714286,"3P%":22.5490196078,"FT%":56.862745098},"CSB":{"MINS":1025.0,"FGM":145.0,"FGA":362.0,"2PM":114.0,"2PA":230.0,"3PM":31.0,"3PA":132.0,"FTM":51.0,"FTA":88.0,"PTS":372.0,"OFF":78.0,"DEF":161.0,"REB":239.0,"AST":73.0,"TO":70.0,"STL":39.0,"BLK":19.0,"STK":58.0,"PF":97.0,"Fls on:":95.0,"+\/-":65.0,"GW":55.0,"GP":5.0,"W":4.0,"L":1.0,"FG%":40.0552486188,"2P%":49.5652173913,"3P%":23.4848484848,"FT%":57.9545454545},"CSJL":{"MINS":1200.0,"FGM":153.0,"FGA":365.0,"2PM":115.0,"2PA":219.0,"3PM":38.0,"3PA":146.0,"FTM":104.0,"FTA":135.0,"PTS":448.0,"OFF":54.0,"DEF":160.0,"REB":214.0,"AST":86.0,"TO":98.0,"STL":37.0,"BLK":31.0,"STK":68.0,"PF":132.0,"Fls on:":126.0,"+\/-":-3.0,"GW":54.0,"GP":6.0,"W":4.0,"L":2.0,"FG%":41.9178082192,"2P%":52.5114155251,"3P%":26.0273972603,"FT%":77.037037037},"EAC":{"MINS":1225.0,"FGM":139.0,"FGA":436.0,"2PM":95.0,"2PA":262.0,"3PM":44.0,"3PA":174.0,"FTM":94.0,"FTA":160.0,"PTS":416.0,"OFF":72.0,"DEF":156.0,"REB":228.0,"AST":103.0,"TO":70.0,"STL":47.0,"BLK":24.0,"STK":71.0,"PF":139.0,"Fls on:":135.0,"+\/-":-13.0,"GW":27.0,"GP":6.0,"W":2.0,"L":4.0,"FG%":31.880733945,"2P%":36.2595419847,"3P%":25.2873563218,"FT%":58.75},"JRU":{"MINS":1200.0,"FGM":152.0,"FGA":401.0,"2PM":115.0,"2PA":273.0,"3PM":37.0,"3PA":128.0,"FTM":121.0,"FTA":175.0,"PTS":462.0,"OFF":75.0,"DEF":135.0,"REB":210.0,"AST":102.0,"TO":86.0,"STL":43.0,"BLK":30.0,"STK":73.0,"PF":122.0,"Fls on:":148.0,"+\/-":-27.0,"GW":29.0,"GP":6.0,"W":2.0,"L":4.0,"FG%":37.9052369077,"2P%":42.1245421245,"3P%":28.90625,"FT%":69.1428571429},"LPU":{"MINS":1025.0,"FGM":152.0,"FGA":346.0,"2PM":108.0,"2PA":208.0,"3PM":44.0,"3PA":138.0,"FTM":91.0,"FTA":134.0,"PTS":439.0,"OFF":43.0,"DEF":139.0,"REB":182.0,"AST":93.0,"TO":64.0,"STL":33.0,"BLK":10.0,"STK":43.0,"PF":117.0,"Fls on:":113.0,"+\/-":6.0,"GW":37.0,"GP":5.0,"W":3.0,"L":2.0,"FG%":43.9306358382,"2P%":51.9230769231,"3P%":31.884057971,"FT%":67.9104477612},"MU":{"MINS":1200.0,"FGM":158.0,"FGA":402.0,"2PM":108.0,"2PA":221.0,"3PM":50.0,"3PA":181.0,"FTM":88.0,"FTA":136.0,"PTS":454.0,"OFF":73.0,"DEF":162.0,"REB":235.0,"AST":99.0,"TO":72.0,"STL":47.0,"BLK":13.0,"STK":60.0,"PF":142.0,"Fls on:":113.0,"+\/-":15.0,"GW":47.0,"GP":6.0,"W":4.0,"L":2.0,"FG%":39.3034825871,"2P%":48.8687782805,"3P%":27.6243093923,"FT%":64.7058823529},"SBU":{"MINS":1025.0,"FGM":121.0,"FGA":311.0,"2PM":80.0,"2PA":185.0,"3PM":41.0,"3PA":126.0,"FTM":78.0,"FTA":132.0,"PTS":361.0,"OFF":66.0,"DEF":157.0,"REB":223.0,"AST":62.0,"TO":69.0,"STL":22.0,"BLK":16.0,"STK":38.0,"PF":95.0,"Fls on:":119.0,"+\/-":25.0,"GW":42.0,"GP":5.0,"W":3.0,"L":2.0,"FG%":38.9067524116,"2P%":43.2432432432,"3P%":32.5396825397,"FT%":59.0909090909},"SSCR":{"MINS":1400.0,"FGM":180.0,"FGA":527.0,"2PM":134.0,"2PA":300.0,"3PM":46.0,"3PA":227.0,"FTM":126.0,"FTA":167.0,"PTS":532.0,"OFF":93.0,"DEF":162.0,"REB":255.0,"AST":94.0,"TO":80.0,"STL":63.0,"BLK":9.0,"STK":72.0,"PF":190.0,"Fls on:":147.0,"+\/-":-58.0,"GW":26.0,"GP":7.0,"W":2.0,"L":5.0,"FG%":34.155597723,"2P%":44.6666666667,"3P%":20.2643171806,"FT%":75.4491017964},"UPHSD":{"MINS":1200.0,"FGM":146.0,"FGA":401.0,"2PM":114.0,"2PA":261.0,"3PM":32.0,"3PA":140.0,"FTM":76.0,"FTA":124.0,"PTS":400.0,"OFF":69.0,"DEF":178.0,"REB":247.0,"AST":98.0,"TO":88.0,"STL":46.0,"BLK":23.0,"STK":69.0,"PF":109.0,"Fls on:":117.0,"+\/-":-1.0,"GW":48.0,"GP":6.0,"W":4.0,"L":2.0,"FG%":36.4089775561,"2P%":43.6781609195,"3P%":22.8571428571,"FT%":61.2903225806},"League":{"MINS":1175.0,"FGM":153.5,"FGA":400.3,"2PM":114.9,"2PA":250.9,"3PM":38.6,"3PA":149.4,"FTM":91.6,"FTA":140.4,"PTS":437.2,"OFF":69.4,"DEF":158.0,"REB":227.4,"AST":90.1,"TO":77.7,"STL":44.1,"BLK":19.2,"STK":63.3,"PF":126.8,"Fls on:":124.8,"+\/-":0.0,"GW":37.9,"GP":5.8,"W":2.9,"L":2.9,"FG%":38.3462403198,"2P%":45.795137505,"3P%":25.8366800535,"FT%":65.2421652422}}