{"CSB":{"MINS":206.25,"FGM":30.75,"FGA":70.125,"2PM":24.0,"2PA":45.125,"3PM":6.75,"3PA":25.0,"FTM":12.0,"FTA":20.25,"PTS":80.25,"OFF":14.625,"DEF":31.5,"REB":46.125,"AST":17.5,"TO":17.5,"STL":8.0,"BLK":3.625,"STK":11.625,"PF":19.0,"Fls on:":18.875,"+\/-":11.25,"GW":84.0,"GP":8.0,"W":6.0,"L":2.0,"FG%":43.8502673797,"2P%":53.1855955679,"3P%":27.0,"FT%":59.2592592593,"W%":0.75},"MU":{"MINS":200.0,"FGM":26.875,"FGA":68.75,"2PM":18.625,"2PA":38.875,"3PM":8.25,"3PA":29.875,"FTM":15.375,"FTA":23.5,"PTS":77.375,"OFF":13.125,"DEF":27.125,"REB":40.25,"AST":15.75,"TO":12.625,"STL":8.125,"BLK":1.875,"STK":10.0,"PF":25.125,"Fls on:":19.75,"+\/-":3.5,"GW":71.0,"GP":8.0,"W":6.0,"L":2.0,"FG%":39.0909090909,"2P%":47.9099678457,"3P%":27.6150627615,"FT%":65.4255319149,"W%":0.75},"CSJL":{"MINS":209.375,"FGM":26.125,"FGA":65.625,"2PM":19.125,"2PA":38.125,"3PM":7.0,"3PA":27.5,"FTM":15.0,"FTA":19.25,"PTS":74.25,"OFF":9.875,"DEF":29.0,"REB":38.875,"AST":15.375,"TO":14.875,"STL":5.75,"BLK":5.125,"STK":10.875,"PF":20.875,"Fls on:":18.375,"+\/-":0.5,"GW":66.0,"GP":8.0,"W":5.0,"L":3.0,"FG%":39.8095238095,"2P%":50.1639344262,"3P%":25.4545454545,"FT%":77.9220779221,"W%":0.625},"SBU":{"MINS":203.125,"FGM":24.375,"FGA":63.625,"2PM":16.0,"2PA":36.5,"3PM":8.375,"3PA":27.125,"FTM":12.875,"FTA":22.375,"PTS":70.0,"OFF":11.875,"DEF":30.75,"REB":42.625,"AST":12.5,"TO":12.0,"STL":4.25,"BLK":2.875,"STK":7.125,"PF":17.625,"Fls on:":21.25,"+\/-":3.25,"GW":67.0,"GP":8.0,"W":5.0,"L":3.0,"FG%":38.3104125737,"2P%":43.8356164384,"3P%":30.8755760369,"FT%":57.5418994413,"W%":0.625},"LPU":{"MINS":203.125,"FGM":28.875,"FGA":70.375,"2PM":20.25,"2PA":40.375,"3PM":8.625,"3PA":30.0,"FTM":17.25,"FTA":25.125,"PTS":83.625,"OFF":9.375,"DEF":25.375,"REB":34.75,"AST":17.375,"TO":11.375,"STL":7.0,"BLK":1.625,"STK":8.625,"PF":20.5,"Fls on:":21.875,"+\/-":-2.375,"GW":50.0,"GP":8.0,"W":4.0,"L":4.0,"FG%":41.0301953819,"2P%":50.1547987616,"3P%":28.75,"FT%":68.6567164179,"W%":0.5},"League":{"MINS":204.2682926829,"FGM":26.8414634146,"FGA":69.756097561,"2PM":19.9390243902,"2PA":43.4268292683,"3PM":6.9024390244,"3PA":26.3292682927,"FTM":15.0,"FTA":23.1951219512,"PTS":75.5853658537,"OFF":12.1463414634,"DEF":27.2804878049,"REB":39.4268292683,"AST":15.6463414634,"TO":13.4512195122,"STL":7.7317073171,"BLK":3.1707317073,"STK":10.9024390244,"PF":21.0853658537,"Fls on:":20.756097561,"+\/-":0.0,"GW":53.5,"GP":8.2,"W":4.1,"L":4.1,"FG%":38.479020979,"2P%":45.9140690817,"3P%":26.215840667,"FT%":64.6687697161,"W%":0.5},"UPHSD":{"MINS":208.3333333333,"FGM":24.5555555556,"FGA":68.3333333333,"2PM":18.6666666667,"2PA":44.1111111111,"3PM":5.8888888889,"3PA":24.2222222222,"FTM":11.3333333333,"FTA":18.1111111111,"PTS":66.3333333333,"OFF":12.1111111111,"DEF":30.2222222222,"REB":42.3333333333,"AST":16.6666666667,"TO":14.2222222222,"STL":7.5555555556,"BLK":3.5555555556,"STK":11.1111111111,"PF":17.4444444444,"Fls on:":17.7777777778,"+\/-":-1.4444444444,"GW":48.0,"GP":9.0,"W":4.0,"L":5.0,"FG%":35.9349593496,"2P%":42.3173803526,"3P%":24.3119266055,"FT%":62.5766871166,"W%":0.4444444444},"EAC":{"MINS":203.125,"FGM":24.75,"FGA":73.0,"2PM":16.875,"2PA":43.875,"3PM":7.875,"3PA":29.125,"FTM":13.75,"FTA":24.5,"PTS":71.125,"OFF":12.25,"DEF":26.375,"REB":38.625,"AST":16.0,"TO":12.625,"STL":7.375,"BLK":4.125,"STK":11.5,"PF":23.25,"Fls on:":21.5,"+\/-":-2.875,"GW":41.0,"GP":8.0,"W":3.0,"L":5.0,"FG%":33.904109589,"2P%":38.4615384615,"3P%":27.0386266094,"FT%":56.1224489796,"W%":0.375},"JRU":{"MINS":200.0,"FGM":25.375,"FGA":68.625,"2PM":19.75,"2PA":47.75,"3PM":5.625,"3PA":20.875,"FTM":20.875,"FTA":30.125,"PTS":77.25,"OFF":13.625,"DEF":23.125,"REB":36.75,"AST":17.0,"TO":14.5,"STL":8.375,"BLK":4.625,"STK":13.0,"PF":20.0,"Fls on:":24.5,"+\/-":-2.75,"GW":44.0,"GP":8.0,"W":3.0,"L":5.0,"FG%":36.9763205829,"2P%":41.3612565445,"3P%":26.9461077844,"FT%":69.2946058091,"W%":0.375},"AU":{"MINS":205.5555555556,"FGM":29.4444444444,"FGA":71.6666666667,"2PM":25.0,"2PA":53.5555555556,"3PM":4.4444444444,"3PA":18.1111111111,"FTM":14.8888888889,"FTA":26.3333333333,"PTS":78.2222222222,"OFF":11.2222222222,"DEF":26.3333333333,"REB":37.5555555556,"AST":14.7777777778,"TO":13.2222222222,"STL":10.2222222222,"BLK":2.6666666667,"STK":12.8888888889,"PF":21.0,"Fls on:":23.5555555556,"+\/-":-1.2222222222,"GW":38.0,"GP":9.0,"W":3.0,"L":6.0,"FG%":41.0852713178,"2P%":46.6804979253,"3P%":24.5398773006,"FT%":56.5400843882,"W%":0.3333333333},"SSCR":{"MINS":203.125,"FGM":27.25,"FGA":77.375,"2PM":20.625,"2PA":44.625,"3PM":6.625,"3PA":32.75,"FTM":17.125,"FTA":22.625,"PTS":78.25,"OFF":13.5,"DEF":22.75,"REB":36.25,"AST":13.5,"TO":11.5,"STL":10.375,"BLK":1.625,"STK":12.0,"PF":26.5,"Fls on:":20.125,"+\/-":-7.5,"GW":26.0,"GP":8.0,"W":2.0,"L":6.0,"FG%":35.2180936995,"2P%":46.218487395,"3P%":20.2290076336,"FT%":75.6906077348,"W%":0.25}}