{"JRU":{"2PM":289.0,"2PA":549.0,"3PM":76.0,"3PA":276.0,"FTM":160.0,"FTA":247.0,"OFF":134.0,"DEF":297.0,"AST":166.0,"TO":163.0,"STL":100.0,"BLK":44.0,"PF":281.0,"Fls on:":236.0,"+\/-":58.2,"GW":120.0,"GP":12.0,"MINS":2400.0,"FGM":365.0,"FGA":825.0,"FG%":44.2424242424,"2P%":52.6411657559,"3P%":27.5362318841,"FT%":64.7773279352,"PTS":966.0,"REB":431.0,"STK":144.0},"UPHSD":{"2PM":188.0,"2PA":448.0,"3PM":99.0,"3PA":372.0,"FTM":133.0,"FTA":212.0,"OFF":151.0,"DEF":315.0,"AST":176.0,"TO":156.0,"STL":101.0,"BLK":28.0,"PF":215.0,"Fls on:":208.0,"+\/-":15.0,"GW":91.0,"GP":12.0,"MINS":2400.0,"FGM":287.0,"FGA":820.0,"FG%":35.0,"2P%":41.9642857143,"3P%":26.6129032258,"FT%":62.7358490566,"PTS":806.0,"REB":466.0,"STK":129.0},"MU":{"2PM":234.0,"2PA":540.0,"3PM":81.0,"3PA":282.0,"FTM":239.0,"FTA":365.0,"OFF":115.0,"DEF":320.0,"AST":191.0,"TO":164.0,"STL":99.0,"BLK":35.0,"PF":266.0,"Fls on:":302.0,"+\/-":-39.0,"GW":35.0,"GP":13.0,"MINS":2600.0,"FGM":315.0,"FGA":822.0,"FG%":38.3211678832,"2P%":43.3333333333,"3P%":28.7234042553,"FT%":65.4794520548,"PTS":950.0,"REB":435.0,"STK":134.0},"CSB":{"2PM":249.0,"2PA":552.0,"3PM":68.0,"3PA":318.0,"FTM":146.0,"FTA":244.0,"OFF":145.0,"DEF":246.0,"AST":151.0,"TO":137.0,"STL":113.0,"BLK":39.0,"PF":235.0,"Fls on:":231.0,"+\/-":-149.0,"GW":25.0,"GP":12.0,"MINS":2400.0,"FGM":317.0,"FGA":870.0,"FG%":36.4367816092,"2P%":45.1086956522,"3P%":21.3836477987,"FT%":59.8360655738,"PTS":848.0,"REB":391.0,"STK":152.0},"LPU":{"2PM":277.0,"2PA":515.0,"3PM":90.0,"3PA":310.0,"FTM":163.0,"FTA":264.0,"OFF":146.0,"DEF":356.0,"AST":221.0,"TO":172.0,"STL":78.0,"BLK":41.0,"PF":255.0,"Fls on:":238.0,"+\/-":11.0,"GW":81.0,"GP":12.0,"MINS":2400.0,"FGM":367.0,"FGA":825.0,"FG%":44.4848484848,"2P%":53.786407767,"3P%":29.0322580645,"FT%":61.7424242424,"PTS":987.0,"REB":502.0,"STK":119.0},"EAC":{"2PM":224.0,"2PA":535.0,"3PM":91.0,"3PA":318.0,"FTM":203.0,"FTA":314.0,"OFF":171.0,"DEF":360.0,"AST":203.0,"TO":172.0,"STL":87.0,"BLK":40.0,"PF":268.0,"Fls on:":261.0,"+\/-":0.0,"GW":81.0,"GP":12.0,"MINS":2400.0,"FGM":315.0,"FGA":853.0,"FG%":36.9284876905,"2P%":41.8691588785,"3P%":28.6163522013,"FT%":64.6496815287,"PTS":924.0,"REB":531.0,"STK":127.0},"SSCR":{"2PM":280.0,"2PA":519.0,"3PM":88.0,"3PA":277.0,"FTM":236.0,"FTA":366.0,"OFF":129.0,"DEF":383.0,"AST":263.0,"TO":203.0,"STL":72.0,"BLK":44.0,"PF":245.0,"Fls on:":302.0,"+\/-":81.6,"GW":120.0,"GP":12.0,"MINS":2400.0,"FGM":368.0,"FGA":796.0,"FG%":46.2311557789,"2P%":53.9499036609,"3P%":31.7689530686,"FT%":64.4808743169,"PTS":1060.0,"REB":512.0,"STK":116.0},"CSJL":{"2PM":248.0,"2PA":559.0,"3PM":84.0,"3PA":333.0,"FTM":156.0,"FTA":240.0,"OFF":165.0,"DEF":303.0,"AST":205.0,"TO":129.0,"STL":104.0,"BLK":33.0,"PF":231.0,"Fls on:":237.0,"+\/-":25.0,"GW":73.0,"GP":12.0,"MINS":2400.0,"FGM":332.0,"FGA":892.0,"FG%":37.2197309417,"2P%":44.3649373882,"3P%":25.2252252252,"FT%":65.0,"PTS":904.0,"REB":468.0,"STK":137.0},"AU":{"2PM":252.0,"2PA":552.0,"3PM":90.0,"3PA":294.0,"FTM":206.0,"FTA":301.0,"OFF":141.0,"DEF":361.0,"AST":222.0,"TO":187.0,"STL":93.0,"BLK":44.0,"PF":285.0,"Fls on:":246.0,"+\/-":43.0,"GW":107.0,"GP":12.0,"MINS":2400.0,"FGM":342.0,"FGA":846.0,"FG%":40.4255319149,"2P%":45.652173913,"3P%":30.612244898,"FT%":68.438538206,"PTS":980.0,"REB":502.0,"STK":137.0},"SBU":{"2PM":202.0,"2PA":495.0,"3PM":99.0,"3PA":399.0,"FTM":142.0,"FTA":213.0,"OFF":143.0,"DEF":327.0,"AST":181.0,"TO":127.0,"STL":80.0,"BLK":34.0,"PF":247.0,"Fls on:":231.0,"+\/-":-46.0,"GW":62.0,"GP":13.0,"MINS":2600.0,"FGM":301.0,"FGA":894.0,"FG%":33.6689038031,"2P%":40.8080808081,"3P%":24.8120300752,"FT%":66.6666666667,"PTS":843.0,"REB":470.0,"STK":114.0},"League":{"2PM":244.3,"2PA":526.4,"3PM":86.6,"3PA":317.9,"FTM":178.4,"FTA":276.6,"OFF":144.0,"DEF":326.8,"AST":197.9,"TO":161.0,"STL":92.7,"BLK":38.2,"PF":252.8,"Fls on:":249.2,"+\/-":-0.02,"GW":79.5,"GP":12.2,"MINS":2440.0,"FGM":330.9,"FGA":844.3,"FG%":39.1922302499,"2P%":46.4095744681,"3P%":27.2412708399,"FT%":64.4974692697,"PTS":926.8,"REB":470.8,"STK":130.9}}