{"CSB":{"2PM":17.2,"2PA":42.4,"3PM":5.4,"3PA":28.2,"FTM":10.8,"FTA":19.4,"OFF":12.4,"DEF":22.2,"AST":11.2,"TO":12.4,"STL":7.2,"BLK":3.8,"PF":19.4,"Fls on:":19.4,"+\/-":-13.0,"GW":14.0,"GP":5.0,"MINS":200.0,"FGM":22.6,"FGA":70.6,"FG%":32.0113314448,"2P%":40.5660377358,"3P%":19.1489361702,"FT%":55.6701030928,"PTS":61.4,"REB":34.6,"STK":11.0},"SBU":{"2PM":14.6,"2PA":37.8,"3PM":8.6,"3PA":34.8,"FTM":12.2,"FTA":19.2,"OFF":12.8,"DEF":24.6,"AST":14.0,"TO":9.4,"STL":6.8,"BLK":2.6,"PF":23.8,"Fls on:":19.0,"+\/-":-5.0,"GW":25.0,"GP":5.0,"MINS":200.0,"FGM":23.2,"FGA":72.6,"FG%":31.955922865,"2P%":38.6243386243,"3P%":24.7126436782,"FT%":63.5416666667,"PTS":67.2,"REB":37.4,"STK":9.4},"LPU":{"2PM":24.2,"2PA":46.0,"3PM":7.0,"3PA":26.6,"FTM":17.2,"FTA":26.2,"OFF":14.6,"DEF":29.6,"AST":18.6,"TO":13.0,"STL":7.0,"BLK":3.2,"PF":22.8,"Fls on:":23.2,"+\/-":-1.2,"GW":28.0,"GP":5.0,"MINS":200.0,"FGM":31.2,"FGA":72.6,"FG%":42.9752066116,"2P%":52.6086956522,"3P%":26.3157894737,"FT%":65.6488549618,"PTS":86.6,"REB":44.2,"STK":10.2},"League":{"2PM":19.8703703704,"2PA":43.5925925926,"3PM":6.6296296296,"3PA":25.8518518519,"FTM":15.5740740741,"FTA":24.1481481481,"OFF":12.1666666667,"DEF":27.5,"AST":15.5,"TO":13.4074074074,"STL":7.6851851852,"BLK":3.3518518519,"PF":21.8333333333,"Fls on:":21.462962963,"+\/-":0.0,"GW":35.4,"GP":5.4,"MINS":200.0,"FGM":26.5,"FGA":69.4444444444,"FG%":38.16,"2P%":45.5819881054,"3P%":25.6446991404,"FT%":64.4938650307,"PTS":75.2037037037,"REB":39.6666666667,"STK":11.037037037},"UPHSD":{"2PM":18.1666666667,"2PA":40.8333333333,"3PM":6.3333333333,"3PA":27.8333333333,"FTM":11.5,"FTA":20.3333333333,"OFF":12.6666666667,"DEF":26.8333333333,"AST":13.3333333333,"TO":12.8333333333,"STL":9.3333333333,"BLK":2.1666666667,"PF":19.8333333333,"Fls on:":18.0,"+\/-":0.1666666667,"GW":26.0,"GP":6.0,"MINS":200.0,"FGM":24.5,"FGA":68.6666666667,"FG%":35.6796116505,"2P%":44.4897959184,"3P%":22.754491018,"FT%":56.5573770492,"PTS":66.8333333333,"REB":39.5,"STK":11.5},"MU":{"2PM":18.6,"2PA":43.0,"3PM":6.2,"3PA":21.6,"FTM":17.6,"FTA":26.2,"OFF":9.0,"DEF":28.4,"AST":15.2,"TO":13.6,"STL":7.4,"BLK":2.8,"PF":18.6,"Fls on:":23.2,"+\/-":0.8,"GW":23.0,"GP":5.0,"MINS":200.0,"FGM":24.8,"FGA":64.6,"FG%":38.3900928793,"2P%":43.2558139535,"3P%":28.7037037037,"FT%":67.1755725191,"PTS":73.4,"REB":37.4,"STK":10.2},"CSJL":{"2PM":20.8,"2PA":46.4,"3PM":6.6,"3PA":26.6,"FTM":14.2,"FTA":22.6,"OFF":13.6,"DEF":22.4,"AST":15.0,"TO":11.2,"STL":8.8,"BLK":3.4,"PF":21.4,"Fls on:":21.4,"+\/-":1.0,"GW":25.0,"GP":5.0,"MINS":200.0,"FGM":27.4,"FGA":73.0,"FG%":37.5342465753,"2P%":44.8275862069,"3P%":24.8120300752,"FT%":62.8318584071,"PTS":75.6,"REB":36.0,"STK":12.2},"AU":{"2PM":20.1666666667,"2PA":45.5,"3PM":8.0,"3PA":26.1666666667,"FTM":18.5,"FTA":25.3333333333,"OFF":10.5,"DEF":30.3333333333,"AST":18.0,"TO":16.1666666667,"STL":7.3333333333,"BLK":4.8333333333,"PF":23.3333333333,"Fls on:":20.1666666667,"+\/-":1.5,"GW":66.0,"GP":6.0,"MINS":200.0,"FGM":28.1666666667,"FGA":71.6666666667,"FG%":39.3023255814,"2P%":44.3223443223,"3P%":30.5732484076,"FT%":73.0263157895,"PTS":82.8333333333,"REB":40.8333333333,"STK":12.1666666667},"EAC":{"2PM":18.4,"2PA":45.0,"3PM":6.2,"3PA":26.0,"FTM":15.4,"FTA":27.6,"OFF":16.2,"DEF":32.8,"AST":15.4,"TO":14.0,"STL":7.2,"BLK":3.0,"PF":23.2,"Fls on:":22.8,"+\/-":2.2,"GW":40.0,"GP":5.0,"MINS":200.0,"FGM":24.6,"FGA":71.0,"FG%":34.6478873239,"2P%":40.8888888889,"3P%":23.8461538462,"FT%":55.7971014493,"PTS":70.8,"REB":49.0,"STK":10.2},"JRU":{"2PM":23.5,"2PA":45.8333333333,"3PM":6.1666666667,"3PA":20.0,"FTM":16.0,"FTA":22.6666666667,"OFF":10.6666666667,"DEF":24.3333333333,"AST":14.3333333333,"TO":13.5,"STL":9.1666666667,"BLK":3.8333333333,"PF":24.8333333333,"Fls on:":20.0,"+\/-":4.5,"GW":56.0,"GP":6.0,"MINS":200.0,"FGM":29.6666666667,"FGA":65.8333333333,"FG%":45.0632911392,"2P%":51.2727272727,"3P%":30.8333333333,"FT%":70.5882352941,"PTS":81.5,"REB":35.0,"STK":13.0},"SSCR":{"2PM":22.1666666667,"2PA":43.0,"3PM":5.8333333333,"3PA":22.1666666667,"FTM":21.3333333333,"FTA":31.3333333333,"OFF":10.1666666667,"DEF":32.6666666667,"AST":19.3333333333,"TO":16.8333333333,"STL":6.3333333333,"BLK":3.6666666667,"PF":20.8333333333,"Fls on:":27.5,"+\/-":6.5,"GW":51.0,"GP":6.0,"MINS":200.0,"FGM":28.0,"FGA":65.1666666667,"FG%":42.9667519182,"2P%":51.5503875969,"3P%":26.3157894737,"FT%":68.085106383,"PTS":83.1666666667,"REB":42.8333333333,"STK":10.0}}