{"SBU":{"2PM":49.0,"2PA":111.0,"3PM":24.0,"3PA":116.0,"FTM":38.0,"FTA":64.0,"OFF":44.0,"DEF":78.0,"AST":37.0,"TO":28.0,"STL":20.0,"BLK":7.0,"PF":75.0,"Fls on:":62.0,"+\/-":-21.0,"GW":12.0,"GP":3.0,"MINS":600.0,"FGM":73.0,"FGA":227.0,"FG%":32.1585903084,"2P%":44.1441441441,"3P%":20.6896551724,"FT%":59.375,"PTS":208.0,"REB":122.0,"STK":27.0},"SSCR":{"2PM":58.0,"2PA":107.0,"3PM":25.0,"3PA":81.0,"FTM":71.0,"FTA":102.0,"OFF":33.0,"DEF":86.0,"AST":57.0,"TO":53.0,"STL":13.0,"BLK":7.0,"PF":71.0,"Fls on:":85.0,"+\/-":1.0,"GW":12.0,"GP":3.0,"MINS":600.0,"FGM":83.0,"FGA":188.0,"FG%":44.1489361702,"2P%":54.2056074766,"3P%":30.8641975309,"FT%":69.6078431373,"PTS":262.0,"REB":119.0,"STK":20.0},"CSJL":{"2PM":43.0,"2PA":98.0,"3PM":10.0,"3PA":57.0,"FTM":37.0,"FTA":46.0,"OFF":32.0,"DEF":33.0,"AST":29.0,"TO":17.0,"STL":16.0,"BLK":6.0,"PF":48.0,"Fls on:":47.0,"+\/-":-1.0,"GW":13.0,"GP":2.0,"MINS":400.0,"FGM":53.0,"FGA":155.0,"FG%":34.1935483871,"2P%":43.8775510204,"3P%":17.5438596491,"FT%":80.4347826087,"PTS":153.0,"REB":65.0,"STK":22.0},"EAC":{"2PM":63.0,"2PA":152.0,"3PM":20.0,"3PA":76.0,"FTM":40.0,"FTA":74.0,"OFF":49.0,"DEF":106.0,"AST":46.0,"TO":38.0,"STL":25.0,"BLK":7.0,"PF":78.0,"Fls on:":63.0,"+\/-":18.0,"GW":27.0,"GP":3.0,"MINS":600.0,"FGM":83.0,"FGA":228.0,"FG%":36.4035087719,"2P%":41.4473684211,"3P%":26.3157894737,"FT%":54.0540540541,"PTS":226.0,"REB":155.0,"STK":32.0},"LPU":{"2PM":68.0,"2PA":126.0,"3PM":25.0,"3PA":82.0,"FTM":55.0,"FTA":80.0,"OFF":45.0,"DEF":92.0,"AST":59.0,"TO":42.0,"STL":20.0,"BLK":11.0,"PF":72.0,"Fls on:":74.0,"+\/-":13.0,"GW":28.0,"GP":3.0,"MINS":600.0,"FGM":93.0,"FGA":208.0,"FG%":44.7115384615,"2P%":53.9682539683,"3P%":30.487804878,"FT%":68.75,"PTS":266.0,"REB":137.0,"STK":31.0},"UPHSD":{"2PM":41.0,"2PA":90.0,"3PM":8.0,"3PA":32.0,"FTM":27.0,"FTA":48.0,"OFF":21.0,"DEF":48.0,"AST":27.0,"TO":31.0,"STL":21.0,"BLK":4.0,"PF":36.0,"Fls on:":44.0,"+\/-":-18.0,"GW":0.0,"GP":2.0,"MINS":400.0,"FGM":49.0,"FGA":122.0,"FG%":40.1639344262,"2P%":45.5555555556,"3P%":25.0,"FT%":56.25,"PTS":133.0,"REB":69.0,"STK":25.0},"CSB":{"2PM":54.0,"2PA":127.0,"3PM":15.0,"3PA":82.0,"FTM":32.0,"FTA":63.0,"OFF":40.0,"DEF":68.0,"AST":35.0,"TO":42.0,"STL":22.0,"BLK":11.0,"PF":63.0,"Fls on:":58.0,"+\/-":-40.0,"GW":0.0,"GP":3.0,"MINS":600.0,"FGM":69.0,"FGA":209.0,"FG%":33.014354067,"2P%":42.5196850394,"3P%":18.2926829268,"FT%":50.7936507937,"PTS":185.0,"REB":108.0,"STK":33.0},"MU":{"2PM":41.0,"2PA":95.0,"3PM":9.0,"3PA":38.0,"FTM":35.0,"FTA":51.0,"OFF":20.0,"DEF":63.0,"AST":32.0,"TO":32.0,"STL":17.0,"BLK":7.0,"PF":33.0,"Fls on:":49.0,"+\/-":10.0,"GW":13.0,"GP":2.0,"MINS":400.0,"FGM":50.0,"FGA":133.0,"FG%":37.5939849624,"2P%":43.1578947368,"3P%":23.6842105263,"FT%":68.6274509804,"PTS":144.0,"REB":83.0,"STK":24.0},"JRU":{"2PM":70.0,"2PA":126.0,"3PM":21.0,"3PA":64.0,"FTM":46.0,"FTA":72.0,"OFF":31.0,"DEF":69.0,"AST":49.0,"TO":36.0,"STL":26.0,"BLK":14.0,"PF":70.0,"Fls on:":64.0,"+\/-":29.0,"GW":41.0,"GP":3.0,"MINS":600.0,"FGM":91.0,"FGA":190.0,"FG%":47.8947368421,"2P%":55.5555555556,"3P%":32.8125,"FT%":63.8888888889,"PTS":249.0,"REB":100.0,"STK":40.0},"AU":{"2PM":34.0,"2PA":93.0,"3PM":20.0,"3PA":56.0,"FTM":28.0,"FTA":45.0,"OFF":24.0,"DEF":65.0,"AST":40.0,"TO":30.0,"STL":11.0,"BLK":13.0,"PF":45.0,"Fls on:":39.0,"+\/-":9.0,"GW":24.0,"GP":2.0,"MINS":400.0,"FGM":54.0,"FGA":149.0,"FG%":36.2416107383,"2P%":36.5591397849,"3P%":35.7142857143,"FT%":62.2222222222,"PTS":156.0,"REB":89.0,"STK":24.0},"League":{"2PM":52.1,"2PA":112.5,"3PM":17.7,"3PA":68.4,"FTM":40.9,"FTA":64.5,"OFF":33.9,"DEF":70.8,"AST":41.1,"TO":34.9,"STL":19.1,"BLK":8.7,"PF":59.1,"Fls on:":58.5,"+\/-":0.0,"GW":17.0,"GP":2.6,"MINS":520.0,"FGM":69.8,"FGA":180.9,"FG%":38.5848535102,"2P%":46.3111111111,"3P%":25.8771929825,"FT%":63.4108527132,"PTS":198.2,"REB":104.7,"STK":27.8}}