{"CSB":{"2PM":18.0,"2PA":42.3333333333,"3PM":5.0,"3PA":27.3333333333,"FTM":10.6666666667,"FTA":21.0,"OFF":13.3333333333,"DEF":22.6666666667,"AST":11.6666666667,"TO":14.0,"STL":7.3333333333,"BLK":3.6666666667,"PF":21.0,"Fls on:":19.3333333333,"+\/-":-13.3333333333,"GW":0,"GP":3.0,"MINS":200.0,"FGM":23.0,"FGA":69.6666666667,"FG%":33.014354067,"2P%":42.5196850394,"3P%":18.2926829268,"FT%":50.7936507937,"PTS":61.6666666667,"REB":36.0,"STK":11.0},"UPHSD":{"2PM":20.5,"2PA":45.0,"3PM":4.0,"3PA":16.0,"FTM":13.5,"FTA":24.0,"OFF":10.5,"DEF":24.0,"AST":13.5,"TO":15.5,"STL":10.5,"BLK":2.0,"PF":18.0,"Fls on:":22.0,"+\/-":-9.0,"GW":0,"GP":2.0,"MINS":200.0,"FGM":24.5,"FGA":61.0,"FG%":40.1639344262,"2P%":45.5555555556,"3P%":25.0,"FT%":56.25,"PTS":66.5,"REB":34.5,"STK":12.5},"SBU":{"2PM":16.3333333333,"2PA":37.0,"3PM":8.0,"3PA":38.6666666667,"FTM":12.6666666667,"FTA":21.3333333333,"OFF":14.6666666667,"DEF":26.0,"AST":12.3333333333,"TO":9.3333333333,"STL":6.6666666667,"BLK":2.3333333333,"PF":25.0,"Fls on:":20.6666666667,"+\/-":-7.0,"GW":12,"GP":3.0,"MINS":200.0,"FGM":24.3333333333,"FGA":75.6666666667,"FG%":32.1585903084,"2P%":44.1441441441,"3P%":20.6896551724,"FT%":59.375,"PTS":69.3333333333,"REB":40.6666666667,"STK":9.0},"CSJL":{"2PM":21.5,"2PA":49.0,"3PM":5.0,"3PA":28.5,"FTM":18.5,"FTA":23.0,"OFF":16.0,"DEF":16.5,"AST":14.5,"TO":8.5,"STL":8.0,"BLK":3.0,"PF":24.0,"Fls on:":23.5,"+\/-":-0.5,"GW":13,"GP":2.0,"MINS":200.0,"FGM":26.5,"FGA":77.5,"FG%":34.1935483871,"2P%":43.8775510204,"3P%":17.5438596491,"FT%":80.4347826087,"PTS":76.5,"REB":32.5,"STK":11.0},"League":{"2PM":20.0384615385,"2PA":43.2692307692,"3PM":6.8076923077,"3PA":26.3076923077,"FTM":15.7307692308,"FTA":24.8076923077,"OFF":13.0384615385,"DEF":27.2307692308,"AST":15.8076923077,"TO":13.4230769231,"STL":7.3461538462,"BLK":3.3461538462,"PF":22.7307692308,"Fls on:":22.5,"+\/-":0.0,"GW":17,"GP":2.6,"MINS":200.0,"FGM":26.8461538462,"FGA":69.5769230769,"FG%":38.5848535102,"2P%":46.3111111111,"3P%":25.8771929825,"FT%":63.4108527132,"PTS":76.2307692308,"REB":40.2692307692,"STK":10.6923076923},"SSCR":{"2PM":19.3333333333,"2PA":35.6666666667,"3PM":8.3333333333,"3PA":27.0,"FTM":23.6666666667,"FTA":34.0,"OFF":11.0,"DEF":28.6666666667,"AST":19.0,"TO":17.6666666667,"STL":4.3333333333,"BLK":2.3333333333,"PF":23.6666666667,"Fls on:":28.3333333333,"+\/-":0.3333333333,"GW":12,"GP":3.0,"MINS":200.0,"FGM":27.6666666667,"FGA":62.6666666667,"FG%":44.1489361702,"2P%":54.2056074766,"3P%":30.8641975309,"FT%":69.6078431373,"PTS":87.3333333333,"REB":39.6666666667,"STK":6.6666666667},"LPU":{"2PM":22.6666666667,"2PA":42.0,"3PM":8.3333333333,"3PA":27.3333333333,"FTM":18.3333333333,"FTA":26.6666666667,"OFF":15.0,"DEF":30.6666666667,"AST":19.6666666667,"TO":14.0,"STL":6.6666666667,"BLK":3.6666666667,"PF":24.0,"Fls on:":24.6666666667,"+\/-":4.3333333333,"GW":28,"GP":3.0,"MINS":200.0,"FGM":31.0,"FGA":69.3333333333,"FG%":44.7115384615,"2P%":53.9682539683,"3P%":30.487804878,"FT%":68.75,"PTS":88.6666666667,"REB":45.6666666667,"STK":10.3333333333},"AU":{"2PM":17.0,"2PA":46.5,"3PM":10.0,"3PA":28.0,"FTM":14.0,"FTA":22.5,"OFF":12.0,"DEF":32.5,"AST":20.0,"TO":15.0,"STL":5.5,"BLK":6.5,"PF":22.5,"Fls on:":19.5,"+\/-":4.5,"GW":24,"GP":2.0,"MINS":200.0,"FGM":27.0,"FGA":74.5,"FG%":36.2416107383,"2P%":36.5591397849,"3P%":35.7142857143,"FT%":62.2222222222,"PTS":78.0,"REB":44.5,"STK":12.0},"MU":{"2PM":20.5,"2PA":47.5,"3PM":4.5,"3PA":19.0,"FTM":17.5,"FTA":25.5,"OFF":10.0,"DEF":31.5,"AST":16.0,"TO":16.0,"STL":8.5,"BLK":3.5,"PF":16.5,"Fls on:":24.5,"+\/-":5.0,"GW":13,"GP":2.0,"MINS":200.0,"FGM":25.0,"FGA":66.5,"FG%":37.5939849624,"2P%":43.1578947368,"3P%":23.6842105263,"FT%":68.6274509804,"PTS":72.0,"REB":41.5,"STK":12.0},"EAC":{"2PM":21.0,"2PA":50.6666666667,"3PM":6.6666666667,"3PA":25.3333333333,"FTM":13.3333333333,"FTA":24.6666666667,"OFF":16.3333333333,"DEF":35.3333333333,"AST":15.3333333333,"TO":12.6666666667,"STL":8.3333333333,"BLK":2.3333333333,"PF":26.0,"Fls on:":21.0,"+\/-":6.0,"GW":27,"GP":3.0,"MINS":200.0,"FGM":27.6666666667,"FGA":76.0,"FG%":36.4035087719,"2P%":41.4473684211,"3P%":26.3157894737,"FT%":54.0540540541,"PTS":75.3333333333,"REB":51.6666666667,"STK":10.6666666667},"JRU":{"2PM":23.3333333333,"2PA":42.0,"3PM":7.0,"3PA":21.3333333333,"FTM":15.3333333333,"FTA":24.0,"OFF":10.3333333333,"DEF":23.0,"AST":16.3333333333,"TO":12.0,"STL":8.6666666667,"BLK":4.6666666667,"PF":23.3333333333,"Fls on:":21.3333333333,"+\/-":9.6666666667,"GW":41,"GP":3.0,"MINS":200.0,"FGM":30.3333333333,"FGA":63.3333333333,"FG%":47.8947368421,"2P%":55.5555555556,"3P%":32.8125,"FT%":63.8888888889,"PTS":83.0,"REB":33.3333333333,"STK":13.3333333333}}