{"AU":{"MINS":425.0,"FGM":61.0,"FGA":153.0,"2PM":55.0,"2PA":119.0,"3PM":6.0,"3PA":34.0,"FTM":19.0,"FTA":43.0,"PTS":147.0,"OFF":24.0,"DEF":69.0,"REB":93.0,"AST":26.0,"TO":25.0,"STL":21.0,"BLK":1.0,"STK":22.0,"PF":41.0,"Fls on:":44.0,"+\/-":-9.0,"GW":0.0,"GP":2.0,"W":0.0,"L":2.0,"FG%":39.8692810458,"2P%":46.218487395,"3P%":17.6470588235,"FT%":44.1860465116},"CSB":{"MINS":625.0,"FGM":87.0,"FGA":212.0,"2PM":70.0,"2PA":138.0,"3PM":17.0,"3PA":74.0,"FTM":34.0,"FTA":56.0,"PTS":225.0,"OFF":46.0,"DEF":93.0,"REB":139.0,"AST":45.0,"TO":44.0,"STL":25.0,"BLK":14.0,"STK":39.0,"PF":58.0,"Fls on:":62.0,"+\/-":40.0,"GW":40.0,"GP":3.0,"W":3.0,"L":0.0,"FG%":41.0377358491,"2P%":50.7246376812,"3P%":22.972972973,"FT%":60.7142857143},"CSJL":{"MINS":400.0,"FGM":53.0,"FGA":112.0,"2PM":43.0,"2PA":71.0,"3PM":10.0,"3PA":41.0,"FTM":38.0,"FTA":51.0,"PTS":154.0,"OFF":17.0,"DEF":51.0,"REB":68.0,"AST":30.0,"TO":33.0,"STL":12.0,"BLK":10.0,"STK":22.0,"PF":47.0,"Fls on:":48.0,"+\/-":1.0,"GW":13.0,"GP":2.0,"W":1.0,"L":1.0,"FG%":47.3214285714,"2P%":60.5633802817,"3P%":24.3902439024,"FT%":74.5098039216},"EAC":{"MINS":625.0,"FGM":69.0,"FGA":214.0,"2PM":50.0,"2PA":139.0,"3PM":19.0,"3PA":75.0,"FTM":51.0,"FTA":87.0,"PTS":208.0,"OFF":28.0,"DEF":87.0,"REB":115.0,"AST":52.0,"TO":39.0,"STL":17.0,"BLK":18.0,"STK":35.0,"PF":65.0,"Fls on:":76.0,"+\/-":-18.0,"GW":14.0,"GP":3.0,"W":1.0,"L":2.0,"FG%":32.2429906542,"2P%":35.9712230216,"3P%":25.3333333333,"FT%":58.6206896552},"JRU":{"MINS":600.0,"FGM":71.0,"FGA":190.0,"2PM":51.0,"2PA":124.0,"3PM":20.0,"3PA":66.0,"FTM":58.0,"FTA":82.0,"PTS":220.0,"OFF":39.0,"DEF":64.0,"REB":103.0,"AST":49.0,"TO":44.0,"STL":21.0,"BLK":14.0,"STK":35.0,"PF":65.0,"Fls on:":69.0,"+\/-":-29.0,"GW":0.0,"GP":3.0,"W":0.0,"L":3.0,"FG%":37.3684210526,"2P%":41.1290322581,"3P%":30.303030303,"FT%":70.7317073171},"LPU":{"MINS":600.0,"FGM":86.0,"FGA":209.0,"2PM":59.0,"2PA":123.0,"3PM":27.0,"3PA":86.0,"FTM":54.0,"FTA":82.0,"PTS":253.0,"OFF":31.0,"DEF":71.0,"REB":102.0,"AST":54.0,"TO":37.0,"STL":20.0,"BLK":4.0,"STK":24.0,"PF":75.0,"Fls on:":72.0,"+\/-":-13.0,"GW":13.0,"GP":3.0,"W":1.0,"L":2.0,"FG%":41.1483253589,"2P%":47.9674796748,"3P%":31.3953488372,"FT%":65.8536585366},"MU":{"MINS":400.0,"FGM":47.0,"FGA":140.0,"2PM":32.0,"2PA":77.0,"3PM":15.0,"3PA":63.0,"FTM":25.0,"FTA":41.0,"PTS":134.0,"OFF":28.0,"DEF":57.0,"REB":85.0,"AST":32.0,"TO":28.0,"STL":19.0,"BLK":4.0,"STK":23.0,"PF":49.0,"Fls on:":33.0,"+\/-":-10.0,"GW":12.0,"GP":2.0,"W":1.0,"L":1.0,"FG%":33.5714285714,"2P%":41.5584415584,"3P%":23.8095238095,"FT%":60.9756097561},"SBU":{"MINS":625.0,"FGM":78.0,"FGA":195.0,"2PM":51.0,"2PA":114.0,"3PM":27.0,"3PA":81.0,"FTM":46.0,"FTA":83.0,"PTS":229.0,"OFF":42.0,"DEF":97.0,"REB":139.0,"AST":41.0,"TO":41.0,"STL":14.0,"BLK":11.0,"STK":25.0,"PF":62.0,"Fls on:":75.0,"+\/-":21.0,"GW":27.0,"GP":3.0,"W":2.0,"L":1.0,"FG%":40.0,"2P%":44.7368421053,"3P%":33.3333333333,"FT%":55.421686747},"SSCR":{"MINS":600.0,"FGM":93.0,"FGA":251.0,"2PM":72.0,"2PA":136.0,"3PM":21.0,"3PA":115.0,"FTM":54.0,"FTA":74.0,"PTS":261.0,"OFF":51.0,"DEF":69.0,"REB":120.0,"AST":48.0,"TO":26.0,"STL":27.0,"BLK":4.0,"STK":31.0,"PF":85.0,"Fls on:":71.0,"+\/-":-1.0,"GW":26.0,"GP":3.0,"W":2.0,"L":1.0,"FG%":37.0517928287,"2P%":52.9411764706,"3P%":18.2608695652,"FT%":72.972972973},"UPHSD":{"MINS":400.0,"FGM":53.0,"FGA":133.0,"2PM":38.0,"2PA":84.0,"3PM":15.0,"3PA":49.0,"FTM":30.0,"FTA":46.0,"PTS":151.0,"OFF":33.0,"DEF":50.0,"REB":83.0,"AST":34.0,"TO":32.0,"STL":15.0,"BLK":7.0,"STK":22.0,"PF":44.0,"Fls on:":35.0,"+\/-":18.0,"GW":25.0,"GP":2.0,"W":2.0,"L":0.0,"FG%":39.8496240602,"2P%":45.2380952381,"3P%":30.612244898,"FT%":65.2173913043},"League":{"MINS":530.0,"FGM":69.8,"FGA":180.9,"2PM":52.1,"2PA":112.5,"3PM":17.7,"3PA":68.4,"FTM":40.9,"FTA":64.5,"PTS":198.2,"OFF":33.9,"DEF":70.8,"REB":104.7,"AST":41.1,"TO":34.9,"STL":19.1,"BLK":8.7,"STK":27.8,"PF":59.1,"Fls on:":58.5,"+\/-":0.0,"GW":17.0,"GP":2.6,"W":1.3,"L":1.3,"FG%":38.5848535102,"2P%":46.3111111111,"3P%":25.8771929825,"FT%":63.4108527132}}