{"CSB":{"OFF":74.0817045627,"DEF":60.9116237516,"NET":13.1700808112,"PACE":75.9296783626,"hAST%":13.818941162,"hTO%":13.5118535806,"TOR":19.316118523,"AR":19.7551212167,"STL%":10.9750673426,"BLK%":11.0236220472,"EFG%":45.0471698113,"TS%":47.5405679513,"PPWS":0.950811359,"REB%":56.2753036437,"OREB%":40.350877193,"DREB%":69.9248120301,"FTR":0.2641509434,"FFI":34.8803371448,"Py-W":2.8745703234,"Py-L":0.1254296766,"PPR":-2.3027541257,"HHI":0.1248197531},"UPHSD":{"OFF":76.1029974889,"DEF":67.0311169935,"NET":9.0718804954,"PACE":74.4057420449,"hAST%":15.5081189564,"hTO%":14.5958766648,"TOR":21.5037167298,"AR":22.8476990254,"STL%":10.0798672171,"BLK%":7.7777777778,"EFG%":45.4887218045,"TS%":49.2691203341,"PPWS":0.9853824067,"REB%":54.6052631579,"OREB%":40.7407407407,"DREB%":70.4225352113,"FTR":0.3458646617,"FFI":36.9075359772,"Py-W":1.7680050176,"Py-L":0.2319949824,"PPR":-2.4478310761,"HHI":0.1373185387},"SBU":{"OFF":75.5671178916,"DEF":68.6373821897,"NET":6.9297357018,"PACE":75.76046513,"hAST%":13.0773156417,"hTO%":13.0773156417,"TOR":18.0393119858,"AR":18.0393119858,"STL%":6.1597650683,"BLK%":9.9099099099,"EFG%":46.9230769231,"TS%":49.4557705598,"PPWS":0.9891154112,"REB%":53.2567049808,"OREB%":35.0,"DREB%":68.7943262411,"FTR":0.4256410256,"FFI":36.6636741503,"Py-W":2.4699329527,"Py-L":0.5300670473,"PPR":-2.252947457,"HHI":0.1543639519},"CSJL":{"OFF":79.0398261868,"DEF":78.5265805622,"NET":0.5132456246,"PACE":73.0644319277,"hAST%":15.1944894652,"hTO%":16.7139384117,"TOR":22.5828074819,"AR":20.5298249836,"STL%":8.2119299934,"BLK%":10.2040816327,"EFG%":51.7857142857,"TS%":57.2746206486,"PPWS":1.145492413,"REB%":51.1278195489,"OREB%":34.0,"DREB%":61.4457831325,"FTR":0.4553571429,"FFI":39.9903447276,"Py-W":1.0520703118,"Py-L":0.9479296882,"PPR":-3.4720699005,"HHI":0.1210996795},"League":{"OFF":73.2139138007,"DEF":73.2139138007,"NET":0.0,"PACE":78.0568661216,"hAST%":14.4068984857,"hTO%":12.2335950645,"TOR":17.1891395334,"AR":20.2427975594,"STL%":9.407236822,"BLK%":7.7333333333,"EFG%":43.4770591487,"TS%":47.3528287462,"PPWS":0.9470565749,"REB%":50.0,"OREB%":32.3782234957,"DREB%":67.6217765043,"FTR":0.3565505804,"FFI":33.5120119484,"Py-W":1.3,"Py-L":1.3,"PPR":-1.4150943396,"HHI":0.0116404221},"SSCR":{"OFF":80.0422433213,"DEF":80.348918583,"NET":-0.3066752618,"PACE":81.5194543438,"hAST%":13.4243203938,"hTO%":7.27150688,"TOR":10.6314090746,"AR":19.6272167531,"STL%":11.0403094236,"BLK%":3.738317757,"EFG%":41.235059761,"TS%":46.0220059247,"PPWS":0.9204401185,"REB%":50.2092050209,"OREB%":37.2262773723,"DREB%":67.6470588235,"FTR":0.2948207171,"FFI":31.0194424045,"Py-W":1.4541251535,"Py-L":1.5458748465,"PPR":0.957524394,"HHI":0.151656611},"AU":{"OFF":64.9633551958,"DEF":68.9407034731,"NET":-3.9773482773,"PACE":84.8555309895,"hAST%":11.6633769962,"hTO%":11.2147855733,"TOR":14.7309195455,"AR":15.3201563274,"STL%":12.3739724182,"BLK%":1.0752688172,"EFG%":41.8300653595,"TS%":42.7524429967,"PPWS":0.8550488599,"REB%":51.0989010989,"OREB%":26.9662921348,"DREB%":74.1935483871,"FTR":0.2810457516,"FFI":30.0237007317,"Py-W":0.5574580894,"Py-L":1.4425419106,"PPR":-1.659390528,"HHI":0.1057429775},"LPU":{"OFF":79.0797845003,"DEF":83.1431726367,"NET":-4.0633881364,"PACE":79.9825143678,"hAST%":16.0676029517,"hTO%":11.0092835039,"TOR":15.4200370304,"AR":22.5049189092,"STL%":8.3351551515,"BLK%":3.1746031746,"EFG%":47.6076555024,"TS%":51.6157989228,"PPWS":1.0323159785,"REB%":42.6778242678,"OREB%":25.2032520325,"DREB%":61.2068965517,"FTR":0.3923444976,"FFI":33.8238893292,"Py-W":0.9289801203,"Py-L":2.0710198797,"PPR":-0.1626540224,"HHI":0.1468387258},"MU":{"OFF":63.5846549627,"DEF":68.3297784674,"NET":-4.7451235047,"PACE":79.0285014985,"hAST%":14.6762062007,"hTO%":12.8416804256,"TOR":17.7151277508,"AR":20.2458602866,"STL%":12.0209795452,"BLK%":4.2105263158,"EFG%":38.9285714286,"TS%":42.3943305492,"PPWS":0.847886611,"REB%":50.5952380952,"OREB%":30.7692307692,"DREB%":74.025974026,"FTR":0.2928571429,"FFI":30.5469138058,"Py-W":0.4804026781,"Py-L":1.5195973219,"PPR":-1.6461754228,"HHI":0.1234127868},"EAC":{"OFF":63.0199951664,"DEF":68.4736485943,"NET":-5.4536534279,"PACE":82.5134941103,"hAST%":15.1479841529,"hTO%":11.3609881147,"TOR":15.7549987916,"AR":21.0066650555,"STL%":6.8675635758,"BLK%":11.8421052632,"EFG%":36.6822429907,"TS%":41.2240367845,"PPWS":0.8244807357,"REB%":42.5925925926,"OREB%":20.8955223881,"DREB%":63.9705882353,"FTR":0.4065420561,"FFI":28.8888822129,"Py-W":0.62849563,"Py-L":2.37150437,"PPR":-0.6558857768,"HHI":0.111316568},"JRU":{"OFF":74.8209245102,"DEF":84.6836827411,"NET":-9.8627582309,"PACE":73.5088484405,"hAST%":15.3566503698,"hTO%":13.78964523,"TOR":19.9522465361,"AR":22.2195472788,"STL%":9.5226631195,"BLK%":11.1111111111,"EFG%":42.6315789474,"TS%":48.6553432413,"PPWS":0.9731068648,"REB%":50.7389162562,"OREB%":36.1111111111,"DREB%":67.3684210526,"FTR":0.4315789474,"FFI":35.7365996457,"Py-W":0.3635711361,"Py-L":2.6364288639,"PPR":-2.0057550927,"HHI":0.115661157}}