{"AU":{"POS":169.711061979,"PACE":84.8555309895},"CSB":{"POS":227.7890350877,"PACE":75.9296783626},"CSJL":{"POS":146.1288638554,"PACE":73.0644319277},"EAC":{"POS":247.540482331,"PACE":82.5134941103},"JRU":{"POS":220.5265453216,"PACE":73.5088484405},"LPU":{"POS":239.9475431034,"PACE":79.9825143678},"MU":{"POS":158.057002997,"PACE":79.0285014985},"SBU":{"POS":227.2813953901,"PACE":75.76046513},"SSCR":{"POS":244.5583630313,"PACE":81.5194543438},"UPHSD":{"POS":148.8114840897,"PACE":74.4057420449},"League":{"POS":203.0351777186,"PACE":78.0568661216}}