{"CSB":{"2PM":18.1666666667,"2PA":42.5,"3PM":5.6666666667,"3PA":28.8333333333,"FTM":10.8333333333,"FTA":19.3333333333,"OFF":11.6666666667,"DEF":21.0,"AST":11.5,"TO":11.8333333333,"STL":7.1666666667,"BLK":3.1666666667,"PF":19.0,"Fls on:":19.3333333333,"+\/-":-15.0,"GW":14.0,"GP":6.0,"MINS":200.0,"FGM":23.8333333333,"FGA":71.3333333333,"FG%":33.4112149533,"2P%":42.7450980392,"3P%":19.6531791908,"FT%":56.0344827586,"PTS":64.1666666667,"REB":32.6666666667,"STK":10.3333333333},"SBU":{"2PM":15.8333333333,"2PA":38.6666666667,"3PM":8.1666666667,"3PA":33.1666666667,"FTM":11.8333333333,"FTA":18.3333333333,"OFF":11.8333333333,"DEF":24.8333333333,"AST":14.3333333333,"TO":9.3333333333,"STL":6.5,"BLK":2.6666666667,"PF":22.8333333333,"Fls on:":19.3333333333,"+\/-":-3.8333333333,"GW":38.0,"GP":6.0,"MINS":200.0,"FGM":24.0,"FGA":71.8333333333,"FG%":33.4106728538,"2P%":40.9482758621,"3P%":24.6231155779,"FT%":64.5454545455,"PTS":68.0,"REB":36.6666666667,"STK":9.1666666667},"MU":{"2PM":17.0,"2PA":40.5,"3PM":6.8333333333,"3PA":22.5,"FTM":18.6666666667,"FTA":27.1666666667,"OFF":8.8333333333,"DEF":27.1666666667,"AST":14.6666666667,"TO":13.3333333333,"STL":7.0,"BLK":2.6666666667,"PF":19.1666666667,"Fls on:":23.1666666667,"+\/-":-2.5,"GW":23.0,"GP":6.0,"MINS":200.0,"FGM":23.8333333333,"FGA":63.0,"FG%":37.8306878307,"2P%":41.975308642,"3P%":30.3703703704,"FT%":68.7116564417,"PTS":73.1666666667,"REB":36.0,"STK":9.6666666667},"CSJL":{"2PM":20.7142857143,"2PA":49.0,"3PM":6.7142857143,"3PA":28.0,"FTM":13.2857142857,"FTA":20.8571428571,"OFF":14.7142857143,"DEF":23.2857142857,"AST":16.1428571429,"TO":11.1428571429,"STL":8.8571428571,"BLK":3.1428571429,"PF":20.2857142857,"Fls on:":20.4285714286,"+\/-":-0.8571428571,"GW":25.0,"GP":7.0,"MINS":200.0,"FGM":27.4285714286,"FGA":77.0,"FG%":35.6215213358,"2P%":42.2740524781,"3P%":23.9795918367,"FT%":63.698630137,"PTS":74.8571428571,"REB":38.0,"STK":12.0},"League":{"2PM":20.0625,"2PA":43.421875,"3PM":6.796875,"3PA":26.265625,"FTM":15.265625,"FTA":23.4375,"OFF":11.921875,"DEF":27.46875,"AST":15.734375,"TO":13.296875,"STL":7.5,"BLK":3.25,"PF":21.40625,"Fls on:":21.09375,"+\/-":0.0,"GW":41.9,"GP":6.4,"MINS":200.0,"FGM":26.859375,"FGA":69.6875,"FG%":38.5426008969,"2P%":46.203670385,"3P%":25.8774538965,"FT%":65.1333333333,"PTS":75.78125,"REB":39.390625,"STK":10.75},"AU":{"2PM":20.0,"2PA":44.5714285714,"3PM":8.0,"3PA":26.1428571429,"FTM":17.0,"FTA":24.2857142857,"OFF":10.1428571429,"DEF":30.5714285714,"AST":17.5714285714,"TO":15.4285714286,"STL":7.1428571429,"BLK":4.2857142857,"PF":23.0,"Fls on:":19.8571428571,"+\/-":1.0,"GW":66.0,"GP":7.0,"MINS":200.0,"FGM":28.0,"FGA":70.7142857143,"FG%":39.595959596,"2P%":44.8717948718,"3P%":30.6010928962,"FT%":70.0,"PTS":81.0,"REB":40.7142857143,"STK":11.4285714286},"UPHSD":{"2PM":18.4285714286,"2PA":41.8571428571,"3PM":7.0,"3PA":30.1428571429,"FTM":11.1428571429,"FTA":18.8571428571,"OFF":13.7142857143,"DEF":28.5714285714,"AST":14.1428571429,"TO":13.1428571429,"STL":9.1428571429,"BLK":2.5714285714,"PF":19.1428571429,"Fls on:":17.1428571429,"+\/-":1.4285714286,"GW":38.0,"GP":7.0,"MINS":200.0,"FGM":25.4285714286,"FGA":72.0,"FG%":35.3174603175,"2P%":44.0273037543,"3P%":23.2227488152,"FT%":59.0909090909,"PTS":69.0,"REB":42.2857142857,"STK":11.7142857143},"EAC":{"2PM":19.0,"2PA":43.1666666667,"3PM":6.0,"3PA":25.0,"FTM":15.5,"FTA":25.8333333333,"OFF":14.0,"DEF":32.5,"AST":15.6666666667,"TO":15.5,"STL":6.8333333333,"BLK":3.6666666667,"PF":22.8333333333,"Fls on:":22.8333333333,"+\/-":2.1666666667,"GW":53.0,"GP":6.0,"MINS":200.0,"FGM":25.0,"FGA":68.1666666667,"FG%":36.6748166259,"2P%":44.0154440154,"3P%":24.0,"FT%":60.0,"PTS":71.5,"REB":46.5,"STK":10.5},"LPU":{"2PM":25.3333333333,"2PA":45.0,"3PM":7.1666666667,"3PA":25.8333333333,"FTM":17.1666666667,"FTA":25.6666666667,"OFF":13.3333333333,"DEF":30.0,"AST":19.0,"TO":13.6666666667,"STL":6.6666666667,"BLK":3.1666666667,"PF":22.1666666667,"Fls on:":22.1666666667,"+\/-":3.1666666667,"GW":43.0,"GP":6.0,"MINS":200.0,"FGM":32.5,"FGA":70.8333333333,"FG%":45.8823529412,"2P%":56.2962962963,"3P%":27.7419354839,"FT%":66.8831168831,"PTS":89.3333333333,"REB":43.3333333333,"STK":9.8333333333},"JRU":{"2PM":23.5,"2PA":45.8333333333,"3PM":6.1666666667,"3PA":20.0,"FTM":16.0,"FTA":22.6666666667,"OFF":10.6666666667,"DEF":24.3333333333,"AST":14.3333333333,"TO":13.5,"STL":9.1666666667,"BLK":3.8333333333,"PF":24.8333333333,"Fls on:":20.0,"+\/-":4.5,"GW":56.0,"GP":6.0,"MINS":200.0,"FGM":29.6666666667,"FGA":65.8333333333,"FG%":45.0632911392,"2P%":51.2727272727,"3P%":30.8333333333,"FT%":70.5882352941,"PTS":81.5,"REB":35.0,"STK":13.0},"SSCR":{"2PM":22.4285714286,"2PA":42.4285714286,"3PM":6.1428571429,"3PA":22.7142857143,"FTM":21.0,"FTA":31.1428571429,"OFF":10.1428571429,"DEF":31.7142857143,"AST":19.2857142857,"TO":15.7142857143,"STL":6.2857142857,"BLK":3.2857142857,"PF":21.1428571429,"Fls on:":26.7142857143,"+\/-":8.2857142857,"GW":63.0,"GP":7.0,"MINS":200.0,"FGM":28.5714285714,"FGA":65.1428571429,"FG%":43.8596491228,"2P%":52.861952862,"3P%":27.0440251572,"FT%":67.4311926606,"PTS":84.2857142857,"REB":41.8571428571,"STK":9.5714285714}}