{"CSB":{"MINS":204.1666666667,"FGM":30.6666666667,"FGA":70.6666666667,"2PM":24.1666666667,"2PA":45.0,"3PM":6.5,"3PA":25.6666666667,"FTM":11.3333333333,"FTA":18.5,"PTS":79.1666666667,"OFF":14.1666666667,"DEF":32.1666666667,"REB":46.3333333333,"AST":15.6666666667,"TO":14.5,"STL":7.3333333333,"BLK":3.6666666667,"STK":11.0,"PF":19.3333333333,"Fls on:":18.6666666667,"+\/-":15.0,"GW":70.0,"GP":6.0,"W":5.0,"L":1.0,"FG%":43.3962264151,"2P%":53.7037037037,"3P%":25.3246753247,"FT%":61.2612612613,"W%":0.8333333333},"CSJL":{"MINS":210.7142857143,"FGM":26.2857142857,"FGA":65.2857142857,"2PM":19.2857142857,"2PA":38.1428571429,"3PM":7.0,"3PA":27.1428571429,"FTM":16.1428571429,"FTA":20.7142857143,"PTS":75.7142857143,"OFF":10.5714285714,"DEF":28.4285714286,"REB":39.0,"AST":15.0,"TO":16.1428571429,"STL":6.4285714286,"BLK":5.1428571429,"STK":11.5714285714,"PF":21.0,"Fls on:":19.7142857143,"+\/-":0.8571428571,"GW":66.0,"GP":7.0,"W":5.0,"L":2.0,"FG%":40.2625820569,"2P%":50.5617977528,"3P%":25.7894736842,"FT%":77.9310344828,"W%":0.7142857143},"MU":{"MINS":200.0,"FGM":26.3333333333,"FGA":67.0,"2PM":18.0,"2PA":36.8333333333,"3PM":8.3333333333,"3PA":30.1666666667,"FTM":14.6666666667,"FTA":22.6666666667,"PTS":75.6666666667,"OFF":12.1666666667,"DEF":27.0,"REB":39.1666666667,"AST":16.5,"TO":12.0,"STL":7.8333333333,"BLK":2.1666666667,"STK":10.0,"PF":23.6666666667,"Fls on:":18.8333333333,"+\/-":2.5,"GW":47.0,"GP":6.0,"W":4.0,"L":2.0,"FG%":39.3034825871,"2P%":48.8687782805,"3P%":27.6243093923,"FT%":64.7058823529,"W%":0.6666666667},"UPHSD":{"MINS":210.7142857143,"FGM":25.0,"FGA":70.8571428571,"2PM":19.1428571429,"2PA":45.4285714286,"3PM":5.8571428571,"3PA":25.4285714286,"FTM":11.7142857143,"FTA":19.4285714286,"PTS":67.5714285714,"OFF":12.5714285714,"DEF":30.2857142857,"REB":42.8571428571,"AST":17.1428571429,"TO":14.4285714286,"STL":7.7142857143,"BLK":3.8571428571,"STK":11.5714285714,"PF":17.2857142857,"Fls on:":18.8571428571,"+\/-":-1.4285714286,"GW":48.0,"GP":7.0,"W":4.0,"L":3.0,"FG%":35.2822580645,"2P%":42.1383647799,"3P%":23.0337078652,"FT%":60.2941176471,"W%":0.5714285714},"LPU":{"MINS":204.1666666667,"FGM":30.3333333333,"FGA":70.1666666667,"2PM":21.8333333333,"2PA":41.8333333333,"3PM":8.5,"3PA":28.3333333333,"FTM":17.0,"FTA":25.5,"PTS":86.1666666667,"OFF":8.5,"DEF":25.6666666667,"REB":34.1666666667,"AST":17.6666666667,"TO":12.1666666667,"STL":6.6666666667,"BLK":1.6666666667,"STK":8.3333333333,"PF":22.3333333333,"Fls on:":22.0,"+\/-":-3.1666666667,"GW":37.0,"GP":6.0,"W":3.0,"L":3.0,"FG%":43.2304038005,"2P%":52.1912350598,"3P%":30.0,"FT%":66.6666666667,"W%":0.5},"SBU":{"MINS":204.1666666667,"FGM":24.6666666667,"FGA":62.6666666667,"2PM":16.5,"2PA":37.3333333333,"3PM":8.1666666667,"3PA":25.3333333333,"FTM":14.3333333333,"FTA":25.0,"PTS":71.8333333333,"OFF":12.3333333333,"DEF":31.5,"REB":43.8333333333,"AST":12.8333333333,"TO":13.3333333333,"STL":4.6666666667,"BLK":2.8333333333,"STK":7.5,"PF":19.3333333333,"Fls on:":22.8333333333,"+\/-":3.8333333333,"GW":42.0,"GP":6.0,"W":3.0,"L":3.0,"FG%":39.3617021277,"2P%":44.1964285714,"3P%":32.2368421053,"FT%":57.3333333333,"W%":0.5},"League":{"MINS":204.6875,"FGM":26.859375,"FGA":69.6875,"2PM":20.0625,"2PA":43.421875,"3PM":6.796875,"3PA":26.265625,"FTM":15.265625,"FTA":23.4375,"PTS":75.78125,"OFF":11.921875,"DEF":27.46875,"REB":39.390625,"AST":15.734375,"TO":13.296875,"STL":7.5,"BLK":3.25,"STK":10.75,"PF":21.40625,"Fls on:":21.09375,"+\/-":0.0,"GW":41.9,"GP":6.4,"W":3.2,"L":3.2,"FG%":38.5426008969,"2P%":46.203670385,"3P%":25.8774538965,"FT%":65.1333333333,"W%":0.5},"EAC":{"MINS":204.1666666667,"FGM":23.1666666667,"FGA":72.6666666667,"2PM":15.8333333333,"2PA":43.6666666667,"3PM":7.3333333333,"3PA":29.0,"FTM":15.6666666667,"FTA":26.6666666667,"PTS":69.3333333333,"OFF":12.0,"DEF":26.0,"REB":38.0,"AST":17.1666666667,"TO":11.6666666667,"STL":7.8333333333,"BLK":4.0,"STK":11.8333333333,"PF":23.1666666667,"Fls on:":22.5,"+\/-":-2.1666666667,"GW":27.0,"GP":6.0,"W":2.0,"L":4.0,"FG%":31.880733945,"2P%":36.2595419847,"3P%":25.2873563218,"FT%":58.75,"W%":0.3333333333},"JRU":{"MINS":200.0,"FGM":25.3333333333,"FGA":66.8333333333,"2PM":19.1666666667,"2PA":45.5,"3PM":6.1666666667,"3PA":21.3333333333,"FTM":20.1666666667,"FTA":29.1666666667,"PTS":77.0,"OFF":12.5,"DEF":22.5,"REB":35.0,"AST":17.0,"TO":14.3333333333,"STL":7.1666666667,"BLK":5.0,"STK":12.1666666667,"PF":20.3333333333,"Fls on:":24.6666666667,"+\/-":-4.5,"GW":29.0,"GP":6.0,"W":2.0,"L":4.0,"FG%":37.9052369077,"2P%":42.1245421245,"3P%":28.90625,"FT%":69.1428571429,"W%":0.3333333333},"AU":{"MINS":207.1428571429,"FGM":31.0,"FGA":74.2857142857,"2PM":26.8571428571,"2PA":56.1428571429,"3PM":4.1428571429,"3PA":18.1428571429,"FTM":13.8571428571,"FTA":23.8571428571,"PTS":80.0,"OFF":11.1428571429,"DEF":28.0,"REB":39.1428571429,"AST":15.2857142857,"TO":12.7142857143,"STL":9.8571428571,"BLK":2.8571428571,"STK":12.7142857143,"PF":20.4285714286,"Fls on:":22.2857142857,"+\/-":-1.0,"GW":27.0,"GP":7.0,"W":2.0,"L":5.0,"FG%":41.7307692308,"2P%":47.8371501272,"3P%":22.8346456693,"FT%":58.0838323353,"W%":0.2857142857},"SSCR":{"MINS":200.0,"FGM":25.7142857143,"FGA":75.2857142857,"2PM":19.1428571429,"2PA":42.8571428571,"3PM":6.5714285714,"3PA":32.4285714286,"FTM":18.0,"FTA":23.8571428571,"PTS":76.0,"OFF":13.2857142857,"DEF":23.1428571429,"REB":36.4285714286,"AST":13.4285714286,"TO":11.4285714286,"STL":9.0,"BLK":1.2857142857,"STK":10.2857142857,"PF":27.1428571429,"Fls on:":21.0,"+\/-":-8.2857142857,"GW":26.0,"GP":7.0,"W":2.0,"L":5.0,"FG%":34.155597723,"2P%":44.6666666667,"3P%":20.2643171806,"FT%":75.4491017964,"W%":0.2857142857}}