{"AU":{"2PM":20.5454545455,"2PA":46.0909090909,"3PM":7.7272727273,"3PA":24.8181818182,"FTM":17.0,"FTA":25.2727272727,"OFF":12.3636363636,"DEF":30.4545454545,"AST":18.1818181818,"TO":15.4545454545,"STL":7.6363636364,"BLK":3.9090909091,"PF":23.7272727273,"Fls on:":20.2727272727,"+\/-":4.3636363636,"GP":11,"MINS":200.0,"FGM":28.2727272727,"FGA":70.9090909091,"FG%":39.8717948718,"2P%":44.5759368836,"3P%":31.1355311355,"FT%":67.2661870504,"PTS":81.2727272727,"REB":42.8181818182,"STK":11.5454545455},"CSB":{"2PM":20.9090909091,"2PA":46.0909090909,"3PM":5.8181818182,"3PA":27.0,"FTM":11.9090909091,"FTA":20.1818181818,"OFF":12.6363636364,"DEF":20.5454545455,"AST":12.1818181818,"TO":11.8181818182,"STL":9.5454545455,"BLK":3.1818181818,"PF":20.1818181818,"Fls on:":18.9090909091,"+\/-":-12.1818181818,"GP":11,"MINS":200.0,"FGM":26.7272727273,"FGA":73.0909090909,"FG%":36.5671641791,"2P%":45.3648915187,"3P%":21.5488215488,"FT%":59.009009009,"PTS":71.1818181818,"REB":33.1818181818,"STK":12.7272727273},"CSJL":{"2PM":20.1818181818,"2PA":46.9090909091,"3PM":6.9090909091,"3PA":28.4545454545,"FTM":13.2727272727,"FTA":20.0909090909,"OFF":14.0909090909,"DEF":25.2727272727,"AST":16.3636363636,"TO":10.1818181818,"STL":8.4545454545,"BLK":2.9090909091,"PF":18.7272727273,"Fls on:":19.6363636364,"+\/-":1.5454545455,"GP":11,"MINS":200.0,"FGM":27.0909090909,"FGA":75.3636363636,"FG%":35.9469240048,"2P%":43.023255814,"3P%":24.2811501597,"FT%":66.0633484163,"PTS":74.3636363636,"REB":39.3636363636,"STK":11.3636363636},"EAC":{"2PM":18.2727272727,"2PA":43.6363636364,"3PM":7.2727272727,"3PA":26.3636363636,"FTM":17.0909090909,"FTA":26.5454545455,"OFF":14.3636363636,"DEF":29.7272727273,"AST":16.6363636364,"TO":14.7272727273,"STL":7.6363636364,"BLK":3.3636363636,"PF":22.0,"Fls on:":21.9090909091,"+\/-":0.6363636364,"GP":11,"MINS":200.0,"FGM":25.5454545455,"FGA":70.0,"FG%":36.4935064935,"2P%":41.875,"3P%":27.5862068966,"FT%":64.3835616438,"PTS":75.4545454545,"REB":44.0909090909,"STK":11.0},"JRU":{"2PM":24.0,"2PA":45.9090909091,"3PM":6.1818181818,"3PA":23.3636363636,"FTM":14.0,"FTA":21.5454545455,"OFF":11.6363636364,"DEF":24.1818181818,"AST":13.5454545455,"TO":13.7272727273,"STL":8.5454545455,"BLK":3.6363636364,"PF":23.4545454545,"Fls on:":20.2727272727,"+\/-":3.9272727273,"GP":11,"MINS":200.0,"FGM":30.1818181818,"FGA":69.2727272727,"FG%":43.5695538058,"2P%":52.2772277228,"3P%":26.4591439689,"FT%":64.9789029536,"PTS":80.5454545455,"REB":35.8181818182,"STK":12.1818181818},"LPU":{"2PM":22.1818181818,"2PA":41.4545454545,"3PM":7.8181818182,"3PA":26.3636363636,"FTM":13.6363636364,"FTA":21.8181818182,"OFF":12.1818181818,"DEF":29.8181818182,"AST":17.5454545455,"TO":14.4545454545,"STL":6.2727272727,"BLK":3.5454545455,"PF":21.0,"Fls on:":19.5454545455,"+\/-":0.5454545455,"GP":11,"MINS":200.0,"FGM":30.0,"FGA":67.8181818182,"FG%":44.235924933,"2P%":53.5087719298,"3P%":29.6551724138,"FT%":62.5,"PTS":81.4545454545,"REB":42.0,"STK":9.8181818182},"MU":{"2PM":18.5454545455,"2PA":43.6363636364,"3PM":6.1818181818,"3PA":21.9090909091,"FTM":18.6363636364,"FTA":28.1818181818,"OFF":9.8181818182,"DEF":25.1818181818,"AST":15.0,"TO":12.2727272727,"STL":7.4545454545,"BLK":2.5454545455,"PF":20.5454545455,"Fls on:":23.2727272727,"+\/-":-2.5454545455,"GP":11,"MINS":200.0,"FGM":24.7272727273,"FGA":65.5454545455,"FG%":37.7253814147,"2P%":42.5,"3P%":28.2157676349,"FT%":66.1290322581,"PTS":74.2727272727,"REB":35.0,"STK":10.0},"SBU":{"2PM":16.0909090909,"2PA":38.4545454545,"3PM":7.5454545455,"3PA":30.4545454545,"FTM":11.7272727273,"FTA":17.2727272727,"OFF":10.5454545455,"DEF":25.7272727273,"AST":13.9090909091,"TO":9.1818181818,"STL":6.0,"BLK":2.6363636364,"PF":19.6363636364,"Fls on:":18.0,"+\/-":-4.0909090909,"GP":11,"MINS":200.0,"FGM":23.6363636364,"FGA":68.9090909091,"FG%":34.3007915567,"2P%":41.8439716312,"3P%":24.776119403,"FT%":67.8947368421,"PTS":66.5454545455,"REB":36.2727272727,"STK":8.6363636364},"SSCR":{"2PM":23.6363636364,"2PA":42.9090909091,"3PM":6.7272727273,"3PA":22.5454545455,"FTM":19.7272727273,"FTA":30.6363636364,"OFF":10.7272727273,"DEF":31.9090909091,"AST":21.8181818182,"TO":17.7272727273,"STL":6.0909090909,"BLK":3.5454545455,"PF":20.4545454545,"Fls on:":25.0909090909,"+\/-":6.7818181818,"GP":11,"MINS":200.0,"FGM":30.3636363636,"FGA":65.4545454545,"FG%":46.3888888889,"2P%":55.0847457627,"3P%":29.8387096774,"FT%":64.3916913947,"PTS":87.1818181818,"REB":42.6363636364,"STK":9.6363636364},"UPHSD":{"2PM":16.4545454545,"2PA":38.7272727273,"3PM":7.8181818182,"3PA":30.5454545455,"FTM":11.7272727273,"FTA":18.9090909091,"OFF":12.9090909091,"DEF":26.4545454545,"AST":14.5454545455,"TO":13.2727272727,"STL":8.4545454545,"BLK":2.3636363636,"PF":18.1818181818,"Fls on:":18.0909090909,"+\/-":1.0,"GP":11,"MINS":200.0,"FGM":24.2727272727,"FGA":69.2727272727,"FG%":35.0393700787,"2P%":42.4882629108,"3P%":25.5952380952,"FT%":62.0192307692,"PTS":68.0909090909,"REB":39.3636363636,"STK":10.8181818182},"League":{"2PM":20.0818181818,"2PA":43.3818181818,"3PM":7.0,"3PA":26.1818181818,"FTM":14.8727272727,"FTA":23.0454545455,"OFF":12.1272727273,"DEF":26.9272727273,"AST":15.9727272727,"TO":13.2818181818,"STL":7.6090909091,"BLK":3.1636363636,"PF":20.7909090909,"Fls on:":20.5,"+\/-":-0.0018181818,"GP":11,"MINS":200.0,"FGM":27.0818181818,"FGA":69.5636363636,"FG%":38.9309984318,"2P%":46.2908633697,"3P%":26.7361111111,"FT%":64.5364891519,"PTS":76.0363636364,"REB":39.0545454545,"STK":10.7727272727}}