{"CSB":{"OFF":78.7150420752,"DEF":67.4172921338,"NET":11.2977499414,"PACE":78.1299207606,"AST":16.0710394421,"TO":13.9600130747,"EFG%":49.8331479422,"OREB%":39.1304347826,"DREB%":72.0848056537,"FTR":0.3248053393,"FFI":36.1214294911,"Py-W":11.6498942653,"Py-L":1.3501057347,"HHI":0.0958537641},"SBU":{"OFF":73.2978383462,"DEF":68.8486897223,"NET":4.4491486239,"PACE":71.040878894,"AST":13.864843452,"TO":12.1042284105,"EFG%":45.4648526077,"OREB%":30.8,"DREB%":72.5806451613,"FTR":0.3276643991,"FFI":32.2869641321,"Py-W":9.8694779059,"Py-L":4.1305220941,"HHI":0.1142589206},"MU":{"OFF":74.4756038824,"DEF":71.6598910702,"NET":2.8157128122,"PACE":76.1035405877,"AST":14.9462991376,"TO":12.5654727263,"EFG%":45.1092611863,"OREB%":34.7663551402,"DREB%":75.5600814664,"FTR":0.319458897,"FFI":32.9302271389,"Py-W":8.8326567767,"Py-L":5.1673432233,"HHI":0.1314085499},"League":{"OFF":73.1844781162,"DEF":73.1844781162,"NET":0.0,"PACE":78.1904013657,"AST":15.0014186052,"TO":12.2371271521,"EFG%":44.3325331385,"OREB%":30.5836139169,"DREB%":69.4163860831,"FTR":0.3309675399,"FFI":31.8735309257,"Py-W":6.9,"Py-L":6.9,"HHI":0.0089863878},"EAC":{"OFF":70.9866909868,"DEF":71.2737959049,"NET":-0.287104918,"PACE":80.3780138424,"AST":15.6023026847,"TO":11.4327217948,"EFG%":42.4307036247,"OREB%":28.6231884058,"DREB%":65.5555555556,"FTR":0.3560767591,"FFI":30.8962509657,"Py-W":6.317575421,"Py-L":6.682424579,"HHI":0.1099322068},"UPHSD":{"OFF":67.2606115596,"DEF":68.4066922678,"NET":-1.1460807082,"PACE":74.7890485414,"AST":16.4119601329,"TO":13.5548172757,"EFG%":40.9967845659,"OREB%":31.9391634981,"DREB%":69.6917808219,"FTR":0.2947481243,"FFI":30.5964727099,"Py-W":6.181190446,"Py-L":7.818809554,"HHI":0.1160106201},"LPU":{"OFF":75.8994461853,"DEF":77.1116822379,"NET":-1.2122360526,"PACE":79.546034964,"AST":15.8821078942,"TO":10.6097687982,"EFG%":45.4314720812,"OREB%":24.6350364964,"DREB%":67.0411985019,"FTR":0.3329949239,"FFI":30.7469621892,"Py-W":6.2316745515,"Py-L":7.7683254485,"HHI":0.1157843022},"CSJL":{"OFF":72.6354125085,"DEF":74.4070079356,"NET":-1.771595427,"PACE":78.6216266761,"AST":14.9418479431,"TO":14.8745423218,"EFG%":46.3696369637,"OREB%":26.359832636,"DREB%":67.2849915683,"FTR":0.3344334433,"FFI":32.5549585433,"Py-W":5.8376733366,"Py-L":8.1623266634,"HHI":0.1022126869},"AU":{"OFF":70.7786443875,"DEF":73.9958554961,"NET":-3.2172111085,"PACE":81.5924075683,"AST":13.8839125761,"TO":11.1967036904,"EFG%":43.3366238894,"OREB%":28.6912751678,"DREB%":68.75,"FTR":0.3543928924,"FFI":31.1879738979,"Py-W":4.9022781278,"Py-L":9.0977218722,"HHI":0.0938761742},"SSCR":{"OFF":74.4256567602,"DEF":79.029305632,"NET":-4.6036488718,"PACE":83.7844710703,"AST":12.9287730782,"TO":10.1181702351,"EFG%":42.8896991796,"OREB%":29.552715655,"DREB%":68.6354378819,"FTR":0.2798541477,"FFI":29.7937775767,"Py-W":4.2366860497,"Py-L":9.7633139503,"HHI":0.1143467838},"JRU":{"OFF":73.4287760999,"DEF":78.0352629901,"NET":-4.6064868902,"PACE":77.9180707526,"AST":15.542649542,"TO":12.2166504631,"EFG%":42.1161825726,"OREB%":32.7619047619,"DREB%":67.0859538784,"FTR":0.3900414938,"FFI":32.3036390038,"Py-W":4.2027792861,"Py-L":9.7972207139,"HHI":0.1157980193}}