{"AU":{"POS":985.3124170792,"PACE":82.1093680899},"CSB":{"POS":935.5063365821,"PACE":77.9588613818},"CSJL":{"POS":916.1069519542,"PACE":76.3422459962},"EAC":{"POS":964.8382255853,"PACE":80.4031854654},"JRU":{"POS":931.4026143471,"PACE":77.6168845289},"LPU":{"POS":951.2430508931,"PACE":79.2702542411},"MU":{"POS":988.2432653418,"PACE":76.0187127186},"SBU":{"POS":923.491905693,"PACE":71.0378388995},"SSCR":{"POS":994.4533049064,"PACE":82.8711087422},"UPHSD":{"POS":887.8025711455,"PACE":73.9835475955},"League":{"POS":947.8400643528,"PACE":77.7612007659}}