{"AU":{"MINS":204.5454545455,"FGM":29.0,"FGA":72.2727272727,"2PM":24.6363636364,"2PA":53.3636363636,"3PM":4.3636363636,"3PA":18.9090909091,"FTM":14.5454545455,"FTA":25.5454545455,"PTS":76.9090909091,"OFF":12.0,"DEF":25.3636363636,"REB":37.3636363636,"AST":14.0909090909,"TO":12.3636363636,"STL":9.7272727273,"BLK":2.9090909091,"STK":12.6363636364,"PF":20.7272727273,"Fls on:":23.1818181818,"+\/-":-4.3636363636,"GP":11,"W":3.0,"L":8.0,"FG%":40.1257861635,"2P%":46.1669505963,"3P%":23.0769230769,"FT%":56.9395017794},"CSB":{"MINS":204.5454545455,"FGM":31.5454545455,"FGA":69.6363636364,"2PM":24.6363636364,"2PA":44.5454545455,"3PM":6.9090909091,"3PA":25.0909090909,"FTM":13.3636363636,"FTA":22.6363636364,"PTS":83.3636363636,"OFF":14.4545454545,"DEF":31.1818181818,"REB":45.6363636364,"AST":18.1818181818,"TO":16.3636363636,"STL":7.2727272727,"BLK":4.0909090909,"STK":11.3636363636,"PF":18.9090909091,"Fls on:":19.7272727273,"+\/-":12.1818181818,"GP":11,"W":9.0,"L":2.0,"FG%":45.3002610966,"2P%":55.306122449,"3P%":27.5362318841,"FT%":59.0361445783},"CSJL":{"MINS":206.8181818182,"FGM":25.8181818182,"FGA":64.3636363636,"2PM":18.8181818182,"2PA":37.3636363636,"3PM":7.0,"3PA":27.0,"FTM":14.1818181818,"FTA":18.8181818182,"PTS":72.8181818182,"OFF":9.3636363636,"DEF":28.5454545455,"REB":37.9090909091,"AST":15.8181818182,"TO":15.1818181818,"STL":5.8181818182,"BLK":4.7272727273,"STK":10.5454545455,"PF":20.0909090909,"Fls on:":18.3636363636,"+\/-":-1.5454545455,"GP":11,"W":6.0,"L":5.0,"FG%":40.1129943503,"2P%":50.3649635036,"3P%":25.9259259259,"FT%":75.3623188406},"EAC":{"MINS":202.2727272727,"FGM":26.0,"FGA":71.7272727273,"2PM":18.0,"2PA":44.0909090909,"3PM":8.0,"3PA":27.6363636364,"FTM":14.8181818182,"FTA":25.5454545455,"PTS":74.8181818182,"OFF":12.1818181818,"DEF":26.1818181818,"REB":38.3636363636,"AST":17.6363636364,"TO":13.6363636364,"STL":8.0909090909,"BLK":3.7272727273,"STK":11.8181818182,"PF":22.2727272727,"Fls on:":21.8181818182,"+\/-":-0.6727272727,"GP":11,"W":5.0,"L":6.0,"FG%":36.2484157161,"2P%":40.824742268,"3P%":28.9473684211,"FT%":58.0071174377},"JRU":{"MINS":200.0,"FGM":26.2727272727,"FGA":68.7272727273,"2PM":21.0,"2PA":48.2727272727,"3PM":5.2727272727,"3PA":20.4545454545,"FTM":18.8181818182,"FTA":27.4545454545,"PTS":76.6363636364,"OFF":13.0909090909,"DEF":23.3636363636,"REB":36.4545454545,"AST":17.2727272727,"TO":14.6363636364,"STL":7.9090909091,"BLK":4.0909090909,"STK":12.0,"PF":20.4545454545,"Fls on:":23.0909090909,"+\/-":-3.9090909091,"GP":11,"W":3.0,"L":8.0,"FG%":38.2275132275,"2P%":43.5028248588,"3P%":25.7777777778,"FT%":68.5430463576},"LPU":{"MINS":202.2727272727,"FGM":28.0909090909,"FGA":70.8181818182,"2PM":20.0,"2PA":40.9090909091,"3PM":8.0909090909,"3PA":29.9090909091,"FTM":16.6363636364,"FTA":23.3636363636,"PTS":80.9090909091,"OFF":10.2727272727,"DEF":25.6363636364,"REB":35.9090909091,"AST":17.0909090909,"TO":10.7272727273,"STL":7.7272727273,"BLK":1.6363636364,"STK":9.3636363636,"PF":19.7272727273,"Fls on:":20.8181818182,"+\/-":-0.5454545455,"GP":11,"W":6.0,"L":5.0,"FG%":39.6662387677,"2P%":48.8888888889,"3P%":27.0516717325,"FT%":71.2062256809},"MU":{"MINS":202.2727272727,"FGM":26.7272727273,"FGA":68.3636363636,"2PM":18.1818181818,"2PA":38.7272727273,"3PM":8.5454545455,"3PA":29.6363636364,"FTM":14.8181818182,"FTA":23.1818181818,"PTS":76.8181818182,"OFF":13.4545454545,"DEF":27.3636363636,"REB":40.8181818182,"AST":15.1818181818,"TO":13.3636363636,"STL":7.2727272727,"BLK":2.6363636364,"STK":9.9090909091,"PF":23.8181818182,"Fls on:":20.2727272727,"+\/-":2.5636363636,"GP":11,"W":8.0,"L":3.0,"FG%":39.0957446809,"2P%":46.9483568075,"3P%":28.8343558282,"FT%":63.9215686275},"SBU":{"MINS":204.5454545455,"FGM":24.9090909091,"FGA":64.7272727273,"2PM":16.5454545455,"2PA":37.7272727273,"3PM":8.3636363636,"3PA":27.0,"FTM":12.4545454545,"FTA":21.4545454545,"PTS":70.6363636364,"OFF":11.4545454545,"DEF":30.1818181818,"REB":41.6363636364,"AST":13.2727272727,"TO":11.7272727273,"STL":4.5454545455,"BLK":2.5454545455,"STK":7.0909090909,"PF":18.0,"Fls on:":19.5454545455,"+\/-":4.0909090909,"GP":11,"W":7.0,"L":4.0,"FG%":38.4831460674,"2P%":43.8554216867,"3P%":30.9764309764,"FT%":58.0508474576},"SSCR":{"MINS":202.2727272727,"FGM":28.0909090909,"FGA":77.4545454545,"2PM":20.9090909091,"2PA":45.8181818182,"3PM":7.1818181818,"3PA":31.6363636364,"FTM":17.0,"FTA":23.2727272727,"PTS":80.3636363636,"OFF":13.2727272727,"DEF":22.0909090909,"REB":35.3636363636,"AST":13.9090909091,"TO":10.8181818182,"STL":10.1818181818,"BLK":1.4545454545,"STK":11.6363636364,"PF":25.6363636364,"Fls on:":20.2727272727,"+\/-":-6.8181818182,"GP":11,"W":3.0,"L":8.0,"FG%":36.2676056338,"2P%":45.6349206349,"3P%":22.7011494253,"FT%":73.046875},"UPHSD":{"MINS":206.8181818182,"FGM":24.3636363636,"FGA":67.5454545455,"2PM":18.0909090909,"2PA":43.0,"3PM":6.2727272727,"3PA":24.5454545455,"FTM":12.0909090909,"FTA":19.1818181818,"PTS":67.0909090909,"OFF":11.7272727273,"DEF":29.3636363636,"REB":41.0909090909,"AST":17.2727272727,"TO":14.0,"STL":7.5454545455,"BLK":3.8181818182,"STK":11.3636363636,"PF":18.2727272727,"Fls on:":17.9090909091,"+\/-":-1.0,"GP":11,"W":5.0,"L":6.0,"FG%":36.069986541,"2P%":42.0718816068,"3P%":25.5555555556,"FT%":63.0331753555},"League":{"MINS":203.6363636364,"FGM":27.0818181818,"FGA":69.5636363636,"2PM":20.0818181818,"2PA":43.3818181818,"3PM":7.0,"3PA":26.1818181818,"FTM":14.8727272727,"FTA":23.0454545455,"PTS":76.0363636364,"OFF":12.1272727273,"DEF":26.9272727273,"REB":39.0545454545,"AST":15.9727272727,"TO":13.2818181818,"STL":7.6090909091,"BLK":3.1636363636,"STK":10.7727272727,"PF":20.7909090909,"Fls on:":20.5,"+\/-":-0.0018181818,"GP":11,"W":5.5,"L":5.5,"FG%":38.9309984318,"2P%":46.2908633697,"3P%":26.7361111111,"FT%":64.5364891519}}