{"CSB":{"OFF":77.916458125,"DEF":66.9929440312,"NET":10.9235140938,"PACE":77.4868384073,"AST":15.930466699,"TO":13.8913669615,"EFG%":49.0185950413,"OREB%":38.9558232932,"DREB%":72.7574750831,"FTR":0.3130165289,"FFI":35.5666923494,"Py-W":12.4741462853,"Py-L":1.5258537147,"HHI":0.0960430004},"SBU":{"OFF":73.2978383462,"DEF":68.8486897223,"NET":4.4491486239,"PACE":71.040878894,"AST":13.864843452,"TO":12.1042284105,"EFG%":45.4648526077,"OREB%":30.8,"DREB%":72.5806451613,"FTR":0.3276643991,"FFI":32.2869641321,"Py-W":9.8694779059,"Py-L":4.1305220941,"HHI":0.1142589206},"MU":{"OFF":74.4756038824,"DEF":71.6598910702,"NET":2.8157128122,"PACE":76.1035405877,"AST":14.9462991376,"TO":12.5654727263,"EFG%":45.1092611863,"OREB%":34.7663551402,"DREB%":75.5600814664,"FTR":0.319458897,"FFI":32.9302271389,"Py-W":8.8326567767,"Py-L":5.1673432233,"HHI":0.1314085499},"EAC":{"OFF":70.8433711983,"DEF":70.4412328566,"NET":0.4021383417,"PACE":79.9298495289,"AST":15.7421289355,"TO":11.2443778111,"EFG%":42.2320550639,"OREB%":29.1181364393,"DREB%":66.2629757785,"FTR":0.3392330383,"FFI":30.6160393414,"Py-W":7.27700024,"Py-L":6.72299976,"HHI":0.1087734247},"League":{"OFF":72.9341884042,"DEF":72.9341884042,"NET":0.0,"PACE":78.0163670876,"AST":14.9970819281,"TO":12.2274959844,"EFG%":44.1603247083,"OREB%":30.5247866352,"DREB%":69.4752133648,"FTR":0.3269406393,"FFI":31.7300707955,"Py-W":7.1,"Py-L":7.1,"HHI":0.00890516},"LPU":{"OFF":75.8994461853,"DEF":77.1116822379,"NET":-1.2122360526,"PACE":79.546034964,"AST":15.8821078942,"TO":10.6097687982,"EFG%":45.4314720812,"OREB%":24.6350364964,"DREB%":67.0411985019,"FTR":0.3329949239,"FFI":30.7469621892,"Py-W":6.2316745515,"Py-L":7.7683254485,"HHI":0.1157843022},"UPHSD":{"OFF":66.8388251484,"DEF":68.2494938199,"NET":-1.4106686715,"PACE":74.4327864673,"AST":16.3492858933,"TO":13.4051616136,"EFG%":40.9136546185,"OREB%":30.9608540925,"DREB%":69.2926045016,"FTR":0.2861445783,"FFI":30.201091744,"Py-W":6.4181384342,"Py-L":8.5818615658,"HHI":0.1169778541},"CSJL":{"OFF":71.7488398697,"DEF":74.0468454171,"NET":-2.2980055474,"PACE":78.3287926357,"AST":14.7716082115,"TO":14.8978612731,"EFG%":45.5761316872,"OREB%":26.1627906977,"DREB%":67.1339563863,"FTR":0.3323045267,"FFI":32.172044034,"Py-W":5.8813687748,"Py-L":9.1186312252,"HHI":0.099694786},"AU":{"OFF":70.7786443875,"DEF":73.9958554961,"NET":-3.2172111085,"PACE":81.5924075683,"AST":13.8839125761,"TO":11.1967036904,"EFG%":43.3366238894,"OREB%":28.6912751678,"DREB%":68.75,"FTR":0.3543928924,"FFI":31.1879738979,"Py-W":4.9022781278,"Py-L":9.0977218722,"HHI":0.0938761742},"SSCR":{"OFF":74.4256567602,"DEF":79.029305632,"NET":-4.6036488718,"PACE":83.7844710703,"AST":12.9287730782,"TO":10.1181702351,"EFG%":42.8896991796,"OREB%":29.552715655,"DREB%":68.6354378819,"FTR":0.2798541477,"FFI":29.7937775767,"Py-W":4.2366860497,"Py-L":9.7633139503,"HHI":0.1143467838},"JRU":{"OFF":73.4287760999,"DEF":78.0352629901,"NET":-4.6064868902,"PACE":77.9180707526,"AST":15.542649542,"TO":12.2166504631,"EFG%":42.1161825726,"OREB%":32.7619047619,"DREB%":67.0859538784,"FTR":0.3900414938,"FFI":32.3036390038,"Py-W":4.2027792861,"Py-L":9.7972207139,"HHI":0.1157980193}}