{"AU":{"OFF":71.3225559547,"DEF":74.5956294937,"NET":-3.273073539,"PACE":82.1093680899,"AST":13.6546784062,"TO":11.1177436204,"EFG%":43.7070938215,"OREB%":28.5148514851,"DREB%":68.5267857143,"FTR":0.3489702517,"FFI":31.1997975065,"Py-W":4.1861078236,"Py-L":7.8138921764,"HHI":0.108802247},"CSB":{"OFF":79.929977036,"DEF":67.9845742492,"NET":11.9454027867,"PACE":77.9588613818,"AST":16.0507707329,"TO":14.2016035977,"EFG%":50.9047044632,"OREB%":40.1459854015,"DREB%":72.0616570328,"FTR":0.312424608,"FFI":36.6278488844,"Py-W":10.857475526,"Py-L":1.142524474,"HHI":0.095340183},"CSJL":{"OFF":71.9621217363,"DEF":74.008825995,"NET":-2.0467042587,"PACE":76.3422459962,"AST":15.2532524131,"TO":14.6883171385,"EFG%":46.0835509138,"OREB%":26.0975609756,"DREB%":66.8674698795,"FTR":0.3028720627,"FFI":31.8680927852,"Py-W":4.8443231373,"Py-L":7.1556768627,"HHI":0.1118514291},"EAC":{"OFF":71.8255124666,"DEF":71.8255124666,"NET":0.0,"PACE":80.4031854654,"AST":15.7657657658,"TO":11.4792211566,"EFG%":42.8901734104,"OREB%":28.7128712871,"DREB%":65.1731160896,"FTR":0.3583815029,"FFI":31.1441714541,"Py-W":6.0,"Py-L":6.0,"HHI":0.1099164184},"JRU":{"OFF":73.1155345186,"DEF":77.7859100715,"NET":-4.6703755529,"PACE":77.6168845289,"AST":15.4528352593,"TO":12.5414315148,"EFG%":41.7274939173,"OREB%":33.5570469799,"DREB%":67.396593674,"FTR":0.3941605839,"FFI":32.4501736007,"Py-W":3.564814653,"Py-L":8.435185347,"HHI":0.1186564847},"LPU":{"OFF":76.9519419157,"DEF":77.8192281463,"NET":-0.8672862306,"PACE":79.2702542411,"AST":15.9914712154,"TO":10.2802314956,"EFG%":45.798816568,"OREB%":24.8945147679,"DREB%":67.8414096916,"FTR":0.3313609467,"FFI":30.8389016559,"Py-W":5.5332578901,"Py-L":6.4667421099,"HHI":0.1159592515},"MU":{"OFF":75.0574302921,"DEF":72.0976327376,"NET":2.9597975545,"PACE":76.0187127186,"AST":14.7419097539,"TO":12.7478350046,"EFG%":45.342312009,"OREB%":35.4838709677,"DREB%":75.0542299349,"FTR":0.3243546577,"FFI":33.2859776136,"Py-W":8.2727758838,"Py-L":4.7272241162,"HHI":0.1312547221},"SBU":{"OFF":72.1987919861,"DEF":68.4629714784,"NET":3.7358205077,"PACE":71.0378388995,"AST":13.7541739545,"TO":12.1640960407,"EFG%":44.9569495695,"OREB%":29.6774193548,"DREB%":72.6577437859,"FTR":0.332103321,"FFI":31.9408375244,"Py-W":8.7982227781,"Py-L":4.2017772219,"HHI":0.1212583241},"SSCR":{"OFF":73.7591193454,"DEF":79.9434217854,"NET":-6.18430244,"PACE":82.8711087422,"AST":12.7269517111,"TO":9.4900391372,"EFG%":41.4973262032,"OREB%":29.3357933579,"DREB%":68.1481481481,"FTR":0.2973262032,"FFI":29.2984919853,"Py-W":2.9522312667,"Py-L":9.0477687333,"HHI":0.1337774599},"UPHSD":{"OFF":66.822289018,"DEF":68.0894626403,"NET":-1.2671736223,"PACE":73.9835475955,"AST":16.0175482894,"TO":13.0191894963,"EFG%":40.6600249066,"OREB%":30.4635761589,"DREB%":69.6787148594,"FTR":0.2727272727,"FFI":29.7024316594,"Py-W":5.2205001285,"Py-L":6.7794998715,"HHI":0.1268106271},"League":{"OFF":73.3351570736,"DEF":73.3351570736,"NET":0.0,"PACE":77.7612007659,"AST":14.9369312795,"TO":12.1518238303,"EFG%":44.3207390738,"OREB%":30.5862361937,"DREB%":69.4137638063,"FTR":0.3276086699,"FFI":31.7976288744,"Py-W":6.1,"Py-L":6.1,"HHI":0.0099386439}}