{"AU":{"2PM":140.0,"2PA":312.0,"3PM":56.0,"3PA":183.0,"FTM":119.0,"FTA":170.0,"OFF":71.0,"DEF":214.0,"AST":123.0,"TO":108.0,"STL":50.0,"BLK":30.0,"PF":161.0,"Fls on:":139.0,"+\/-":7.0,"GW":66.0,"GP":7.0,"MINS":1400.0,"FGM":196.0,"FGA":495.0,"FG%":39.595959596,"2P%":44.8717948718,"3P%":30.6010928962,"FT%":70.0,"PTS":567.0,"REB":285.0,"STK":80.0},"EAC":{"2PM":131.0,"2PA":300.0,"3PM":47.0,"3PA":184.0,"FTM":114.0,"FTA":182.0,"OFF":97.0,"DEF":226.0,"AST":115.0,"TO":101.0,"STL":47.0,"BLK":24.0,"PF":155.0,"Fls on:":158.0,"+\/-":11.0,"GW":53.0,"GP":7.0,"MINS":1400.0,"FGM":178.0,"FGA":484.0,"FG%":36.7768595041,"2P%":43.6666666667,"3P%":25.5434782609,"FT%":62.6373626374,"PTS":517.0,"REB":323.0,"STK":71.0},"SBU":{"2PM":113.0,"2PA":270.0,"3PM":56.0,"3PA":229.0,"FTM":78.0,"FTA":119.0,"OFF":76.0,"DEF":182.0,"AST":104.0,"TO":62.0,"STL":40.0,"BLK":21.0,"PF":157.0,"Fls on:":125.0,"+\/-":-25.0,"GW":38.0,"GP":7.0,"MINS":1400.0,"FGM":169.0,"FGA":499.0,"FG%":33.8677354709,"2P%":41.8518518519,"3P%":24.4541484716,"FT%":65.5462184874,"PTS":472.0,"REB":258.0,"STK":61.0},"CSJL":{"2PM":165.0,"2PA":385.0,"3PM":52.0,"3PA":225.0,"FTM":104.0,"FTA":165.0,"OFF":115.0,"DEF":196.0,"AST":121.0,"TO":82.0,"STL":64.0,"BLK":24.0,"PF":151.0,"Fls on:":163.0,"+\/-":-4.0,"GW":37.0,"GP":8.0,"MINS":1600.0,"FGM":217.0,"FGA":610.0,"FG%":35.5737704918,"2P%":42.8571428571,"3P%":23.1111111111,"FT%":63.0303030303,"PTS":590.0,"REB":311.0,"STK":88.0},"MU":{"2PM":122.0,"2PA":291.0,"3PM":46.0,"3PA":153.0,"FTM":138.0,"FTA":197.0,"OFF":66.0,"DEF":187.0,"AST":106.0,"TO":94.0,"STL":52.0,"BLK":21.0,"PF":134.0,"Fls on:":162.0,"+\/-":-22.0,"GW":23.0,"GP":7.0,"MINS":1400.0,"FGM":168.0,"FGA":444.0,"FG%":37.8378378378,"2P%":41.9243986254,"3P%":30.0653594771,"FT%":70.0507614213,"PTS":520.0,"REB":253.0,"STK":73.0},"CSB":{"2PM":140.0,"2PA":312.0,"3PM":41.0,"3PA":208.0,"FTM":76.0,"FTA":130.0,"OFF":85.0,"DEF":146.0,"AST":83.0,"TO":83.0,"STL":63.0,"BLK":23.0,"PF":136.0,"Fls on:":130.0,"+\/-":-92.0,"GW":14.0,"GP":7.0,"MINS":1400.0,"FGM":181.0,"FGA":520.0,"FG%":34.8076923077,"2P%":44.8717948718,"3P%":19.7115384615,"FT%":58.4615384615,"PTS":479.0,"REB":231.0,"STK":86.0},"LPU":{"2PM":170.0,"2PA":311.0,"3PM":58.0,"3PA":189.0,"FTM":112.0,"FTA":178.0,"OFF":94.0,"DEF":209.0,"AST":131.0,"TO":92.0,"STL":45.0,"BLK":23.0,"PF":154.0,"Fls on:":151.0,"+\/-":21.0,"GW":57.0,"GP":7.0,"MINS":1400.0,"FGM":228.0,"FGA":500.0,"FG%":45.6,"2P%":54.6623794212,"3P%":30.6878306878,"FT%":62.9213483146,"PTS":626.0,"REB":303.0,"STK":68.0},"JRU":{"2PM":166.0,"2PA":320.0,"3PM":46.0,"3PA":152.0,"FTM":107.0,"FTA":152.0,"OFF":78.0,"DEF":170.0,"AST":97.0,"TO":95.0,"STL":60.0,"BLK":24.0,"PF":173.0,"Fls on:":139.0,"+\/-":34.0,"GW":69.0,"GP":7.0,"MINS":1400.0,"FGM":212.0,"FGA":472.0,"FG%":44.9152542373,"2P%":51.875,"3P%":30.2631578947,"FT%":70.3947368421,"PTS":577.0,"REB":248.0,"STK":84.0},"UPHSD":{"2PM":129.0,"2PA":293.0,"3PM":49.0,"3PA":211.0,"FTM":78.0,"FTA":132.0,"OFF":96.0,"DEF":200.0,"AST":99.0,"TO":92.0,"STL":64.0,"BLK":18.0,"PF":134.0,"Fls on:":120.0,"+\/-":10.0,"GW":38.0,"GP":7.0,"MINS":1400.0,"FGM":178.0,"FGA":504.0,"FG%":35.3174603175,"2P%":44.0273037543,"3P%":23.2227488152,"FT%":59.0909090909,"PTS":483.0,"REB":296.0,"STK":82.0},"SSCR":{"2PM":184.0,"2PA":345.0,"3PM":52.0,"3PA":181.0,"FTM":162.0,"FTA":248.0,"OFF":87.0,"DEF":254.0,"AST":163.0,"TO":140.0,"STL":53.0,"BLK":27.0,"PF":162.0,"Fls on:":207.0,"+\/-":60.0,"GW":77.0,"GP":8.0,"MINS":1600.0,"FGM":236.0,"FGA":526.0,"FG%":44.8669201521,"2P%":53.3333333333,"3P%":28.729281768,"FT%":65.3225806452,"PTS":686.0,"REB":341.0,"STK":80.0},"League":{"2PM":146.0,"2PA":313.9,"3PM":50.3,"3PA":191.5,"FTM":108.8,"FTA":167.3,"OFF":86.5,"DEF":198.4,"AST":114.2,"TO":94.9,"STL":53.8,"BLK":23.5,"PF":151.7,"Fls on:":149.4,"+\/-":0.0,"GW":47.2,"GP":7.2,"MINS":1440.0,"FGM":196.3,"FGA":505.4,"FG%":38.8405223585,"2P%":46.511627907,"3P%":26.2663185379,"FT%":65.0328750747,"PTS":551.7,"REB":284.9,"STK":77.3}}