{"CSB":{"MINS":203.125,"FGM":30.125,"FGA":68.4375,"2PM":23.25,"2PA":43.0,"3PM":6.875,"3PA":25.4375,"FTM":13.0625,"FTA":21.75,"PTS":80.1875,"OFF":13.625,"DEF":31.0,"REB":44.625,"AST":18.5,"TO":15.375,"STL":7.0,"BLK":4.0,"STK":11.0,"PF":18.75,"Fls on:":19.5625,"+\/-":10.0625,"GW":180.0,"GP":16,"W":13,"L":3,"FG%":44.0182648402,"2P%":54.0697674419,"3P%":27.027027027,"FT%":60.0574712644,"W%":0.8125},"MU":{"MINS":201.5625,"FGM":26.5,"FGA":67.625,"2PM":17.75,"2PA":38.125,"3PM":8.75,"3PA":29.5,"FTM":13.5,"FTA":21.5625,"PTS":75.25,"OFF":12.4375,"DEF":25.5,"REB":37.9375,"AST":16.25,"TO":13.0625,"STL":8.0,"BLK":2.3125,"STK":10.3125,"PF":23.0,"Fls on:":19.0,"+\/-":3.5125,"GW":154.0,"GP":16,"W":13,"L":3,"FG%":39.1866913124,"2P%":46.5573770492,"3P%":29.6610169492,"FT%":62.6086956522,"W%":0.8125},"SBU":{"MINS":203.3333333333,"FGM":24.8,"FGA":63.4666666667,"2PM":15.8,"2PA":35.9333333333,"3PM":9.0,"3PA":27.5333333333,"FTM":12.1333333333,"FTA":20.4,"PTS":70.7333333333,"OFF":11.0,"DEF":28.9333333333,"REB":39.9333333333,"AST":14.1333333333,"TO":11.6666666667,"STL":5.0666666667,"BLK":2.6,"STK":7.6666666667,"PF":18.1333333333,"Fls on:":19.0666666667,"+\/-":5.9333333333,"GW":133.0,"GP":15,"W":10,"L":5,"FG%":39.0756302521,"2P%":43.9703153989,"3P%":32.6876513317,"FT%":59.477124183,"W%":0.6666666667},"EAC":{"MINS":201.5625,"FGM":26.1875,"FGA":71.875,"2PM":18.0625,"2PA":44.125,"3PM":8.125,"3PA":27.75,"FTM":13.5625,"FTA":23.8125,"PTS":74.0625,"OFF":12.1875,"DEF":27.625,"REB":39.8125,"AST":17.625,"TO":13.0,"STL":7.125,"BLK":3.625,"STK":10.75,"PF":22.25,"Fls on:":21.375,"+\/-":-0.9,"GW":111.0,"GP":16,"W":8,"L":8,"FG%":36.4347826087,"2P%":40.9348441926,"3P%":29.2792792793,"FT%":56.9553805774,"W%":0.5},"LPU":{"MINS":203.125,"FGM":28.25,"FGA":68.9375,"2PM":20.8125,"2PA":40.5625,"3PM":7.4375,"3PA":28.375,"FTM":17.4375,"FTA":24.875,"PTS":81.375,"OFF":9.375,"DEF":25.625,"REB":35.0,"AST":17.5,"TO":12.0625,"STL":7.875,"BLK":1.6875,"STK":9.5625,"PF":19.9375,"Fls on:":22.25,"+\/-":-0.5,"GW":100.0,"GP":16,"W":8,"L":8,"FG%":40.9791477788,"2P%":51.3097072419,"3P%":26.2114537445,"FT%":70.1005025126,"W%":0.5},"League":{"MINS":203.4375,"FGM":27.1375,"FGA":68.99375,"2PM":20.08125,"2PA":42.9875,"3PM":7.05625,"3PA":26.00625,"FTM":14.51875,"FTA":22.6,"PTS":75.85,"OFF":11.6375,"DEF":26.76875,"REB":38.40625,"AST":16.6125,"TO":13.39375,"STL":7.5625,"BLK":3.04375,"STK":10.60625,"PF":20.75,"Fls on:":20.4875,"+\/-":-0.00125,"GW":103.5,"GP":16,"W":8,"L":8,"FG%":39.3332729414,"2P%":46.7141610933,"3P%":27.132900745,"FT%":64.2422566372,"W%":0.5},"CSJL":{"MINS":207.8125,"FGM":26.25,"FGA":65.5,"2PM":19.0625,"2PA":38.875,"3PM":7.1875,"3PA":26.625,"FTM":15.4375,"FTA":20.875,"PTS":75.125,"OFF":9.0,"DEF":28.375,"REB":37.375,"AST":15.9375,"TO":15.3125,"STL":6.0,"BLK":4.125,"STK":10.125,"PF":20.3125,"Fls on:":19.875,"+\/-":-2.5625,"GW":90.0,"GP":16,"W":7,"L":9,"FG%":40.0763358779,"2P%":49.0353697749,"3P%":26.9953051643,"FT%":73.9520958084,"W%":0.4375},"AU":{"MINS":203.125,"FGM":28.4375,"FGA":72.25,"2PM":24.125,"2PA":51.75,"3PM":4.3125,"3PA":20.5,"FTM":14.9375,"FTA":26.3125,"PTS":76.125,"OFF":12.1875,"DEF":25.3125,"REB":37.5,"AST":15.0625,"TO":12.125,"STL":10.125,"BLK":3.125,"STK":13.25,"PF":20.3125,"Fls on:":23.25,"+\/-":-3.4375,"GW":75.0,"GP":16,"W":6,"L":10,"FG%":39.3598615917,"2P%":46.6183574879,"3P%":21.0365853659,"FT%":56.7695961995,"W%":0.375},"UPHSD":{"MINS":205.8823529412,"FGM":24.0588235294,"FGA":65.4705882353,"2PM":18.2352941176,"2PA":42.3529411765,"3PM":5.8235294118,"3PA":23.1176470588,"FTM":12.1764705882,"FTA":19.5882352941,"PTS":66.1176470588,"OFF":11.7058823529,"DEF":28.1764705882,"REB":39.8823529412,"AST":17.5882352941,"TO":15.1764705882,"STL":7.4117647059,"BLK":3.8823529412,"STK":11.2941176471,"PF":17.1176470588,"Fls on:":18.8235294118,"+\/-":-2.7058823529,"GW":67.0,"GP":17,"W":6,"L":11,"FG%":36.7475292004,"2P%":43.0555555556,"3P%":25.1908396947,"FT%":62.1621621622,"W%":0.3529411765},"SSCR":{"MINS":204.6875,"FGM":29.9375,"FGA":77.875,"2PM":21.6875,"2PA":46.25,"3PM":8.25,"3PA":31.625,"FTM":15.125,"FTA":20.8125,"PTS":83.25,"OFF":12.5625,"DEF":23.75,"REB":36.3125,"AST":15.5,"TO":11.875,"STL":9.4375,"BLK":1.4375,"STK":10.875,"PF":25.875,"Fls on:":19.0,"+\/-":-4.3125,"GW":67.0,"GP":16,"W":5,"L":11,"FG%":38.4430176565,"2P%":46.8918918919,"3P%":26.0869565217,"FT%":72.6726726727,"W%":0.3125},"JRU":{"MINS":200.0,"FGM":26.875,"FGA":68.375,"2PM":21.875,"2PA":48.5,"3PM":5.0,"3PA":19.875,"FTM":17.8125,"FTA":26.0625,"PTS":76.5625,"OFF":12.25,"DEF":23.4375,"REB":35.6875,"AST":17.8125,"TO":14.0625,"STL":7.4375,"BLK":3.5625,"STK":11.0,"PF":21.875,"Fls on:":22.6875,"+\/-":-4.5625,"GW":58.0,"GP":16,"W":4,"L":12,"FG%":39.3053016453,"2P%":45.1030927835,"3P%":25.1572327044,"FT%":68.345323741,"W%":0.25}}