{"AU":{"MINS":3250.0,"FGM":455.0,"FGA":1156.0,"2PM":386.0,"2PA":828.0,"3PM":69.0,"3PA":328.0,"FTM":239.0,"FTA":421.0,"PTS":1218.0,"OFF":195.0,"DEF":405.0,"REB":600.0,"AST":241.0,"TO":194.0,"STL":162.0,"BLK":50.0,"STK":212.0,"PF":325.0,"Fls on:":372.0,"+\/-":-55.0,"GW":75.0,"GP":16.0,"W":6.0,"L":10.0,"FG%":39.3598615917,"2P%":46.6183574879,"3P%":21.0365853659,"FT%":56.7695961995},"CSB":{"MINS":3250.0,"FGM":482.0,"FGA":1095.0,"2PM":372.0,"2PA":688.0,"3PM":110.0,"3PA":407.0,"FTM":209.0,"FTA":350.0,"PTS":1283.0,"OFF":218.0,"DEF":496.0,"REB":714.0,"AST":296.0,"TO":246.0,"STL":113.0,"BLK":64.0,"STK":177.0,"PF":300.0,"Fls on:":313.0,"+\/-":161.0,"GW":180.0,"GP":16.0,"W":13.0,"L":3.0,"FG%":44.0182648402,"2P%":54.0697674419,"3P%":27.027027027,"FT%":59.7142857143},"CSJL":{"MINS":3325.0,"FGM":420.0,"FGA":1048.0,"2PM":305.0,"2PA":622.0,"3PM":115.0,"3PA":426.0,"FTM":247.0,"FTA":334.0,"PTS":1202.0,"OFF":144.0,"DEF":454.0,"REB":598.0,"AST":255.0,"TO":245.0,"STL":96.0,"BLK":66.0,"STK":162.0,"PF":325.0,"Fls on:":318.0,"+\/-":-41.0,"GW":90.0,"GP":16.0,"W":7.0,"L":9.0,"FG%":40.0763358779,"2P%":49.0353697749,"3P%":26.9953051643,"FT%":73.9520958084},"EAC":{"MINS":3225.0,"FGM":419.0,"FGA":1150.0,"2PM":289.0,"2PA":706.0,"3PM":130.0,"3PA":444.0,"FTM":217.0,"FTA":381.0,"PTS":1185.0,"OFF":195.0,"DEF":442.0,"REB":637.0,"AST":282.0,"TO":208.0,"STL":114.0,"BLK":58.0,"STK":172.0,"PF":356.0,"Fls on:":342.0,"+\/-":-14.4,"GW":111.0,"GP":16.0,"W":8.0,"L":8.0,"FG%":36.4347826087,"2P%":40.9348441926,"3P%":29.2792792793,"FT%":56.9553805774},"JRU":{"MINS":3200.0,"FGM":430.0,"FGA":1094.0,"2PM":350.0,"2PA":776.0,"3PM":80.0,"3PA":318.0,"FTM":285.0,"FTA":417.0,"PTS":1225.0,"OFF":196.0,"DEF":375.0,"REB":571.0,"AST":285.0,"TO":225.0,"STL":119.0,"BLK":57.0,"STK":176.0,"PF":350.0,"Fls on:":363.0,"+\/-":-73.0,"GW":58.0,"GP":16.0,"W":4.0,"L":12.0,"FG%":39.3053016453,"2P%":45.1030927835,"3P%":25.1572327044,"FT%":68.345323741},"LPU":{"MINS":3250.0,"FGM":452.0,"FGA":1103.0,"2PM":333.0,"2PA":649.0,"3PM":119.0,"3PA":454.0,"FTM":279.0,"FTA":398.0,"PTS":1302.0,"OFF":150.0,"DEF":410.0,"REB":560.0,"AST":280.0,"TO":193.0,"STL":126.0,"BLK":27.0,"STK":153.0,"PF":319.0,"Fls on:":356.0,"+\/-":-8.0,"GW":100.0,"GP":16.0,"W":8.0,"L":8.0,"FG%":40.9791477788,"2P%":51.3097072419,"3P%":26.2114537445,"FT%":70.1005025126},"MU":{"MINS":3225.0,"FGM":424.0,"FGA":1082.0,"2PM":284.0,"2PA":610.0,"3PM":140.0,"3PA":472.0,"FTM":216.0,"FTA":345.0,"PTS":1204.0,"OFF":199.0,"DEF":408.0,"REB":607.0,"AST":260.0,"TO":209.0,"STL":128.0,"BLK":37.0,"STK":165.0,"PF":368.0,"Fls on:":304.0,"+\/-":56.2,"GW":154.0,"GP":16.0,"W":13.0,"L":3.0,"FG%":39.1866913124,"2P%":46.5573770492,"3P%":29.6610169492,"FT%":62.6086956522},"SBU":{"MINS":3050.0,"FGM":372.0,"FGA":952.0,"2PM":237.0,"2PA":539.0,"3PM":135.0,"3PA":413.0,"FTM":182.0,"FTA":306.0,"PTS":1061.0,"OFF":165.0,"DEF":434.0,"REB":599.0,"AST":212.0,"TO":175.0,"STL":76.0,"BLK":39.0,"STK":115.0,"PF":272.0,"Fls on:":286.0,"+\/-":89.0,"GW":133.0,"GP":15.0,"W":10.0,"L":5.0,"FG%":39.0756302521,"2P%":43.9703153989,"3P%":32.6876513317,"FT%":59.477124183},"SSCR":{"MINS":3275.0,"FGM":479.0,"FGA":1246.0,"2PM":347.0,"2PA":740.0,"3PM":132.0,"3PA":506.0,"FTM":242.0,"FTA":333.0,"PTS":1332.0,"OFF":201.0,"DEF":380.0,"REB":581.0,"AST":248.0,"TO":190.0,"STL":151.0,"BLK":23.0,"STK":174.0,"PF":414.0,"Fls on:":304.0,"+\/-":-69.0,"GW":67.0,"GP":16.0,"W":5.0,"L":11.0,"FG%":38.4430176565,"2P%":46.8918918919,"3P%":26.0869565217,"FT%":72.6726726727},"UPHSD":{"MINS":3500.0,"FGM":409.0,"FGA":1113.0,"2PM":310.0,"2PA":720.0,"3PM":99.0,"3PA":393.0,"FTM":207.0,"FTA":333.0,"PTS":1124.0,"OFF":199.0,"DEF":480.0,"REB":679.0,"AST":299.0,"TO":259.0,"STL":126.0,"BLK":66.0,"STK":192.0,"PF":291.0,"Fls on:":320.0,"+\/-":-46.0,"GW":67.0,"GP":17.0,"W":6.0,"L":11.0,"FG%":36.7475292004,"2P%":43.0555555556,"3P%":25.1908396947,"FT%":62.1621621622},"League":{"MINS":3255.0,"FGM":434.2,"FGA":1103.9,"2PM":321.3,"2PA":687.8,"3PM":112.9,"3PA":416.1,"FTM":232.3,"FTA":361.8,"PTS":1213.6,"OFF":186.2,"DEF":428.4,"REB":614.6,"AST":265.8,"TO":214.4,"STL":121.1,"BLK":48.7,"STK":169.8,"PF":332.0,"Fls on:":327.8,"+\/-":-0.02,"GW":103.5,"GP":16.0,"W":8.0,"L":8.0,"FG%":39.3332729414,"2P%":46.7141610933,"3P%":27.132900745,"FT%":64.2067440575}}