{"CSB":{"MINS":205.5555555556,"FGM":31.0,"FGA":69.8888888889,"2PM":24.4444444444,"2PA":44.6666666667,"3PM":6.5555555556,"3PA":25.2222222222,"FTM":12.1111111111,"FTA":20.2222222222,"PTS":80.6666666667,"OFF":14.5555555556,"DEF":31.0,"REB":45.5555555556,"AST":17.2222222222,"TO":17.2222222222,"STL":8.1111111111,"BLK":3.5555555556,"STK":11.6666666667,"PF":18.2222222222,"Fls on:":18.5555555556,"+\/-":11.6666666667,"GW":96.0,"GP":9.0,"W":7.0,"L":2.0,"FG%":44.3561208267,"2P%":54.7263681592,"3P%":25.9911894273,"FT%":59.8901098901,"W%":0.7777777778},"MU":{"MINS":202.5,"FGM":26.9,"FGA":69.0,"2PM":18.6,"2PA":39.3,"3PM":8.3,"3PA":29.7,"FTM":14.2,"FTA":22.6,"PTS":76.3,"OFF":13.2,"DEF":27.2,"REB":40.4,"AST":15.2,"TO":12.8,"STL":7.5,"BLK":2.5,"STK":10.0,"PF":23.8,"Fls on:":20.1,"+\/-":2.52,"GW":84.0,"GP":10.0,"W":7.0,"L":3.0,"FG%":38.9855072464,"2P%":47.3282442748,"3P%":27.9461279461,"FT%":62.8318584071,"W%":0.7},"SBU":{"MINS":205.0,"FGM":25.1,"FGA":64.7,"2PM":16.6,"2PA":37.8,"3PM":8.5,"3PA":26.9,"FTM":12.8,"FTA":21.7,"PTS":71.5,"OFF":11.4,"DEF":30.3,"REB":41.7,"AST":13.5,"TO":11.6,"STL":4.6,"BLK":2.4,"STK":7.0,"PF":17.9,"Fls on:":19.8,"+\/-":4.7,"GW":94.0,"GP":10.0,"W":7.0,"L":3.0,"FG%":38.7944358578,"2P%":43.9153439153,"3P%":31.5985130112,"FT%":58.9861751152,"W%":0.7},"CSJL":{"MINS":207.5,"FGM":26.3,"FGA":64.5,"2PM":19.2,"2PA":37.3,"3PM":7.1,"3PA":27.2,"FTM":14.3,"FTA":18.9,"PTS":74.0,"OFF":9.4,"DEF":28.9,"REB":38.3,"AST":15.9,"TO":15.3,"STL":5.9,"BLK":5.0,"STK":10.9,"PF":20.2,"Fls on:":18.2,"+\/-":-0.7,"GW":77.0,"GP":10.0,"W":6.0,"L":4.0,"FG%":40.7751937984,"2P%":51.4745308311,"3P%":26.1029411765,"FT%":75.6613756614,"W%":0.6},"EAC":{"MINS":202.5,"FGM":25.9,"FGA":72.3,"2PM":17.6,"2PA":44.0,"3PM":8.3,"3PA":28.3,"FTM":14.3,"FTA":24.8,"PTS":74.4,"OFF":12.6,"DEF":26.9,"REB":39.5,"AST":17.7,"TO":13.8,"STL":7.7,"BLK":3.8,"STK":11.5,"PF":22.3,"Fls on:":21.6,"+\/-":-0.44,"GW":71.0,"GP":10.0,"W":5.0,"L":5.0,"FG%":35.8229598893,"2P%":40.0,"3P%":29.3286219081,"FT%":57.6612903226,"W%":0.5},"LPU":{"MINS":202.5,"FGM":28.8,"FGA":71.5,"2PM":20.5,"2PA":41.6,"3PM":8.3,"3PA":29.9,"FTM":16.7,"FTA":23.8,"PTS":82.6,"OFF":10.4,"DEF":25.7,"REB":36.1,"AST":17.7,"TO":10.9,"STL":7.8,"BLK":1.7,"STK":9.5,"PF":19.9,"Fls on:":21.0,"+\/-":-0.8,"GW":64.0,"GP":10.0,"W":5.0,"L":5.0,"FG%":40.2797202797,"2P%":49.2788461538,"3P%":27.7591973244,"FT%":70.1680672269,"W%":0.5},"League":{"MINS":204.0816326531,"FGM":26.9795918367,"FGA":69.693877551,"2PM":19.9591836735,"2PA":43.3673469388,"3PM":7.0204081633,"3PA":26.3265306122,"FTM":14.7346938776,"FTA":22.7551020408,"PTS":75.7142857143,"OFF":12.1326530612,"DEF":27.0306122449,"REB":39.1632653061,"AST":15.8979591837,"TO":13.3673469388,"STL":7.7448979592,"BLK":3.1224489796,"STK":10.8673469388,"PF":20.6632653061,"Fls on:":20.3673469388,"+\/-":-0.0020408163,"GW":64.2,"GP":9.8,"W":4.9,"L":4.9,"FG%":38.7115666179,"2P%":46.0235294118,"3P%":26.6666666667,"FT%":64.7533632287,"W%":0.5},"UPHSD":{"MINS":207.5,"FGM":24.4,"FGA":67.6,"2PM":18.5,"2PA":43.5,"3PM":5.9,"3PA":24.1,"FTM":12.0,"FTA":19.2,"PTS":66.7,"OFF":11.8,"DEF":29.5,"REB":41.3,"AST":16.9,"TO":14.2,"STL":7.6,"BLK":3.8,"STK":11.4,"PF":18.1,"Fls on:":17.9,"+\/-":-2.1,"GW":48.0,"GP":10.0,"W":4.0,"L":6.0,"FG%":36.0946745562,"2P%":42.5287356322,"3P%":24.4813278008,"FT%":62.5,"W%":0.4},"AU":{"MINS":205.0,"FGM":28.8,"FGA":71.3,"2PM":24.4,"2PA":52.4,"3PM":4.4,"3PA":18.9,"FTM":14.9,"FTA":26.1,"PTS":76.9,"OFF":11.4,"DEF":25.6,"REB":37.0,"AST":14.2,"TO":12.6,"STL":9.9,"BLK":2.6,"STK":12.5,"PF":20.4,"Fls on:":23.4,"+\/-":-2.5,"GW":38.0,"GP":10.0,"W":3.0,"L":7.0,"FG%":40.3927068724,"2P%":46.5648854962,"3P%":23.2804232804,"FT%":57.0881226054,"W%":0.3},"JRU":{"MINS":200.0,"FGM":25.6,"FGA":69.2,"2PM":20.1,"2PA":48.4,"3PM":5.5,"3PA":20.8,"FTM":19.1,"FTA":27.6,"PTS":75.8,"OFF":13.3,"DEF":22.4,"REB":35.7,"AST":16.6,"TO":13.9,"STL":8.3,"BLK":4.2,"STK":12.5,"PF":20.3,"Fls on:":23.1,"+\/-":-4.1,"GW":44.0,"GP":10.0,"W":3.0,"L":7.0,"FG%":36.9942196532,"2P%":41.5289256198,"3P%":26.4423076923,"FT%":69.2028985507,"W%":0.3},"SSCR":{"MINS":202.7777777778,"FGM":27.4444444444,"FGA":77.7777777778,"2PM":20.1111111111,"2PA":45.0,"3PM":7.3333333333,"3PA":32.7777777778,"FTM":16.8888888889,"FTA":22.3333333333,"PTS":79.1111111111,"OFF":13.6666666667,"DEF":22.7777777778,"REB":36.4444444444,"AST":14.0,"TO":11.5555555556,"STL":10.3333333333,"BLK":1.5555555556,"STK":11.8888888889,"PF":25.7777777778,"Fls on:":19.7777777778,"+\/-":-7.8888888889,"GW":26.0,"GP":9.0,"W":2.0,"L":7.0,"FG%":35.2857142857,"2P%":44.6913580247,"3P%":22.3728813559,"FT%":75.6218905473,"W%":0.2222222222}}