{"CSB":{"OFF":77.2432344767,"DEF":66.0716923003,"NET":11.1715421764,"PACE":78.3240116883,"hAST%":15.2097970719,"hTO%":15.2097970719,"TOR":21.9884322202,"AR":21.9884322202,"STL%":10.3558422714,"BLK%":8.0604534005,"EFG%":49.0461049285,"TS%":51.1930952784,"PPWS":1.0238619056,"REB%":58.7392550143,"OREB%":41.7197452229,"DREB%":72.65625,"FTR":0.2893481717,"FFI":37.7997216465,"Py-W":5.1787303765,"Py-L":3.8212696235,"PPR":-2.7827392948,"HHI":0.101602046},"SBU":{"OFF":74.1037925177,"DEF":69.2326341284,"NET":4.8711583893,"PACE":72.3647173485,"hAST%":13.5885976567,"hTO%":11.6761283569,"TOR":16.0299112952,"AR":18.6555002143,"STL%":6.3566889619,"BLK%":6.1696658098,"EFG%":45.3632148377,"TS%":48.1494451029,"PPWS":0.9629889021,"REB%":53.3248081841,"OREB%":30.6451612903,"DREB%":73.9024390244,"FTR":0.3353941267,"FFI":33.312707918,"Py-W":-16.2745563561,"Py-L":26.2745563561,"PPR":-1.3677960525,"HHI":0.1214396792},"MU":{"OFF":74.9605487818,"DEF":72.5044364364,"NET":2.4561123454,"PACE":76.3401561621,"hAST%":14.2130460802,"hTO%":11.9688809096,"TOR":16.767060278,"AR":19.9108840801,"STL%":9.8244493816,"BLK%":5.7471264368,"EFG%":45.0,"TS%":48.3253952169,"PPWS":0.9665079043,"REB%":53.0183727034,"OREB%":33.8461538462,"DREB%":73.1182795699,"FTR":0.3275362319,"FFI":33.874039317,"Py-W":17.8718084795,"Py-L":-7.8718084795,"PPR":-1.3462303893,"HHI":0.1352098789},"League":{"OFF":72.812515848,"DEF":72.812515848,"NET":0.0,"PACE":78.0420608423,"hAST%":14.5891077983,"hTO%":12.2668364672,"TOR":17.1400531466,"AR":20.3848876354,"STL%":9.930763617,"BLK%":7.2,"EFG%":43.7481698389,"TS%":47.4959033183,"PPWS":0.9499180664,"REB%":50.0,"OREB%":30.9796769151,"DREB%":69.0203230849,"FTR":0.3265007321,"FFI":32.8777275862,"Py-W":4.9,"Py-L":4.9,"PPR":-1.3566666667,"HHI":0.0099763358},"EAC":{"OFF":69.673180944,"DEF":70.0477679384,"NET":-0.3745869943,"PACE":80.0882050223,"hAST%":15.4299463003,"hTO%":12.030127624,"TOR":17.2310017388,"AR":22.100632665,"STL%":9.614399521,"BLK%":8.5011185682,"EFG%":41.5629322268,"TS%":44.7050906119,"PPWS":0.8941018122,"REB%":47.3053892216,"OREB%":29.7169811321,"DREB%":65.4501216545,"FTR":0.3430152144,"FFI":32.0215477676,"Py-W":-5.1422632152,"Py-L":15.1422632152,"PPR":-0.9624211029,"HHI":0.1070571742},"CSJL":{"OFF":72.4988837384,"DEF":73.18468399,"NET":-0.6858002516,"PACE":76.5529028009,"hAST%":15.2861098293,"hTO%":14.7092754961,"TOR":19.9861787603,"AR":20.7699504764,"STL%":7.7070885416,"BLK%":10.460251046,"EFG%":46.2790697674,"TS%":50.8130081301,"PPWS":1.0162601626,"REB%":49.2921492921,"OREB%":27.3255813953,"DREB%":66.7436489607,"FTR":0.2930232558,"FFI":33.3686377133,"Py-W":-15.7898060794,"Py-L":25.7898060794,"PPR":-2.3091217011,"HHI":0.1178487947},"LPU":{"OFF":78.0288088084,"DEF":78.7845357702,"NET":-0.7557269618,"PACE":79.3937533407,"hAST%":16.007669211,"hTO%":9.8578301921,"TOR":13.7290398065,"AR":22.2939453738,"STL%":9.8244505037,"BLK%":4.0572792363,"EFG%":46.0839160839,"TS%":50.3830576294,"PPWS":1.0076611526,"REB%":46.1636828645,"OREB%":25.8064516129,"DREB%":67.8100263852,"FTR":0.3328671329,"FFI":32.0201237008,"Py-W":-11.3504738731,"Py-L":21.3504738731,"PPR":0.4368777003,"HHI":0.1230909485},"UPHSD":{"OFF":66.2962558022,"DEF":68.3835442157,"NET":-2.0872884136,"PACE":75.45675,"hAST%":15.7725762497,"hTO%":13.2526972039,"TOR":18.8187272842,"AR":22.3969359931,"STL%":10.0719948845,"BLK%":9.793814433,"EFG%":40.4585798817,"TS%":43.8538817589,"PPWS":0.8770776352,"REB%":50.8620689655,"OREB%":30.7291666667,"DREB%":68.9252336449,"FTR":0.2840236686,"FFI":31.2943021366,"Py-W":10.0,"Py-L":0.0,"PPR":-1.4620894717,"HHI":0.1257594591},"AU":{"OFF":70.6182232103,"DEF":72.914004199,"NET":-2.2957809886,"PACE":81.6715535709,"hAST%":12.9580960724,"hTO%":11.4980289093,"TOR":15.4276482436,"AR":17.3867146872,"STL%":12.12172362,"BLK%":5.8035714286,"EFG%":43.4782608696,"TS%":46.4461731736,"PPWS":0.9289234635,"REB%":46.9543147208,"OREB%":27.4698795181,"DREB%":68.6327077748,"FTR":0.366058906,"FFI":32.2330759028,"Py-W":-11.3074911228,"Py-L":21.3074911228,"PPR":-1.4605305654,"HHI":0.1078917954},"JRU":{"OFF":73.5795865034,"DEF":77.5594849818,"NET":-3.9798984784,"PACE":77.2632773594,"hAST%":14.8421014985,"hTO%":12.4280247488,"TOR":17.9904353984,"AR":21.4849804038,"STL%":10.7424902019,"BLK%":9.2715231788,"EFG%":40.9682080925,"TS%":46.5922501967,"PPWS":0.9318450039,"REB%":49.173553719,"OREB%":34.9081364829,"DREB%":64.9275362319,"FTR":0.3988439306,"FFI":33.8491783427,"Py-W":-75.3707442899,"Py-L":85.3707442899,"PPR":-1.4309461101,"HHI":0.1129656574},"SSCR":{"OFF":71.5158588327,"DEF":78.6473559916,"NET":-7.1314971589,"PACE":82.9652811303,"hAST%":12.3718628491,"hTO%":10.2116963199,"TOR":13.9281822446,"AR":16.8745284886,"STL%":12.4550091226,"BLK%":3.5353535354,"EFG%":40.0,"TS%":45.1524529451,"PPWS":0.9030490589,"REB%":45.9383753501,"OREB%":29.9270072993,"DREB%":67.6567656766,"FTR":0.2871428571,"FFI":29.7745898781,"Py-W":-9.2927285142,"Py-L":18.2927285142,"PPR":-1.0308594748,"HHI":0.1286019758}}