{"AU":{"POS":816.7155357085,"PACE":81.6715535709},"CSB":{"POS":704.9161051951,"PACE":78.3240116883},"CSJL":{"POS":765.529028009,"PACE":76.5529028009},"EAC":{"POS":800.8820502227,"PACE":80.0882050223},"JRU":{"POS":772.6327735935,"PACE":77.2632773594},"LPU":{"POS":793.9375334071,"PACE":79.3937533407},"MU":{"POS":763.4015616212,"PACE":76.3401561621},"SBU":{"POS":723.6471734854,"PACE":72.3647173485},"SSCR":{"POS":746.6875301727,"PACE":82.9652811303},"UPHSD":{"POS":754.5675,"PACE":75.45675},"League":{"POS":764.2916791415,"PACE":78.0420608423}}