{"UPHSD":{"2PM":152.0,"2PA":350.0,"3PM":69.0,"3PA":283.0,"FTM":99.0,"FTA":163.0,"OFF":116.0,"DEF":242.0,"AST":126.0,"TO":114.0,"STL":78.0,"BLK":23.0,"PF":162.0,"Fls on:":155.0,"+\/-":13.0,"GW":64.0,"GP":9.0,"MINS":1800.0,"FGM":221.0,"FGA":633.0,"FG%":34.9131121643,"2P%":43.4285714286,"3P%":24.3816254417,"FT%":60.736196319,"PTS":610.0,"REB":358.0,"STK":101.0},"AU":{"2PM":176.0,"2PA":400.0,"3PM":69.0,"3PA":233.0,"FTM":156.0,"FTA":227.0,"OFF":105.0,"DEF":272.0,"AST":157.0,"TO":146.0,"STL":74.0,"BLK":34.0,"PF":218.0,"Fls on:":184.0,"+\/-":11.0,"GW":77.0,"GP":9.0,"MINS":1800.0,"FGM":245.0,"FGA":633.0,"FG%":38.7045813586,"2P%":44.0,"3P%":29.6137339056,"FT%":68.7224669604,"PTS":715.0,"REB":377.0,"STK":108.0},"JRU":{"2PM":216.0,"2PA":409.0,"3PM":55.0,"3PA":204.0,"FTM":127.0,"FTA":184.0,"OFF":104.0,"DEF":223.0,"AST":120.0,"TO":131.0,"STL":76.0,"BLK":32.0,"PF":211.0,"Fls on:":174.0,"+\/-":37.0,"GW":81.0,"GP":9.0,"MINS":1800.0,"FGM":271.0,"FGA":613.0,"FG%":44.2088091354,"2P%":52.8117359413,"3P%":26.9607843137,"FT%":69.0217391304,"PTS":724.0,"REB":327.0,"STK":108.0},"MU":{"2PM":140.0,"2PA":339.0,"3PM":51.0,"3PA":170.0,"FTM":158.0,"FTA":235.0,"OFF":78.0,"DEF":210.0,"AST":121.0,"TO":109.0,"STL":59.0,"BLK":24.0,"PF":161.0,"Fls on:":196.0,"+\/-":-28.0,"GW":23.0,"GP":8.0,"MINS":1600.0,"FGM":191.0,"FGA":509.0,"FG%":37.5245579568,"2P%":41.2979351032,"3P%":30.0,"FT%":67.2340425532,"PTS":591.0,"REB":288.0,"STK":83.0},"EAC":{"2PM":154.0,"2PA":361.0,"3PM":50.0,"3PA":205.0,"FTM":134.0,"FTA":214.0,"OFF":118.0,"DEF":252.0,"AST":131.0,"TO":117.0,"STL":61.0,"BLK":26.0,"PF":174.0,"Fls on:":183.0,"+\/-":23.0,"GW":68.0,"GP":8.0,"MINS":1600.0,"FGM":204.0,"FGA":566.0,"FG%":36.0424028269,"2P%":42.6592797784,"3P%":24.3902439024,"FT%":62.6168224299,"PTS":592.0,"REB":370.0,"STK":87.0},"CSB":{"2PM":180.0,"2PA":397.0,"3PM":54.0,"3PA":251.0,"FTM":99.0,"FTA":171.0,"OFF":105.0,"DEF":183.0,"AST":111.0,"TO":114.0,"STL":91.0,"BLK":28.0,"PF":171.0,"Fls on:":164.0,"+\/-":-105.0,"GW":25.0,"GP":9.0,"MINS":1800.0,"FGM":234.0,"FGA":648.0,"FG%":36.1111111111,"2P%":45.3400503778,"3P%":21.5139442231,"FT%":57.8947368421,"PTS":621.0,"REB":288.0,"STK":119.0},"SSCR":{"2PM":184.0,"2PA":345.0,"3PM":52.0,"3PA":181.0,"FTM":162.0,"FTA":248.0,"OFF":87.0,"DEF":254.0,"AST":163.0,"TO":140.0,"STL":53.0,"BLK":27.0,"PF":162.0,"Fls on:":207.0,"+\/-":60.0,"GW":77.0,"GP":8.0,"MINS":1600.0,"FGM":236.0,"FGA":526.0,"FG%":44.8669201521,"2P%":53.3333333333,"3P%":28.729281768,"FT%":65.3225806452,"PTS":686.0,"REB":341.0,"STK":80.0},"CSJL":{"2PM":183.0,"2PA":426.0,"3PM":57.0,"3PA":256.0,"FTM":119.0,"FTA":183.0,"OFF":123.0,"DEF":222.0,"AST":136.0,"TO":89.0,"STL":76.0,"BLK":27.0,"PF":168.0,"Fls on:":180.0,"+\/-":-16.0,"GW":37.0,"GP":9.0,"MINS":1800.0,"FGM":240.0,"FGA":682.0,"FG%":35.1906158358,"2P%":42.9577464789,"3P%":22.265625,"FT%":65.0273224044,"PTS":656.0,"REB":345.0,"STK":103.0},"SBU":{"2PM":128.0,"2PA":309.0,"3PM":62.0,"3PA":248.0,"FTM":92.0,"FTA":138.0,"OFF":84.0,"DEF":209.0,"AST":119.0,"TO":69.0,"STL":47.0,"BLK":23.0,"PF":170.0,"Fls on:":141.0,"+\/-":-26.0,"GW":38.0,"GP":8.0,"MINS":1600.0,"FGM":190.0,"FGA":557.0,"FG%":34.1113105925,"2P%":41.4239482201,"3P%":25.0,"FT%":66.6666666667,"PTS":534.0,"REB":293.0,"STK":70.0},"LPU":{"2PM":213.0,"2PA":391.0,"3PM":70.0,"3PA":234.0,"FTM":130.0,"FTA":203.0,"OFF":117.0,"DEF":276.0,"AST":166.0,"TO":128.0,"STL":57.0,"BLK":30.0,"PF":194.0,"Fls on:":180.0,"+\/-":31.0,"GW":68.0,"GP":9.0,"MINS":1800.0,"FGM":283.0,"FGA":625.0,"FG%":45.28,"2P%":54.4757033248,"3P%":29.9145299145,"FT%":64.039408867,"PTS":766.0,"REB":393.0,"STK":87.0},"League":{"2PM":172.6,"2PA":372.7,"3PM":58.9,"3PA":226.5,"FTM":127.6,"FTA":196.6,"OFF":103.7,"DEF":234.3,"AST":135.0,"TO":115.7,"STL":67.2,"BLK":27.4,"PF":179.1,"Fls on:":176.4,"+\/-":0.0,"GW":55.8,"GP":8.6,"MINS":1720.0,"FGM":231.5,"FGA":599.2,"FG%":38.6348464619,"2P%":46.3107056614,"3P%":26.004415011,"FT%":64.9033570702,"PTS":649.5,"REB":338.0,"STK":94.6}}