{"CSB":{"MINS":205.5555555556,"FGM":31.0,"FGA":69.8888888889,"2PM":24.4444444444,"2PA":44.6666666667,"3PM":6.5555555556,"3PA":25.2222222222,"FTM":12.1111111111,"FTA":20.2222222222,"PTS":80.6666666667,"OFF":14.5555555556,"DEF":31.0,"REB":45.5555555556,"AST":17.2222222222,"TO":17.2222222222,"STL":8.1111111111,"BLK":3.5555555556,"STK":11.6666666667,"PF":18.2222222222,"Fls on:":18.5555555556,"+\/-":11.6666666667,"GW":96.0,"GP":9.0,"W":7.0,"L":2.0,"FG%":44.3561208267,"2P%":54.7263681592,"3P%":25.9911894273,"FT%":59.8901098901,"W%":0.7777777778},"MU":{"MINS":200.0,"FGM":26.875,"FGA":68.75,"2PM":18.625,"2PA":38.875,"3PM":8.25,"3PA":29.875,"FTM":15.375,"FTA":23.5,"PTS":77.375,"OFF":13.125,"DEF":27.125,"REB":40.25,"AST":15.75,"TO":12.625,"STL":8.125,"BLK":1.875,"STK":10.0,"PF":25.125,"Fls on:":19.75,"+\/-":3.5,"GW":71.0,"GP":8.0,"W":6.0,"L":2.0,"FG%":39.0909090909,"2P%":47.9099678457,"3P%":27.6150627615,"FT%":65.4255319149,"W%":0.75},"CSJL":{"MINS":208.3333333333,"FGM":26.5555555556,"FGA":65.4444444444,"2PM":19.6666666667,"2PA":38.3333333333,"3PM":6.8888888889,"3PA":27.1111111111,"FTM":14.6666666667,"FTA":19.0,"PTS":74.6666666667,"OFF":9.8888888889,"DEF":29.5555555556,"REB":39.4444444444,"AST":15.8888888889,"TO":15.0,"STL":5.6666666667,"BLK":5.0,"STK":10.6666666667,"PF":20.4444444444,"Fls on:":18.2222222222,"+\/-":1.7777777778,"GW":77.0,"GP":9.0,"W":6.0,"L":3.0,"FG%":40.5772495756,"2P%":51.3043478261,"3P%":25.4098360656,"FT%":77.1929824561,"W%":0.6666666667},"SBU":{"MINS":203.125,"FGM":24.375,"FGA":63.625,"2PM":16.0,"2PA":36.5,"3PM":8.375,"3PA":27.125,"FTM":12.875,"FTA":22.375,"PTS":70.0,"OFF":11.875,"DEF":30.75,"REB":42.625,"AST":12.5,"TO":12.0,"STL":4.25,"BLK":2.875,"STK":7.125,"PF":17.625,"Fls on:":21.25,"+\/-":3.25,"GW":67.0,"GP":8.0,"W":5.0,"L":3.0,"FG%":38.3104125737,"2P%":43.8356164384,"3P%":30.8755760369,"FT%":57.5418994413,"W%":0.625},"League":{"MINS":204.0697674419,"FGM":26.9186046512,"FGA":69.6744186047,"2PM":20.0697674419,"2PA":43.3372093023,"3PM":6.8488372093,"3PA":26.3372093023,"FTM":14.8372093023,"FTA":22.8604651163,"PTS":75.523255814,"OFF":12.0581395349,"DEF":27.2441860465,"REB":39.3023255814,"AST":15.6976744186,"TO":13.4534883721,"STL":7.8139534884,"BLK":3.1860465116,"STK":11.0,"PF":20.8255813953,"Fls on:":20.511627907,"+\/-":0.0,"GW":55.8,"GP":8.6,"W":4.3,"L":4.3,"FG%":38.6348464619,"2P%":46.3107056614,"3P%":26.004415011,"FT%":64.9033570702,"W%":0.5},"LPU":{"MINS":202.7777777778,"FGM":28.2222222222,"FGA":70.5555555556,"2PM":20.0,"2PA":40.4444444444,"3PM":8.2222222222,"3PA":30.1111111111,"FTM":17.0,"FTA":24.3333333333,"PTS":81.6666666667,"OFF":9.2222222222,"DEF":25.4444444444,"REB":34.6666666667,"AST":17.1111111111,"TO":10.8888888889,"STL":7.5555555556,"BLK":1.7777777778,"STK":9.3333333333,"PF":20.1111111111,"Fls on:":21.3333333333,"+\/-":-3.4444444444,"GW":50.0,"GP":9.0,"W":4.0,"L":5.0,"FG%":40.0,"2P%":49.4505494505,"3P%":27.3062730627,"FT%":69.8630136986,"W%":0.4444444444},"UPHSD":{"MINS":208.3333333333,"FGM":24.5555555556,"FGA":68.3333333333,"2PM":18.6666666667,"2PA":44.1111111111,"3PM":5.8888888889,"3PA":24.2222222222,"FTM":11.3333333333,"FTA":18.1111111111,"PTS":66.3333333333,"OFF":12.1111111111,"DEF":30.2222222222,"REB":42.3333333333,"AST":16.6666666667,"TO":14.2222222222,"STL":7.5555555556,"BLK":3.5555555556,"STK":11.1111111111,"PF":17.4444444444,"Fls on:":17.7777777778,"+\/-":-1.4444444444,"GW":48.0,"GP":9.0,"W":4.0,"L":5.0,"FG%":35.9349593496,"2P%":42.3173803526,"3P%":24.3119266055,"FT%":62.5766871166,"W%":0.4444444444},"EAC":{"MINS":203.125,"FGM":24.75,"FGA":73.0,"2PM":16.875,"2PA":43.875,"3PM":7.875,"3PA":29.125,"FTM":13.75,"FTA":24.5,"PTS":71.125,"OFF":12.25,"DEF":26.375,"REB":38.625,"AST":16.0,"TO":12.625,"STL":7.375,"BLK":4.125,"STK":11.5,"PF":23.25,"Fls on:":21.5,"+\/-":-2.875,"GW":41.0,"GP":8.0,"W":3.0,"L":5.0,"FG%":33.904109589,"2P%":38.4615384615,"3P%":27.0386266094,"FT%":56.1224489796,"W%":0.375},"AU":{"MINS":205.5555555556,"FGM":29.4444444444,"FGA":71.6666666667,"2PM":25.0,"2PA":53.5555555556,"3PM":4.4444444444,"3PA":18.1111111111,"FTM":14.8888888889,"FTA":26.3333333333,"PTS":78.2222222222,"OFF":11.2222222222,"DEF":26.3333333333,"REB":37.5555555556,"AST":14.7777777778,"TO":13.2222222222,"STL":10.2222222222,"BLK":2.6666666667,"STK":12.8888888889,"PF":21.0,"Fls on:":23.5555555556,"+\/-":-1.2222222222,"GW":38.0,"GP":9.0,"W":3.0,"L":6.0,"FG%":41.0852713178,"2P%":46.6804979253,"3P%":24.5398773006,"FT%":56.5400843882,"W%":0.3333333333},"JRU":{"MINS":200.0,"FGM":25.6666666667,"FGA":68.5555555556,"2PM":19.8888888889,"2PA":47.3333333333,"3PM":5.7777777778,"3PA":21.2222222222,"FTM":19.2222222222,"FTA":27.7777777778,"PTS":76.3333333333,"OFF":13.1111111111,"DEF":22.6666666667,"REB":35.7777777778,"AST":17.0,"TO":14.6666666667,"STL":8.7777777778,"BLK":4.5555555556,"STK":13.3333333333,"PF":19.5555555556,"Fls on:":23.1111111111,"+\/-":-4.1111111111,"GW":44.0,"GP":9.0,"W":3.0,"L":6.0,"FG%":37.4392220421,"2P%":42.0187793427,"3P%":27.2251308901,"FT%":69.2,"W%":0.3333333333},"SSCR":{"MINS":203.125,"FGM":27.25,"FGA":77.375,"2PM":20.625,"2PA":44.625,"3PM":6.625,"3PA":32.75,"FTM":17.125,"FTA":22.625,"PTS":78.25,"OFF":13.5,"DEF":22.75,"REB":36.25,"AST":13.5,"TO":11.5,"STL":10.375,"BLK":1.625,"STK":12.0,"PF":26.5,"Fls on:":20.125,"+\/-":-7.5,"GW":26.0,"GP":8.0,"W":2.0,"L":6.0,"FG%":35.2180936995,"2P%":46.218487395,"3P%":20.2290076336,"FT%":75.6906077348,"W%":0.25}}