{"CSB":{"OFF":77.2432344767,"DEF":66.0716923003,"NET":11.1715421764,"PACE":78.3240116883,"hAST%":15.2097970719,"hTO%":15.2097970719,"TOR":21.9884322202,"AR":21.9884322202,"STL%":10.3558422714,"BLK%":8.0604534005,"EFG%":49.0461049285,"TS%":51.1930952784,"PPWS":1.0238619056,"REB%":58.7392550143,"OREB%":41.7197452229,"DREB%":72.65625,"FTR":0.2893481717,"FFI":37.7997216465,"Py-W":8.3169626932,"Py-L":0.6830373068,"PPR":-2.7885752645,"HHI":0.101602046},"MU":{"OFF":75.5646217949,"DEF":72.146512893,"NET":3.4181089019,"PACE":76.7968509887,"hAST%":14.6559344903,"hTO%":11.7480109803,"TOR":16.4394761471,"AR":20.5086534112,"STL%":10.5798608867,"BLK%":4.4247787611,"EFG%":45.0909090909,"TS%":48.9157921355,"PPWS":0.9783158427,"REB%":52.7868852459,"OREB%":33.3333333333,"DREB%":73.5593220339,"FTR":0.3418181818,"FFI":33.9401720671,"Py-W":5.417065486,"Py-L":2.582934514,"PPR":-1.0819921391,"HHI":0.1350476693},"SBU":{"OFF":72.8629811049,"DEF":69.4800569822,"NET":3.3829241227,"PACE":72.0530497159,"hAST%":12.7590078595,"hTO%":12.2486475452,"TOR":16.6543956811,"AR":17.3483288345,"STL%":5.8984318037,"BLK%":7.4433656958,"EFG%":44.8919449902,"TS%":47.6384919015,"PPWS":0.952769838,"REB%":53.785488959,"OREB%":31.25,"DREB%":74.5454545455,"FTR":0.3516699411,"FFI":33.6454260323,"Py-W":5.4519675978,"Py-L":2.5480324022,"PPR":-1.959269888,"HHI":0.1278826531},"CSJL":{"OFF":73.0494844801,"DEF":71.3102110401,"NET":1.73927344,"PACE":76.6603630382,"hAST%":15.1766004415,"hTO%":14.3275598574,"TOR":19.5668262,"AR":20.7263418267,"STL%":7.39191212,"BLK%":10.5633802817,"EFG%":45.8404074703,"TS%":50.5841262194,"PPWS":1.0116825244,"REB%":50.7142857143,"OREB%":28.6173633441,"DREB%":68.3804627249,"FTR":0.2903225806,"FFI":33.3061809166,"Py-W":5.3569224284,"Py-L":3.6430775716,"PPR":-2.1582022563,"HHI":0.1171033518},"League":{"OFF":72.4100508316,"DEF":72.4100508316,"NET":0.0,"PACE":78.2057308984,"hAST%":14.4168542638,"hTO%":12.3557780616,"TOR":17.1985483833,"AR":20.0674505769,"STL%":9.9891309538,"BLK%":7.3517574457,"EFG%":43.5497329773,"TS%":47.3600854013,"PPWS":0.947201708,"REB%":50.0,"OREB%":30.6804733728,"DREB%":69.3195266272,"FTR":0.3281041389,"FFI":32.7771870441,"Py-W":4.3,"Py-L":4.3,"PPR":-1.4643874644,"HHI":0.0100678529},"AU":{"OFF":70.8230272085,"DEF":71.9296370086,"NET":-1.1066098001,"PACE":82.8355818426,"hAST%":13.2829977629,"hTO%":11.884787472,"TOR":15.9620080261,"AR":17.8398913233,"STL%":12.340375953,"BLK%":6.0,"EFG%":44.1860465116,"TS%":46.9784326287,"PPWS":0.9395686526,"REB%":47.2727272727,"OREB%":27.0777479893,"DREB%":69.298245614,"FTR":0.3674418605,"FFI":32.592098116,"Py-W":3.9446940342,"Py-L":5.0553059658,"PPR":-1.5479968098,"HHI":0.1084468621},"UPHSD":{"OFF":65.9578879156,"DEF":67.3941568317,"NET":-1.4362689161,"PACE":75.4269149183,"hAST%":15.548552948,"hTO%":13.2680985156,"TOR":18.8556329496,"AR":22.0964448629,"STL%":10.0170550045,"BLK%":9.1428571429,"EFG%":40.243902439,"TS%":43.4674976701,"PPWS":0.8693499534,"REB%":51.5561569689,"OREB%":31.0541310541,"DREB%":70.1030927835,"FTR":0.2650406504,"FFI":30.9979051799,"Py-W":3.7320808265,"Py-L":5.2679191735,"PPR":-1.5483494842,"HHI":0.1275753418},"EAC":{"OFF":66.8138359492,"DEF":69.51457097,"NET":-2.7007350208,"PACE":79.8393764438,"hAST%":14.234242249,"hTO%":11.2317067746,"TOR":15.8129992522,"AR":20.040236676,"STL%":9.2372965929,"BLK%":9.1412742382,"EFG%":39.2979452055,"TS%":42.4474814992,"PPWS":0.84894963,"REB%":45.5081001473,"OREB%":28.0,"DREB%":64.1337386018,"FTR":0.3356164384,"FFI":30.3066744706,"Py-W":2.7727980248,"Py-L":5.2272019752,"PPR":-0.9443754328,"HHI":0.1066867226},"LPU":{"OFF":76.7327567885,"DEF":79.9691043538,"NET":-3.2363475652,"PACE":79.8224937608,"hAST%":15.6605922551,"hTO%":9.9658314351,"TOR":13.6413789846,"AR":21.4364526901,"STL%":9.4654466424,"BLK%":4.0920716113,"EFG%":45.8267716535,"TS%":50.2488514548,"PPWS":1.0049770291,"REB%":44.2553191489,"OREB%":23.1197771588,"DREB%":66.1849710983,"FTR":0.3448818898,"FFI":31.5382371858,"Py-W":3.0646619238,"Py-L":5.9353380762,"PPR":0.2505285356,"HHI":0.1253459207},"JRU":{"OFF":73.6011513384,"DEF":77.5651143654,"NET":-3.963963027,"PACE":77.7841092957,"hAST%":15.1185770751,"hTO%":13.0434782609,"TOR":18.855607912,"AR":21.8553637162,"STL%":11.2847956443,"BLK%":10.0244498778,"EFG%":41.6531604538,"TS%":47.2489683631,"PPWS":0.9449793673,"REB%":49.6147919877,"OREB%":34.6041055718,"DREB%":66.2337662338,"FTR":0.4051863857,"FFI":34.37378306,"Py-W":2.7151143022,"Py-L":6.2848856978,"PPR":-1.6757006799,"HHI":0.1134883859},"SSCR":{"OFF":71.1238136953,"DEF":77.9407926437,"NET":-6.8169789484,"PACE":82.5145572922,"hAST%":12.0181607763,"hTO%":10.2376925131,"TOR":13.936934739,"AR":16.3607494762,"STL%":12.5735389493,"BLK%":3.768115942,"EFG%":39.4991922456,"TS%":44.801328295,"PPWS":0.8960265659,"REB%":45.9587955626,"OREB%":29.8342541436,"DREB%":67.6579925651,"FTR":0.2924071082,"FFI":29.6368680353,"Py-W":1.5023181748,"Py-L":6.4976818252,"PPR":-1.1664997113,"HHI":0.1306944033}}