{"AU":{"MINS":1850.0,"FGM":265.0,"FGA":645.0,"2PM":225.0,"2PA":482.0,"3PM":40.0,"3PA":163.0,"FTM":134.0,"FTA":237.0,"PTS":704.0,"OFF":101.0,"DEF":237.0,"REB":338.0,"AST":133.0,"TO":119.0,"STL":92.0,"BLK":24.0,"STK":116.0,"PF":189.0,"Fls on:":212.0,"+\/-":-11.0,"GW":38.0,"GP":9.0,"W":3.0,"L":6.0,"FG%":41.0852713178,"2P%":46.6804979253,"3P%":24.5398773006,"FT%":56.5400843882},"CSB":{"MINS":1850.0,"FGM":279.0,"FGA":629.0,"2PM":220.0,"2PA":402.0,"3PM":59.0,"3PA":227.0,"FTM":109.0,"FTA":182.0,"PTS":726.0,"OFF":131.0,"DEF":279.0,"REB":410.0,"AST":155.0,"TO":155.0,"STL":73.0,"BLK":32.0,"STK":105.0,"PF":164.0,"Fls on:":167.0,"+\/-":105.0,"GW":96.0,"GP":9.0,"W":7.0,"L":2.0,"FG%":44.3561208267,"2P%":54.7263681592,"3P%":25.9911894273,"FT%":59.8901098901},"CSJL":{"MINS":1875.0,"FGM":239.0,"FGA":589.0,"2PM":177.0,"2PA":345.0,"3PM":62.0,"3PA":244.0,"FTM":132.0,"FTA":171.0,"PTS":672.0,"OFF":89.0,"DEF":266.0,"REB":355.0,"AST":143.0,"TO":135.0,"STL":51.0,"BLK":45.0,"STK":96.0,"PF":184.0,"Fls on:":164.0,"+\/-":16.0,"GW":77.0,"GP":9.0,"W":6.0,"L":3.0,"FG%":40.5772495756,"2P%":51.3043478261,"3P%":25.4098360656,"FT%":77.1929824561},"EAC":{"MINS":1625.0,"FGM":198.0,"FGA":584.0,"2PM":135.0,"2PA":351.0,"3PM":63.0,"3PA":233.0,"FTM":110.0,"FTA":196.0,"PTS":569.0,"OFF":98.0,"DEF":211.0,"REB":309.0,"AST":128.0,"TO":101.0,"STL":59.0,"BLK":33.0,"STK":92.0,"PF":186.0,"Fls on:":172.0,"+\/-":-23.0,"GW":41.0,"GP":8.0,"W":3.0,"L":5.0,"FG%":33.904109589,"2P%":38.4615384615,"3P%":27.0386266094,"FT%":56.1224489796},"JRU":{"MINS":1800.0,"FGM":231.0,"FGA":617.0,"2PM":179.0,"2PA":426.0,"3PM":52.0,"3PA":191.0,"FTM":173.0,"FTA":250.0,"PTS":687.0,"OFF":118.0,"DEF":204.0,"REB":322.0,"AST":153.0,"TO":132.0,"STL":79.0,"BLK":41.0,"STK":120.0,"PF":176.0,"Fls on:":208.0,"+\/-":-37.0,"GW":44.0,"GP":9.0,"W":3.0,"L":6.0,"FG%":37.4392220421,"2P%":42.0187793427,"3P%":27.2251308901,"FT%":69.2},"LPU":{"MINS":1825.0,"FGM":254.0,"FGA":635.0,"2PM":180.0,"2PA":364.0,"3PM":74.0,"3PA":271.0,"FTM":153.0,"FTA":219.0,"PTS":735.0,"OFF":83.0,"DEF":229.0,"REB":312.0,"AST":154.0,"TO":98.0,"STL":68.0,"BLK":16.0,"STK":84.0,"PF":181.0,"Fls on:":192.0,"+\/-":-31.0,"GW":50.0,"GP":9.0,"W":4.0,"L":5.0,"FG%":40.0,"2P%":49.4505494505,"3P%":27.3062730627,"FT%":69.8630136986},"MU":{"MINS":1600.0,"FGM":215.0,"FGA":550.0,"2PM":149.0,"2PA":311.0,"3PM":66.0,"3PA":239.0,"FTM":123.0,"FTA":188.0,"PTS":619.0,"OFF":105.0,"DEF":217.0,"REB":322.0,"AST":126.0,"TO":101.0,"STL":65.0,"BLK":15.0,"STK":80.0,"PF":201.0,"Fls on:":158.0,"+\/-":28.0,"GW":71.0,"GP":8.0,"W":6.0,"L":2.0,"FG%":39.0909090909,"2P%":47.9099678457,"3P%":27.6150627615,"FT%":65.4255319149},"SBU":{"MINS":1625.0,"FGM":195.0,"FGA":509.0,"2PM":128.0,"2PA":292.0,"3PM":67.0,"3PA":217.0,"FTM":103.0,"FTA":179.0,"PTS":560.0,"OFF":95.0,"DEF":246.0,"REB":341.0,"AST":100.0,"TO":96.0,"STL":34.0,"BLK":23.0,"STK":57.0,"PF":141.0,"Fls on:":170.0,"+\/-":26.0,"GW":67.0,"GP":8.0,"W":5.0,"L":3.0,"FG%":38.3104125737,"2P%":43.8356164384,"3P%":30.8755760369,"FT%":57.5418994413},"SSCR":{"MINS":1625.0,"FGM":218.0,"FGA":619.0,"2PM":165.0,"2PA":357.0,"3PM":53.0,"3PA":262.0,"FTM":137.0,"FTA":181.0,"PTS":626.0,"OFF":108.0,"DEF":182.0,"REB":290.0,"AST":108.0,"TO":92.0,"STL":83.0,"BLK":13.0,"STK":96.0,"PF":212.0,"Fls on:":161.0,"+\/-":-60.0,"GW":26.0,"GP":8.0,"W":2.0,"L":6.0,"FG%":35.2180936995,"2P%":46.218487395,"3P%":20.2290076336,"FT%":75.6906077348},"UPHSD":{"MINS":1875.0,"FGM":221.0,"FGA":615.0,"2PM":168.0,"2PA":397.0,"3PM":53.0,"3PA":218.0,"FTM":102.0,"FTA":163.0,"PTS":597.0,"OFF":109.0,"DEF":272.0,"REB":381.0,"AST":150.0,"TO":128.0,"STL":68.0,"BLK":32.0,"STK":100.0,"PF":157.0,"Fls on:":160.0,"+\/-":-13.0,"GW":48.0,"GP":9.0,"W":4.0,"L":5.0,"FG%":35.9349593496,"2P%":42.3173803526,"3P%":24.3119266055,"FT%":62.5766871166},"League":{"MINS":1755.0,"FGM":231.5,"FGA":599.2,"2PM":172.6,"2PA":372.7,"3PM":58.9,"3PA":226.5,"FTM":127.6,"FTA":196.6,"PTS":649.5,"OFF":103.7,"DEF":234.3,"REB":338.0,"AST":135.0,"TO":115.7,"STL":67.2,"BLK":27.4,"STK":94.6,"PF":179.1,"Fls on:":176.4,"+\/-":0.0,"GW":55.8,"GP":8.6,"W":4.3,"L":4.3,"FG%":38.6348464619,"2P%":46.3107056614,"3P%":26.004415011,"FT%":64.9033570702}}