{"CSB":{"MINS":204.1666666667,"FGM":31.6666666667,"FGA":69.0833333333,"2PM":24.6666666667,"2PA":44.5,"3PM":7.0,"3PA":24.5833333333,"FTM":12.75,"FTA":21.5833333333,"PTS":83.0833333333,"OFF":13.75,"DEF":31.1666666667,"REB":44.9166666667,"AST":18.0833333333,"TO":16.0,"STL":7.1666666667,"BLK":4.0833333333,"STK":11.25,"PF":19.25,"Fls on:":19.1666666667,"+\/-":12.4166666667,"GW":140,"GP":12.0,"W":10.0,"L":2.0,"FG%":45.8383594692,"2P%":55.4307116105,"3P%":28.4745762712,"FT%":59.0733590734,"W%":0.8333333333},"MU":{"MINS":201.9230769231,"FGM":26.8461538462,"FGA":68.5384615385,"2PM":18.3846153846,"2PA":39.1538461538,"3PM":8.4615384615,"3PA":29.3846153846,"FTM":13.9230769231,"FTA":22.2307692308,"PTS":76.0769230769,"OFF":13.5384615385,"DEF":26.6153846154,"REB":40.1538461538,"AST":15.9230769231,"TO":13.7692307692,"STL":7.6153846154,"BLK":2.3846153846,"STK":10.0,"PF":23.6923076923,"Fls on:":20.1538461538,"+\/-":3.0153846154,"GW":120,"GP":13.0,"W":10.0,"L":3.0,"FG%":39.1694725028,"2P%":46.9548133595,"3P%":28.7958115183,"FT%":62.6297577855,"W%":0.7692307692},"SBU":{"MINS":203.8461538462,"FGM":23.8461538462,"FGA":62.5384615385,"2PM":15.3076923077,"2PA":35.3846153846,"3PM":8.5384615385,"3PA":27.1538461538,"FTM":12.1538461538,"FTA":20.7692307692,"PTS":68.3846153846,"OFF":10.6153846154,"DEF":29.2307692308,"REB":39.8461538462,"AST":13.3076923077,"TO":11.7692307692,"STL":5.0769230769,"BLK":2.6153846154,"STK":7.6923076923,"PF":17.7692307692,"Fls on:":18.8461538462,"+\/-":3.5384615385,"GW":106,"GP":13.0,"W":8.0,"L":5.0,"FG%":38.1303813038,"2P%":43.2608695652,"3P%":31.4447592068,"FT%":58.5185185185,"W%":0.6153846154},"CSJL":{"MINS":209.6153846154,"FGM":26.6153846154,"FGA":65.1538461538,"2PM":19.3846153846,"2PA":38.5384615385,"3PM":7.2307692308,"3PA":26.6153846154,"FTM":14.9230769231,"FTA":20.0769230769,"PTS":75.3846153846,"OFF":9.1538461538,"DEF":28.3076923077,"REB":37.4615384615,"AST":16.1538461538,"TO":15.6153846154,"STL":5.9230769231,"BLK":4.6153846154,"STK":10.5384615385,"PF":20.3846153846,"Fls on:":19.5384615385,"+\/-":-1.6923076923,"GW":90,"GP":13.0,"W":7.0,"L":6.0,"FG%":40.8500590319,"2P%":50.2994011976,"3P%":27.1676300578,"FT%":74.3295019157,"W%":0.5384615385},"EAC":{"MINS":202.0833333333,"FGM":26.6666666667,"FGA":72.0833333333,"2PM":18.1666666667,"2PA":44.3333333333,"3PM":8.5,"3PA":27.75,"FTM":15.1666666667,"FTA":25.8333333333,"PTS":77.0,"OFF":12.0833333333,"DEF":26.6666666667,"REB":38.75,"AST":18.0833333333,"TO":13.1666666667,"STL":7.8333333333,"BLK":3.8333333333,"STK":11.6666666667,"PF":22.0833333333,"Fls on:":22.1666666667,"+\/-":-0.0333333333,"GW":85,"GP":12.0,"W":6.0,"L":6.0,"FG%":36.9942196532,"2P%":40.977443609,"3P%":30.6306306306,"FT%":58.7096774194,"W%":0.5},"LPU":{"MINS":202.0833333333,"FGM":28.3333333333,"FGA":70.4166666667,"2PM":20.5,"2PA":41.25,"3PM":7.8333333333,"3PA":29.1666666667,"FTM":16.8333333333,"FTA":23.3333333333,"PTS":81.3333333333,"OFF":9.8333333333,"DEF":25.6666666667,"REB":35.5,"AST":17.5,"TO":11.25,"STL":7.8333333333,"BLK":1.5833333333,"STK":9.4166666667,"PF":20.0833333333,"Fls on:":21.0,"+\/-":-0.9166666667,"GW":77,"GP":12.0,"W":6.0,"L":6.0,"FG%":40.2366863905,"2P%":49.696969697,"3P%":26.8571428571,"FT%":72.1428571429,"W%":0.5},"League":{"MINS":203.9682539683,"FGM":27.1825396825,"FGA":69.380952381,"2PM":20.0793650794,"2PA":43.3333333333,"3PM":7.1031746032,"3PA":26.0476190476,"FTM":14.6587301587,"FTA":22.6825396825,"PTS":76.126984127,"OFF":11.8492063492,"DEF":26.8095238095,"REB":38.6587301587,"AST":16.2380952381,"TO":13.3253968254,"STL":7.6507936508,"BLK":3.1428571429,"STK":10.7936507937,"PF":20.8015873016,"Fls on:":20.5079365079,"+\/-":-0.0015873016,"GW":82,"GP":12.6,"W":6.3,"L":6.3,"FG%":39.1786776481,"2P%":46.336996337,"3P%":27.2699573431,"FT%":64.6256123163,"W%":0.5},"AU":{"MINS":203.8461538462,"FGM":29.1538461538,"FGA":72.3846153846,"2PM":24.6153846154,"2PA":52.8461538462,"3PM":4.5384615385,"3PA":19.5384615385,"FTM":14.3076923077,"FTA":25.3076923077,"PTS":77.1538461538,"OFF":12.1538461538,"DEF":25.3076923077,"REB":37.4615384615,"AST":15.2307692308,"TO":12.6153846154,"STL":10.0769230769,"BLK":2.9230769231,"STK":13.0,"PF":21.1538461538,"Fls on:":22.9230769231,"+\/-":-2.7692307692,"GW":63,"GP":13.0,"W":5.0,"L":8.0,"FG%":40.2763018066,"2P%":46.5793304221,"3P%":23.2283464567,"FT%":56.5349544073,"W%":0.3846153846},"UPHSD":{"MINS":205.7692307692,"FGM":23.7692307692,"FGA":66.2307692308,"2PM":17.6923076923,"2PA":42.0769230769,"3PM":6.0769230769,"3PA":24.1538461538,"FTM":11.7692307692,"FTA":18.3076923077,"PTS":65.3846153846,"OFF":11.3846153846,"DEF":28.8461538462,"REB":40.2307692308,"AST":16.7692307692,"TO":14.2307692308,"STL":7.2307692308,"BLK":3.7692307692,"STK":11.0,"PF":17.7692307692,"Fls on:":18.0769230769,"+\/-":-1.6923076923,"GW":58,"GP":13.0,"W":5.0,"L":8.0,"FG%":35.8885017422,"2P%":42.0475319927,"3P%":25.1592356688,"FT%":64.2857142857,"W%":0.3846153846},"JRU":{"MINS":200.0,"FGM":26.0,"FGA":68.5,"2PM":20.8333333333,"2PA":48.0,"3PM":5.1666666667,"3PA":20.5,"FTM":18.5,"FTA":27.0,"PTS":75.6666666667,"OFF":12.5,"DEF":23.0833333333,"REB":35.5833333333,"AST":17.25,"TO":14.0,"STL":7.9166666667,"BLK":4.0833333333,"STK":12.0,"PF":19.8333333333,"Fls on:":23.0833333333,"+\/-":-4.8333333333,"GW":44,"GP":12.0,"W":3.0,"L":9.0,"FG%":37.9562043796,"2P%":43.4027777778,"3P%":25.2032520325,"FT%":68.5185185185,"W%":0.25},"SSCR":{"MINS":205.7692307692,"FGM":29.2307692308,"FGA":79.0769230769,"2PM":21.5384615385,"2PA":47.6153846154,"3PM":7.6923076923,"3PA":31.4615384615,"FTM":16.6153846154,"FTA":22.9230769231,"PTS":82.7692307692,"OFF":13.5384615385,"DEF":23.1538461538,"REB":36.6923076923,"AST":14.5384615385,"TO":10.9230769231,"STL":9.8461538462,"BLK":1.6153846154,"STK":11.4615384615,"PF":25.8461538462,"Fls on:":20.3846153846,"+\/-":-6.5384615385,"GW":37,"GP":13.0,"W":3.0,"L":10.0,"FG%":36.9649805447,"2P%":45.2342487884,"3P%":24.4498777506,"FT%":72.4832214765,"W%":0.2307692308}}