{"CSB":{"2PM":20.0,"2PA":44.1111111111,"3PM":6.0,"3PA":27.8888888889,"FTM":11.0,"FTA":19.0,"OFF":11.6666666667,"DEF":20.3333333333,"AST":12.3333333333,"TO":12.6666666667,"STL":10.1111111111,"BLK":3.1111111111,"PF":19.0,"Fls on:":18.2222222222,"+\/-":-11.6666666667,"GW":25,"GP":9.0,"MINS":200.0,"FGM":26.0,"FGA":72.0,"FG%":36.1111111111,"2P%":45.3400503778,"3P%":21.5139442231,"FT%":57.8947368421,"PTS":69.0,"REB":32.0,"STK":13.2222222222},"SBU":{"2PM":15.8888888889,"2PA":38.5555555556,"3PM":8.1111111111,"3PA":31.0,"FTM":10.8888888889,"FTA":16.3333333333,"OFF":10.4444444444,"DEF":26.5555555556,"AST":14.7777777778,"TO":9.4444444444,"STL":5.7777777778,"BLK":2.8888888889,"PF":20.3333333333,"Fls on:":17.4444444444,"+\/-":-3.6666666667,"GW":38,"GP":9.0,"MINS":200.0,"FGM":24.0,"FGA":69.5555555556,"FG%":34.5047923323,"2P%":41.2103746398,"3P%":26.164874552,"FT%":66.6666666667,"PTS":67.0,"REB":37.0,"STK":8.6666666667},"MU":{"2PM":17.7777777778,"2PA":41.8888888889,"3PM":6.6666666667,"3PA":22.5555555556,"FTM":18.5555555556,"FTA":27.8888888889,"OFF":9.4444444444,"DEF":26.4444444444,"AST":15.0,"TO":12.8888888889,"STL":7.3333333333,"BLK":2.6666666667,"PF":19.6666666667,"Fls on:":23.2222222222,"+\/-":-2.3333333333,"GW":35,"GP":9.0,"MINS":200.0,"FGM":24.4444444444,"FGA":64.4444444444,"FG%":37.9310344828,"2P%":42.4403183024,"3P%":29.5566502463,"FT%":66.5338645418,"PTS":74.1111111111,"REB":35.8888888889,"STK":10.0},"CSJL":{"2PM":20.3333333333,"2PA":47.3333333333,"3PM":6.3333333333,"3PA":28.4444444444,"FTM":13.2222222222,"FTA":20.3333333333,"OFF":13.6666666667,"DEF":24.6666666667,"AST":15.1111111111,"TO":9.8888888889,"STL":8.4444444444,"BLK":3.0,"PF":18.6666666667,"Fls on:":20.0,"+\/-":-1.7777777778,"GW":37,"GP":9.0,"MINS":200.0,"FGM":26.6666666667,"FGA":75.7777777778,"FG%":35.1906158358,"2P%":42.9577464789,"3P%":22.265625,"FT%":65.0273224044,"PTS":72.8888888889,"REB":38.3333333333,"STK":11.4444444444},"League":{"2PM":20.0113636364,"2PA":43.2159090909,"3PM":6.9204545455,"3PA":26.4659090909,"FTM":14.6704545455,"FTA":22.625,"OFF":11.9772727273,"DEF":27.2840909091,"AST":15.6590909091,"TO":13.4090909091,"STL":7.7727272727,"BLK":3.1477272727,"PF":20.6818181818,"Fls on:":20.375,"+\/-":0.0,"GW":57,"GP":8.8,"MINS":200.0,"FGM":26.9318181818,"FGA":69.6818181818,"FG%":38.6497064579,"2P%":46.3055482514,"3P%":26.1485616144,"FT%":64.8417880462,"PTS":75.4545454545,"REB":39.2613636364,"STK":10.9204545455},"AU":{"2PM":19.5555555556,"2PA":44.4444444444,"3PM":7.6666666667,"3PA":25.8888888889,"FTM":17.3333333333,"FTA":25.2222222222,"OFF":11.6666666667,"DEF":30.2222222222,"AST":17.4444444444,"TO":16.2222222222,"STL":8.2222222222,"BLK":3.7777777778,"PF":24.2222222222,"Fls on:":20.4444444444,"+\/-":1.2222222222,"GW":77,"GP":9.0,"MINS":200.0,"FGM":27.2222222222,"FGA":70.3333333333,"FG%":38.7045813586,"2P%":44.0,"3P%":29.6137339056,"FT%":68.7224669604,"PTS":79.4444444444,"REB":41.8888888889,"STK":12.0},"UPHSD":{"2PM":16.8888888889,"2PA":38.8888888889,"3PM":7.6666666667,"3PA":31.4444444444,"FTM":11.0,"FTA":18.1111111111,"OFF":12.8888888889,"DEF":26.8888888889,"AST":14.0,"TO":12.6666666667,"STL":8.6666666667,"BLK":2.5555555556,"PF":18.0,"Fls on:":17.2222222222,"+\/-":1.4444444444,"GW":64,"GP":9.0,"MINS":200.0,"FGM":24.5555555556,"FGA":70.3333333333,"FG%":34.9131121643,"2P%":43.4285714286,"3P%":24.3816254417,"FT%":60.736196319,"PTS":67.7777777778,"REB":39.7777777778,"STK":11.2222222222},"EAC":{"2PM":19.25,"2PA":45.125,"3PM":6.25,"3PA":25.625,"FTM":16.75,"FTA":26.75,"OFF":14.75,"DEF":31.5,"AST":16.375,"TO":14.625,"STL":7.625,"BLK":3.25,"PF":21.75,"Fls on:":22.875,"+\/-":2.875,"GW":68,"GP":8.0,"MINS":200.0,"FGM":25.5,"FGA":70.75,"FG%":36.0424028269,"2P%":42.6592797784,"3P%":24.3902439024,"FT%":62.6168224299,"PTS":74.0,"REB":46.25,"STK":10.875},"LPU":{"2PM":23.6666666667,"2PA":43.4444444444,"3PM":7.7777777778,"3PA":26.0,"FTM":14.4444444444,"FTA":22.5555555556,"OFF":13.0,"DEF":30.6666666667,"AST":18.4444444444,"TO":14.2222222222,"STL":6.3333333333,"BLK":3.3333333333,"PF":21.5555555556,"Fls on:":20.0,"+\/-":3.4444444444,"GW":68,"GP":9.0,"MINS":200.0,"FGM":31.4444444444,"FGA":69.4444444444,"FG%":45.28,"2P%":54.4757033248,"3P%":29.9145299145,"FT%":64.039408867,"PTS":85.1111111111,"REB":43.6666666667,"STK":9.6666666667},"JRU":{"2PM":24.0,"2PA":45.4444444444,"3PM":6.1111111111,"3PA":22.6666666667,"FTM":14.1111111111,"FTA":20.4444444444,"OFF":11.5555555556,"DEF":24.7777777778,"AST":13.3333333333,"TO":14.5555555556,"STL":8.4444444444,"BLK":3.5555555556,"PF":23.4444444444,"Fls on:":19.3333333333,"+\/-":4.1111111111,"GW":81,"GP":9.0,"MINS":200.0,"FGM":30.1111111111,"FGA":68.1111111111,"FG%":44.2088091354,"2P%":52.8117359413,"3P%":26.9607843137,"FT%":69.0217391304,"PTS":80.4444444444,"REB":36.3333333333,"STK":12.0},"SSCR":{"2PM":23.0,"2PA":43.125,"3PM":6.5,"3PA":22.625,"FTM":20.25,"FTA":31.0,"OFF":10.875,"DEF":31.75,"AST":20.375,"TO":17.5,"STL":6.625,"BLK":3.375,"PF":20.25,"Fls on:":25.875,"+\/-":7.5,"GW":77,"GP":8.0,"MINS":200.0,"FGM":29.5,"FGA":65.75,"FG%":44.8669201521,"2P%":53.3333333333,"3P%":28.729281768,"FT%":65.3225806452,"PTS":85.75,"REB":42.625,"STK":10.0}}