{"CSB":{"OFF":77.2432344767,"DEF":66.0716923003,"NET":11.1715421764,"PACE":78.3240116883,"hAST%":15.2097970719,"hTO%":15.2097970719,"TOR":21.9884322202,"AR":21.9884322202,"STL%":10.3558422714,"BLK%":8.0604534005,"EFG%":49.0461049285,"TS%":51.1930952784,"PPWS":1.0238619056,"REB%":58.7392550143,"OREB%":41.7197452229,"DREB%":72.65625,"FTR":0.2893481717,"FFI":37.7997216465,"Py-W":5.1787303765,"Py-L":3.8212696235,"PPR":-2.7898265444,"HHI":0.101602046},"SBU":{"OFF":73.1146602491,"DEF":69.3209750475,"NET":3.7936852016,"PACE":72.4888822836,"hAST%":12.9134571817,"hTO%":11.6674218396,"TOR":15.7878616471,"AR":17.4739439589,"STL%":6.2844886168,"BLK%":6.6282420749,"EFG%":45.1724137931,"TS%":47.7620907179,"PPWS":0.9552418144,"REB%":53.0324400564,"OREB%":29.9120234604,"DREB%":74.4565217391,"FTR":0.3362068966,"FFI":33.0414390694,"Py-W":9.8000829767,"Py-L":-0.8000829767,"PPR":-1.5752665209,"HHI":0.1250148333},"MU":{"OFF":74.7384735237,"DEF":72.4572119772,"NET":2.2812615465,"PACE":76.711940491,"hAST%":14.5427348652,"hTO%":12.1535712802,"TOR":16.9465143455,"AR":20.2778804134,"STL%":10.1389402067,"BLK%":4.774535809,"EFG%":45.1534733441,"TS%":48.7473075615,"PPWS":0.9749461512,"REB%":52.8467153285,"OREB%":32.5779036827,"DREB%":74.3975903614,"FTR":0.3182552504,"FFI":33.5874274166,"Py-W":0.0,"Py-L":9.0,"PPR":-1.3226491804,"HHI":0.1379588629},"CSJL":{"OFF":73.0494844801,"DEF":71.3102110401,"NET":1.73927344,"PACE":76.6603630382,"hAST%":15.1766004415,"hTO%":14.3275598574,"TOR":19.5668262,"AR":20.7263418267,"STL%":7.39191212,"BLK%":10.5633802817,"EFG%":45.8404074703,"TS%":50.5841262194,"PPWS":1.0116825244,"REB%":50.7142857143,"OREB%":28.6173633441,"DREB%":68.3804627249,"FTR":0.2903225806,"FFI":33.3061809166,"Py-W":null,"Py-L":null,"PPR":-2.1591706774,"HHI":0.1171033518},"League":{"OFF":72.3908743086,"DEF":72.3908743086,"NET":0.0,"PACE":78.2408231054,"hAST%":14.4051247956,"hTO%":12.3353028003,"TOR":17.1528577679,"AR":20.0310491561,"STL%":9.9428429773,"BLK%":7.2837233763,"EFG%":43.6154598826,"TS%":47.3741588233,"PPWS":0.9474831765,"REB%":50.0,"OREB%":30.506512301,"DREB%":69.493487699,"FTR":0.32469015,"FFI":32.7060531057,"Py-W":4.4,"Py-L":4.4,"PPR":-1.4518518519,"HHI":0.0101327647},"AU":{"OFF":70.8230272085,"DEF":71.9296370086,"NET":-1.1066098001,"PACE":82.8355818426,"hAST%":13.2829977629,"hTO%":11.884787472,"TOR":15.9620080261,"AR":17.8398913233,"STL%":12.340375953,"BLK%":6.0,"EFG%":44.1860465116,"TS%":46.9784326287,"PPWS":0.9395686526,"REB%":47.2727272727,"OREB%":27.0777479893,"DREB%":69.298245614,"FTR":0.3674418605,"FFI":32.592098116,"Py-W":0.0,"Py-L":9.0,"PPR":-1.5486914216,"HHI":0.1084468621},"UPHSD":{"OFF":65.9578879156,"DEF":67.3941568317,"NET":-1.4362689161,"PACE":75.4269149183,"hAST%":15.548552948,"hTO%":13.2680985156,"TOR":18.8556329496,"AR":22.0964448629,"STL%":10.0170550045,"BLK%":9.1428571429,"EFG%":40.243902439,"TS%":43.4674976701,"PPWS":0.8693499534,"REB%":51.5561569689,"OREB%":31.0541310541,"DREB%":70.1030927835,"FTR":0.2650406504,"FFI":30.9979051799,"Py-W":33.1951206311,"Py-L":-24.1951206311,"PPR":-1.5490442543,"HHI":0.1275753418},"EAC":{"OFF":66.8138359492,"DEF":69.51457097,"NET":-2.7007350208,"PACE":79.8393764438,"hAST%":14.234242249,"hTO%":11.2317067746,"TOR":15.8129992522,"AR":20.040236676,"STL%":9.2372965929,"BLK%":9.1412742382,"EFG%":39.2979452055,"TS%":42.4474814992,"PPWS":0.84894963,"REB%":45.5081001473,"OREB%":28.0,"DREB%":64.1337386018,"FTR":0.3356164384,"FFI":30.3066744706,"Py-W":8.0,"Py-L":0.0,"PPR":-0.9447991897,"HHI":0.1066867226},"LPU":{"OFF":76.7327567885,"DEF":79.9691043538,"NET":-3.2363475652,"PACE":79.8224937608,"hAST%":15.6605922551,"hTO%":9.9658314351,"TOR":13.6413789846,"AR":21.4364526901,"STL%":9.4654466424,"BLK%":4.0920716113,"EFG%":45.8267716535,"TS%":50.2488514548,"PPWS":1.0049770291,"REB%":44.2553191489,"OREB%":23.1197771588,"DREB%":66.1849710983,"FTR":0.3448818898,"FFI":31.5382371858,"Py-W":-14.6704762055,"Py-L":23.6704762055,"PPR":0.2506409519,"HHI":0.1253459207},"JRU":{"OFF":73.6011513384,"DEF":77.5651143654,"NET":-3.963963027,"PACE":77.7841092957,"hAST%":15.1185770751,"hTO%":13.0434782609,"TOR":18.855607912,"AR":21.8553637162,"STL%":11.2847956443,"BLK%":10.0244498778,"EFG%":41.6531604538,"TS%":47.2489683631,"PPWS":0.9449793673,"REB%":49.6147919877,"OREB%":34.6041055718,"DREB%":66.2337662338,"FTR":0.4051863857,"FFI":34.37378306,"Py-W":3.0087880904,"Py-L":5.9912119096,"PPR":-1.6764525945,"HHI":0.1134883859},"SSCR":{"OFF":71.1238136953,"DEF":77.9407926437,"NET":-6.8169789484,"PACE":82.5145572922,"hAST%":12.0181607763,"hTO%":10.2376925131,"TOR":13.936934739,"AR":16.3607494762,"STL%":12.5735389493,"BLK%":3.768115942,"EFG%":39.4991922456,"TS%":44.801328295,"PPWS":0.8960265659,"REB%":45.9587955626,"OREB%":29.8342541436,"DREB%":67.6579925651,"FTR":0.2924071082,"FFI":29.6368680353,"Py-W":11.6136061084,"Py-L":-3.6136061084,"PPR":-1.167023139,"HHI":0.1306944033}}