{"SSCR":{"2PM":42.0,"2PA":74.0,"3PM":15.0,"3PA":55.0,"FTM":48.0,"FTA":64.0,"OFF":23.0,"DEF":52.0,"AST":43.0,"TO":36.0,"STL":8.0,"BLK":5.0,"PF":53.0,"Fls on:":56.0,"+\/-":-9.0,"GW":0.0,"GP":2.0,"MINS":400.0,"FGM":57.0,"FGA":129.0,"FG%":44.1860465116,"2P%":56.7567567568,"3P%":27.2727272727,"FT%":75.0,"PTS":177.0,"REB":75.0,"STK":13.0},"SBU":{"2PM":34.0,"2PA":77.0,"3PM":13.0,"3PA":63.0,"FTM":26.0,"FTA":47.0,"OFF":27.0,"DEF":55.0,"AST":25.0,"TO":18.0,"STL":10.0,"BLK":4.0,"PF":46.0,"Fls on:":44.0,"+\/-":-11.0,"GW":12.0,"GP":2.0,"MINS":400.0,"FGM":47.0,"FGA":140.0,"FG%":33.5714285714,"2P%":44.1558441558,"3P%":20.6349206349,"FT%":55.3191489362,"PTS":133.0,"REB":82.0,"STK":14.0},"LPU":{"2PM":44.0,"2PA":83.0,"3PM":17.0,"3PA":59.0,"FTM":35.0,"FTA":54.0,"OFF":32.0,"DEF":66.0,"AST":38.0,"TO":23.0,"STL":11.0,"BLK":5.0,"PF":50.0,"Fls on:":53.0,"+\/-":18.0,"GW":28.0,"GP":2.0,"MINS":400.0,"FGM":61.0,"FGA":142.0,"FG%":42.9577464789,"2P%":53.0120481928,"3P%":28.813559322,"FT%":64.8148148148,"PTS":174.0,"REB":98.0,"STK":16.0},"EAC":{"2PM":41.0,"2PA":104.0,"3PM":13.0,"3PA":51.0,"FTM":28.0,"FTA":56.0,"OFF":31.0,"DEF":77.0,"AST":32.0,"TO":22.0,"STL":14.0,"BLK":2.0,"PF":56.0,"Fls on:":44.0,"+\/-":-4.0,"GW":12.0,"GP":2.0,"MINS":400.0,"FGM":54.0,"FGA":155.0,"FG%":34.8387096774,"2P%":39.4230769231,"3P%":25.4901960784,"FT%":50.0,"PTS":149.0,"REB":108.0,"STK":16.0},"AU":{"2PM":34.0,"2PA":93.0,"3PM":20.0,"3PA":56.0,"FTM":28.0,"FTA":45.0,"OFF":24.0,"DEF":65.0,"AST":40.0,"TO":30.0,"STL":11.0,"BLK":13.0,"PF":45.0,"Fls on:":39.0,"+\/-":9.0,"GW":24.0,"GP":2.0,"MINS":400.0,"FGM":54.0,"FGA":149.0,"FG%":36.2416107383,"2P%":36.5591397849,"3P%":35.7142857143,"FT%":62.2222222222,"PTS":156.0,"REB":89.0,"STK":24.0},"CSB":{"2PM":37.0,"2PA":85.0,"3PM":12.0,"3PA":58.0,"FTM":20.0,"FTA":38.0,"OFF":28.0,"DEF":49.0,"AST":23.0,"TO":25.0,"STL":16.0,"BLK":6.0,"PF":43.0,"Fls on:":36.0,"+\/-":-18.0,"GW":0.0,"GP":2.0,"MINS":400.0,"FGM":49.0,"FGA":143.0,"FG%":34.2657342657,"2P%":43.5294117647,"3P%":20.6896551724,"FT%":52.6315789474,"PTS":130.0,"REB":77.0,"STK":22.0},"JRU":{"2PM":45.0,"2PA":81.0,"3PM":10.0,"3PA":41.0,"FTM":32.0,"FTA":47.0,"OFF":22.0,"DEF":51.0,"AST":30.0,"TO":23.0,"STL":15.0,"BLK":11.0,"PF":48.0,"Fls on:":42.0,"+\/-":24.0,"GW":28.0,"GP":2.0,"MINS":400.0,"FGM":55.0,"FGA":122.0,"FG%":45.0819672131,"2P%":55.5555555556,"3P%":24.3902439024,"FT%":68.085106383,"PTS":152.0,"REB":73.0,"STK":26.0},"CSJL":{"2PM":43.0,"2PA":98.0,"3PM":10.0,"3PA":57.0,"FTM":37.0,"FTA":46.0,"OFF":32.0,"DEF":33.0,"AST":29.0,"TO":17.0,"STL":16.0,"BLK":6.0,"PF":48.0,"Fls on:":47.0,"+\/-":-1.0,"GW":13.0,"GP":2.0,"MINS":400.0,"FGM":53.0,"FGA":155.0,"FG%":34.1935483871,"2P%":43.8775510204,"3P%":17.5438596491,"FT%":80.4347826087,"PTS":153.0,"REB":65.0,"STK":22.0},"UPHSD":{"2PM":41.0,"2PA":90.0,"3PM":8.0,"3PA":32.0,"FTM":27.0,"FTA":48.0,"OFF":21.0,"DEF":48.0,"AST":27.0,"TO":31.0,"STL":21.0,"BLK":4.0,"PF":36.0,"Fls on:":44.0,"+\/-":-18.0,"GW":0.0,"GP":2.0,"MINS":400.0,"FGM":49.0,"FGA":122.0,"FG%":40.1639344262,"2P%":45.5555555556,"3P%":25.0,"FT%":56.25,"PTS":133.0,"REB":69.0,"STK":25.0},"MU":{"2PM":41.0,"2PA":95.0,"3PM":9.0,"3PA":38.0,"FTM":35.0,"FTA":51.0,"OFF":20.0,"DEF":63.0,"AST":32.0,"TO":32.0,"STL":17.0,"BLK":7.0,"PF":33.0,"Fls on:":49.0,"+\/-":10.0,"GW":13.0,"GP":2.0,"MINS":400.0,"FGM":50.0,"FGA":133.0,"FG%":37.5939849624,"2P%":43.1578947368,"3P%":23.6842105263,"FT%":68.6274509804,"PTS":144.0,"REB":83.0,"STK":24.0},"League":{"2PM":40.2,"2PA":88.0,"3PM":12.7,"3PA":51.0,"FTM":31.6,"FTA":49.6,"OFF":26.0,"DEF":55.9,"AST":31.9,"TO":25.7,"STL":13.9,"BLK":6.3,"PF":45.8,"Fls on:":45.4,"+\/-":0.0,"GW":13.0,"GP":2.0,"MINS":400.0,"FGM":52.9,"FGA":139.0,"FG%":38.0575539568,"2P%":45.6818181818,"3P%":24.9019607843,"FT%":63.7096774194,"PTS":150.1,"REB":81.9,"STK":20.2}}