{"CSB":{"MINS":212.5,"FGM":29.0,"FGA":69.5,"2PM":24.0,"2PA":45.0,"3PM":5.0,"3PA":24.5,"FTM":11.0,"FTA":19.0,"PTS":74.0,"OFF":14.0,"DEF":32.0,"REB":46.0,"AST":15.5,"TO":14.0,"STL":7.0,"BLK":4.5,"STK":11.5,"PF":18.0,"Fls on:":21.5,"+\/-":9.0,"GW":25,"GP":2,"W":2,"L":0,"FG%":41.726618705,"2P%":53.3333333333,"3P%":20.4081632653,"FT%":57.8947368421,"W%":1.0},"SSCR":{"MINS":200.0,"FGM":33.5,"FGA":82.0,"2PM":28.5,"2PA":51.0,"3PM":5.0,"3PA":31.0,"FTM":21.0,"FTA":28.5,"PTS":93.0,"OFF":17.0,"DEF":23.0,"REB":40.0,"AST":18.0,"TO":8.0,"STL":8.5,"BLK":0.5,"STK":9.0,"PF":28.0,"Fls on:":26.5,"+\/-":4.5,"GW":26,"GP":2,"W":2,"L":0,"FG%":40.8536585366,"2P%":55.8823529412,"3P%":16.1290322581,"FT%":73.6842105263,"W%":1.0},"UPHSD":{"MINS":200.0,"FGM":26.5,"FGA":66.5,"2PM":19.0,"2PA":42.0,"3PM":7.5,"3PA":24.5,"FTM":15.0,"FTA":23.0,"PTS":75.5,"OFF":16.5,"DEF":25.0,"REB":41.5,"AST":17.0,"TO":16.0,"STL":7.5,"BLK":3.5,"STK":11.0,"PF":22.0,"Fls on:":17.5,"+\/-":9.0,"GW":25,"GP":2,"W":2,"L":0,"FG%":39.8496240602,"2P%":45.2380952381,"3P%":30.612244898,"FT%":65.2173913043,"W%":1.0},"CSJL":{"MINS":200.0,"FGM":26.5,"FGA":56.0,"2PM":21.5,"2PA":35.5,"3PM":5.0,"3PA":20.5,"FTM":19.0,"FTA":25.5,"PTS":77.0,"OFF":8.5,"DEF":25.5,"REB":34.0,"AST":15.0,"TO":16.5,"STL":6.0,"BLK":5.0,"STK":11.0,"PF":23.5,"Fls on:":24.0,"+\/-":0.5,"GW":13,"GP":2,"W":1,"L":1,"FG%":47.3214285714,"2P%":60.5633802817,"3P%":24.3902439024,"FT%":74.5098039216,"W%":0.5},"EAC":{"MINS":212.5,"FGM":24.5,"FGA":74.0,"2PM":16.5,"2PA":48.5,"3PM":8.0,"3PA":25.5,"FTM":19.5,"FTA":31.0,"PTS":76.5,"OFF":8.0,"DEF":34.0,"REB":42.0,"AST":20.0,"TO":11.0,"STL":5.5,"BLK":6.5,"STK":12.0,"PF":22.5,"Fls on:":27.0,"+\/-":2.0,"GW":14,"GP":2,"W":1,"L":1,"FG%":33.1081081081,"2P%":34.0206185567,"3P%":31.3725490196,"FT%":62.9032258065,"W%":0.5},"MU":{"MINS":200.0,"FGM":23.5,"FGA":70.0,"2PM":16.0,"2PA":38.5,"3PM":7.5,"3PA":31.5,"FTM":12.5,"FTA":20.5,"PTS":67.0,"OFF":14.0,"DEF":28.5,"REB":42.5,"AST":16.0,"TO":14.0,"STL":9.5,"BLK":2.0,"STK":11.5,"PF":24.5,"Fls on:":16.5,"+\/-":-5.0,"GW":12,"GP":2,"W":1,"L":1,"FG%":33.5714285714,"2P%":41.5584415584,"3P%":23.8095238095,"FT%":60.9756097561,"W%":0.5},"SBU":{"MINS":212.5,"FGM":26.0,"FGA":68.0,"2PM":17.5,"2PA":40.5,"3PM":8.5,"3PA":27.5,"FTM":11.5,"FTA":22.5,"PTS":72.0,"OFF":16.0,"DEF":31.5,"REB":47.5,"AST":13.5,"TO":12.0,"STL":4.5,"BLK":4.5,"STK":9.0,"PF":22.0,"Fls on:":23.0,"+\/-":5.5,"GW":15,"GP":2,"W":1,"L":1,"FG%":38.2352941176,"2P%":43.2098765432,"3P%":30.9090909091,"FT%":51.1111111111,"W%":0.5},"League":{"MINS":205.0,"FGM":26.45,"FGA":69.5,"2PM":20.1,"2PA":44.0,"3PM":6.35,"3PA":25.5,"FTM":15.8,"FTA":24.8,"PTS":75.05,"OFF":13.0,"DEF":27.95,"REB":40.95,"AST":15.95,"TO":12.85,"STL":6.95,"BLK":3.15,"STK":10.1,"PF":22.9,"Fls on:":22.7,"+\/-":0.0,"GW":13,"GP":2,"W":1,"L":1,"FG%":38.0575539568,"2P%":45.6818181818,"3P%":24.9019607843,"FT%":63.7096774194,"W%":0.5},"AU":{"MINS":212.5,"FGM":30.5,"FGA":76.5,"2PM":27.5,"2PA":59.5,"3PM":3.0,"3PA":17.0,"FTM":9.5,"FTA":21.5,"PTS":73.5,"OFF":12.0,"DEF":34.5,"REB":46.5,"AST":13.0,"TO":12.5,"STL":10.5,"BLK":0.5,"STK":11.0,"PF":20.5,"Fls on:":22.0,"+\/-":-4.5,"GW":0,"GP":2,"W":0,"L":2,"FG%":39.8692810458,"2P%":46.218487395,"3P%":17.6470588235,"FT%":44.1860465116,"W%":0.0},"JRU":{"MINS":200.0,"FGM":19.5,"FGA":62.0,"2PM":13.5,"2PA":40.5,"3PM":6.0,"3PA":21.5,"FTM":19.0,"FTA":28.0,"PTS":64.0,"OFF":13.0,"DEF":19.0,"REB":32.0,"AST":14.0,"TO":12.5,"STL":6.0,"BLK":4.0,"STK":10.0,"PF":21.5,"Fls on:":24.0,"+\/-":-12.0,"GW":0,"GP":2,"W":0,"L":2,"FG%":31.4516129032,"2P%":33.3333333333,"3P%":27.9069767442,"FT%":67.8571428571,"W%":0.0},"LPU":{"MINS":200.0,"FGM":25.0,"FGA":70.5,"2PM":17.0,"2PA":39.0,"3PM":8.0,"3PA":31.5,"FTM":20.0,"FTA":28.5,"PTS":78.0,"OFF":11.0,"DEF":26.5,"REB":37.5,"AST":17.5,"TO":12.0,"STL":4.5,"BLK":0.5,"STK":5.0,"PF":26.5,"Fls on:":25.0,"+\/-":-9.0,"GW":0,"GP":2,"W":0,"L":2,"FG%":35.4609929078,"2P%":43.5897435897,"3P%":25.3968253968,"FT%":70.1754385965,"W%":0.0}}