{"AU":{"MINS":2450.0,"FGM":356.0,"FGA":874.0,"2PM":304.0,"2PA":646.0,"3PM":52.0,"3PA":228.0,"FTM":173.0,"FTA":305.0,"PTS":937.0,"OFF":144.0,"DEF":307.0,"REB":451.0,"AST":183.0,"TO":149.0,"STL":116.0,"BLK":34.0,"STK":150.0,"PF":252.0,"Fls on:":278.0,"+\/-":-43.0,"GW":51.0,"GP":12.0,"W":4.0,"L":8.0,"FG%":40.7322654462,"2P%":47.0588235294,"3P%":22.8070175439,"FT%":56.7213114754},"CSB":{"MINS":2450.0,"FGM":380.0,"FGA":829.0,"2PM":296.0,"2PA":534.0,"3PM":84.0,"3PA":295.0,"FTM":153.0,"FTA":259.0,"PTS":997.0,"OFF":165.0,"DEF":374.0,"REB":539.0,"AST":217.0,"TO":192.0,"STL":86.0,"BLK":49.0,"STK":135.0,"PF":231.0,"Fls on:":230.0,"+\/-":149.0,"GW":140.0,"GP":12.0,"W":10.0,"L":2.0,"FG%":45.8383594692,"2P%":55.4307116105,"3P%":28.4745762712,"FT%":59.0733590734},"CSJL":{"MINS":2725.0,"FGM":346.0,"FGA":847.0,"2PM":252.0,"2PA":501.0,"3PM":94.0,"3PA":346.0,"FTM":194.0,"FTA":261.0,"PTS":980.0,"OFF":119.0,"DEF":368.0,"REB":487.0,"AST":210.0,"TO":203.0,"STL":77.0,"BLK":60.0,"STK":137.0,"PF":265.0,"Fls on:":254.0,"+\/-":-22.0,"GW":90.0,"GP":13.0,"W":7.0,"L":6.0,"FG%":40.8500590319,"2P%":50.2994011976,"3P%":27.1676300578,"FT%":74.3295019157},"EAC":{"MINS":2425.0,"FGM":320.0,"FGA":865.0,"2PM":218.0,"2PA":532.0,"3PM":102.0,"3PA":333.0,"FTM":182.0,"FTA":310.0,"PTS":924.0,"OFF":145.0,"DEF":320.0,"REB":465.0,"AST":217.0,"TO":158.0,"STL":94.0,"BLK":46.0,"STK":140.0,"PF":265.0,"Fls on:":266.0,"+\/-":-0.4,"GW":85.0,"GP":12.0,"W":6.0,"L":6.0,"FG%":36.9942196532,"2P%":40.977443609,"3P%":30.6306306306,"FT%":58.7096774194},"JRU":{"MINS":2400.0,"FGM":312.0,"FGA":822.0,"2PM":250.0,"2PA":576.0,"3PM":62.0,"3PA":246.0,"FTM":222.0,"FTA":324.0,"PTS":908.0,"OFF":150.0,"DEF":277.0,"REB":427.0,"AST":207.0,"TO":168.0,"STL":95.0,"BLK":49.0,"STK":144.0,"PF":238.0,"Fls on:":277.0,"+\/-":-58.0,"GW":44.0,"GP":12.0,"W":3.0,"L":9.0,"FG%":37.9562043796,"2P%":43.4027777778,"3P%":25.2032520325,"FT%":68.5185185185},"LPU":{"MINS":2425.0,"FGM":340.0,"FGA":845.0,"2PM":246.0,"2PA":495.0,"3PM":94.0,"3PA":350.0,"FTM":202.0,"FTA":280.0,"PTS":976.0,"OFF":118.0,"DEF":308.0,"REB":426.0,"AST":210.0,"TO":135.0,"STL":94.0,"BLK":19.0,"STK":113.0,"PF":241.0,"Fls on:":252.0,"+\/-":-11.0,"GW":77.0,"GP":12.0,"W":6.0,"L":6.0,"FG%":40.2366863905,"2P%":49.696969697,"3P%":26.8571428571,"FT%":72.1428571429},"MU":{"MINS":2625.0,"FGM":349.0,"FGA":891.0,"2PM":239.0,"2PA":509.0,"3PM":110.0,"3PA":382.0,"FTM":181.0,"FTA":289.0,"PTS":989.0,"OFF":176.0,"DEF":346.0,"REB":522.0,"AST":207.0,"TO":179.0,"STL":99.0,"BLK":31.0,"STK":130.0,"PF":308.0,"Fls on:":262.0,"+\/-":39.2,"GW":120.0,"GP":13.0,"W":10.0,"L":3.0,"FG%":39.1694725028,"2P%":46.9548133595,"3P%":28.7958115183,"FT%":62.6297577855},"SBU":{"MINS":2650.0,"FGM":310.0,"FGA":813.0,"2PM":199.0,"2PA":460.0,"3PM":111.0,"3PA":353.0,"FTM":158.0,"FTA":270.0,"PTS":889.0,"OFF":138.0,"DEF":380.0,"REB":518.0,"AST":173.0,"TO":153.0,"STL":66.0,"BLK":34.0,"STK":100.0,"PF":231.0,"Fls on:":245.0,"+\/-":46.0,"GW":106.0,"GP":13.0,"W":8.0,"L":5.0,"FG%":38.1303813038,"2P%":43.2608695652,"3P%":31.4447592068,"FT%":58.5185185185},"SSCR":{"MINS":2675.0,"FGM":380.0,"FGA":1028.0,"2PM":280.0,"2PA":619.0,"3PM":100.0,"3PA":409.0,"FTM":216.0,"FTA":298.0,"PTS":1076.0,"OFF":176.0,"DEF":301.0,"REB":477.0,"AST":189.0,"TO":142.0,"STL":128.0,"BLK":21.0,"STK":149.0,"PF":336.0,"Fls on:":265.0,"+\/-":-85.0,"GW":37.0,"GP":13.0,"W":3.0,"L":10.0,"FG%":36.9649805447,"2P%":45.2342487884,"3P%":24.4498777506,"FT%":72.4832214765},"UPHSD":{"MINS":2475.0,"FGM":288.0,"FGA":803.0,"2PM":211.0,"2PA":505.0,"3PM":77.0,"3PA":298.0,"FTM":138.0,"FTA":219.0,"PTS":791.0,"OFF":138.0,"DEF":347.0,"REB":485.0,"AST":203.0,"TO":165.0,"STL":89.0,"BLK":46.0,"STK":135.0,"PF":211.0,"Fls on:":212.0,"+\/-":-15.0,"GW":58.0,"GP":12.0,"W":5.0,"L":7.0,"FG%":35.8655043587,"2P%":41.7821782178,"3P%":25.8389261745,"FT%":63.0136986301},"League":{"MINS":2530.0,"FGM":338.1,"FGA":861.7,"2PM":249.5,"2PA":537.7,"3PM":88.6,"3PA":324.0,"FTM":181.9,"FTA":281.5,"PTS":946.7,"OFF":146.9,"DEF":332.8,"REB":479.7,"AST":201.6,"TO":164.4,"STL":94.4,"BLK":38.9,"STK":133.3,"PF":257.8,"Fls on:":254.1,"+\/-":-0.02,"GW":80.8,"GP":12.4,"W":6.2,"L":6.2,"FG%":39.2363931763,"2P%":46.4013390366,"3P%":27.3456790123,"FT%":64.6181172291}}