{"CSB":{"2PM":20.3076923077,"2PA":45.8461538462,"3PM":5.8461538462,"3PA":26.6923076923,"FTM":12.0769230769,"FTA":20.6153846154,"OFF":12.1538461538,"DEF":21.5384615385,"AST":12.7692307692,"TO":11.4615384615,"STL":9.1538461538,"BLK":3.1538461538,"PF":20.3076923077,"Fls on:":19.5384615385,"+\/-":-11.7692307692,"GW":25.0,"GP":13,"MINS":200.0,"FGM":26.1538461538,"FGA":72.5384615385,"FG%":36.0551431601,"2P%":44.2953020134,"3P%":21.9020172911,"FT%":58.5820895522,"PTS":70.2307692308,"REB":33.6923076923,"STK":12.3076923077},"SBU":{"2PM":16.2142857143,"2PA":38.6428571429,"3PM":7.2142857143,"3PA":29.7857142857,"FTM":11.1428571429,"FTA":16.7857142857,"OFF":10.9285714286,"DEF":24.7142857143,"AST":13.9285714286,"TO":9.8571428571,"STL":6.0,"BLK":2.7142857143,"PF":19.2142857143,"Fls on:":18.2142857143,"+\/-":-4.2142857143,"GW":62.0,"GP":14,"MINS":200.0,"FGM":23.4285714286,"FGA":68.4285714286,"FG%":34.2379958246,"2P%":41.9593345656,"3P%":24.2206235012,"FT%":66.3829787234,"PTS":65.2142857143,"REB":35.6428571429,"STK":8.7142857143},"MU":{"2PM":18.2142857143,"2PA":41.5,"3PM":6.0,"3PA":21.4285714286,"FTM":18.2857142857,"FTA":27.7142857143,"OFF":8.5714285714,"DEF":24.9285714286,"AST":14.7142857143,"TO":12.9285714286,"STL":7.3571428571,"BLK":2.7142857143,"PF":19.9285714286,"Fls on:":23.2857142857,"+\/-":-2.8571428571,"GW":35.0,"GP":14,"MINS":200.0,"FGM":24.2142857143,"FGA":62.9285714286,"FG%":38.4790011351,"2P%":43.8898450947,"3P%":28.0,"FT%":65.9793814433,"PTS":72.7142857143,"REB":33.5,"STK":10.0714285714},"EAC":{"2PM":17.7857142857,"2PA":42.7142857143,"3PM":7.5714285714,"3PA":27.7142857143,"FTM":16.7857142857,"FTA":26.1428571429,"OFF":13.9285714286,"DEF":30.4285714286,"AST":16.7142857143,"TO":14.2857142857,"STL":7.2142857143,"BLK":3.3571428571,"PF":22.0,"Fls on:":22.0714285714,"+\/-":-0.4285714286,"GW":95.0,"GP":14,"MINS":200.0,"FGM":25.3571428571,"FGA":70.4285714286,"FG%":36.0040567951,"2P%":41.6387959866,"3P%":27.3195876289,"FT%":64.2076502732,"PTS":75.0714285714,"REB":44.3571428571,"STK":10.5714285714},"League":{"2PM":19.9714285714,"2PA":43.2,"3PM":7.1642857143,"3PA":26.25,"FTM":14.6571428571,"FTA":22.8642857143,"OFF":11.8642857143,"DEF":26.9428571429,"AST":16.3928571429,"TO":13.3642857143,"STL":7.55,"BLK":3.0857142857,"PF":20.95,"Fls on:":20.6642857143,"+\/-":-0.0014285714,"GW":90.9,"GP":14,"MINS":200.0,"FGM":27.1357142857,"FGA":69.45,"FG%":39.0723027872,"2P%":46.2301587302,"3P%":27.2925170068,"FT%":64.1049671978,"PTS":76.0928571429,"REB":38.8071428571,"STK":10.6357142857},"UPHSD":{"2PM":15.5714285714,"2PA":37.5714285714,"3PM":8.5714285714,"3PA":31.5714285714,"FTM":11.3571428571,"FTA":18.6428571429,"OFF":12.6428571429,"DEF":25.5714285714,"AST":15.0,"TO":13.0,"STL":8.9285714286,"BLK":2.5,"PF":19.0,"Fls on:":17.9285714286,"+\/-":1.1428571429,"GW":103.0,"GP":14,"MINS":200.0,"FGM":24.1428571429,"FGA":69.1428571429,"FG%":34.9173553719,"2P%":41.4448669202,"3P%":27.149321267,"FT%":60.9195402299,"PTS":68.2142857143,"REB":38.2142857143,"STK":11.4285714286},"LPU":{"2PM":22.5,"2PA":42.7857142857,"3PM":7.6428571429,"3PA":26.2857142857,"FTM":13.8571428571,"FTA":22.7857142857,"OFF":12.5714285714,"DEF":29.5,"AST":19.2142857143,"TO":14.4285714286,"STL":6.6428571429,"BLK":3.4285714286,"PF":21.5714285714,"Fls on:":19.8571428571,"+\/-":1.2857142857,"GW":102.0,"GP":14,"MINS":200.0,"FGM":30.1428571429,"FGA":69.0714285714,"FG%":43.6401240951,"2P%":52.5876460768,"3P%":29.0760869565,"FT%":60.8150470219,"PTS":81.7857142857,"REB":42.0714285714,"STK":10.0714285714},"CSJL":{"2PM":21.2666666667,"2PA":48.0,"3PM":7.2666666667,"3PA":28.1333333333,"FTM":13.0,"FTA":20.0666666667,"OFF":14.0666666667,"DEF":25.4,"AST":17.5333333333,"TO":10.9333333333,"STL":8.7333333333,"BLK":2.6666666667,"PF":20.7333333333,"Fls on:":20.0,"+\/-":2.4,"GW":100.0,"GP":15,"MINS":200.0,"FGM":28.5333333333,"FGA":76.1333333333,"FG%":37.4781085814,"2P%":44.3055555556,"3P%":25.8293838863,"FT%":64.7840531561,"PTS":77.3333333333,"REB":39.4666666667,"STK":11.4},"AU":{"2PM":21.0714285714,"2PA":45.3571428571,"3PM":7.3571428571,"3PA":24.1428571429,"FTM":16.2857142857,"FTA":23.5,"OFF":11.4285714286,"DEF":30.3571428571,"AST":18.2142857143,"TO":16.2142857143,"STL":7.3571428571,"BLK":3.4285714286,"PF":23.3571428571,"Fls on:":20.0,"+\/-":3.5,"GW":122.0,"GP":14,"MINS":200.0,"FGM":28.4285714286,"FGA":69.5,"FG%":40.9044193217,"2P%":46.4566929134,"3P%":30.4733727811,"FT%":69.3009118541,"PTS":80.5,"REB":41.7857142857,"STK":10.7857142857},"JRU":{"2PM":23.5,"2PA":45.5,"3PM":6.5714285714,"3PA":22.7857142857,"FTM":14.3571428571,"FTA":22.0714285714,"OFF":11.2142857143,"DEF":25.2142857143,"AST":13.8571428571,"TO":13.7857142857,"STL":7.8571428571,"BLK":3.4285714286,"PF":23.5,"Fls on:":20.7142857143,"+\/-":4.8,"GW":132.0,"GP":14,"MINS":200.0,"FGM":30.0714285714,"FGA":68.2857142857,"FG%":44.0376569038,"2P%":51.6483516484,"3P%":28.8401253918,"FT%":65.0485436893,"PTS":81.0714285714,"REB":36.4285714286,"STK":11.2857142857},"SSCR":{"2PM":23.2142857143,"2PA":43.9285714286,"3PM":7.5,"3PA":23.8571428571,"FTM":19.3571428571,"FTA":30.3571428571,"OFF":11.0,"DEF":31.5,"AST":21.6428571429,"TO":16.7857142857,"STL":6.2857142857,"BLK":3.5,"PF":19.8571428571,"Fls on:":25.0,"+\/-":5.1142857143,"GW":133.0,"GP":14,"MINS":200.0,"FGM":30.7142857143,"FGA":67.7857142857,"FG%":45.31085353,"2P%":52.8455284553,"3P%":31.4371257485,"FT%":63.7647058824,"PTS":88.2857142857,"REB":42.5,"STK":9.7857142857}}