{"CSB":{"OFF":78.7150420752,"DEF":67.4172921338,"NET":11.2977499414,"PACE":78.1299207606,"hAST%":16.0710394421,"hTO%":13.9600130747,"TOR":20.1833441218,"AR":23.2354595744,"STL%":9.3532570321,"BLK%":8.7248322148,"EFG%":49.8331479422,"TS%":51.8744890411,"PPWS":1.0374897808,"REB%":57.3099415205,"OREB%":39.1304347826,"DREB%":72.0848056537,"FTR":0.3248053393,"FFI":37.6772622528,"Py-W":11.9944631731,"Py-L":1.0055368269,"PPR":-1.7984285903,"HHI":0.0958537641},"SBU":{"OFF":73.2978383462,"DEF":68.8486897223,"NET":4.4491486239,"PACE":71.040878894,"hAST%":13.864843452,"hTO%":12.1042284105,"TOR":16.5900457162,"AR":19.0031432749,"STL%":7.0382012129,"BLK%":6.8391866913,"EFG%":45.4648526077,"TS%":48.1588647984,"PPWS":0.963177296,"REB%":52.8355387524,"OREB%":30.8,"DREB%":72.5806451613,"FTR":0.3276643991,"FFI":33.4084184585,"Py-W":10.2400993344,"Py-L":3.7599006656,"PPR":-1.504710995,"HHI":0.1142589206},"MU":{"OFF":74.4756038824,"DEF":71.6598910702,"NET":2.8157128122,"PACE":76.1035405877,"hAST%":14.9462991376,"hTO%":12.5654727263,"TOR":17.8328478105,"AR":21.2117031851,"STL%":10.0427090301,"BLK%":6.0240963855,"EFG%":45.1092611863,"TS%":48.2629005182,"PPWS":0.9652580104,"REB%":54.2884990253,"OREB%":34.7663551402,"DREB%":75.5600814664,"FTR":0.319458897,"FFI":34.2470709099,"Py-W":9.0923769532,"Py-L":4.9076230468,"PPR":-1.429154271,"HHI":0.1314085499},"EAC":{"OFF":70.8433711983,"DEF":70.4412328566,"NET":0.4021383417,"PACE":79.9298495289,"hAST%":15.7421289355,"hTO%":11.2443778111,"TOR":16.0855336685,"AR":22.5197471359,"STL%":9.5619561252,"BLK%":8.6956521739,"EFG%":42.2320550639,"TS%":45.2173169062,"PPWS":0.9043463381,"REB%":47.3282442748,"OREB%":29.1181364393,"DREB%":66.2629757785,"FTR":0.3392330383,"FFI":31.8263283058,"Py-W":7.3185662372,"Py-L":6.6814337628,"PPR":-0.4151408514,"HHI":0.1087734247},"League":{"OFF":73.0559485915,"DEF":73.0559485915,"NET":0.0,"PACE":78.1163015303,"hAST%":15.0025102239,"hTO%":12.2308046314,"TOR":17.1078794474,"AR":20.9848120426,"STL%":9.6649003612,"BLK%":7.1428571429,"EFG%":44.2301758716,"TS%":47.8509518984,"PPWS":0.957019038,"REB%":50.0,"OREB%":30.5724277563,"DREB%":69.4275722437,"FTR":0.3292193767,"FFI":33.0218164128,"Py-W":7.0,"Py-L":7.0,"PPR":-1.1943957968,"HHI":0.0089334811},"UPHSD":{"OFF":67.2606115596,"DEF":68.4066922678,"NET":-1.1460807082,"PACE":74.7890485414,"hAST%":16.4119601329,"hTO%":13.5548172757,"TOR":19.4833720386,"AR":23.5901612428,"STL%":9.6461792936,"BLK%":9.8859315589,"EFG%":40.9967845659,"TS%":44.5445920304,"PPWS":0.8908918406,"REB%":51.8018018018,"OREB%":31.9391634981,"DREB%":69.6917808219,"FTR":0.2947481243,"FFI":32.0786114006,"Py-W":6.0595521599,"Py-L":7.9404478401,"PPR":-1.4166625705,"HHI":0.1160106201},"LPU":{"OFF":75.8994461853,"DEF":77.1116822379,"NET":-1.2122360526,"PACE":79.546034964,"hAST%":15.8821078942,"hTO%":10.6097687982,"TOR":14.6366278949,"AR":21.9100442108,"STL%":9.608093158,"BLK%":4.1736227045,"EFG%":45.4314720812,"TS%":49.8972833209,"PPWS":0.9979456664,"REB%":45.5637707948,"OREB%":24.6350364964,"DREB%":67.0411985019,"FTR":0.3329949239,"FFI":31.7536769634,"Py-W":6.1173800153,"Py-L":7.8826199847,"PPR":-0.0114856882,"HHI":0.1157843022},"CSJL":{"OFF":71.7488398697,"DEF":74.0468454171,"NET":-2.2980055474,"PACE":78.3287926357,"hAST%":14.7716082115,"hTO%":14.8978612731,"TOR":20.0862707108,"AR":19.9160480777,"STL%":7.4897958583,"BLK%":9.0277777778,"EFG%":45.5761316872,"TS%":50.4433992748,"PPWS":1.0088679855,"REB%":48.8773747841,"OREB%":26.1627906977,"DREB%":67.1339563863,"FTR":0.3323045267,"FFI":33.4691463934,"Py-W":5.6475375346,"Py-L":9.3524624654,"PPR":-2.5530552073,"HHI":0.099694786},"AU":{"OFF":70.7786443875,"DEF":73.9958554961,"NET":-3.2172111085,"PACE":81.5924075683,"hAST%":13.8839125761,"hTO%":11.1967036904,"TOR":15.3200528977,"AR":18.9968655932,"STL%":12.5186717964,"BLK%":5.9842519685,"EFG%":43.3366238894,"TS%":46.0306073649,"PPWS":0.9206121473,"REB%":47.202166065,"OREB%":28.6912751678,"DREB%":68.75,"FTR":0.3543928924,"FFI":32.2188111997,"Py-W":4.6105851324,"Py-L":9.3894148676,"PPR":-1.0189836193,"HHI":0.0938761742},"SSCR":{"OFF":74.4256567602,"DEF":79.029305632,"NET":-4.6036488718,"PACE":83.7844710703,"hAST%":12.9287730782,"hTO%":10.1181702351,"TOR":13.8109466153,"AR":17.6473206751,"STL%":11.3386166656,"BLK%":3.5772357724,"EFG%":42.8896991796,"TS%":47.2371923901,"PPWS":0.9447438478,"REB%":46.7323187108,"OREB%":29.552715655,"DREB%":68.6354378819,"FTR":0.2798541477,"FFI":30.7169716718,"Py-W":3.8754870704,"Py-L":10.1245129296,"PPR":-0.77830807,"HHI":0.1143467838},"JRU":{"OFF":73.4287760999,"DEF":78.0352629901,"NET":-4.6064868902,"PACE":77.9180707526,"hAST%":15.542649542,"hTO%":12.2166504631,"TOR":17.5092337517,"AR":22.2761455584,"STL%":9.7171663753,"BLK%":8.4772370487,"EFG%":42.1161825726,"TS%":47.2800679983,"PPWS":0.94560136,"REB%":49.1017964072,"OREB%":32.7619047619,"DREB%":67.0859538784,"FTR":0.3900414938,"FFI":33.626784826,"Py-W":3.8385162635,"Py-L":10.1614837365,"PPR":-1.0383492386,"HHI":0.1157980193}}