{"UPHSD":{"2PM":77.0,"2PA":165.0,"3PM":28.0,"3PA":95.0,"FTM":44.0,"FTA":71.0,"OFF":46.0,"DEF":110.0,"AST":53.0,"TO":54.0,"STL":35.0,"BLK":9.0,"PF":77.0,"Fls on:":72.0,"+\/-":15.0,"GW":26.0,"GP":4.0,"MINS":800.0,"FGM":105.0,"FGA":260.0,"FG%":40.3846153846,"2P%":46.6666666667,"3P%":29.4736842105,"FT%":61.9718309859,"PTS":282.0,"REB":156.0,"STK":44.0},"SBU":{"2PM":58.0,"2PA":143.0,"3PM":37.0,"3PA":153.0,"FTM":49.0,"FTA":79.0,"OFF":55.0,"DEF":106.0,"AST":55.0,"TO":38.0,"STL":29.0,"BLK":8.0,"PF":101.0,"Fls on:":77.0,"+\/-":-8.0,"GW":25.0,"GP":4.0,"MINS":800.0,"FGM":95.0,"FGA":296.0,"FG%":32.0945945946,"2P%":40.5594405594,"3P%":24.1830065359,"FT%":62.0253164557,"PTS":276.0,"REB":161.0,"STK":37.0},"SSCR":{"2PM":86.0,"2PA":163.0,"3PM":30.0,"3PA":103.0,"FTM":90.0,"FTA":135.0,"OFF":47.0,"DEF":116.0,"AST":77.0,"TO":67.0,"STL":21.0,"BLK":14.0,"PF":90.0,"Fls on:":117.0,"+\/-":17.0,"GW":27.0,"GP":4.0,"MINS":800.0,"FGM":116.0,"FGA":266.0,"FG%":43.6090225564,"2P%":52.7607361963,"3P%":29.1262135922,"FT%":66.6666666667,"PTS":352.0,"REB":163.0,"STK":35.0},"EAC":{"2PM":74.0,"2PA":186.0,"3PM":25.0,"3PA":102.0,"FTM":58.0,"FTA":105.0,"OFF":66.0,"DEF":132.0,"AST":56.0,"TO":54.0,"STL":29.0,"BLK":8.0,"PF":93.0,"Fls on:":89.0,"+\/-":5.0,"GW":27.0,"GP":4.0,"MINS":800.0,"FGM":99.0,"FGA":288.0,"FG%":34.375,"2P%":39.7849462366,"3P%":24.5098039216,"FT%":55.2380952381,"PTS":281.0,"REB":198.0,"STK":37.0},"CSJL":{"2PM":83.0,"2PA":185.0,"3PM":27.0,"3PA":107.0,"FTM":62.0,"FTA":93.0,"OFF":53.0,"DEF":83.0,"AST":58.0,"TO":41.0,"STL":36.0,"BLK":15.0,"PF":90.0,"Fls on:":88.0,"+\/-":7.0,"GW":25.0,"GP":4.0,"MINS":800.0,"FGM":110.0,"FGA":292.0,"FG%":37.6712328767,"2P%":44.8648648649,"3P%":25.2336448598,"FT%":66.6666666667,"PTS":309.0,"REB":136.0,"STK":51.0},"LPU":{"2PM":100.0,"2PA":194.0,"3PM":29.0,"3PA":101.0,"FTM":65.0,"FTA":103.0,"OFF":58.0,"DEF":122.0,"AST":74.0,"TO":52.0,"STL":29.0,"BLK":14.0,"PF":87.0,"Fls on:":94.0,"+\/-":9.0,"GW":28.0,"GP":4.0,"MINS":800.0,"FGM":129.0,"FGA":295.0,"FG%":43.7288135593,"2P%":51.5463917526,"3P%":28.7128712871,"FT%":63.1067961165,"PTS":352.0,"REB":180.0,"STK":43.0},"MU":{"2PM":71.0,"2PA":178.0,"3PM":22.0,"3PA":85.0,"FTM":63.0,"FTA":96.0,"OFF":39.0,"DEF":117.0,"AST":59.0,"TO":59.0,"STL":30.0,"BLK":13.0,"PF":71.0,"Fls on:":89.0,"+\/-":-11.0,"GW":13.0,"GP":4.0,"MINS":800.0,"FGM":93.0,"FGA":263.0,"FG%":35.36121673,"2P%":39.8876404494,"3P%":25.8823529412,"FT%":65.625,"PTS":271.0,"REB":156.0,"STK":43.0},"AU":{"2PM":86.0,"2PA":184.0,"3PM":34.0,"3PA":110.0,"FTM":58.0,"FTA":83.0,"OFF":42.0,"DEF":138.0,"AST":76.0,"TO":63.0,"STL":25.0,"BLK":24.0,"PF":86.0,"Fls on:":70.0,"+\/-":20.0,"GW":52.0,"GP":4.0,"MINS":800.0,"FGM":120.0,"FGA":294.0,"FG%":40.8163265306,"2P%":46.7391304348,"3P%":30.9090909091,"FT%":69.8795180723,"PTS":332.0,"REB":180.0,"STK":49.0},"CSB":{"2PM":72.0,"2PA":180.0,"3PM":17.0,"3PA":105.0,"FTM":41.0,"FTA":81.0,"OFF":52.0,"DEF":91.0,"AST":43.0,"TO":51.0,"STL":30.0,"BLK":15.0,"PF":78.0,"Fls on:":80.0,"+\/-":-67.0,"GW":0.0,"GP":4.0,"MINS":800.0,"FGM":89.0,"FGA":285.0,"FG%":31.2280701754,"2P%":40.0,"3P%":16.1904761905,"FT%":50.6172839506,"PTS":236.0,"REB":143.0,"STK":45.0},"JRU":{"2PM":92.0,"2PA":177.0,"3PM":25.0,"3PA":86.0,"FTM":64.0,"FTA":93.0,"OFF":44.0,"DEF":94.0,"AST":59.0,"TO":52.0,"STL":37.0,"BLK":16.0,"PF":102.0,"Fls on:":82.0,"+\/-":13.0,"GW":41.0,"GP":4.0,"MINS":800.0,"FGM":117.0,"FGA":263.0,"FG%":44.4866920152,"2P%":51.9774011299,"3P%":29.0697674419,"FT%":68.8172043011,"PTS":323.0,"REB":138.0,"STK":53.0},"League":{"2PM":79.9,"2PA":175.5,"3PM":27.4,"3PA":104.7,"FTM":59.4,"FTA":93.9,"OFF":50.2,"DEF":110.9,"AST":61.0,"TO":53.1,"STL":30.1,"BLK":13.6,"PF":87.5,"Fls on:":85.8,"+\/-":0.0,"GW":26.4,"GP":4.0,"MINS":800.0,"FGM":107.3,"FGA":280.2,"FG%":38.2940756602,"2P%":45.5270655271,"3P%":26.1700095511,"FT%":63.2587859425,"PTS":301.4,"REB":161.1,"STK":43.7}}