{"CSB":{"2PM":18.0,"2PA":45.0,"3PM":4.25,"3PA":26.25,"FTM":10.25,"FTA":20.25,"OFF":13.0,"DEF":22.75,"AST":10.75,"TO":12.75,"STL":7.5,"BLK":3.75,"PF":19.5,"Fls on:":20.0,"+\/-":-16.75,"GW":0.0,"GP":4,"MINS":200.0,"FGM":22.25,"FGA":71.25,"FG%":31.2280701754,"2P%":40.0,"3P%":16.1904761905,"FT%":50.6172839506,"PTS":59.0,"REB":35.75,"STK":11.25},"MU":{"2PM":17.75,"2PA":44.5,"3PM":5.5,"3PA":21.25,"FTM":15.75,"FTA":24.0,"OFF":9.75,"DEF":29.25,"AST":14.75,"TO":14.75,"STL":7.5,"BLK":3.25,"PF":17.75,"Fls on:":22.25,"+\/-":-2.75,"GW":13.0,"GP":4,"MINS":200.0,"FGM":23.25,"FGA":65.75,"FG%":35.36121673,"2P%":39.8876404494,"3P%":25.8823529412,"FT%":65.625,"PTS":67.75,"REB":39.0,"STK":10.75},"SBU":{"2PM":14.5,"2PA":35.75,"3PM":9.25,"3PA":38.25,"FTM":12.25,"FTA":19.75,"OFF":13.75,"DEF":26.5,"AST":13.75,"TO":9.5,"STL":7.25,"BLK":2.0,"PF":25.25,"Fls on:":19.25,"+\/-":-2.0,"GW":25.0,"GP":4,"MINS":200.0,"FGM":23.75,"FGA":74.0,"FG%":32.0945945946,"2P%":40.5594405594,"3P%":24.1830065359,"FT%":62.0253164557,"PTS":69.0,"REB":40.25,"STK":9.25},"League":{"2PM":19.975,"2PA":43.875,"3PM":6.85,"3PA":26.175,"FTM":14.85,"FTA":23.475,"OFF":12.55,"DEF":27.725,"AST":15.25,"TO":13.275,"STL":7.525,"BLK":3.4,"PF":21.875,"Fls on:":21.45,"+\/-":0.0,"GW":26.4,"GP":4,"MINS":200.0,"FGM":26.825,"FGA":70.05,"FG%":38.2940756602,"2P%":45.5270655271,"3P%":26.1700095511,"FT%":63.2587859425,"PTS":75.35,"REB":40.275,"STK":10.925},"EAC":{"2PM":18.5,"2PA":46.5,"3PM":6.25,"3PA":25.5,"FTM":14.5,"FTA":26.25,"OFF":16.5,"DEF":33.0,"AST":14.0,"TO":13.5,"STL":7.25,"BLK":2.0,"PF":23.25,"Fls on:":22.25,"+\/-":1.25,"GW":27.0,"GP":4,"MINS":200.0,"FGM":24.75,"FGA":72.0,"FG%":34.375,"2P%":39.7849462366,"3P%":24.5098039216,"FT%":55.2380952381,"PTS":70.25,"REB":49.5,"STK":9.25},"CSJL":{"2PM":20.75,"2PA":46.25,"3PM":6.75,"3PA":26.75,"FTM":15.5,"FTA":23.25,"OFF":13.25,"DEF":20.75,"AST":14.5,"TO":10.25,"STL":9.0,"BLK":3.75,"PF":22.5,"Fls on:":22.0,"+\/-":1.75,"GW":25.0,"GP":4,"MINS":200.0,"FGM":27.5,"FGA":73.0,"FG%":37.6712328767,"2P%":44.8648648649,"3P%":25.2336448598,"FT%":66.6666666667,"PTS":77.25,"REB":34.0,"STK":12.75},"LPU":{"2PM":25.0,"2PA":48.5,"3PM":7.25,"3PA":25.25,"FTM":16.25,"FTA":25.75,"OFF":14.5,"DEF":30.5,"AST":18.5,"TO":13.0,"STL":7.25,"BLK":3.5,"PF":21.75,"Fls on:":23.5,"+\/-":2.25,"GW":28.0,"GP":4,"MINS":200.0,"FGM":32.25,"FGA":73.75,"FG%":43.7288135593,"2P%":51.5463917526,"3P%":28.7128712871,"FT%":63.1067961165,"PTS":88.0,"REB":45.0,"STK":10.75},"JRU":{"2PM":23.0,"2PA":44.25,"3PM":6.25,"3PA":21.5,"FTM":16.0,"FTA":23.25,"OFF":11.0,"DEF":23.5,"AST":14.75,"TO":13.0,"STL":9.25,"BLK":4.0,"PF":25.5,"Fls on:":20.5,"+\/-":3.25,"GW":41.0,"GP":4,"MINS":200.0,"FGM":29.25,"FGA":65.75,"FG%":44.4866920152,"2P%":51.9774011299,"3P%":29.0697674419,"FT%":68.8172043011,"PTS":80.75,"REB":34.5,"STK":13.25},"UPHSD":{"2PM":19.25,"2PA":41.25,"3PM":7.0,"3PA":23.75,"FTM":11.0,"FTA":17.75,"OFF":11.5,"DEF":27.5,"AST":13.25,"TO":13.5,"STL":8.75,"BLK":2.25,"PF":19.25,"Fls on:":18.0,"+\/-":3.75,"GW":26.0,"GP":4,"MINS":200.0,"FGM":26.25,"FGA":65.0,"FG%":40.3846153846,"2P%":46.6666666667,"3P%":29.4736842105,"FT%":61.9718309859,"PTS":70.5,"REB":39.0,"STK":11.0},"SSCR":{"2PM":21.5,"2PA":40.75,"3PM":7.5,"3PA":25.75,"FTM":22.5,"FTA":33.75,"OFF":11.75,"DEF":29.0,"AST":19.25,"TO":16.75,"STL":5.25,"BLK":3.5,"PF":22.5,"Fls on:":29.25,"+\/-":4.25,"GW":27.0,"GP":4,"MINS":200.0,"FGM":29.0,"FGA":66.5,"FG%":43.6090225564,"2P%":52.7607361963,"3P%":29.1262135922,"FT%":66.6666666667,"PTS":88.0,"REB":40.75,"STK":8.75},"AU":{"2PM":21.5,"2PA":46.0,"3PM":8.5,"3PA":27.5,"FTM":14.5,"FTA":20.75,"OFF":10.5,"DEF":34.5,"AST":19.0,"TO":15.75,"STL":6.25,"BLK":6.0,"PF":21.5,"Fls on:":17.5,"+\/-":5.0,"GW":52.0,"GP":4,"MINS":200.0,"FGM":30.0,"FGA":73.5,"FG%":40.8163265306,"2P%":46.7391304348,"3P%":30.9090909091,"FT%":69.8795180723,"PTS":83.0,"REB":45.0,"STK":12.25}}