{"AU":{"MINS":850.0,"FGM":127.0,"FGA":309.0,"2PM":109.0,"2PA":235.0,"3PM":18.0,"3PA":74.0,"FTM":40.0,"FTA":87.0,"PTS":312.0,"OFF":46.0,"DEF":119.0,"REB":165.0,"AST":56.0,"TO":49.0,"STL":42.0,"BLK":9.0,"STK":51.0,"PF":74.0,"Fls on:":83.0,"+\/-":-20.0,"GW":0.0,"GP":4.0,"W":0.0,"L":4.0,"FG%":41.1003236246,"2P%":46.3829787234,"3P%":24.3243243243,"FT%":45.9770114943},"CSB":{"MINS":825.0,"FGM":118.0,"FGA":289.0,"2PM":93.0,"2PA":183.0,"3PM":25.0,"3PA":106.0,"FTM":42.0,"FTA":68.0,"PTS":303.0,"OFF":63.0,"DEF":132.0,"REB":195.0,"AST":56.0,"TO":55.0,"STL":31.0,"BLK":17.0,"STK":48.0,"PF":80.0,"Fls on:":76.0,"+\/-":67.0,"GW":55.0,"GP":4.0,"W":4.0,"L":0.0,"FG%":40.830449827,"2P%":50.8196721311,"3P%":23.5849056604,"FT%":61.7647058824},"CSJL":{"MINS":800.0,"FGM":102.0,"FGA":243.0,"2PM":79.0,"2PA":153.0,"3PM":23.0,"3PA":90.0,"FTM":75.0,"FTA":102.0,"PTS":302.0,"OFF":41.0,"DEF":109.0,"REB":150.0,"AST":56.0,"TO":64.0,"STL":26.0,"BLK":20.0,"STK":46.0,"PF":92.0,"Fls on:":86.0,"+\/-":-7.0,"GW":27.0,"GP":4.0,"W":2.0,"L":2.0,"FG%":41.975308642,"2P%":51.6339869281,"3P%":25.5555555556,"FT%":73.5294117647},"EAC":{"MINS":825.0,"FGM":91.0,"FGA":283.0,"2PM":59.0,"2PA":171.0,"3PM":32.0,"3PA":112.0,"FTM":62.0,"FTA":102.0,"PTS":276.0,"OFF":39.0,"DEF":115.0,"REB":154.0,"AST":70.0,"TO":49.0,"STL":26.0,"BLK":19.0,"STK":45.0,"PF":91.0,"Fls on:":91.0,"+\/-":-5.0,"GW":27.0,"GP":4.0,"W":2.0,"L":2.0,"FG%":32.1554770318,"2P%":34.5029239766,"3P%":28.5714285714,"FT%":60.7843137255},"JRU":{"MINS":800.0,"FGM":104.0,"FGA":268.0,"2PM":79.0,"2PA":180.0,"3PM":25.0,"3PA":88.0,"FTM":77.0,"FTA":115.0,"PTS":310.0,"OFF":53.0,"DEF":94.0,"REB":147.0,"AST":69.0,"TO":58.0,"STL":29.0,"BLK":21.0,"STK":50.0,"PF":84.0,"Fls on:":101.0,"+\/-":-13.0,"GW":15.0,"GP":4.0,"W":1.0,"L":3.0,"FG%":38.8059701493,"2P%":43.8888888889,"3P%":28.4090909091,"FT%":66.9565217391},"LPU":{"MINS":825.0,"FGM":121.0,"FGA":286.0,"2PM":86.0,"2PA":171.0,"3PM":35.0,"3PA":115.0,"FTM":66.0,"FTA":99.0,"PTS":343.0,"OFF":37.0,"DEF":114.0,"REB":151.0,"AST":76.0,"TO":55.0,"STL":26.0,"BLK":9.0,"STK":35.0,"PF":95.0,"Fls on:":86.0,"+\/-":-9.0,"GW":27.0,"GP":4.0,"W":2.0,"L":2.0,"FG%":42.3076923077,"2P%":50.2923976608,"3P%":30.4347826087,"FT%":66.6666666667},"MU":{"MINS":800.0,"FGM":99.0,"FGA":269.0,"2PM":63.0,"2PA":146.0,"3PM":36.0,"3PA":123.0,"FTM":48.0,"FTA":78.0,"PTS":282.0,"OFF":48.0,"DEF":110.0,"REB":158.0,"AST":61.0,"TO":50.0,"STL":35.0,"BLK":10.0,"STK":45.0,"PF":92.0,"Fls on:":69.0,"+\/-":11.0,"GW":35.0,"GP":4.0,"W":3.0,"L":1.0,"FG%":36.8029739777,"2P%":43.1506849315,"3P%":29.2682926829,"FT%":61.5384615385},"SBU":{"MINS":825.0,"FGM":94.0,"FGA":255.0,"2PM":62.0,"2PA":148.0,"3PM":32.0,"3PA":107.0,"FTM":64.0,"FTA":114.0,"PTS":284.0,"OFF":59.0,"DEF":123.0,"REB":182.0,"AST":51.0,"TO":57.0,"STL":18.0,"BLK":12.0,"STK":30.0,"PF":77.0,"Fls on:":101.0,"+\/-":8.0,"GW":27.0,"GP":4.0,"W":2.0,"L":2.0,"FG%":36.862745098,"2P%":41.8918918919,"3P%":29.9065420561,"FT%":56.1403508772},"SSCR":{"MINS":800.0,"FGM":119.0,"FGA":324.0,"2PM":94.0,"2PA":187.0,"3PM":25.0,"3PA":137.0,"FTM":72.0,"FTA":95.0,"PTS":335.0,"OFF":64.0,"DEF":94.0,"REB":158.0,"AST":58.0,"TO":42.0,"STL":38.0,"BLK":6.0,"STK":44.0,"PF":117.0,"Fls on:":89.0,"+\/-":-17.0,"GW":26.0,"GP":4.0,"W":2.0,"L":2.0,"FG%":36.7283950617,"2P%":50.2673796791,"3P%":18.2481751825,"FT%":75.7894736842},"UPHSD":{"MINS":800.0,"FGM":98.0,"FGA":276.0,"2PM":75.0,"2PA":181.0,"3PM":23.0,"3PA":95.0,"FTM":48.0,"FTA":79.0,"PTS":267.0,"OFF":52.0,"DEF":99.0,"REB":151.0,"AST":57.0,"TO":52.0,"STL":30.0,"BLK":13.0,"STK":43.0,"PF":73.0,"Fls on:":76.0,"+\/-":-15.0,"GW":25.0,"GP":4.0,"W":2.0,"L":2.0,"FG%":35.5072463768,"2P%":41.4364640884,"3P%":24.2105263158,"FT%":60.7594936709},"League":{"MINS":815.0,"FGM":107.3,"FGA":280.2,"2PM":79.9,"2PA":175.5,"3PM":27.4,"3PA":104.7,"FTM":59.4,"FTA":93.9,"PTS":301.4,"OFF":50.2,"DEF":110.9,"REB":161.1,"AST":61.0,"TO":53.1,"STL":30.1,"BLK":13.6,"STK":43.7,"PF":87.5,"Fls on:":85.8,"+\/-":0.0,"GW":26.4,"GP":4.0,"W":2.0,"L":2.0,"FG%":38.2940756602,"2P%":45.5270655271,"3P%":26.1700095511,"FT%":63.2587859425}}