{"AU":{"POS":342.8731521739,"PACE":85.7182880435},"CSB":{"POS":302.7399703557,"PACE":75.6849925889},"CSJL":{"POS":302.2021649741,"PACE":75.5505412435},"EAC":{"POS":318.1019685955,"PACE":79.5254921489},"JRU":{"POS":305.561212659,"PACE":76.3903031647},"LPU":{"POS":333.9104607284,"PACE":83.4776151821},"MU":{"POS":305.0361134838,"PACE":76.259028371},"SBU":{"POS":297.5731053796,"PACE":74.3932763449},"SSCR":{"POS":329.7544444444,"PACE":82.4386111111},"UPHSD":{"POS":294.1251042997,"PACE":73.5312760749},"League":{"POS":313.1877697094,"PACE":78.2969424274}}