{"CSB":{"MINS":206.25,"FGM":29.5,"FGA":72.25,"2PM":23.25,"2PA":45.75,"3PM":6.25,"3PA":26.5,"FTM":10.5,"FTA":17.0,"PTS":75.75,"OFF":15.75,"DEF":33.0,"REB":48.75,"AST":14.0,"TO":13.75,"STL":7.75,"BLK":4.25,"STK":12.0,"PF":20.0,"Fls on:":19.0,"+\/-":16.75,"GW":55.0,"GP":4,"W":4,"L":0,"FG%":40.830449827,"2P%":50.8196721311,"3P%":23.5849056604,"FT%":61.7647058824,"W%":1.0},"MU":{"MINS":200.0,"FGM":24.75,"FGA":67.25,"2PM":15.75,"2PA":36.5,"3PM":9.0,"3PA":30.75,"FTM":12.0,"FTA":19.5,"PTS":70.5,"OFF":12.0,"DEF":27.5,"REB":39.5,"AST":15.25,"TO":12.5,"STL":8.75,"BLK":2.5,"STK":11.25,"PF":23.0,"Fls on:":17.25,"+\/-":2.75,"GW":35.0,"GP":4,"W":3,"L":1,"FG%":36.8029739777,"2P%":43.1506849315,"3P%":29.2682926829,"FT%":61.5384615385,"W%":0.75},"CSJL":{"MINS":200.0,"FGM":25.5,"FGA":60.75,"2PM":19.75,"2PA":38.25,"3PM":5.75,"3PA":22.5,"FTM":18.75,"FTA":25.5,"PTS":75.5,"OFF":10.25,"DEF":27.25,"REB":37.5,"AST":14.0,"TO":16.0,"STL":6.5,"BLK":5.0,"STK":11.5,"PF":23.0,"Fls on:":21.5,"+\/-":-1.75,"GW":27.0,"GP":4,"W":2,"L":2,"FG%":41.975308642,"2P%":51.6339869281,"3P%":25.5555555556,"FT%":73.5294117647,"W%":0.5},"EAC":{"MINS":206.25,"FGM":22.75,"FGA":70.75,"2PM":14.75,"2PA":42.75,"3PM":8.0,"3PA":28.0,"FTM":15.5,"FTA":25.5,"PTS":69.0,"OFF":9.75,"DEF":28.75,"REB":38.5,"AST":17.5,"TO":12.25,"STL":6.5,"BLK":4.75,"STK":11.25,"PF":22.75,"Fls on:":22.75,"+\/-":-1.25,"GW":27.0,"GP":4,"W":2,"L":2,"FG%":32.1554770318,"2P%":34.5029239766,"3P%":28.5714285714,"FT%":60.7843137255,"W%":0.5},"LPU":{"MINS":206.25,"FGM":30.25,"FGA":71.5,"2PM":21.5,"2PA":42.75,"3PM":8.75,"3PA":28.75,"FTM":16.5,"FTA":24.75,"PTS":85.75,"OFF":9.25,"DEF":28.5,"REB":37.75,"AST":19.0,"TO":13.75,"STL":6.5,"BLK":2.25,"STK":8.75,"PF":23.75,"Fls on:":21.5,"+\/-":-2.25,"GW":27.0,"GP":4,"W":2,"L":2,"FG%":42.3076923077,"2P%":50.2923976608,"3P%":30.4347826087,"FT%":66.6666666667,"W%":0.5},"SBU":{"MINS":206.25,"FGM":23.5,"FGA":63.75,"2PM":15.5,"2PA":37.0,"3PM":8.0,"3PA":26.75,"FTM":16.0,"FTA":28.5,"PTS":71.0,"OFF":14.75,"DEF":30.75,"REB":45.5,"AST":12.75,"TO":14.25,"STL":4.5,"BLK":3.0,"STK":7.5,"PF":19.25,"Fls on:":25.25,"+\/-":2.0,"GW":27.0,"GP":4,"W":2,"L":2,"FG%":36.862745098,"2P%":41.8918918919,"3P%":29.9065420561,"FT%":56.1403508772,"W%":0.5},"SSCR":{"MINS":200.0,"FGM":29.75,"FGA":81.0,"2PM":23.5,"2PA":46.75,"3PM":6.25,"3PA":34.25,"FTM":18.0,"FTA":23.75,"PTS":83.75,"OFF":16.0,"DEF":23.5,"REB":39.5,"AST":14.5,"TO":10.5,"STL":9.5,"BLK":1.5,"STK":11.0,"PF":29.25,"Fls on:":22.25,"+\/-":-4.25,"GW":26.0,"GP":4,"W":2,"L":2,"FG%":36.7283950617,"2P%":50.2673796791,"3P%":18.2481751825,"FT%":75.7894736842,"W%":0.5},"UPHSD":{"MINS":200.0,"FGM":24.5,"FGA":69.0,"2PM":18.75,"2PA":45.25,"3PM":5.75,"3PA":23.75,"FTM":12.0,"FTA":19.75,"PTS":66.75,"OFF":13.0,"DEF":24.75,"REB":37.75,"AST":14.25,"TO":13.0,"STL":7.5,"BLK":3.25,"STK":10.75,"PF":18.25,"Fls on:":19.0,"+\/-":-3.75,"GW":25.0,"GP":4,"W":2,"L":2,"FG%":35.5072463768,"2P%":41.4364640884,"3P%":24.2105263158,"FT%":60.7594936709,"W%":0.5},"League":{"MINS":203.75,"FGM":26.825,"FGA":70.05,"2PM":19.975,"2PA":43.875,"3PM":6.85,"3PA":26.175,"FTM":14.85,"FTA":23.475,"PTS":75.35,"OFF":12.55,"DEF":27.725,"REB":40.275,"AST":15.25,"TO":13.275,"STL":7.525,"BLK":3.4,"STK":10.925,"PF":21.875,"Fls on:":21.45,"+\/-":0.0,"GW":26.4,"GP":4,"W":2,"L":2,"FG%":38.2940756602,"2P%":45.5270655271,"3P%":26.1700095511,"FT%":63.2587859425,"W%":0.5},"JRU":{"MINS":200.0,"FGM":26.0,"FGA":67.0,"2PM":19.75,"2PA":45.0,"3PM":6.25,"3PA":22.0,"FTM":19.25,"FTA":28.75,"PTS":77.5,"OFF":13.25,"DEF":23.5,"REB":36.75,"AST":17.25,"TO":14.5,"STL":7.25,"BLK":5.25,"STK":12.5,"PF":21.0,"Fls on:":25.25,"+\/-":-3.25,"GW":15.0,"GP":4,"W":1,"L":3,"FG%":38.8059701493,"2P%":43.8888888889,"3P%":28.4090909091,"FT%":66.9565217391,"W%":0.25},"AU":{"MINS":212.5,"FGM":31.75,"FGA":77.25,"2PM":27.25,"2PA":58.75,"3PM":4.5,"3PA":18.5,"FTM":10.0,"FTA":21.75,"PTS":78.0,"OFF":11.5,"DEF":29.75,"REB":41.25,"AST":14.0,"TO":12.25,"STL":10.5,"BLK":2.25,"STK":12.75,"PF":18.5,"Fls on:":20.75,"+\/-":-5.0,"GW":0.0,"GP":4,"W":0,"L":4,"FG%":41.1003236246,"2P%":46.3829787234,"3P%":24.3243243243,"FT%":45.9770114943,"W%":0.0}}