{"LPU":{"2PM":399.0,"2PA":770.0,"3PM":137.0,"3PA":487.0,"FTM":247.0,"FTA":399.0,"OFF":226.0,"DEF":515.0,"AST":353.0,"TO":249.0,"STL":117.0,"BLK":57.0,"PF":404.0,"Fls on:":352.0,"+\/-":-2.0,"GW":102.0,"GP":18.0,"MINS":3600.0,"FGM":536.0,"FGA":1257.0,"FG%":42.6412092283,"2P%":51.8181818182,"3P%":28.1314168378,"FT%":61.9047619048,"PTS":1456.0,"REB":741.0,"STK":174.0},"EAC":{"2PM":331.0,"2PA":777.0,"3PM":130.0,"3PA":510.0,"FTM":287.0,"FTA":445.0,"OFF":252.0,"DEF":549.0,"AST":305.0,"TO":239.0,"STL":128.0,"BLK":62.0,"PF":383.0,"Fls on:":385.0,"+\/-":16.0,"GW":125.0,"GP":18.0,"MINS":3600.0,"FGM":461.0,"FGA":1287.0,"FG%":35.8197358197,"2P%":42.5997425997,"3P%":25.4901960784,"FT%":64.4943820225,"PTS":1339.0,"REB":801.0,"STK":190.0},"CSJL":{"2PM":384.0,"2PA":863.0,"3PM":120.0,"3PA":481.0,"FTM":253.0,"FTA":385.0,"OFF":256.0,"DEF":460.0,"AST":331.0,"TO":212.0,"STL":154.0,"BLK":47.0,"PF":355.0,"Fls on:":367.0,"+\/-":39.0,"GW":125.0,"GP":18.0,"MINS":3600.0,"FGM":504.0,"FGA":1344.0,"FG%":37.5,"2P%":44.4959443801,"3P%":24.948024948,"FT%":65.7142857143,"PTS":1381.0,"REB":716.0,"STK":201.0},"SSCR":{"2PM":394.0,"2PA":728.0,"3PM":124.0,"3PA":400.0,"FTM":336.0,"FTA":528.0,"OFF":177.0,"DEF":536.0,"AST":371.0,"TO":289.0,"STL":111.0,"BLK":59.0,"PF":329.0,"Fls on:":433.0,"+\/-":84.6,"GW":159.0,"GP":17.0,"MINS":3400.0,"FGM":518.0,"FGA":1128.0,"FG%":45.9219858156,"2P%":54.1208791209,"3P%":31.0,"FT%":63.6363636364,"PTS":1496.0,"REB":713.0,"STK":170.0},"CSB":{"2PM":355.0,"2PA":804.0,"3PM":114.0,"3PA":467.0,"FTM":214.0,"FTA":352.0,"OFF":196.0,"DEF":396.0,"AST":240.0,"TO":188.0,"STL":153.0,"BLK":51.0,"PF":356.0,"Fls on:":342.0,"+\/-":-168.0,"GW":45.0,"GP":18.0,"MINS":3600.0,"FGM":469.0,"FGA":1271.0,"FG%":36.9000786782,"2P%":44.1542288557,"3P%":24.4111349036,"FT%":60.7954545455,"PTS":1266.0,"REB":592.0,"STK":204.0},"SBU":{"2PM":275.0,"2PA":641.0,"3PM":128.0,"3PA":503.0,"FTM":183.0,"FTA":282.0,"OFF":168.0,"DEF":421.0,"AST":238.0,"TO":170.0,"STL":100.0,"BLK":44.0,"PF":330.0,"Fls on:":305.0,"+\/-":-77.0,"GW":85.0,"GP":17.0,"MINS":3400.0,"FGM":403.0,"FGA":1144.0,"FG%":35.2272727273,"2P%":42.9017160686,"3P%":25.4473161034,"FT%":64.8936170213,"PTS":1117.0,"REB":589.0,"STK":144.0},"AU":{"2PM":382.0,"2PA":823.0,"3PM":121.0,"3PA":425.0,"FTM":286.0,"FTA":410.0,"OFF":209.0,"DEF":556.0,"AST":332.0,"TO":295.0,"STL":127.0,"BLK":59.0,"PF":433.0,"Fls on:":361.0,"+\/-":59.0,"GW":147.0,"GP":18.0,"MINS":3600.0,"FGM":503.0,"FGA":1248.0,"FG%":40.3044871795,"2P%":46.4155528554,"3P%":28.4705882353,"FT%":69.756097561,"PTS":1413.0,"REB":765.0,"STK":186.0},"UPHSD":{"2PM":286.0,"2PA":665.0,"3PM":159.0,"3PA":560.0,"FTM":203.0,"FTA":329.0,"OFF":215.0,"DEF":448.0,"AST":289.0,"TO":243.0,"STL":170.0,"BLK":39.0,"PF":358.0,"Fls on:":313.0,"+\/-":42.0,"GW":144.0,"GP":18.0,"MINS":3600.0,"FGM":445.0,"FGA":1225.0,"FG%":36.3265306122,"2P%":43.007518797,"3P%":28.3928571429,"FT%":61.7021276596,"PTS":1252.0,"REB":663.0,"STK":209.0},"JRU":{"2PM":430.0,"2PA":799.0,"3PM":102.0,"3PA":384.0,"FTM":291.0,"FTA":452.0,"OFF":188.0,"DEF":446.0,"AST":255.0,"TO":249.0,"STL":152.0,"BLK":69.0,"PF":405.0,"Fls on:":398.0,"+\/-":84.2,"GW":181.0,"GP":18.0,"MINS":3600.0,"FGM":532.0,"FGA":1183.0,"FG%":44.9704142012,"2P%":53.8172715895,"3P%":26.5625,"FT%":64.3805309735,"PTS":1457.0,"REB":634.0,"STK":221.0},"MU":{"2PM":338.0,"2PA":763.0,"3PM":101.0,"3PA":378.0,"FTM":317.0,"FTA":490.0,"OFF":166.0,"DEF":452.0,"AST":267.0,"TO":243.0,"STL":136.0,"BLK":55.0,"PF":361.0,"Fls on:":411.0,"+\/-":-78.0,"GW":35.0,"GP":18.0,"MINS":3600.0,"FGM":439.0,"FGA":1141.0,"FG%":38.4750219106,"2P%":44.2988204456,"3P%":26.7195767196,"FT%":64.693877551,"PTS":1296.0,"REB":618.0,"STK":191.0},"League":{"2PM":357.4,"2PA":763.3,"3PM":123.6,"3PA":459.5,"FTM":261.7,"FTA":407.2,"OFF":205.3,"DEF":477.9,"AST":298.1,"TO":237.7,"STL":134.8,"BLK":54.2,"PF":371.4,"Fls on:":366.7,"+\/-":-0.02,"GW":114.8,"GP":17.8,"MINS":3560.0,"FGM":481.0,"FGA":1222.8,"FG%":39.3359502781,"2P%":46.8230053714,"3P%":26.8988030468,"FT%":64.268172888,"PTS":1347.3,"REB":683.2,"STK":189.0}}