{"AU":{"POS":1460.884489031,"PACE":81.1602493906},"CSB":{"POS":1372.0733441733,"PACE":76.2262968985},"CSJL":{"POS":1406.0392190726,"PACE":78.1132899485},"EAC":{"POS":1426.082995602,"PACE":79.226833089},"JRU":{"POS":1397.8197144346,"PACE":77.6566508019},"LPU":{"POS":1422.4332462549,"PACE":79.0240692364},"MU":{"POS":1376.4748750049,"PACE":76.4708263892},"SBU":{"POS":1214.6469840296,"PACE":71.44982259},"SSCR":{"POS":1425.0250811883,"PACE":83.8250047758},"UPHSD":{"POS":1344.7941574279,"PACE":74.7107865238},"League":{"POS":1384.6274106219,"PACE":77.7863829644}}