{"CSB":{"OFF":78.3211700206,"DEF":69.1454680935,"NET":9.1757019271,"PACE":76.2884415341,"hAST%":16.7301142056,"hTO%":13.374073332,"TOR":19.4437493217,"AR":24.3228924099,"STL%":8.6659407089,"BLK%":8.3333333333,"EFG%":49.1843393148,"TS%":51.3831159524,"PPWS":1.027662319,"REB%":57.2871572872,"OREB%":37.5394321767,"DREB%":73.9361702128,"FTR":0.3140293638,"FFI":36.7529999485,"Py-W":15.8423872732,"Py-L":2.1576127268,"PPR":-1.2386551114,"HHI":0.1013647442},"SBU":{"OFF":73.7251244003,"DEF":68.9706565788,"NET":4.7544678215,"PACE":71.44982259,"hAST%":14.5902810862,"hTO%":11.7317770367,"TOR":16.2187040836,"AR":20.1704695456,"STL%":7.1625748999,"BLK%":6.24024961,"EFG%":45.235892692,"TS%":48.2541222114,"PPWS":0.9650824442,"REB%":53.253968254,"OREB%":30.1824212272,"DREB%":74.4292237443,"FTR":0.32839963,"FFI":33.1115117927,"Py-W":12.647146204,"Py-L":4.352853796,"PPR":-1.0625551719,"HHI":0.1089170027},"MU":{"OFF":74.8651514614,"DEF":70.6151646972,"NET":4.2499867642,"PACE":76.4708263892,"hAST%":15.910490659,"hTO%":12.5230958735,"TOR":17.7264405207,"AR":22.5212973828,"STL%":10.1709084955,"BLK%":5.7667103539,"EFG%":45.881383855,"TS%":49.2685025818,"PPWS":0.9853700516,"REB%":53.1107738998,"OREB%":32.6378539493,"DREB%":74.343122102,"FTR":0.3377265239,"FFI":34.3776323204,"Py-W":12.9259497469,"Py-L":5.0740502531,"PPR":-1.0477667054,"HHI":0.127420445},"LPU":{"OFF":76.8753122777,"DEF":76.7698591744,"NET":0.1054531033,"PACE":79.0240692364,"hAST%":15.9636519924,"hTO%":10.7959313154,"TOR":14.8337365255,"AR":21.9342454784,"STL%":9.7719875689,"BLK%":4.4155844156,"EFG%":46.3503649635,"TS%":50.9277371039,"PPWS":1.0185547421,"REB%":46.3043478261,"OREB%":24.9271137026,"DREB%":67.4351585014,"FTR":0.3657745337,"FFI":32.7206208622,"Py-W":9.0988292618,"Py-L":8.9011707382,"PPR":-0.0809171581,"HHI":0.1184204832},"League":{"OFF":72.9665550483,"DEF":72.9665550483,"NET":0.0,"PACE":77.7985710609,"hAST%":15.3836785415,"hTO%":12.2666903365,"TOR":17.1643535317,"AR":21.5258468145,"STL%":9.7339287172,"BLK%":7.1007467575,"EFG%":44.3899247628,"TS%":48.0503121327,"PPWS":0.9610062427,"REB%":50.0,"OREB%":30.049765808,"DREB%":69.950234192,"FTR":0.3330062152,"FFI":33.0521046783,"Py-W":8.9,"Py-L":8.9,"PPR":-1.0779160904,"HHI":0.0099541501},"EAC":{"OFF":69.5786993506,"DEF":70.4201651024,"NET":-0.8414657518,"PACE":79.226833089,"hAST%":15.4817079184,"hTO%":11.2907997239,"TOR":16.0579714299,"AR":22.0183538383,"STL%":9.1158789777,"BLK%":9.1377091377,"EFG%":41.6280864198,"TS%":44.5394559655,"PPWS":0.8907891193,"REB%":47.4064346684,"OREB%":28.7012987013,"DREB%":66.5338645418,"FTR":0.3317901235,"FFI":31.3828390175,"Py-W":8.1371333801,"Py-L":9.8628666199,"PPR":-0.5327482968,"HHI":0.109958185},"CSJL":{"OFF":71.5840629726,"DEF":73.6643747877,"NET":-2.0803118151,"PACE":78.1132899485,"hAST%":15.2239875258,"hTO%":14.4864933204,"TOR":19.558487151,"AR":20.5541919514,"STL%":8.1790037177,"BLK%":8.3429895713,"EFG%":45.8439355386,"TS%":50.2877870376,"PPWS":1.0057557408,"REB%":48.0029048656,"OREB%":25.3246753247,"DREB%":66.3600525624,"FTR":0.2994062765,"FFI":32.7832252157,"Py-W":6.9727944814,"Py-L":11.0272055186,"PPR":-2.2013855535,"HHI":0.1197647482},"UPHSD":{"OFF":67.4285329867,"DEF":69.7690275202,"NET":-2.3404945334,"PACE":74.7705228536,"hAST%":16.4963260548,"hTO%":14.3106929498,"TOR":20.4328887839,"AR":23.5535481618,"STL%":10.1792936851,"BLK%":10.3759398496,"EFG%":41.8244406196,"TS%":45.5010378749,"PPWS":0.9100207575,"REB%":51.6763848397,"OREB%":31.7073170732,"DREB%":69.9720670391,"FTR":0.3278829604,"FFI":33.0977062646,"Py-W":6.6024793425,"Py-L":11.3975206575,"PPR":-1.7904062745,"HHI":0.1235475719},"AU":{"OFF":69.512682736,"DEF":72.5416696499,"NET":-3.0289869139,"PACE":81.1602493906,"hAST%":13.5391686651,"hTO%":11.1410871303,"TOR":15.2647250124,"AR":18.5504057326,"STL%":12.3213027006,"BLK%":7.1688942892,"EFG%":41.5247678019,"TS%":44.9058105598,"PPWS":0.8981162112,"REB%":47.27773949,"OREB%":29.0816326531,"DREB%":68.6656671664,"FTR":0.3792569659,"FFI":31.9312693936,"Py-W":6.0429415375,"Py-L":11.9570584625,"PPR":-1.1117774197,"HHI":0.1078973838},"SSCR":{"OFF":74.2618508242,"DEF":78.7354562956,"NET":-4.4736054713,"PACE":83.8250047758,"hAST%":13.4784755947,"hTO%":10.3918017944,"TOR":14.1751891013,"AR":18.3856413097,"STL%":11.5085693694,"BLK%":3.2967032967,"EFG%":43.60333081,"TS%":47.6740728727,"PPWS":0.9534814575,"REB%":46.2292609351,"OREB%":28.2463186078,"DREB%":69.4300518135,"FTR":0.2732778198,"FFI":30.7335606184,"Py-W":4.7892623202,"Py-L":12.2107376798,"PPR":-0.7300217881,"HHI":0.1290191826},"JRU":{"OFF":73.6682985199,"DEF":78.1753175117,"NET":-4.5070189918,"PACE":77.6566508019,"hAST%":16.3040226561,"hTO%":12.6642867115,"TOR":18.171155935,"AR":23.3935747667,"STL%":9.8009778075,"BLK%":7.7596996245,"EFG%":43.2189542484,"TS%":48.1876123091,"PPWS":0.9637522462,"REB%":50.1180173092,"OREB%":32.9323308271,"DREB%":68.9768976898,"FTR":0.3725490196,"FFI":34.0050721426,"Py-W":5.0195560968,"Py-L":12.9804439032,"PPR":-1.0018275352,"HHI":0.1179309214}}