{"MU":{"MINS":201.3888888889,"FGM":26.6666666667,"FGA":67.4444444444,"2PM":18.1111111111,"2PA":38.2222222222,"3PM":8.5555555556,"3PA":29.2222222222,"FTM":14.4444444444,"FTA":22.7777777778,"PTS":76.3333333333,"OFF":12.1666666667,"DEF":26.7222222222,"REB":38.8888888889,"AST":17.2222222222,"TO":13.5555555556,"STL":7.7777777778,"BLK":2.4444444444,"STK":10.2222222222,"PF":23.2222222222,"Fls on:":19.7777777778,"+\/-":4.3444444444,"GW":180.0,"GP":18.0,"W":15.0,"L":3.0,"FG%":39.5387149918,"2P%":47.3837209302,"3P%":29.2775665399,"FT%":63.4146341463,"W%":0.8333333333},"CSB":{"MINS":202.7777777778,"FGM":29.8333333333,"FGA":68.1111111111,"2PM":22.5,"2PA":42.2222222222,"3PM":7.3333333333,"3PA":25.8888888889,"FTM":12.6666666667,"FTA":21.3888888889,"PTS":79.6666666667,"OFF":13.2222222222,"DEF":30.8888888889,"REB":44.1111111111,"AST":18.5555555556,"TO":14.8333333333,"STL":6.6111111111,"BLK":3.7222222222,"STK":10.3333333333,"PF":19.0555555556,"Fls on:":19.5,"+\/-":9.3333333333,"GW":193.0,"GP":18.0,"W":14.0,"L":4.0,"FG%":43.8009787928,"2P%":53.2894736842,"3P%":28.3261802575,"FT%":59.2207792208,"W%":0.7777777778},"SBU":{"MINS":202.9411764706,"FGM":24.4705882353,"FGA":63.5882352941,"2PM":15.8823529412,"2PA":36.5294117647,"3PM":8.5882352941,"3PA":27.0588235294,"FTM":12.7058823529,"FTA":20.8823529412,"PTS":70.2352941176,"OFF":10.7058823529,"DEF":28.7647058824,"REB":39.4705882353,"AST":14.4117647059,"TO":11.5882352941,"STL":5.1176470588,"BLK":2.3529411765,"STK":7.4705882353,"PF":18.0,"Fls on:":19.2941176471,"+\/-":4.5294117647,"GW":133.0,"GP":17.0,"W":10.0,"L":7.0,"FG%":38.4828862165,"2P%":43.4782608696,"3P%":31.7391304348,"FT%":60.8450704225,"W%":0.5882352941},"LPU":{"MINS":202.7777777778,"FGM":28.1111111111,"FGA":68.5,"2PM":20.8333333333,"2PA":40.6666666667,"3PM":7.2777777778,"3PA":27.8333333333,"FTM":17.5,"FTA":25.0555555556,"PTS":81.0,"OFF":9.5,"DEF":26.0,"REB":35.5,"AST":17.3333333333,"TO":11.7222222222,"STL":7.7222222222,"BLK":1.8888888889,"STK":9.6111111111,"PF":19.7777777778,"Fls on:":22.2777777778,"+\/-":0.1111111111,"GW":125.0,"GP":18.0,"W":10.0,"L":8.0,"FG%":41.0381184104,"2P%":51.2295081967,"3P%":26.1477045908,"FT%":69.844789357,"W%":0.5555555556},"EAC":{"MINS":201.3888888889,"FGM":26.2222222222,"FGA":72.0,"2PM":18.7222222222,"2PA":44.5555555556,"3PM":7.5,"3PA":27.4444444444,"FTM":13.5555555556,"FTA":23.8888888889,"PTS":73.5,"OFF":12.2777777778,"DEF":27.8333333333,"REB":40.1111111111,"AST":17.4444444444,"TO":12.7222222222,"STL":7.2222222222,"BLK":3.9444444444,"STK":11.1666666667,"PF":21.6666666667,"Fls on:":21.1111111111,"+\/-":-0.9111111111,"GW":125.0,"GP":18.0,"W":9.0,"L":9.0,"FG%":36.4197530864,"2P%":42.0199501247,"3P%":27.3279352227,"FT%":56.7441860465,"W%":0.5},"League":{"MINS":203.0898876404,"FGM":27.0224719101,"FGA":68.6966292135,"2PM":20.0786516854,"2PA":42.8820224719,"3PM":6.9438202247,"3PA":25.8146067416,"FTM":14.702247191,"FTA":22.8764044944,"PTS":75.691011236,"OFF":11.5337078652,"DEF":26.8483146067,"REB":38.3820224719,"AST":16.7471910112,"TO":13.3539325843,"STL":7.5730337079,"BLK":3.0449438202,"STK":10.6179775281,"PF":20.8651685393,"Fls on:":20.6011235955,"+\/-":-0.0011235955,"GW":114.8,"GP":17.8,"W":8.9,"L":8.9,"FG%":39.3359502781,"2P%":46.8230053714,"3P%":26.8988030468,"FT%":64.268172888,"W%":0.5},"CSJL":{"MINS":206.9444444444,"FGM":26.3888888889,"FGA":65.5,"2PM":19.1111111111,"2PA":38.7777777778,"3PM":7.2777777778,"3PA":26.7222222222,"FTM":14.5,"FTA":19.6111111111,"PTS":74.5555555556,"OFF":8.6666666667,"DEF":28.0555555556,"REB":36.7222222222,"AST":16.0555555556,"TO":15.2777777778,"STL":6.3888888889,"BLK":4.0,"STK":10.3888888889,"PF":20.7222222222,"Fls on:":19.3888888889,"+\/-":-2.1666666667,"GW":100.0,"GP":18.0,"W":8.0,"L":10.0,"FG%":40.288379983,"2P%":49.2836676218,"3P%":27.2349272349,"FT%":73.9376770538,"W%":0.4444444444},"AU":{"MINS":202.7777777778,"FGM":27.7777777778,"FGA":71.7777777778,"2PM":23.7222222222,"2PA":52.0555555556,"3PM":4.0555555556,"3PA":19.7222222222,"FTM":15.6111111111,"FTA":27.2222222222,"PTS":75.2222222222,"OFF":12.6666666667,"DEF":25.4444444444,"REB":38.1111111111,"AST":15.0555555556,"TO":12.3888888889,"STL":10.0,"BLK":3.2777777778,"STK":13.2777777778,"PF":20.3888888889,"Fls on:":23.6111111111,"+\/-":-3.2777777778,"GW":88.0,"GP":18.0,"W":7.0,"L":11.0,"FG%":38.6996904025,"2P%":45.5709711846,"3P%":20.5633802817,"FT%":57.3469387755,"W%":0.3888888889},"UPHSD":{"MINS":205.5555555556,"FGM":24.1666666667,"FGA":64.5555555556,"2PM":18.5,"2PA":41.8333333333,"3PM":5.6666666667,"3PA":22.7222222222,"FTM":13.2222222222,"FTA":21.1666666667,"PTS":67.2222222222,"OFF":11.5555555556,"DEF":27.8333333333,"REB":39.3888888889,"AST":17.6111111111,"TO":15.2777777778,"STL":7.6111111111,"BLK":3.8333333333,"STK":11.4444444444,"PF":17.6111111111,"Fls on:":19.5,"+\/-":-2.3333333333,"GW":79.0,"GP":18.0,"W":7.0,"L":11.0,"FG%":37.4354561102,"2P%":44.2231075697,"3P%":24.9388753056,"FT%":62.467191601,"W%":0.3888888889},"SSCR":{"MINS":204.4117647059,"FGM":29.8235294118,"FGA":77.7058823529,"2PM":21.7058823529,"2PA":46.5294117647,"3PM":8.1176470588,"3PA":31.1764705882,"FTM":15.2352941176,"FTA":21.2352941176,"PTS":83.0,"OFF":12.4117647059,"DEF":23.6470588235,"REB":36.0588235294,"AST":15.4117647059,"TO":11.8823529412,"STL":9.6470588235,"BLK":1.4117647059,"STK":11.0588235294,"PF":26.0,"Fls on:":19.1764705882,"+\/-":-5.0,"GW":67.0,"GP":17.0,"W":5.0,"L":12.0,"FG%":38.38001514,"2P%":46.6498103666,"3P%":26.0377358491,"FT%":71.7451523546,"W%":0.2941176471},"JRU":{"MINS":200.0,"FGM":26.7777777778,"FGA":68.0,"2PM":21.5555555556,"2PA":47.2777777778,"3PM":5.2222222222,"3PA":20.7222222222,"FTM":17.5,"FTA":25.3333333333,"PTS":76.2777777778,"OFF":12.1666666667,"DEF":23.2222222222,"REB":35.3888888889,"AST":18.1666666667,"TO":14.1111111111,"STL":7.6111111111,"BLK":3.4444444444,"STK":11.0555555556,"PF":22.3333333333,"Fls on:":22.2222222222,"+\/-":-4.6666666667,"GW":58.0,"GP":18.0,"W":4.0,"L":14.0,"FG%":39.3790849673,"2P%":45.5934195065,"3P%":25.2010723861,"FT%":69.0789473684,"W%":0.2222222222}}