{"SBU":{"2PM":14.0,"2PA":38.0,"3PM":6.0,"3PA":31.0,"FTM":17.0,"FTA":26.0,"OFF":11.0,"DEF":26.0,"AST":8.0,"TO":10.0,"STL":6.0,"BLK":0.0,"PF":25.0,"Fls on:":22.0,"+\/-":-16.0,"GW":0,"GP":1,"MINS":200.0,"FGM":20.0,"FGA":69.0,"FG%":28.9855072464,"2P%":36.8421052632,"3P%":19.3548387097,"FT%":65.3846153846,"PTS":63.0,"REB":37.0,"STK":6.0},"CSB":{"2PM":19.0,"2PA":40.0,"3PM":6.0,"3PA":31.0,"FTM":9.0,"FTA":14.0,"OFF":11.0,"DEF":23.0,"AST":14.0,"TO":16.0,"STL":12.0,"BLK":2.0,"PF":21.0,"Fls on:":15.0,"+\/-":-13.0,"GW":0,"GP":1,"MINS":200.0,"FGM":25.0,"FGA":71.0,"FG%":35.2112676056,"2P%":47.5,"3P%":19.3548387097,"FT%":64.2857142857,"PTS":65.0,"REB":34.0,"STK":14.0},"League":{"2PM":19.5,"2PA":41.25,"3PM":6.5,"3PA":26.75,"FTM":12.75,"FTA":19.5,"OFF":12.25,"DEF":30.25,"AST":13.5,"TO":15.25,"STL":8.25,"BLK":3.0,"PF":20.75,"Fls on:":20.75,"+\/-":0.0,"GW":7,"GP":1,"MINS":200.0,"FGM":26.0,"FGA":68.0,"FG%":38.2352941176,"2P%":47.2727272727,"3P%":24.2990654206,"FT%":65.3846153846,"PTS":71.25,"REB":42.5,"STK":11.25},"MU":{"2PM":28.0,"2PA":51.0,"3PM":3.0,"3PA":17.0,"FTM":13.0,"FTA":17.0,"OFF":12.0,"DEF":35.0,"AST":14.0,"TO":20.0,"STL":10.0,"BLK":5.0,"PF":15.0,"Fls on:":21.0,"+\/-":13.0,"GW":13,"GP":1,"MINS":200.0,"FGM":31.0,"FGA":68.0,"FG%":45.5882352941,"2P%":54.9019607843,"3P%":17.6470588235,"FT%":76.4705882353,"PTS":78.0,"REB":47.0,"STK":15.0},"LPU":{"2PM":17.0,"2PA":36.0,"3PM":11.0,"3PA":28.0,"FTM":12.0,"FTA":21.0,"OFF":15.0,"DEF":37.0,"AST":18.0,"TO":15.0,"STL":5.0,"BLK":5.0,"PF":22.0,"Fls on:":25.0,"+\/-":16.0,"GW":15,"GP":1,"MINS":200.0,"FGM":28.0,"FGA":64.0,"FG%":43.75,"2P%":47.2222222222,"3P%":39.2857142857,"FT%":57.1428571429,"PTS":79.0,"REB":52.0,"STK":10.0}}