TEAM,OFF,DEF,NET,PACE,hAST%,hTO%,TOR,AR,STL%,BLK%,EFG%,TS%,PPWS,REB%,OREB%,DREB%,FTR,FFI,Py-W,Py-L,PPR,HHI
SBU,78.63716354558014,62.71064940976644,15.926514135813697,75.3460543699,16.942771084337352,14.118975903614459,19.908142669767123,23.88977120372055,6.636047556589042,13.157894736842104,52.34375,53.93227744401967,1.0786455488803932,58.42696629213483,36.58536585365854,77.08333333333333,0.328125,38.153483838173486,0.9739415707459651,0.0260584292540349,-1.556559914132709,0.12449927896170485
CSB,72.19713785513969,60.164281545949734,12.032856309189953,81.0281428571,12.78772378516624,18.26817683595177,24.682782172697326,17.27794752088813,12.341391086348663,12.5,47.794117647058826,51.669316375198726,1.0333863275039745,58.02469135802469,34.285714285714285,76.08695652173913,0.25,35.895485459140716,0.9486874924804165,0.051312507519583495,-5.146333663445934,0.17389875082182776
League,68.34567460311584,68.34567460311584,0.0,78.1870986135,12.816861293078896,14.478306275515049,19.504496611883347,17.26627568920821,10.551612921182794,7.2727272727272725,43.01470588235294,46.5199791068164,0.930399582136328,50.0,28.823529411764707,71.17647058823529,0.2867647058823529,32.14818297650025,0.5,0.5,-3.125,0.011671044751238735
MU,60.164281545949734,72.19713785513969,-12.032856309189953,81.0281428571,13.064576334453154,14.930944382232177,19.74622573815786,17.27794752088813,14.809669303618396,3.9215686274509802,39.436619718309856,42.120269569725245,0.842405391394505,41.97530864197531,23.91304347826087,65.71428571428571,0.19718309859154928,28.45155949638883,0.05131250751958343,0.9486874924804166,-3.216458539653709,0.13940828402366864
LPU,62.71064940976644,78.63716354558014,-15.926514135813697,75.3460543699,8.126777732629012,10.158472165786266,13.272095113178084,10.617676090542467,7.96325706790685,0.0,33.33333333333333,39.15962207856788,0.7831924415713576,41.57303370786517,22.916666666666668,63.41463414634146,0.37681159420289856,26.886864358004665,0.026058429254034936,0.9739415707459651,-2.4213154219842146,0.19879062736205588
