{"SBU":{"OFF":78.6371635456,"DEF":62.7106494098,"NET":15.9265141358,"PACE":75.3460543699,"hAST%":16.9427710843,"hTO%":14.1189759036,"TOR":19.9081426698,"AR":23.8897712037,"STL%":6.6360475566,"BLK%":13.1578947368,"EFG%":52.34375,"TS%":53.932277444,"PPWS":1.0786455489,"REB%":58.4269662921,"OREB%":36.5853658537,"DREB%":77.0833333333,"FTR":0.328125,"FFI":38.1534838382,"Py-W":0.9739415707,"Py-L":0.0260584293,"PPR":-1.5565599141,"HHI":0.124499279},"CSB":{"OFF":72.1971378551,"DEF":60.1642815459,"NET":12.0328563092,"PACE":81.0281428571,"hAST%":12.7877237852,"hTO%":18.268176836,"TOR":24.6827821727,"AR":17.2779475209,"STL%":12.3413910863,"BLK%":12.5,"EFG%":47.7941176471,"TS%":51.6693163752,"PPWS":1.0333863275,"REB%":58.024691358,"OREB%":34.2857142857,"DREB%":76.0869565217,"FTR":0.25,"FFI":35.8954854591,"Py-W":0.9486874925,"Py-L":0.0513125075,"PPR":-5.1463336634,"HHI":0.1738987508},"League":{"OFF":68.3456746031,"DEF":68.3456746031,"NET":0.0,"PACE":78.1870986135,"hAST%":12.8168612931,"hTO%":14.4783062755,"TOR":19.5044966119,"AR":17.2662756892,"STL%":10.5516129212,"BLK%":7.2727272727,"EFG%":43.0147058824,"TS%":46.5199791068,"PPWS":0.9303995821,"REB%":50.0,"OREB%":28.8235294118,"DREB%":71.1764705882,"FTR":0.2867647059,"FFI":32.1481829765,"Py-W":0.5,"Py-L":0.5,"PPR":-3.125,"HHI":0.0116710448},"MU":{"OFF":60.1642815459,"DEF":72.1971378551,"NET":-12.0328563092,"PACE":81.0281428571,"hAST%":13.0645763345,"hTO%":14.9309443822,"TOR":19.7462257382,"AR":17.2779475209,"STL%":14.8096693036,"BLK%":3.9215686275,"EFG%":39.4366197183,"TS%":42.1202695697,"PPWS":0.8424053914,"REB%":41.975308642,"OREB%":23.9130434783,"DREB%":65.7142857143,"FTR":0.1971830986,"FFI":28.4515594964,"Py-W":0.0513125075,"Py-L":0.9486874925,"PPR":-3.2164585397,"HHI":0.139408284},"LPU":{"OFF":62.7106494098,"DEF":78.6371635456,"NET":-15.9265141358,"PACE":75.3460543699,"hAST%":8.1267777326,"hTO%":10.1584721658,"TOR":13.2720951132,"AR":10.6176760905,"STL%":7.9632570679,"BLK%":0.0,"EFG%":33.3333333333,"TS%":39.1596220786,"PPWS":0.7831924416,"REB%":41.5730337079,"OREB%":22.9166666667,"DREB%":63.4146341463,"FTR":0.3768115942,"FFI":26.886864358,"Py-W":0.0260584293,"Py-L":0.9739415707,"PPR":-2.421315422,"HHI":0.1987906274}}