{"AU":{"POS":342.8731521739,"PACE":85.7182880435},"CSB":{"POS":302.7399703557,"PACE":75.6849925889},"CSJL":{"POS":225.7849910036,"PACE":75.2616636679},"EAC":{"POS":318.1019685955,"PACE":79.5254921489},"JRU":{"POS":305.561212659,"PACE":76.3903031647},"LPU":{"POS":333.9104607284,"PACE":83.4776151821},"MU":{"POS":228.84868,"PACE":76.2828933333},"SBU":{"POS":297.5731053796,"PACE":74.3932763449},"SSCR":{"POS":329.7544444444,"PACE":82.4386111111},"UPHSD":{"POS":294.1251042997,"PACE":73.5312760749},"League":{"POS":297.927308964,"PACE":78.270441166}}