{"SBU":{"2PM":14.0,"2PA":38.0,"3PM":6.0,"3PA":31.0,"FTM":17.0,"FTA":26.0,"OFF":11.0,"DEF":26.0,"AST":8.0,"TO":10.0,"STL":6.0,"BLK":0.0,"PF":25.0,"Fls on:":22.0,"+\/-":-16.0,"GW":0.0,"GP":1,"MINS":200.0,"FGM":20.0,"FGA":69.0,"FG%":28.9855072464,"2P%":36.8421052632,"3P%":19.3548387097,"FT%":65.3846153846,"PTS":63.0,"REB":37.0,"STK":6.0},"CSB":{"2PM":19.0,"2PA":40.0,"3PM":6.0,"3PA":31.0,"FTM":9.0,"FTA":14.0,"OFF":11.0,"DEF":23.0,"AST":14.0,"TO":16.0,"STL":12.0,"BLK":2.0,"PF":21.0,"Fls on:":15.0,"+\/-":-13.0,"GW":0.0,"GP":1,"MINS":200.0,"FGM":25.0,"FGA":71.0,"FG%":35.2112676056,"2P%":47.5,"3P%":19.3548387097,"FT%":64.2857142857,"PTS":65.0,"REB":34.0,"STK":14.0},"EAC":{"2PM":28.0,"2PA":67.0,"3PM":4.0,"3PA":19.0,"FTM":12.0,"FTA":29.0,"OFF":14.0,"DEF":43.0,"AST":14.0,"TO":10.0,"STL":7.0,"BLK":0.0,"PF":28.0,"Fls on:":26.0,"+\/-":-7.0,"GW":0.0,"GP":1,"MINS":200.0,"FGM":32.0,"FGA":86.0,"FG%":37.2093023256,"2P%":41.7910447761,"3P%":21.0526315789,"FT%":41.3793103448,"PTS":80.0,"REB":57.0,"STK":7.0},"SSCR":{"2PM":22.0,"2PA":34.0,"3PM":5.0,"3PA":23.0,"FTM":25.0,"FTA":33.0,"OFF":12.0,"DEF":25.0,"AST":16.0,"TO":22.0,"STL":5.0,"BLK":4.0,"PF":25.0,"Fls on:":28.0,"+\/-":-7.0,"GW":0.0,"GP":1,"MINS":200.0,"FGM":27.0,"FGA":57.0,"FG%":47.3684210526,"2P%":64.7058823529,"3P%":21.7391304348,"FT%":75.7575757576,"PTS":84.0,"REB":37.0,"STK":9.0},"League":{"2PM":22.25,"2PA":46.75,"3PM":6.125,"3PA":26.25,"FTM":15.5,"FTA":24.0,"OFF":12.5,"DEF":30.75,"AST":15.25,"TO":13.875,"STL":7.5,"BLK":3.5,"PF":23.875,"Fls on:":23.5,"+\/-":0.0,"GW":6.875,"GP":1,"MINS":200.0,"FGM":28.375,"FGA":73.0,"FG%":38.8698630137,"2P%":47.5935828877,"3P%":23.3333333333,"FT%":64.5833333333,"PTS":78.375,"REB":43.25,"STK":11.0},"AU":{"2PM":20.0,"2PA":53.0,"3PM":10.0,"3PA":30.0,"FTM":17.0,"FTA":28.0,"OFF":8.0,"DEF":40.0,"AST":22.0,"TO":10.0,"STL":4.0,"BLK":11.0,"PF":27.0,"Fls on:":26.0,"+\/-":7.0,"GW":14.0,"GP":1,"MINS":200.0,"FGM":30.0,"FGA":83.0,"FG%":36.1445783133,"2P%":37.7358490566,"3P%":33.3333333333,"FT%":60.7142857143,"PTS":87.0,"REB":48.0,"STK":15.0},"CSJL":{"2PM":30.0,"2PA":55.0,"3PM":4.0,"3PA":31.0,"FTM":19.0,"FTA":24.0,"OFF":17.0,"DEF":17.0,"AST":16.0,"TO":8.0,"STL":11.0,"BLK":1.0,"PF":28.0,"Fls on:":25.0,"+\/-":7.0,"GW":13.0,"GP":1,"MINS":200.0,"FGM":34.0,"FGA":86.0,"FG%":39.5348837209,"2P%":54.5454545455,"3P%":12.9032258065,"FT%":79.1666666667,"PTS":91.0,"REB":34.0,"STK":12.0},"MU":{"2PM":28.0,"2PA":51.0,"3PM":3.0,"3PA":17.0,"FTM":13.0,"FTA":17.0,"OFF":12.0,"DEF":35.0,"AST":14.0,"TO":20.0,"STL":10.0,"BLK":5.0,"PF":15.0,"Fls on:":21.0,"+\/-":13.0,"GW":13.0,"GP":1,"MINS":200.0,"FGM":31.0,"FGA":68.0,"FG%":45.5882352941,"2P%":54.9019607843,"3P%":17.6470588235,"FT%":76.4705882353,"PTS":78.0,"REB":47.0,"STK":15.0},"LPU":{"2PM":17.0,"2PA":36.0,"3PM":11.0,"3PA":28.0,"FTM":12.0,"FTA":21.0,"OFF":15.0,"DEF":37.0,"AST":18.0,"TO":15.0,"STL":5.0,"BLK":5.0,"PF":22.0,"Fls on:":25.0,"+\/-":16.0,"GW":15.0,"GP":1,"MINS":200.0,"FGM":28.0,"FGA":64.0,"FG%":43.75,"2P%":47.2222222222,"3P%":39.2857142857,"FT%":57.1428571429,"PTS":79.0,"REB":52.0,"STK":10.0}}