{"AU":{"POS":93.9621568627,"PACE":93.9621568627},"CSB":{"POS":81.0281428571,"PACE":81.0281428571},"CSJL":{"POS":79.9981444992,"PACE":79.9981444992},"EAC":{"POS":93.9621568627,"PACE":93.9621568627},"LPU":{"POS":75.3460543699,"PACE":75.3460543699},"MU":{"POS":81.0281428571,"PACE":81.0281428571},"SBU":{"POS":75.3460543699,"PACE":75.3460543699},"SSCR":{"POS":79.9981444992,"PACE":79.9981444992},"League":{"POS":82.5836246472,"PACE":82.5836246472}}