{"SBU":{"OFF":78.6371635456,"DEF":62.7106494098,"NET":15.9265141358,"PACE":75.3460543699,"hAST%":16.9427710843,"hTO%":14.1189759036,"TOR":19.9081426698,"AR":23.8897712037,"STL%":6.6360475566,"BLK%":13.1578947368,"EFG%":52.34375,"TS%":53.932277444,"PPWS":1.0786455489,"REB%":58.4269662921,"OREB%":36.5853658537,"DREB%":77.0833333333,"FTR":0.328125,"FFI":38.1534838382,"Py-W":0.9739415707,"Py-L":0.0260584293,"PPR":-1.6440865817,"HHI":0.124499279},"CSB":{"OFF":72.1971378551,"DEF":60.1642815459,"NET":12.0328563092,"PACE":81.0281428571,"hAST%":12.7877237852,"hTO%":18.268176836,"TOR":24.6827821727,"AR":17.2779475209,"STL%":12.3413910863,"BLK%":12.5,"EFG%":47.7941176471,"TS%":51.6693163752,"PPWS":1.0333863275,"REB%":58.024691358,"OREB%":34.2857142857,"DREB%":76.0869565217,"FTR":0.25,"FFI":35.8954854591,"Py-W":0.9486874925,"Py-L":0.0513125075,"PPR":-5.4357163152,"HHI":0.1738987508},"SSCR":{"OFF":85.3144787635,"DEF":78.751826551,"NET":6.5626522126,"PACE":79.9981444992,"hAST%":13.2714001327,"hTO%":6.6357000664,"TOR":10.000231943,"AR":20.000463886,"STL%":13.7503189216,"BLK%":2.9411764706,"EFG%":41.8604651163,"TS%":47.1209610605,"PPWS":0.9424192212,"REB%":47.8873239437,"OREB%":40.4761904762,"DREB%":58.6206896552,"FTR":0.2790697674,"FFI":31.5255286391,"Py-W":0.7825660706,"Py-L":0.2174339294,"PPR":1.3764256686,"HHI":0.1889868373},"EAC":{"OFF":69.4428503758,"DEF":63.8554945984,"NET":5.5873557774,"PACE":93.9621568627,"hAST%":17.2792962614,"hTO%":7.8542255734,"TOR":10.6425824331,"AR":23.4136813527,"STL%":4.2570329732,"BLK%":16.4179104478,"EFG%":42.1686746988,"TS%":45.6357532522,"PPWS":0.912715065,"REB%":45.7142857143,"OREB%":15.6862745098,"DREB%":74.0740740741,"FTR":0.3373493976,"FFI":27.7256113536,"Py-W":0.7928356884,"Py-L":0.2071643116,"PPR":1.8229099942,"HHI":0.1227374818},"League":{"OFF":71.1778518455,"DEF":71.1778518455,"NET":0.0,"PACE":82.5836246472,"hAST%":13.5333007942,"hTO%":12.3130851489,"TOR":16.8011516318,"AR":18.4661306223,"STL%":9.0817035847,"BLK%":7.486631016,"EFG%":43.0650684932,"TS%":46.897438966,"PPWS":0.9379487793,"REB%":50.0,"OREB%":28.901734104,"DREB%":71.098265896,"FTR":0.3287671233,"FFI":32.1381689753,"Py-W":0.5,"Py-L":0.5,"PPR":-1.797979798,"HHI":0.0117493333},"AU":{"OFF":63.8554945984,"DEF":69.4428503758,"NET":-5.5873557774,"PACE":93.9621568627,"hAST%":11.4043662431,"hTO%":8.1459758879,"TOR":10.6425824331,"AR":14.8996154063,"STL%":7.4498077031,"BLK%":0.0,"EFG%":39.5348837209,"TS%":40.5022276225,"PPWS":0.8100445525,"REB%":54.2857142857,"OREB%":25.9259259259,"DREB%":84.3137254902,"FTR":0.3372093023,"FFI":28.7179238167,"Py-W":0.2071643116,"Py-L":0.7928356884,"PPR":-0.2604157135,"HHI":0.148125},"CSJL":{"OFF":78.751826551,"DEF":85.3144787635,"NET":-6.5626522126,"PACE":79.9981444992,"hAST%":14.6092037984,"hTO%":20.0876552228,"TOR":27.5006378432,"AR":20.000463886,"STL%":6.2501449644,"BLK%":7.2727272727,"EFG%":51.7543859649,"TS%":58.7248322148,"PPWS":1.1744966443,"REB%":52.1126760563,"OREB%":41.3793103448,"DREB%":59.5238095238,"FTR":0.5789473684,"FFI":44.536986442,"Py-W":0.2174339294,"Py-L":0.7825660706,"PPR":-5.8498090916,"HHI":0.1366213152},"MU":{"OFF":60.1642815459,"DEF":72.1971378551,"NET":-12.0328563092,"PACE":81.0281428571,"hAST%":13.0645763345,"hTO%":14.9309443822,"TOR":19.7462257382,"AR":17.2779475209,"STL%":14.8096693036,"BLK%":3.9215686275,"EFG%":39.4366197183,"TS%":42.1202695697,"PPWS":0.8424053914,"REB%":41.975308642,"OREB%":23.9130434783,"DREB%":65.7142857143,"FTR":0.1971830986,"FFI":28.4515594964,"Py-W":0.0513125075,"Py-L":0.9486874925,"PPR":-3.397322697,"HHI":0.139408284},"LPU":{"OFF":62.7106494098,"DEF":78.6371635456,"NET":-15.9265141358,"PACE":75.3460543699,"hAST%":8.1267777326,"hTO%":10.1584721658,"TOR":13.2720951132,"AR":10.6176760905,"STL%":7.9632570679,"BLK%":0.0,"EFG%":33.3333333333,"TS%":39.1596220786,"PPWS":0.7831924416,"REB%":41.5730337079,"OREB%":22.9166666667,"DREB%":63.4146341463,"FTR":0.3768115942,"FFI":26.886864358,"Py-W":0.0260584293,"Py-L":0.9739415707,"PPR":-2.5574680159,"HHI":0.1987906274}}