{"SSCR":{"2PM":369.0,"2PA":692.0,"3PM":115.0,"3PA":376.0,"FTM":318.0,"FTA":496.0,"OFF":174.0,"DEF":498.0,"AST":343.0,"TO":271.0,"STL":104.0,"BLK":55.0,"PF":306.0,"Fls on:":406.0,"+\/-":68.6,"GW":145.0,"GP":16.0,"MINS":3200.0,"FGM":484.0,"FGA":1068.0,"FG%":45.3183520599,"2P%":53.323699422,"3P%":30.585106383,"FT%":64.1129032258,"PTS":1401.0,"REB":672.0,"STK":159.0},"JRU":{"2PM":404.0,"2PA":752.0,"3PM":99.0,"3PA":365.0,"FTM":279.0,"FTA":427.0,"OFF":176.0,"DEF":417.0,"AST":241.0,"TO":234.0,"STL":143.0,"BLK":60.0,"PF":393.0,"Fls on:":379.0,"+\/-":77.2,"GW":167.0,"GP":17.0,"MINS":3400.0,"FGM":503.0,"FGA":1117.0,"FG%":45.0313339302,"2P%":53.7234042553,"3P%":27.1232876712,"FT%":65.3395784543,"PTS":1384.0,"REB":593.0,"STK":203.0},"UPHSD":{"2PM":286.0,"2PA":665.0,"3PM":159.0,"3PA":560.0,"FTM":203.0,"FTA":329.0,"OFF":215.0,"DEF":448.0,"AST":289.0,"TO":243.0,"STL":170.0,"BLK":39.0,"PF":358.0,"Fls on:":313.0,"+\/-":42.0,"GW":144.0,"GP":18.0,"MINS":3600.0,"FGM":445.0,"FGA":1225.0,"FG%":36.3265306122,"2P%":43.007518797,"3P%":28.3928571429,"FT%":61.7021276596,"PTS":1252.0,"REB":663.0,"STK":209.0},"EAC":{"2PM":308.0,"2PA":731.0,"3PM":126.0,"3PA":482.0,"FTM":279.0,"FTA":435.0,"OFF":238.0,"DEF":523.0,"AST":286.0,"TO":227.0,"STL":119.0,"BLK":58.0,"PF":364.0,"Fls on:":373.0,"+\/-":23.0,"GW":125.0,"GP":17.0,"MINS":3400.0,"FGM":434.0,"FGA":1213.0,"FG%":35.7790601814,"2P%":42.1340629275,"3P%":26.1410788382,"FT%":64.1379310345,"PTS":1273.0,"REB":761.0,"STK":177.0},"CSJL":{"2PM":362.0,"2PA":802.0,"3PM":118.0,"3PA":468.0,"FTM":236.0,"FTA":355.0,"OFF":231.0,"DEF":439.0,"AST":315.0,"TO":195.0,"STL":145.0,"BLK":45.0,"PF":338.0,"Fls on:":341.0,"+\/-":37.0,"GW":112.0,"GP":17.0,"MINS":3400.0,"FGM":480.0,"FGA":1270.0,"FG%":37.7952755906,"2P%":45.1371571072,"3P%":25.2136752137,"FT%":66.4788732394,"PTS":1314.0,"REB":670.0,"STK":190.0},"MU":{"2PM":297.0,"2PA":664.0,"3PM":93.0,"3PA":340.0,"FTM":275.0,"FTA":423.0,"OFF":148.0,"DEF":398.0,"AST":239.0,"TO":219.0,"STL":114.0,"BLK":47.0,"PF":308.0,"Fls on:":362.0,"+\/-":-56.0,"GW":35.0,"GP":16.0,"MINS":3200.0,"FGM":390.0,"FGA":1004.0,"FG%":38.8446215139,"2P%":44.7289156627,"3P%":27.3529411765,"FT%":65.011820331,"PTS":1148.0,"REB":546.0,"STK":161.0},"CSB":{"2PM":318.0,"2PA":720.0,"3PM":100.0,"3PA":426.0,"FTM":186.0,"FTA":307.0,"OFF":180.0,"DEF":347.0,"AST":214.0,"TO":174.0,"STL":142.0,"BLK":47.0,"PF":318.0,"Fls on:":299.0,"+\/-":-161.0,"GW":35.0,"GP":16.0,"MINS":3200.0,"FGM":418.0,"FGA":1146.0,"FG%":36.4746945899,"2P%":44.1666666667,"3P%":23.4741784038,"FT%":60.5863192182,"PTS":1122.0,"REB":527.0,"STK":189.0},"AU":{"2PM":343.0,"2PA":740.0,"3PM":112.0,"3PA":372.0,"FTM":251.0,"FTA":365.0,"OFF":185.0,"DEF":493.0,"AST":295.0,"TO":259.0,"STL":112.0,"BLK":52.0,"PF":380.0,"Fls on:":319.0,"+\/-":55.0,"GW":135.0,"GP":16.0,"MINS":3200.0,"FGM":455.0,"FGA":1112.0,"FG%":40.9172661871,"2P%":46.3513513514,"3P%":30.1075268817,"FT%":68.7671232877,"PTS":1273.0,"REB":678.0,"STK":164.0},"LPU":{"2PM":382.0,"2PA":735.0,"3PM":124.0,"3PA":451.0,"FTM":239.0,"FTA":384.0,"OFF":211.0,"DEF":488.0,"AST":328.0,"TO":235.0,"STL":113.0,"BLK":55.0,"PF":381.0,"Fls on:":334.0,"+\/-":-1.0,"GW":102.0,"GP":17.0,"MINS":3400.0,"FGM":506.0,"FGA":1186.0,"FG%":42.6644182125,"2P%":51.9727891156,"3P%":27.4944567627,"FT%":62.2395833333,"PTS":1375.0,"REB":699.0,"STK":168.0},"SBU":{"2PM":259.0,"2PA":604.0,"3PM":119.0,"3PA":480.0,"FTM":172.0,"FTA":262.0,"OFF":163.0,"DEF":388.0,"AST":225.0,"TO":163.0,"STL":98.0,"BLK":43.0,"PF":310.0,"Fls on:":285.0,"+\/-":-85.0,"GW":72.0,"GP":16.0,"MINS":3200.0,"FGM":378.0,"FGA":1084.0,"FG%":34.8708487085,"2P%":42.880794702,"3P%":24.7916666667,"FT%":65.6488549618,"PTS":1047.0,"REB":551.0,"STK":141.0},"League":{"2PM":332.8,"2PA":710.5,"3PM":116.5,"3PA":432.0,"FTM":243.8,"FTA":378.3,"OFF":192.1,"DEF":443.9,"AST":277.5,"TO":222.0,"STL":126.0,"BLK":50.1,"PF":345.6,"Fls on:":341.1,"+\/-":-0.02,"GW":107.2,"GP":16.6,"MINS":3320.0,"FGM":449.3,"FGA":1142.5,"FG%":39.3260393873,"2P%":46.8402533427,"3P%":26.9675925926,"FT%":64.4462067142,"PTS":1258.9,"REB":636.0,"STK":176.1}}