{"AU":{"MINS":3250.0,"FGM":455.0,"FGA":1156.0,"2PM":386.0,"2PA":828.0,"3PM":69.0,"3PA":328.0,"FTM":239.0,"FTA":421.0,"PTS":1218.0,"OFF":195.0,"DEF":405.0,"REB":600.0,"AST":241.0,"TO":194.0,"STL":162.0,"BLK":50.0,"STK":212.0,"PF":325.0,"Fls on:":372.0,"+\/-":-55.0,"GW":75.0,"GP":16.0,"W":6.0,"L":10.0,"FG%":39.3598615917,"2P%":46.6183574879,"3P%":21.0365853659,"FT%":56.7695961995},"CSB":{"MINS":3250.0,"FGM":482.0,"FGA":1095.0,"2PM":372.0,"2PA":688.0,"3PM":110.0,"3PA":407.0,"FTM":209.0,"FTA":348.0,"PTS":1283.0,"OFF":218.0,"DEF":496.0,"REB":714.0,"AST":296.0,"TO":246.0,"STL":112.0,"BLK":64.0,"STK":176.0,"PF":300.0,"Fls on:":313.0,"+\/-":161.0,"GW":180.0,"GP":16.0,"W":13.0,"L":3.0,"FG%":44.0182648402,"2P%":54.0697674419,"3P%":27.027027027,"FT%":60.0574712644},"CSJL":{"MINS":3525.0,"FGM":449.0,"FGA":1115.0,"2PM":322.0,"2PA":657.0,"3PM":127.0,"3PA":458.0,"FTM":252.0,"FTA":341.0,"PTS":1277.0,"OFF":149.0,"DEF":477.0,"REB":626.0,"AST":274.0,"TO":256.0,"STL":105.0,"BLK":68.0,"STK":173.0,"PF":347.0,"Fls on:":332.0,"+\/-":-37.0,"GW":100.0,"GP":17.0,"W":8.0,"L":9.0,"FG%":40.269058296,"2P%":49.0106544901,"3P%":27.7292576419,"FT%":73.9002932551},"EAC":{"MINS":3425.0,"FGM":443.0,"FGA":1230.0,"2PM":311.0,"2PA":755.0,"3PM":132.0,"3PA":475.0,"FTM":232.0,"FTA":405.0,"PTS":1250.0,"OFF":209.0,"DEF":472.0,"REB":681.0,"AST":300.0,"TO":214.0,"STL":121.0,"BLK":62.0,"STK":183.0,"PF":378.0,"Fls on:":361.0,"+\/-":-23.4,"GW":111.0,"GP":17.0,"W":8.0,"L":9.0,"FG%":36.0162601626,"2P%":41.1920529801,"3P%":27.7894736842,"FT%":57.2839506173},"JRU":{"MINS":3400.0,"FGM":455.0,"FGA":1150.0,"2PM":365.0,"2PA":805.0,"3PM":90.0,"3PA":345.0,"FTM":307.0,"FTA":446.0,"PTS":1307.0,"OFF":205.0,"DEF":392.0,"REB":597.0,"AST":308.0,"TO":242.0,"STL":128.0,"BLK":58.0,"STK":186.0,"PF":383.0,"Fls on:":388.0,"+\/-":-77.0,"GW":58.0,"GP":17.0,"W":4.0,"L":13.0,"FG%":39.5652173913,"2P%":45.3416149068,"3P%":26.0869565217,"FT%":68.8340807175},"LPU":{"MINS":3450.0,"FGM":477.0,"FGA":1173.0,"2PM":354.0,"2PA":692.0,"3PM":123.0,"3PA":481.0,"FTM":299.0,"FTA":426.0,"PTS":1376.0,"OFF":163.0,"DEF":447.0,"REB":610.0,"AST":297.0,"TO":203.0,"STL":130.0,"BLK":31.0,"STK":161.0,"PF":338.0,"Fls on:":378.0,"+\/-":1.0,"GW":115.0,"GP":17.0,"W":9.0,"L":8.0,"FG%":40.6649616368,"2P%":51.1560693642,"3P%":25.5717255717,"FT%":70.1877934272},"MU":{"MINS":3225.0,"FGM":424.0,"FGA":1082.0,"2PM":284.0,"2PA":610.0,"3PM":140.0,"3PA":472.0,"FTM":216.0,"FTA":345.0,"PTS":1204.0,"OFF":199.0,"DEF":408.0,"REB":607.0,"AST":260.0,"TO":209.0,"STL":128.0,"BLK":37.0,"STK":165.0,"PF":368.0,"Fls on:":304.0,"+\/-":56.2,"GW":154.0,"GP":16.0,"W":13.0,"L":3.0,"FG%":39.1866913124,"2P%":46.5573770492,"3P%":29.6610169492,"FT%":62.6086956522},"SBU":{"MINS":3250.0,"FGM":394.0,"FGA":1016.0,"2PM":254.0,"2PA":577.0,"3PM":140.0,"3PA":439.0,"FTM":204.0,"FTA":335.0,"PTS":1132.0,"OFF":174.0,"DEF":461.0,"REB":635.0,"AST":234.0,"TO":191.0,"STL":85.0,"BLK":39.0,"STK":124.0,"PF":286.0,"Fls on:":308.0,"+\/-":85.0,"GW":133.0,"GP":16.0,"W":10.0,"L":6.0,"FG%":38.7795275591,"2P%":44.020797227,"3P%":31.8906605923,"FT%":60.8955223881},"SSCR":{"MINS":3275.0,"FGM":479.0,"FGA":1246.0,"2PM":347.0,"2PA":740.0,"3PM":132.0,"3PA":506.0,"FTM":242.0,"FTA":333.0,"PTS":1332.0,"OFF":201.0,"DEF":380.0,"REB":581.0,"AST":248.0,"TO":190.0,"STL":151.0,"BLK":23.0,"STK":174.0,"PF":414.0,"Fls on:":304.0,"+\/-":-69.0,"GW":67.0,"GP":16.0,"W":5.0,"L":11.0,"FG%":38.4430176565,"2P%":46.8918918919,"3P%":26.0869565217,"FT%":72.6726726727},"UPHSD":{"MINS":3700.0,"FGM":435.0,"FGA":1162.0,"2PM":333.0,"2PA":753.0,"3PM":102.0,"3PA":409.0,"FTM":238.0,"FTA":381.0,"PTS":1210.0,"OFF":208.0,"DEF":500.0,"REB":708.0,"AST":317.0,"TO":274.0,"STL":137.0,"BLK":69.0,"STK":206.0,"PF":317.0,"Fls on:":351.0,"+\/-":-42.0,"GW":79.0,"GP":18.0,"W":7.0,"L":11.0,"FG%":37.4354561102,"2P%":44.2231075697,"3P%":24.9388753056,"FT%":62.467191601},"League":{"MINS":3375.0,"FGM":449.3,"FGA":1142.5,"2PM":332.8,"2PA":710.5,"3PM":116.5,"3PA":432.0,"FTM":243.8,"FTA":378.1,"PTS":1258.9,"OFF":192.1,"DEF":443.8,"REB":635.9,"AST":277.5,"TO":221.9,"STL":125.9,"BLK":50.1,"STK":176.0,"PF":345.6,"Fls on:":341.1,"+\/-":-0.02,"GW":107.2,"GP":16.6,"W":8.3,"L":8.3,"FG%":39.3260393873,"2P%":46.8402533427,"3P%":26.9675925926,"FT%":64.4802962179}}