{"AU":{"POS":1378.293159336,"PACE":81.0760681962},"CSB":{"POS":1300.3480528164,"PACE":76.4910619304},"CSJL":{"POS":1406.0392190726,"PACE":78.1132899485},"EAC":{"POS":1350.0792757831,"PACE":79.4164279872},"JRU":{"POS":1321.7675414383,"PACE":77.7510318493},"LPU":{"POS":1350.6077340916,"PACE":79.4475137701},"MU":{"POS":1293.750580322,"PACE":76.1029753131},"SBU":{"POS":1214.6469840296,"PACE":71.44982259},"SSCR":{"POS":1425.0250811883,"PACE":83.8250047758},"UPHSD":{"POS":1344.7941574279,"PACE":74.7107865238},"League":{"POS":1338.5351785506,"PACE":77.8383982884}}