{"AU":{"MINS":2250.0,"FGM":319.0,"FGA":795.0,"2PM":271.0,"2PA":587.0,"3PM":48.0,"3PA":208.0,"FTM":160.0,"FTA":281.0,"PTS":846.0,"OFF":132.0,"DEF":279.0,"REB":411.0,"AST":155.0,"TO":136.0,"STL":107.0,"BLK":32.0,"STK":139.0,"PF":228.0,"Fls on:":255.0,"+\/-":-48.0,"GW":38.0,"GP":11.0,"W":3.0,"L":8.0,"FG%":40.1257861635,"2P%":46.1669505963,"3P%":23.0769230769,"FT%":56.9395017794},"CSB":{"MINS":2250.0,"FGM":347.0,"FGA":766.0,"2PM":271.0,"2PA":490.0,"3PM":76.0,"3PA":276.0,"FTM":147.0,"FTA":249.0,"PTS":917.0,"OFF":159.0,"DEF":343.0,"REB":502.0,"AST":200.0,"TO":180.0,"STL":80.0,"BLK":45.0,"STK":125.0,"PF":208.0,"Fls on:":217.0,"+\/-":134.0,"GW":125.0,"GP":11.0,"W":9.0,"L":2.0,"FG%":45.3002610966,"2P%":55.306122449,"3P%":27.5362318841,"FT%":59.0361445783},"CSJL":{"MINS":2475.0,"FGM":311.0,"FGA":766.0,"2PM":227.0,"2PA":448.0,"3PM":84.0,"3PA":318.0,"FTM":173.0,"FTA":232.0,"PTS":879.0,"OFF":107.0,"DEF":333.0,"REB":440.0,"AST":189.0,"TO":182.0,"STL":73.0,"BLK":55.0,"STK":128.0,"PF":243.0,"Fls on:":227.0,"+\/-":-25.0,"GW":77.0,"GP":12.0,"W":6.0,"L":6.0,"FG%":40.6005221932,"2P%":50.6696428571,"3P%":26.4150943396,"FT%":74.5689655172},"EAC":{"MINS":2225.0,"FGM":286.0,"FGA":789.0,"2PM":198.0,"2PA":485.0,"3PM":88.0,"3PA":304.0,"FTM":163.0,"FTA":281.0,"PTS":823.0,"OFF":134.0,"DEF":288.0,"REB":422.0,"AST":194.0,"TO":150.0,"STL":89.0,"BLK":41.0,"STK":130.0,"PF":245.0,"Fls on:":240.0,"+\/-":-7.4,"GW":71.0,"GP":11.0,"W":5.0,"L":6.0,"FG%":36.2484157161,"2P%":40.824742268,"3P%":28.9473684211,"FT%":58.0071174377},"JRU":{"MINS":2200.0,"FGM":289.0,"FGA":756.0,"2PM":231.0,"2PA":531.0,"3PM":58.0,"3PA":225.0,"FTM":207.0,"FTA":302.0,"PTS":843.0,"OFF":144.0,"DEF":257.0,"REB":401.0,"AST":190.0,"TO":161.0,"STL":87.0,"BLK":45.0,"STK":132.0,"PF":225.0,"Fls on:":254.0,"+\/-":-43.0,"GW":44.0,"GP":11.0,"W":3.0,"L":8.0,"FG%":38.2275132275,"2P%":43.5028248588,"3P%":25.7777777778,"FT%":68.5430463576},"LPU":{"MINS":2225.0,"FGM":309.0,"FGA":779.0,"2PM":220.0,"2PA":450.0,"3PM":89.0,"3PA":329.0,"FTM":183.0,"FTA":257.0,"PTS":890.0,"OFF":113.0,"DEF":282.0,"REB":395.0,"AST":188.0,"TO":118.0,"STL":85.0,"BLK":18.0,"STK":103.0,"PF":217.0,"Fls on:":229.0,"+\/-":-6.0,"GW":77.0,"GP":11.0,"W":6.0,"L":5.0,"FG%":39.6662387677,"2P%":48.8888888889,"3P%":27.0516717325,"FT%":71.2062256809},"MU":{"MINS":2425.0,"FGM":328.0,"FGA":815.0,"2PM":226.0,"2PA":469.0,"3PM":102.0,"3PA":346.0,"FTM":173.0,"FTA":274.0,"PTS":931.0,"OFF":158.0,"DEF":326.0,"REB":484.0,"AST":192.0,"TO":164.0,"STL":91.0,"BLK":30.0,"STK":121.0,"PF":287.0,"Fls on:":244.0,"+\/-":36.2,"GW":109.0,"GP":12.0,"W":9.0,"L":3.0,"FG%":40.245398773,"2P%":48.1876332623,"3P%":29.4797687861,"FT%":63.1386861314},"SBU":{"MINS":2450.0,"FGM":294.0,"FGA":770.0,"2PM":189.0,"2PA":437.0,"3PM":105.0,"3PA":333.0,"FTM":141.0,"FTA":240.0,"PTS":834.0,"OFF":135.0,"DEF":356.0,"REB":491.0,"AST":162.0,"TO":139.0,"STL":58.0,"BLK":30.0,"STK":88.0,"PF":213.0,"Fls on:":224.0,"+\/-":49.0,"GW":106.0,"GP":12.0,"W":8.0,"L":4.0,"FG%":38.1818181818,"2P%":43.2494279176,"3P%":31.5315315315,"FT%":58.75},"SSCR":{"MINS":2225.0,"FGM":309.0,"FGA":852.0,"2PM":230.0,"2PA":504.0,"3PM":79.0,"3PA":348.0,"FTM":187.0,"FTA":256.0,"PTS":884.0,"OFF":146.0,"DEF":243.0,"REB":389.0,"AST":153.0,"TO":119.0,"STL":112.0,"BLK":16.0,"STK":128.0,"PF":282.0,"Fls on:":223.0,"+\/-":-75.0,"GW":37.0,"GP":11.0,"W":3.0,"L":8.0,"FG%":36.2676056338,"2P%":45.6349206349,"3P%":22.7011494253,"FT%":73.046875},"UPHSD":{"MINS":2475.0,"FGM":288.0,"FGA":803.0,"2PM":211.0,"2PA":505.0,"3PM":77.0,"3PA":298.0,"FTM":138.0,"FTA":219.0,"PTS":791.0,"OFF":138.0,"DEF":347.0,"REB":485.0,"AST":203.0,"TO":165.0,"STL":89.0,"BLK":46.0,"STK":135.0,"PF":211.0,"Fls on:":212.0,"+\/-":-15.0,"GW":58.0,"GP":12.0,"W":5.0,"L":7.0,"FG%":35.8655043587,"2P%":41.7821782178,"3P%":25.8389261745,"FT%":63.0136986301},"League":{"MINS":2320.0,"FGM":308.0,"FGA":789.1,"2PM":227.4,"2PA":490.6,"3PM":80.6,"3PA":298.5,"FTM":167.2,"FTA":259.1,"PTS":863.8,"OFF":136.6,"DEF":305.4,"REB":442.0,"AST":182.6,"TO":151.4,"STL":87.1,"BLK":35.8,"STK":122.9,"PF":235.9,"Fls on:":232.5,"+\/-":-0.02,"GW":74.2,"GP":11.4,"W":5.7,"L":5.7,"FG%":39.0318083893,"2P%":46.3514064411,"3P%":27.0016750419,"FT%":64.5310690853}}