{"AU":{"POS":898.0914487242,"PACE":81.6446771567},"CSB":{"POS":862.9378077275,"PACE":78.4488916116},"CSJL":{"POS":916.1069519542,"PACE":76.3422459962},"EAC":{"POS":879.1988366585,"PACE":79.927166969},"JRU":{"POS":858.5654051315,"PACE":78.0514004665},"LPU":{"POS":864.2795011338,"PACE":78.5708637394},"MU":{"POS":919.459995474,"PACE":76.6216662895},"SBU":{"POS":854.5193347193,"PACE":71.2099445599},"SSCR":{"POS":908.7586193616,"PACE":82.614419942},"UPHSD":{"POS":887.8025711455,"PACE":73.9835475955},"League":{"POS":884.972047203,"PACE":77.7414824326}}