{"SBU":{"2PM":177.0,"2PA":423.0,"3PM":83.0,"3PA":335.0,"FTM":129.0,"FTA":190.0,"OFF":116.0,"DEF":283.0,"AST":153.0,"TO":101.0,"STL":66.0,"BLK":29.0,"PF":216.0,"Fls on:":198.0,"+\/-":-45.0,"GW":51.0,"GP":11.0,"MINS":2200.0,"FGM":260.0,"FGA":758.0,"FG%":34.3007915567,"2P%":41.8439716312,"3P%":24.776119403,"FT%":67.8947368421,"PTS":732.0,"REB":399.0,"STK":95.0},"EAC":{"2PM":187.0,"2PA":447.0,"3PM":69.0,"3PA":261.0,"FTM":167.0,"FTA":263.0,"OFF":142.0,"DEF":298.0,"AST":168.0,"TO":143.0,"STL":79.0,"BLK":33.0,"PF":218.0,"Fls on:":219.0,"+\/-":4.0,"GW":68.0,"GP":10.0,"MINS":2000.0,"FGM":256.0,"FGA":708.0,"FG%":36.1581920904,"2P%":41.8344519016,"3P%":26.4367816092,"FT%":63.4980988593,"PTS":748.0,"REB":440.0,"STK":112.0},"CSJL":{"2PM":222.0,"2PA":516.0,"3PM":76.0,"3PA":313.0,"FTM":146.0,"FTA":221.0,"OFF":155.0,"DEF":278.0,"AST":180.0,"TO":112.0,"STL":93.0,"BLK":32.0,"PF":206.0,"Fls on:":216.0,"+\/-":17.0,"GW":61.0,"GP":11.0,"MINS":2200.0,"FGM":298.0,"FGA":829.0,"FG%":35.9469240048,"2P%":43.023255814,"3P%":24.2811501597,"FT%":66.0633484163,"PTS":818.0,"REB":433.0,"STK":125.0},"CSB":{"2PM":203.0,"2PA":444.0,"3PM":60.0,"3PA":278.0,"FTM":120.0,"FTA":202.0,"OFF":121.0,"DEF":203.0,"AST":121.0,"TO":120.0,"STL":97.0,"BLK":29.0,"PF":198.0,"Fls on:":187.0,"+\/-":-111.0,"GW":25.0,"GP":10.0,"MINS":2000.0,"FGM":263.0,"FGA":722.0,"FG%":36.4265927978,"2P%":45.7207207207,"3P%":21.5827338129,"FT%":59.4059405941,"PTS":706.0,"REB":324.0,"STK":126.0},"LPU":{"2PM":244.0,"2PA":456.0,"3PM":86.0,"3PA":290.0,"FTM":150.0,"FTA":240.0,"OFF":134.0,"DEF":328.0,"AST":193.0,"TO":159.0,"STL":69.0,"BLK":39.0,"PF":231.0,"Fls on:":215.0,"+\/-":6.0,"GW":68.0,"GP":11.0,"MINS":2200.0,"FGM":330.0,"FGA":746.0,"FG%":44.235924933,"2P%":53.5087719298,"3P%":29.6551724138,"FT%":62.5,"PTS":896.0,"REB":462.0,"STK":108.0},"MU":{"2PM":182.0,"2PA":435.0,"3PM":63.0,"3PA":220.0,"FTM":185.0,"FTA":277.0,"OFF":100.0,"DEF":258.0,"AST":148.0,"TO":123.0,"STL":70.0,"BLK":25.0,"PF":204.0,"Fls on:":232.0,"+\/-":-25.0,"GW":35.0,"GP":10.0,"MINS":2000.0,"FGM":245.0,"FGA":655.0,"FG%":37.4045801527,"2P%":41.8390804598,"3P%":28.6363636364,"FT%":66.7870036101,"PTS":738.0,"REB":358.0,"STK":95.0},"JRU":{"2PM":238.0,"2PA":453.0,"3PM":61.0,"3PA":231.0,"FTM":140.0,"FTA":213.0,"OFF":121.0,"DEF":248.0,"AST":132.0,"TO":142.0,"STL":81.0,"BLK":39.0,"PF":235.0,"Fls on:":201.0,"+\/-":41.2,"GW":94.0,"GP":10.0,"MINS":2000.0,"FGM":299.0,"FGA":684.0,"FG%":43.7134502924,"2P%":52.5386313466,"3P%":26.4069264069,"FT%":65.7276995305,"PTS":799.0,"REB":369.0,"STK":120.0},"AU":{"2PM":194.0,"2PA":448.0,"3PM":78.0,"3PA":252.0,"FTM":172.0,"FTA":249.0,"OFF":117.0,"DEF":301.0,"AST":178.0,"TO":159.0,"STL":79.0,"BLK":35.0,"PF":240.0,"Fls on:":199.0,"+\/-":25.0,"GW":92.0,"GP":10.0,"MINS":2000.0,"FGM":272.0,"FGA":700.0,"FG%":38.8571428571,"2P%":43.3035714286,"3P%":30.9523809524,"FT%":69.0763052209,"PTS":794.0,"REB":418.0,"STK":114.0},"SSCR":{"2PM":230.0,"2PA":425.0,"3PM":71.0,"3PA":231.0,"FTM":201.0,"FTA":311.0,"OFF":107.0,"DEF":318.0,"AST":216.0,"TO":173.0,"STL":63.0,"BLK":36.0,"PF":203.0,"Fls on:":253.0,"+\/-":76.6,"GW":106.0,"GP":10.0,"MINS":2000.0,"FGM":301.0,"FGA":656.0,"FG%":45.8841463415,"2P%":54.1176470588,"3P%":30.7359307359,"FT%":64.6302250804,"PTS":874.0,"REB":425.0,"STK":99.0},"UPHSD":{"2PM":181.0,"2PA":426.0,"3PM":86.0,"3PA":336.0,"FTM":129.0,"FTA":208.0,"OFF":142.0,"DEF":291.0,"AST":160.0,"TO":146.0,"STL":93.0,"BLK":26.0,"PF":200.0,"Fls on:":199.0,"+\/-":11.0,"GW":79.0,"GP":11.0,"MINS":2200.0,"FGM":267.0,"FGA":762.0,"FG%":35.0393700787,"2P%":42.4882629108,"3P%":25.5952380952,"FT%":62.0192307692,"PTS":749.0,"REB":433.0,"STK":119.0},"League":{"2PM":205.8,"2PA":447.3,"3PM":73.3,"3PA":274.7,"FTM":153.9,"FTA":237.4,"OFF":125.5,"DEF":280.6,"AST":164.9,"TO":137.8,"STL":79.0,"BLK":32.3,"PF":215.1,"Fls on:":211.9,"+\/-":-0.02,"GW":67.9,"GP":10.4,"MINS":2080.0,"FGM":279.1,"FGA":722.0,"FG%":38.6565096953,"2P%":46.0093896714,"3P%":26.6836548963,"FT%":64.8272957035,"PTS":785.4,"REB":406.1,"STK":111.3}}