{"CSB":{"MINS":205.0,"FGM":30.8,"FGA":68.6,"2PM":23.9,"2PA":43.1,"3PM":6.9,"3PA":25.5,"FTM":13.2,"FTA":22.0,"PTS":81.7,"OFF":14.0,"DEF":30.9,"REB":44.9,"AST":17.8,"TO":16.9,"STL":7.5,"BLK":3.7,"STK":11.2,"PF":18.7,"Fls on:":19.3,"+\/-":11.1,"GW":110.0,"GP":10.0,"W":8.0,"L":2.0,"FG%":44.8979591837,"2P%":55.4524361949,"3P%":27.0588235294,"FT%":60.0,"W%":0.8},"MU":{"MINS":202.5,"FGM":26.9,"FGA":69.0,"2PM":18.6,"2PA":39.3,"3PM":8.3,"3PA":29.7,"FTM":14.2,"FTA":22.6,"PTS":76.3,"OFF":13.2,"DEF":27.2,"REB":40.4,"AST":15.2,"TO":12.8,"STL":7.5,"BLK":2.5,"STK":10.0,"PF":23.8,"Fls on:":20.1,"+\/-":2.52,"GW":84.0,"GP":10.0,"W":7.0,"L":3.0,"FG%":38.9855072464,"2P%":47.3282442748,"3P%":27.9461279461,"FT%":62.8318584071,"W%":0.7},"SBU":{"MINS":204.5454545455,"FGM":24.9090909091,"FGA":64.7272727273,"2PM":16.5454545455,"2PA":37.7272727273,"3PM":8.3636363636,"3PA":27.0,"FTM":12.4545454545,"FTA":21.4545454545,"PTS":70.6363636364,"OFF":11.4545454545,"DEF":30.1818181818,"REB":41.6363636364,"AST":13.2727272727,"TO":11.7272727273,"STL":4.5454545455,"BLK":2.5454545455,"STK":7.0909090909,"PF":18.0,"Fls on:":19.5454545455,"+\/-":4.0909090909,"GW":94.0,"GP":11.0,"W":7.0,"L":4.0,"FG%":38.4831460674,"2P%":43.8554216867,"3P%":30.9764309764,"FT%":58.0508474576,"W%":0.6363636364},"CSJL":{"MINS":206.8181818182,"FGM":25.8181818182,"FGA":64.3636363636,"2PM":18.8181818182,"2PA":37.3636363636,"3PM":7.0,"3PA":27.0,"FTM":14.1818181818,"FTA":18.8181818182,"PTS":72.8181818182,"OFF":9.3636363636,"DEF":28.5454545455,"REB":37.9090909091,"AST":15.8181818182,"TO":15.1818181818,"STL":5.8181818182,"BLK":4.7272727273,"STK":10.5454545455,"PF":20.0909090909,"Fls on:":18.3636363636,"+\/-":-1.5454545455,"GW":77.0,"GP":11.0,"W":6.0,"L":5.0,"FG%":40.1129943503,"2P%":50.3649635036,"3P%":25.9259259259,"FT%":75.3623188406,"W%":0.5454545455},"LPU":{"MINS":202.2727272727,"FGM":28.0909090909,"FGA":70.8181818182,"2PM":20.0,"2PA":40.9090909091,"3PM":8.0909090909,"3PA":29.9090909091,"FTM":16.6363636364,"FTA":23.3636363636,"PTS":80.9090909091,"OFF":10.2727272727,"DEF":25.6363636364,"REB":35.9090909091,"AST":17.0909090909,"TO":10.7272727273,"STL":7.7272727273,"BLK":1.6363636364,"STK":9.3636363636,"PF":19.7272727273,"Fls on:":20.8181818182,"+\/-":-0.5454545455,"GW":77.0,"GP":11.0,"W":6.0,"L":5.0,"FG%":39.6662387677,"2P%":48.8888888889,"3P%":27.0516717325,"FT%":71.2062256809,"W%":0.5454545455},"EAC":{"MINS":202.5,"FGM":25.9,"FGA":72.3,"2PM":17.6,"2PA":44.0,"3PM":8.3,"3PA":28.3,"FTM":14.3,"FTA":24.8,"PTS":74.4,"OFF":12.6,"DEF":26.9,"REB":39.5,"AST":17.7,"TO":13.8,"STL":7.7,"BLK":3.8,"STK":11.5,"PF":22.3,"Fls on:":21.6,"+\/-":-0.44,"GW":71.0,"GP":10.0,"W":5.0,"L":5.0,"FG%":35.8229598893,"2P%":40.0,"3P%":29.3286219081,"FT%":57.6612903226,"W%":0.5},"League":{"MINS":203.8461538462,"FGM":26.8365384615,"FGA":69.4230769231,"2PM":19.7884615385,"2PA":43.0096153846,"3PM":7.0480769231,"3PA":26.4134615385,"FTM":14.7980769231,"FTA":22.8269230769,"PTS":75.5192307692,"OFF":12.0673076923,"DEF":26.9807692308,"REB":39.0480769231,"AST":15.8557692308,"TO":13.25,"STL":7.5961538462,"BLK":3.1057692308,"STK":10.7019230769,"PF":20.6826923077,"Fls on:":20.375,"+\/-":-0.0019230769,"GW":67.9,"GP":10.4,"W":5.2,"L":5.2,"FG%":38.6565096953,"2P%":46.0093896714,"3P%":26.6836548963,"FT%":64.8272957035,"W%":0.5},"UPHSD":{"MINS":206.8181818182,"FGM":24.3636363636,"FGA":67.5454545455,"2PM":18.0909090909,"2PA":43.0,"3PM":6.2727272727,"3PA":24.5454545455,"FTM":12.0909090909,"FTA":19.1818181818,"PTS":67.0909090909,"OFF":11.7272727273,"DEF":29.3636363636,"REB":41.0909090909,"AST":17.2727272727,"TO":14.0,"STL":7.5454545455,"BLK":3.8181818182,"STK":11.3636363636,"PF":18.2727272727,"Fls on:":17.9090909091,"+\/-":-1.0,"GW":58.0,"GP":11.0,"W":5.0,"L":6.0,"FG%":36.069986541,"2P%":42.0718816068,"3P%":25.5555555556,"FT%":63.0331753555,"W%":0.4545454545},"AU":{"MINS":205.0,"FGM":28.8,"FGA":71.3,"2PM":24.4,"2PA":52.4,"3PM":4.4,"3PA":18.9,"FTM":14.9,"FTA":26.1,"PTS":76.9,"OFF":11.4,"DEF":25.6,"REB":37.0,"AST":14.2,"TO":12.6,"STL":9.9,"BLK":2.6,"STK":12.5,"PF":20.4,"Fls on:":23.4,"+\/-":-2.5,"GW":38.0,"GP":10.0,"W":3.0,"L":7.0,"FG%":40.3927068724,"2P%":46.5648854962,"3P%":23.2804232804,"FT%":57.0881226054,"W%":0.3},"JRU":{"MINS":200.0,"FGM":25.6,"FGA":69.2,"2PM":20.1,"2PA":48.4,"3PM":5.5,"3PA":20.8,"FTM":19.1,"FTA":27.6,"PTS":75.8,"OFF":13.3,"DEF":22.4,"REB":35.7,"AST":16.6,"TO":13.9,"STL":8.3,"BLK":4.2,"STK":12.5,"PF":20.3,"Fls on:":23.1,"+\/-":-4.1,"GW":44.0,"GP":10.0,"W":3.0,"L":7.0,"FG%":36.9942196532,"2P%":41.5289256198,"3P%":26.4423076923,"FT%":69.2028985507,"W%":0.3},"SSCR":{"MINS":202.5,"FGM":27.6,"FGA":77.4,"2PM":20.4,"2PA":45.2,"3PM":7.2,"3PA":32.2,"FTM":17.3,"FTA":23.2,"PTS":79.7,"OFF":13.9,"DEF":22.5,"REB":36.4,"AST":13.6,"TO":11.0,"STL":9.9,"BLK":1.5,"STK":11.4,"PF":25.9,"Fls on:":20.1,"+\/-":-7.7,"GW":26.0,"GP":10.0,"W":2.0,"L":8.0,"FG%":35.6589147287,"2P%":45.1327433628,"3P%":22.3602484472,"FT%":74.5689655172,"W%":0.2}}