{"CSB":{"OFF":78.4313681298,"DEF":67.7754539775,"NET":10.6559141523,"PACE":78.125629402,"hAST%":15.7550008851,"hTO%":14.9583997168,"TOR":21.6318257265,"AR":22.7838164457,"STL%":9.5999226597,"BLK%":8.3333333333,"EFG%":49.9271137026,"TS%":52.1844660194,"PPWS":1.0436893204,"REB%":58.08538163,"OREB%":40.8163265306,"DREB%":71.8604651163,"FTR":0.3206997085,"FFI":38.3525628456,"Py-W":9.1184566936,"Py-L":0.8815433064,"PPR":-2.4449316671,"HHI":0.0986188536},"SBU":{"OFF":73.391990133,"DEF":69.1414887739,"NET":4.2505013591,"PACE":72.1839980512,"hAST%":13.3841809981,"hTO%":11.8257489641,"TOR":16.2463607502,"AR":18.3873540273,"STL%":6.2970390504,"BLK%":6.6193853428,"EFG%":44.9438202247,"TS%":47.6196313003,"PPWS":0.952392626,"REB%":53.4422403734,"OREB%":30.8068459658,"DREB%":74.1071428571,"FTR":0.3314606742,"FFI":33.1723975829,"Py-W":7.9423385824,"Py-L":3.0576614176,"PPR":-1.5168314442,"HHI":0.1200389579},"MU":{"OFF":74.9605487818,"DEF":72.5044364364,"NET":2.4561123454,"PACE":76.3401561621,"hAST%":14.2130460802,"hTO%":11.9688809096,"TOR":16.767060278,"AR":19.9108840801,"STL%":9.8244493816,"BLK%":5.7471264368,"EFG%":45.0,"TS%":48.3253952169,"PPWS":0.9665079043,"REB%":53.0183727034,"OREB%":33.8461538462,"DREB%":73.1182795699,"FTR":0.3275362319,"FFI":33.874039317,"Py-W":6.3018890605,"Py-L":3.6981109395,"PPR":-1.3419893954,"HHI":0.1352098789},"League":{"OFF":72.885912321,"DEF":72.885912321,"NET":0.0,"PACE":77.7962070088,"hAST%":14.6038279919,"hTO%":12.2038053201,"TOR":17.0506386857,"AR":20.4038484708,"STL%":9.7750395949,"BLK%":7.2211044042,"EFG%":43.7326869806,"TS%":47.5161412102,"PPWS":0.9503228242,"REB%":50.0,"OREB%":30.903718296,"DREB%":69.096281704,"FTR":0.3288088643,"FFI":32.8686110869,"Py-W":5.2,"Py-L":5.2,"PPR":-1.3144654088,"HHI":0.0099764262},"EAC":{"OFF":69.673180944,"DEF":70.0477679384,"NET":-0.3745869943,"PACE":80.0882050223,"hAST%":15.4299463003,"hTO%":12.030127624,"TOR":17.2310017388,"AR":22.100632665,"STL%":9.614399521,"BLK%":8.5011185682,"EFG%":41.5629322268,"TS%":44.7050906119,"PPWS":0.8941018122,"REB%":47.3053892216,"OREB%":29.7169811321,"DREB%":65.4501216545,"FTR":0.3430152144,"FFI":32.0215477676,"Py-W":4.7856537259,"Py-L":5.2143462741,"PPR":-0.9593892133,"HHI":0.1070571742},"LPU":{"OFF":77.2319601615,"DEF":77.7526250615,"NET":-0.5206649,"PACE":78.5708637394,"hAST%":15.6917735043,"hTO%":9.8490918803,"TOR":13.6529907102,"AR":21.7522224874,"STL%":9.8347814438,"BLK%":3.9473684211,"EFG%":45.378690629,"TS%":49.8834185275,"PPWS":0.9976683705,"REB%":46.0910151692,"OREB%":25.6235827664,"DREB%":67.7884615385,"FTR":0.3299101412,"FFI":31.6380926005,"Py-W":5.2046505789,"Py-L":5.7953494211,"PPR":0.3263384952,"HHI":0.1175760636},"UPHSD":{"OFF":66.8982396384,"DEF":67.8953678715,"NET":-0.9971282331,"PACE":75.2160028278,"hAST%":16.103878492,"hTO%":13.052617304,"TOR":18.6130603511,"AR":22.9641653682,"STL%":10.0317143451,"BLK%":9.8591549296,"EFG%":40.7133243607,"TS%":44.1472052067,"PPWS":0.8829441041,"REB%":51.0734463277,"OREB%":30.7142857143,"DREB%":69.4623655914,"FTR":0.2839838493,"FFI":31.3412097138,"Py-W":4.8520360454,"Py-L":6.1479639546,"PPR":-1.2426801746,"HHI":0.1273051755},"CSJL":{"OFF":71.6553301298,"DEF":73.1761049265,"NET":-1.5207747968,"PACE":76.2171303443,"hAST%":15.2620868711,"hTO%":14.6480948705,"TOR":19.9191679262,"AR":20.7541031087,"STL%":7.6336930975,"BLK%":10.0775193798,"EFG%":45.5508474576,"TS%":50.1201381589,"PPWS":1.0024027632,"REB%":49.0588235294,"OREB%":27.0341207349,"DREB%":66.9509594883,"FTR":0.2923728814,"FFI":32.9925483319,"Py-W":4.5845365143,"Py-L":6.4154634857,"PPR":-2.2882032878,"HHI":0.1184521221},"AU":{"OFF":70.6182232103,"DEF":72.914004199,"NET":-2.2957809886,"PACE":81.6715535709,"hAST%":12.9580960724,"hTO%":11.4980289093,"TOR":15.4276482436,"AR":17.3867146872,"STL%":12.12172362,"BLK%":5.8035714286,"EFG%":43.4782608696,"TS%":46.4461731736,"PPWS":0.9289234635,"REB%":46.9543147208,"OREB%":27.4698795181,"DREB%":68.6327077748,"FTR":0.366058906,"FFI":32.2330759028,"Py-W":3.7475294412,"Py-L":6.2524705588,"PPR":-1.4559294947,"HHI":0.1078917954},"JRU":{"OFF":73.5795865034,"DEF":77.5594849818,"NET":-3.9798984784,"PACE":77.2632773594,"hAST%":14.8421014985,"hTO%":12.4280247488,"TOR":17.9904353984,"AR":21.4849804038,"STL%":10.7424902019,"BLK%":9.2715231788,"EFG%":40.9682080925,"TS%":46.5922501967,"PPWS":0.9318450039,"REB%":49.173553719,"OREB%":34.9081364829,"DREB%":64.9275362319,"FTR":0.3988439306,"FFI":33.8491783427,"Py-W":3.0093678214,"Py-L":6.9906321786,"PPR":-1.4264382386,"HHI":0.1129656574},"SSCR":{"OFF":72.6436358626,"DEF":79.6619043211,"NET":-7.0182684585,"PACE":82.2852536085,"hAST%":12.1203479253,"hTO%":9.8032225866,"TOR":13.3681303971,"AR":16.5278703092,"STL%":12.0313173574,"BLK%":3.5294117647,"EFG%":40.3100775194,"TS%":45.4867135421,"PPWS":0.9097342708,"REB%":46.134347275,"OREB%":30.4157549234,"DREB%":67.7710843373,"FTR":0.2997416021,"FFI":30.0453386227,"Py-W":1.860912446,"Py-L":8.139087554,"PPR":-0.902647373,"HHI":0.1295242983}}