{"AU":{"POS":816.7155357085,"PACE":81.6715535709},"CSB":{"POS":781.2562940199,"PACE":78.125629402},"CSJL":{"POS":838.3884337872,"PACE":76.2171303443},"EAC":{"POS":800.8820502227,"PACE":80.0882050223},"JRU":{"POS":772.6327735935,"PACE":77.2632773594},"LPU":{"POS":864.2795011338,"PACE":78.5708637394},"MU":{"POS":763.4015616212,"PACE":76.3401561621},"SBU":{"POS":794.0239785627,"PACE":72.1839980512},"SSCR":{"POS":822.8525360853,"PACE":82.2852536085},"UPHSD":{"POS":827.376031106,"PACE":75.2160028278},"League":{"POS":808.1808695841,"PACE":77.7962070088}}