{"AU":{"POS":1142.2937059564,"PACE":81.5924075683},"CSB":{"POS":1085.9425285122,"PACE":77.5673234652},"CSJL":{"POS":1174.9318895349,"PACE":78.3287926357},"EAC":{"POS":1119.0178934043,"PACE":79.9298495289},"JRU":{"POS":1090.8529905361,"PACE":77.9180707526},"LPU":{"POS":1113.6444894953,"PACE":79.546034964},"MU":{"POS":1065.4495682281,"PACE":76.1035405877},"SBU":{"POS":994.5723045161,"PACE":71.040878894},"SSCR":{"POS":1172.9825949845,"PACE":83.7844710703},"UPHSD":{"POS":1117.5697939313,"PACE":74.5046529288},"League":{"POS":1107.7257759099,"PACE":78.0316022395}}