{"AU":{"MINS":2850.0,"FGM":406.0,"FGA":1013.0,"2PM":340.0,"2PA":730.0,"3PM":66.0,"3PA":283.0,"FTM":200.0,"FTA":359.0,"PTS":1078.0,"OFF":171.0,"DEF":352.0,"REB":523.0,"AST":217.0,"TO":175.0,"STL":143.0,"BLK":38.0,"STK":181.0,"PF":286.0,"Fls on:":319.0,"+\/-":-49.0,"GW":63.0,"GP":14.0,"W":5.0,"L":9.0,"FG%":40.0789733465,"2P%":46.5753424658,"3P%":23.3215547703,"FT%":55.7103064067},"CSB":{"MINS":2850.0,"FGM":425.0,"FGA":968.0,"2PM":326.0,"2PA":608.0,"3PM":99.0,"3PA":360.0,"FTM":178.0,"FTA":305.0,"PTS":1127.0,"OFF":194.0,"DEF":438.0,"REB":632.0,"AST":250.0,"TO":218.0,"STL":105.0,"BLK":54.0,"STK":159.0,"PF":270.0,"Fls on:":274.0,"+\/-":158.0,"GW":168.0,"GP":14.0,"W":12.0,"L":2.0,"FG%":43.9049586777,"2P%":53.6184210526,"3P%":27.5,"FT%":58.3606557377},"CSJL":{"MINS":3125.0,"FGM":391.0,"FGA":972.0,"2PM":287.0,"2PA":580.0,"3PM":104.0,"3PA":392.0,"FTM":238.0,"FTA":323.0,"PTS":1124.0,"OFF":135.0,"DEF":431.0,"REB":566.0,"AST":234.0,"TO":236.0,"STL":88.0,"BLK":65.0,"STK":153.0,"PF":306.0,"Fls on:":305.0,"+\/-":-36.0,"GW":90.0,"GP":15.0,"W":7.0,"L":8.0,"FG%":40.2263374486,"2P%":49.4827586207,"3P%":26.5306122449,"FT%":73.6842105263},"EAC":{"MINS":2825.0,"FGM":370.0,"FGA":1017.0,"2PM":251.0,"2PA":623.0,"3PM":119.0,"3PA":394.0,"FTM":198.0,"FTA":345.0,"PTS":1057.0,"OFF":175.0,"DEF":383.0,"REB":558.0,"AST":252.0,"TO":180.0,"STL":107.0,"BLK":52.0,"STK":159.0,"PF":314.0,"Fls on:":306.0,"+\/-":5.6,"GW":98.0,"GP":14.0,"W":7.0,"L":7.0,"FG%":36.3815142576,"2P%":40.2889245586,"3P%":30.2030456853,"FT%":57.3913043478},"JRU":{"MINS":2800.0,"FGM":371.0,"FGA":964.0,"2PM":301.0,"2PA":676.0,"3PM":70.0,"3PA":288.0,"FTM":256.0,"FTA":376.0,"PTS":1068.0,"OFF":172.0,"DEF":320.0,"REB":492.0,"AST":243.0,"TO":191.0,"STL":106.0,"BLK":54.0,"STK":160.0,"PF":292.0,"Fls on:":325.0,"+\/-":-67.0,"GW":58.0,"GP":14.0,"W":4.0,"L":10.0,"FG%":38.4854771784,"2P%":44.5266272189,"3P%":24.3055555556,"FT%":68.085106383},"LPU":{"MINS":2850.0,"FGM":392.0,"FGA":985.0,"2PM":281.0,"2PA":573.0,"3PM":111.0,"3PA":412.0,"FTM":232.0,"FTA":328.0,"PTS":1127.0,"OFF":135.0,"DEF":358.0,"REB":493.0,"AST":244.0,"TO":163.0,"STL":107.0,"BLK":25.0,"STK":132.0,"PF":282.0,"Fls on:":299.0,"+\/-":-18.0,"GW":77.0,"GP":14.0,"W":6.0,"L":8.0,"FG%":39.7969543147,"2P%":49.0401396161,"3P%":26.9417475728,"FT%":70.7317073171},"MU":{"MINS":2825.0,"FGM":374.0,"FGA":961.0,"2PM":255.0,"2PA":545.0,"3PM":119.0,"3PA":416.0,"FTM":191.0,"FTA":307.0,"PTS":1058.0,"OFF":186.0,"DEF":371.0,"REB":557.0,"AST":226.0,"TO":190.0,"STL":107.0,"BLK":35.0,"STK":142.0,"PF":332.0,"Fls on:":275.0,"+\/-":40.2,"GW":132.0,"GP":14.0,"W":11.0,"L":3.0,"FG%":38.9177939646,"2P%":46.7889908257,"3P%":28.6057692308,"FT%":62.2149837134},"SBU":{"MINS":2850.0,"FGM":340.0,"FGA":882.0,"2PM":218.0,"2PA":501.0,"3PM":122.0,"3PA":381.0,"FTM":170.0,"FTA":289.0,"PTS":972.0,"OFF":154.0,"DEF":405.0,"REB":559.0,"AST":189.0,"TO":165.0,"STL":70.0,"BLK":37.0,"STK":107.0,"PF":255.0,"Fls on:":267.0,"+\/-":59.0,"GW":118.0,"GP":14.0,"W":9.0,"L":5.0,"FG%":38.5487528345,"2P%":43.5129740519,"3P%":32.0209973753,"FT%":58.8235294118},"SSCR":{"MINS":2875.0,"FGM":415.0,"FGA":1097.0,"2PM":304.0,"2PA":660.0,"3PM":111.0,"3PA":437.0,"FTM":223.0,"FTA":307.0,"PTS":1164.0,"OFF":185.0,"DEF":337.0,"REB":522.0,"AST":207.0,"TO":162.0,"STL":133.0,"BLK":22.0,"STK":155.0,"PF":358.0,"Fls on:":276.0,"+\/-":-72.0,"GW":52.0,"GP":14.0,"W":4.0,"L":10.0,"FG%":37.8304466727,"2P%":46.0606060606,"3P%":25.4004576659,"FT%":72.6384364821},"UPHSD":{"MINS":3100.0,"FGM":362.0,"FGA":996.0,"2PM":271.0,"2PA":636.0,"3PM":91.0,"3PA":360.0,"FTM":180.0,"FTA":285.0,"PTS":995.0,"OFF":174.0,"DEF":432.0,"REB":606.0,"AST":261.0,"TO":215.0,"STL":110.0,"BLK":56.0,"STK":166.0,"PF":269.0,"Fls on:":277.0,"+\/-":-21.0,"GW":67.0,"GP":15.0,"W":6.0,"L":9.0,"FG%":36.3453815261,"2P%":42.6100628931,"3P%":25.2777777778,"FT%":63.1578947368},"League":{"MINS":2895.0,"FGM":384.6,"FGA":985.5,"2PM":283.4,"2PA":613.2,"3PM":101.2,"3PA":372.3,"FTM":206.6,"FTA":322.4,"PTS":1077.0,"OFF":168.1,"DEF":382.7,"REB":550.8,"AST":232.3,"TO":189.5,"STL":107.6,"BLK":43.8,"STK":151.4,"PF":296.4,"Fls on:":292.3,"+\/-":-0.02,"GW":92.3,"GP":14.2,"W":7.1,"L":7.1,"FG%":39.0258751903,"2P%":46.2165688193,"3P%":27.1823798012,"FT%":64.0818858561}}