{"CSB":{"MINS":203.5714285714,"FGM":30.3571428571,"FGA":69.1428571429,"2PM":23.2857142857,"2PA":43.4285714286,"3PM":7.0714285714,"3PA":25.7142857143,"FTM":12.7142857143,"FTA":21.6428571429,"PTS":80.5,"OFF":13.8571428571,"DEF":31.2857142857,"REB":45.1428571429,"AST":17.8571428571,"TO":15.5714285714,"STL":7.4285714286,"BLK":3.8571428571,"STK":11.2857142857,"PF":19.2857142857,"Fls on:":19.5714285714,"+\/-":11.2857142857,"GW":168.0,"GP":14.0,"W":12.0,"L":2.0,"FG%":43.9049586777,"2P%":53.6184210526,"3P%":27.5,"FT%":58.7458745875,"W%":0.8571428571},"MU":{"MINS":201.7857142857,"FGM":26.7142857143,"FGA":68.6428571429,"2PM":18.2142857143,"2PA":38.9285714286,"3PM":8.5,"3PA":29.7142857143,"FTM":13.6428571429,"FTA":21.9285714286,"PTS":75.5714285714,"OFF":13.2857142857,"DEF":26.5,"REB":39.7857142857,"AST":16.1428571429,"TO":13.5714285714,"STL":7.6428571429,"BLK":2.5,"STK":10.1428571429,"PF":23.7142857143,"Fls on:":19.6428571429,"+\/-":2.8714285714,"GW":132.0,"GP":14.0,"W":11.0,"L":3.0,"FG%":38.9177939646,"2P%":46.7889908257,"3P%":28.6057692308,"FT%":62.2149837134,"W%":0.7857142857},"SBU":{"MINS":203.5714285714,"FGM":24.2857142857,"FGA":63.0,"2PM":15.5714285714,"2PA":35.7857142857,"3PM":8.7142857143,"3PA":27.2142857143,"FTM":12.1428571429,"FTA":20.6428571429,"PTS":69.4285714286,"OFF":11.0,"DEF":28.9285714286,"REB":39.9285714286,"AST":13.5,"TO":11.7857142857,"STL":5.0,"BLK":2.6428571429,"STK":7.6428571429,"PF":18.2142857143,"Fls on:":19.0714285714,"+\/-":4.2142857143,"GW":118.0,"GP":14.0,"W":9.0,"L":5.0,"FG%":38.5487528345,"2P%":43.5129740519,"3P%":32.0209973753,"FT%":58.8235294118,"W%":0.6428571429},"EAC":{"MINS":201.7857142857,"FGM":26.4285714286,"FGA":72.6428571429,"2PM":17.9285714286,"2PA":44.5,"3PM":8.5,"3PA":28.1428571429,"FTM":14.1428571429,"FTA":24.6428571429,"PTS":75.5,"OFF":12.5,"DEF":27.3571428571,"REB":39.8571428571,"AST":18.0,"TO":12.8571428571,"STL":7.6428571429,"BLK":3.7142857143,"STK":11.3571428571,"PF":22.4285714286,"Fls on:":21.8571428571,"+\/-":0.4,"GW":98.0,"GP":14.0,"W":7.0,"L":7.0,"FG%":36.3815142576,"2P%":40.2889245586,"3P%":30.2030456853,"FT%":57.3913043478,"W%":0.5},"League":{"MINS":203.8732394366,"FGM":27.0845070423,"FGA":69.4014084507,"2PM":19.9577464789,"2PA":43.1830985915,"3PM":7.1267605634,"3PA":26.2183098592,"FTM":14.5492957746,"FTA":22.6901408451,"PTS":75.8450704225,"OFF":11.838028169,"DEF":26.9436619718,"REB":38.7816901408,"AST":16.3591549296,"TO":13.338028169,"STL":7.5704225352,"BLK":3.0845070423,"STK":10.6549295775,"PF":20.8732394366,"Fls on:":20.5845070423,"+\/-":-0.0014084507,"GW":92.3,"GP":14.2,"W":7.1,"L":7.1,"FG%":39.0258751903,"2P%":46.2165688193,"3P%":27.1823798012,"FT%":64.121663563,"W%":0.5},"CSJL":{"MINS":208.3333333333,"FGM":26.0666666667,"FGA":64.8,"2PM":19.1333333333,"2PA":38.6666666667,"3PM":6.9333333333,"3PA":26.1333333333,"FTM":15.8666666667,"FTA":21.5333333333,"PTS":74.9333333333,"OFF":9.0,"DEF":28.7333333333,"REB":37.7333333333,"AST":15.6,"TO":15.7333333333,"STL":5.8666666667,"BLK":4.3333333333,"STK":10.2,"PF":20.4,"Fls on:":20.3333333333,"+\/-":-2.4,"GW":90.0,"GP":15.0,"W":7.0,"L":8.0,"FG%":40.2263374486,"2P%":49.4827586207,"3P%":26.5306122449,"FT%":73.6842105263,"W%":0.4666666667},"LPU":{"MINS":203.5714285714,"FGM":28.0,"FGA":70.3571428571,"2PM":20.0714285714,"2PA":40.9285714286,"3PM":7.9285714286,"3PA":29.4285714286,"FTM":16.5714285714,"FTA":23.4285714286,"PTS":80.5,"OFF":9.6428571429,"DEF":25.5714285714,"REB":35.2142857143,"AST":17.4285714286,"TO":11.6428571429,"STL":7.6428571429,"BLK":1.7857142857,"STK":9.4285714286,"PF":20.1428571429,"Fls on:":21.3571428571,"+\/-":-1.2857142857,"GW":77.0,"GP":14.0,"W":6.0,"L":8.0,"FG%":39.7969543147,"2P%":49.0401396161,"3P%":26.9417475728,"FT%":70.7317073171,"W%":0.4285714286},"UPHSD":{"MINS":206.6666666667,"FGM":24.1333333333,"FGA":66.4,"2PM":18.0666666667,"2PA":42.4,"3PM":6.0666666667,"3PA":24.0,"FTM":12.0,"FTA":19.0,"PTS":66.3333333333,"OFF":11.6,"DEF":28.7333333333,"REB":40.3333333333,"AST":17.4,"TO":14.2666666667,"STL":7.3333333333,"BLK":3.7333333333,"STK":11.0666666667,"PF":17.9333333333,"Fls on:":18.4666666667,"+\/-":-1.4,"GW":67.0,"GP":15.0,"W":6.0,"L":9.0,"FG%":36.3453815261,"2P%":42.6100628931,"3P%":25.2777777778,"FT%":63.1578947368,"W%":0.4},"AU":{"MINS":203.5714285714,"FGM":29.0,"FGA":72.3571428571,"2PM":24.2857142857,"2PA":52.1428571429,"3PM":4.7142857143,"3PA":20.2142857143,"FTM":14.2857142857,"FTA":25.6428571429,"PTS":77.0,"OFF":12.2142857143,"DEF":25.1428571429,"REB":37.3571428571,"AST":15.5,"TO":12.5,"STL":10.2142857143,"BLK":2.7142857143,"STK":12.9285714286,"PF":20.4285714286,"Fls on:":22.7857142857,"+\/-":-3.5,"GW":63.0,"GP":14.0,"W":5.0,"L":9.0,"FG%":40.0789733465,"2P%":46.5753424658,"3P%":23.3215547703,"FT%":55.7103064067,"W%":0.3571428571},"JRU":{"MINS":200.0,"FGM":26.5,"FGA":68.8571428571,"2PM":21.5,"2PA":48.2857142857,"3PM":5.0,"3PA":20.5714285714,"FTM":18.2857142857,"FTA":26.8571428571,"PTS":76.2857142857,"OFF":12.2857142857,"DEF":22.8571428571,"REB":35.1428571429,"AST":17.3571428571,"TO":13.6428571429,"STL":7.5714285714,"BLK":3.8571428571,"STK":11.4285714286,"PF":20.8571428571,"Fls on:":23.2142857143,"+\/-":-4.7857142857,"GW":58.0,"GP":14.0,"W":4.0,"L":10.0,"FG%":38.4854771784,"2P%":44.5266272189,"3P%":24.3055555556,"FT%":68.085106383,"W%":0.2857142857},"SSCR":{"MINS":205.3571428571,"FGM":29.6428571429,"FGA":78.3571428571,"2PM":21.7142857143,"2PA":47.1428571429,"3PM":7.9285714286,"3PA":31.2142857143,"FTM":15.9285714286,"FTA":21.9285714286,"PTS":83.1428571429,"OFF":13.2142857143,"DEF":24.0714285714,"REB":37.2857142857,"AST":14.7857142857,"TO":11.5714285714,"STL":9.5,"BLK":1.5714285714,"STK":11.0714285714,"PF":25.5714285714,"Fls on:":19.7142857143,"+\/-":-5.1428571429,"GW":52.0,"GP":14.0,"W":4.0,"L":10.0,"FG%":37.8304466727,"2P%":46.0606060606,"3P%":25.4004576659,"FT%":72.6384364821,"W%":0.2857142857}}