{"CSB":{"OFF":77.8356107996,"DEF":66.9234311134,"NET":10.9121796862,"PACE":77.5673234652,"hAST%":15.9215386575,"hTO%":13.8835817093,"TOR":20.0747271864,"AR":23.0214761312,"STL%":9.6690199751,"BLK%":8.4772370487,"EFG%":49.0185950413,"TS%":51.1250226819,"PPWS":1.0225004536,"REB%":57.4023614896,"OREB%":38.877755511,"DREB%":72.7574750831,"FTR":0.3150826446,"FFI":37.1279105848,"Py-W":-47.1208111322,"Py-L":61.1208111322,"PPR":-1.811950481,"HHI":0.0960430004},"SBU":{"OFF":73.2978383462,"DEF":68.8486897223,"NET":4.4491486239,"PACE":71.040878894,"hAST%":13.864843452,"hTO%":12.1042284105,"TOR":16.5900457162,"AR":19.0031432749,"STL%":7.0382012129,"BLK%":6.8391866913,"EFG%":45.4648526077,"TS%":48.1588647984,"PPWS":0.963177296,"REB%":52.8355387524,"OREB%":30.8,"DREB%":72.5806451613,"FTR":0.3276643991,"FFI":33.4084184585,"Py-W":-39.9179844944,"Py-L":53.9179844944,"PPR":-1.5030794796,"HHI":0.1164985859},"MU":{"OFF":74.4756038824,"DEF":71.6598910702,"NET":2.8157128122,"PACE":76.1035405877,"hAST%":14.9462991376,"hTO%":12.5654727263,"TOR":17.8328478105,"AR":21.2117031851,"STL%":10.0427090301,"BLK%":6.0240963855,"EFG%":45.1092611863,"TS%":48.2629005182,"PPWS":0.9652580104,"REB%":54.2884990253,"OREB%":34.7663551402,"DREB%":75.5600814664,"FTR":0.319458897,"FFI":34.2470709099,"Py-W":7.5142779025,"Py-L":6.4857220975,"PPR":-1.4276046795,"HHI":0.1314085499},"EAC":{"OFF":70.8433711983,"DEF":70.4412328566,"NET":0.4021383417,"PACE":79.9298495289,"hAST%":15.7421289355,"hTO%":11.2443778111,"TOR":16.0855336685,"AR":22.5197471359,"STL%":9.5619561252,"BLK%":8.6956521739,"EFG%":42.2320550639,"TS%":45.2173169062,"PPWS":0.9043463381,"REB%":47.3282442748,"OREB%":29.1181364393,"DREB%":66.2629757785,"FTR":0.3392330383,"FFI":31.8263283058,"Py-W":13.4629786038,"Py-L":0.5370213962,"PPR":-0.4146907259,"HHI":0.1087734247},"League":{"OFF":72.9196717786,"DEF":72.9196717786,"NET":0.0,"PACE":78.0316022395,"hAST%":14.9952619362,"hTO%":12.2324672273,"TOR":17.1071220081,"AR":20.9708941556,"STL%":9.7135953988,"BLK%":7.1428571429,"EFG%":44.1603247083,"TS%":47.7666327229,"PPWS":0.9553326545,"REB%":50.0,"OREB%":30.5192447349,"DREB%":69.4807552651,"FTR":0.3271435819,"FFI":32.9519130614,"Py-W":-27.9652917619,"Py-L":42.1652917619,"PPR":-1.1963154865,"HHI":0.0098864762},"LPU":{"OFF":75.8994461853,"DEF":77.1116822379,"NET":-1.2122360526,"PACE":79.546034964,"hAST%":15.8821078942,"hTO%":10.6097687982,"TOR":14.6366278949,"AR":21.9100442108,"STL%":9.608093158,"BLK%":4.1736227045,"EFG%":45.4314720812,"TS%":49.8972833209,"PPWS":0.9979456664,"REB%":45.5637707948,"OREB%":24.6350364964,"DREB%":67.0411985019,"FTR":0.3329949239,"FFI":31.7536769634,"Py-W":13.8213591781,"Py-L":0.1786408219,"PPR":-0.0114732346,"HHI":0.1157843022},"UPHSD":{"OFF":66.7743530697,"DEF":68.1836610239,"NET":-1.4093079542,"PACE":74.5046529288,"hAST%":16.3390509578,"hTO%":13.4593714787,"TOR":19.2381720737,"AR":23.3542460987,"STL%":9.8427857121,"BLK%":9.841827768,"EFG%":40.9136546185,"TS%":44.3641876226,"PPWS":0.8872837525,"REB%":51.1392405063,"OREB%":30.9608540925,"DREB%":69.341894061,"FTR":0.2861445783,"FFI":31.659344359,"Py-W":17.1970660079,"Py-L":-2.1970660079,"PPR":-1.3851898207,"HHI":0.1242423171},"CSJL":{"OFF":71.7488398697,"DEF":74.0468454171,"NET":-2.2980055474,"PACE":78.3287926357,"hAST%":14.7716082115,"hTO%":14.8978612731,"TOR":20.0862707108,"AR":19.9160480777,"STL%":7.4897958583,"BLK%":9.0277777778,"EFG%":45.5761316872,"TS%":50.4433992748,"PPWS":1.0088679855,"REB%":48.8773747841,"OREB%":26.1627906977,"DREB%":67.1339563863,"FTR":0.3323045267,"FFI":33.4691463934,"Py-W":14.7968539829,"Py-L":0.2031460171,"PPR":-2.5502870019,"HHI":0.1183828092},"AU":{"OFF":70.7786443875,"DEF":73.9958554961,"NET":-3.2172111085,"PACE":81.5924075683,"hAST%":13.8839125761,"hTO%":11.1967036904,"TOR":15.3200528977,"AR":18.9968655932,"STL%":12.5186717964,"BLK%":5.9842519685,"EFG%":43.3366238894,"TS%":46.0306073649,"PPWS":0.9206121473,"REB%":47.202166065,"OREB%":28.6912751678,"DREB%":68.75,"FTR":0.3543928924,"FFI":32.2188111997,"Py-W":5.06165601,"Py-L":8.93834399,"PPR":-1.0178787643,"HHI":0.108802806},"SSCR":{"OFF":74.4256567602,"DEF":79.029305632,"NET":-4.6036488718,"PACE":83.7844710703,"hAST%":12.9287730782,"hTO%":10.1181702351,"TOR":13.8109466153,"AR":17.6473206751,"STL%":11.3386166656,"BLK%":3.5772357724,"EFG%":42.8896991796,"TS%":47.2371923901,"PPWS":0.9447438478,"REB%":46.7323187108,"OREB%":29.552715655,"DREB%":68.6354378819,"FTR":0.2798541477,"FFI":30.7169716718,"Py-W":-16.9382637505,"Py-L":30.9382637505,"PPR":-0.7774641726,"HHI":0.1287168904},"JRU":{"OFF":73.4287760999,"DEF":78.0352629901,"NET":-4.6064868902,"PACE":77.9180707526,"hAST%":15.542649542,"hTO%":12.2166504631,"TOR":17.5092337517,"AR":22.2761455584,"STL%":9.7171663753,"BLK%":8.4772370487,"EFG%":42.1161825726,"TS%":47.2800679983,"PPWS":0.94560136,"REB%":49.1017964072,"OREB%":32.7619047619,"DREB%":67.0859538784,"FTR":0.3900414938,"FFI":33.626784826,"Py-W":-14.7758170542,"Py-L":28.7758170542,"PPR":-1.037223386,"HHI":0.1159873894}}