{"CSB":{"2PM":20.0,"2PA":44.1111111111,"3PM":6.0,"3PA":27.8888888889,"FTM":11.0,"FTA":19.0,"OFF":11.6666666667,"DEF":20.3333333333,"AST":12.3333333333,"TO":12.6666666667,"STL":10.1111111111,"BLK":3.1111111111,"PF":19.0,"Fls on:":18.2222222222,"+\/-":-11.6666666667,"GW":25.0,"GP":9.0,"MINS":200.0,"FGM":26.0,"FGA":72.0,"FG%":36.1111111111,"2P%":45.3400503778,"3P%":21.5139442231,"FT%":57.8947368421,"PTS":69.0,"REB":32.0,"STK":13.2222222222},"SBU":{"2PM":16.2,"2PA":38.9,"3PM":7.7,"3PA":30.5,"FTM":11.3,"FTA":17.1,"OFF":10.7,"DEF":25.8,"AST":14.2,"TO":9.2,"STL":5.9,"BLK":2.8,"PF":19.8,"Fls on:":17.9,"+\/-":-4.7,"GW":38.0,"GP":10.0,"MINS":200.0,"FGM":23.9,"FGA":69.4,"FG%":34.4380403458,"2P%":41.6452442159,"3P%":25.2459016393,"FT%":66.081871345,"PTS":66.8,"REB":36.5,"STK":8.7},"MU":{"2PM":17.7777777778,"2PA":41.8888888889,"3PM":6.6666666667,"3PA":22.5555555556,"FTM":18.5555555556,"FTA":27.8888888889,"OFF":9.4444444444,"DEF":26.4444444444,"AST":15.0,"TO":12.8888888889,"STL":7.3333333333,"BLK":2.6666666667,"PF":19.6666666667,"Fls on:":23.2222222222,"+\/-":-2.3333333333,"GW":35.0,"GP":9.0,"MINS":200.0,"FGM":24.4444444444,"FGA":64.4444444444,"FG%":37.9310344828,"2P%":42.4403183024,"3P%":29.5566502463,"FT%":66.5338645418,"PTS":74.1111111111,"REB":35.8888888889,"STK":10.0},"League":{"2PM":19.9166666667,"2PA":43.2083333333,"3PM":7.0729166667,"3PA":26.4166666667,"FTM":14.71875,"FTA":22.65625,"OFF":12.0520833333,"DEF":27.125,"AST":15.96875,"TO":13.4583333333,"STL":7.8125,"BLK":3.1041666667,"PF":20.5625,"Fls on:":20.2708333333,"+\/-":-0.0041666667,"GW":62.9,"GP":9.6,"MINS":200.0,"FGM":26.9895833333,"FGA":69.625,"FG%":38.7642130461,"2P%":46.0945033751,"3P%":26.7744479495,"FT%":64.9655172414,"PTS":75.7708333333,"REB":39.1770833333,"STK":10.9166666667},"EAC":{"2PM":18.7,"2PA":44.7,"3PM":6.9,"3PA":26.1,"FTM":16.7,"FTA":26.3,"OFF":14.2,"DEF":29.8,"AST":16.8,"TO":14.3,"STL":7.9,"BLK":3.3,"PF":21.8,"Fls on:":21.9,"+\/-":0.4,"GW":68.0,"GP":10.0,"MINS":200.0,"FGM":25.6,"FGA":70.8,"FG%":36.1581920904,"2P%":41.8344519016,"3P%":26.4367816092,"FT%":63.4980988593,"PTS":74.8,"REB":44.0,"STK":11.2},"CSJL":{"2PM":20.8,"2PA":47.8,"3PM":6.6,"3PA":28.4,"FTM":13.3,"FTA":20.2,"OFF":14.4,"DEF":25.0,"AST":15.9,"TO":10.0,"STL":8.6,"BLK":2.8,"PF":18.6,"Fls on:":19.8,"+\/-":0.7,"GW":51.0,"GP":10.0,"MINS":200.0,"FGM":27.4,"FGA":76.2,"FG%":35.9580052493,"2P%":43.5146443515,"3P%":23.2394366197,"FT%":65.8415841584,"PTS":74.7,"REB":39.4,"STK":11.4},"LPU":{"2PM":22.8,"2PA":41.9,"3PM":7.9,"3PA":26.2,"FTM":14.1,"FTA":22.1,"OFF":12.2,"DEF":29.9,"AST":18.2,"TO":14.6,"STL":6.5,"BLK":3.5,"PF":21.2,"Fls on:":19.8,"+\/-":0.8,"GW":68.0,"GP":10.0,"MINS":200.0,"FGM":30.7,"FGA":68.1,"FG%":45.080763583,"2P%":54.415274463,"3P%":30.1526717557,"FT%":63.8009049774,"PTS":83.4,"REB":42.1,"STK":10.0},"UPHSD":{"2PM":16.6,"2PA":38.8,"3PM":8.0,"3PA":31.1,"FTM":11.6,"FTA":19.0,"OFF":13.3,"DEF":26.6,"AST":14.5,"TO":13.2,"STL":8.8,"BLK":2.4,"PF":18.1,"Fls on:":17.9,"+\/-":2.1,"GW":79.0,"GP":10.0,"MINS":200.0,"FGM":24.6,"FGA":69.9,"FG%":35.1931330472,"2P%":42.7835051546,"3P%":25.7234726688,"FT%":61.0526315789,"PTS":68.8,"REB":39.9,"STK":11.2},"AU":{"2PM":19.4,"2PA":44.8,"3PM":7.8,"3PA":25.2,"FTM":17.2,"FTA":24.9,"OFF":11.7,"DEF":30.1,"AST":17.8,"TO":15.9,"STL":7.9,"BLK":3.5,"PF":24.0,"Fls on:":19.9,"+\/-":2.5,"GW":92.0,"GP":10.0,"MINS":200.0,"FGM":27.2,"FGA":70.0,"FG%":38.8571428571,"2P%":43.3035714286,"3P%":30.9523809524,"FT%":69.0763052209,"PTS":79.4,"REB":41.8,"STK":11.4},"JRU":{"2PM":24.0,"2PA":45.4444444444,"3PM":6.1111111111,"3PA":22.6666666667,"FTM":14.1111111111,"FTA":20.4444444444,"OFF":11.5555555556,"DEF":24.7777777778,"AST":13.3333333333,"TO":14.5555555556,"STL":8.4444444444,"BLK":3.5555555556,"PF":23.4444444444,"Fls on:":19.3333333333,"+\/-":4.1111111111,"GW":81.0,"GP":9.0,"MINS":200.0,"FGM":30.1111111111,"FGA":68.1111111111,"FG%":44.2088091354,"2P%":52.8117359413,"3P%":26.9607843137,"FT%":69.0217391304,"PTS":80.4444444444,"REB":36.3333333333,"STK":12.0},"SSCR":{"2PM":23.4444444444,"2PA":44.0,"3PM":6.7777777778,"3PA":22.5555555556,"FTM":19.7777777778,"FTA":30.3333333333,"OFF":10.8888888889,"DEF":32.0,"AST":21.4444444444,"TO":17.6666666667,"STL":6.7777777778,"BLK":3.4444444444,"PF":20.0,"Fls on:":25.2222222222,"+\/-":7.8444444444,"GW":92.0,"GP":9.0,"MINS":200.0,"FGM":30.2222222222,"FGA":66.5555555556,"FG%":45.409015025,"2P%":53.2828282828,"3P%":30.0492610837,"FT%":65.2014652015,"PTS":87.0,"REB":42.8888888889,"STK":10.2222222222}}