{"AU":{"POS":816.7155357085,"PACE":81.6715535709},"CSB":{"POS":704.9161051951,"PACE":78.3240116883},"CSJL":{"POS":765.529028009,"PACE":76.5529028009},"EAC":{"POS":800.8820502227,"PACE":80.0882050223},"JRU":{"POS":700.0569836615,"PACE":77.7841092957},"LPU":{"POS":793.9375334071,"PACE":79.3937533407},"MU":{"POS":690.4074644186,"PACE":76.711940491},"SBU":{"POS":723.6471734854,"PACE":72.3647173485},"SSCR":{"POS":746.6875301727,"PACE":82.9652811303},"UPHSD":{"POS":754.5675,"PACE":75.45675},"League":{"POS":749.7346904281,"PACE":78.1313224689}}