{"CSB":{"2PM":18.0,"2PA":42.3333333333,"3PM":5.0,"3PA":27.3333333333,"FTM":10.6666666667,"FTA":21.0,"OFF":13.3333333333,"DEF":22.6666666667,"AST":11.6666666667,"TO":14.0,"STL":7.3333333333,"BLK":3.6666666667,"PF":21.0,"Fls on:":19.3333333333,"+\/-":-13.3333333333,"GW":0.0,"GP":3.0,"MINS":200.0,"FGM":23.0,"FGA":69.6666666667,"FG%":33.014354067,"2P%":42.5196850394,"3P%":18.2926829268,"FT%":50.7936507937,"PTS":61.6666666667,"REB":36.0,"STK":11.0},"UPHSD":{"2PM":18.0,"2PA":40.0,"3PM":6.6666666667,"3PA":21.0,"FTM":12.0,"FTA":19.6666666667,"OFF":9.6666666667,"DEF":23.6666666667,"AST":14.0,"TO":14.3333333333,"STL":9.6666666667,"BLK":2.0,"PF":18.3333333333,"Fls on:":19.3333333333,"+\/-":-4.0,"GW":11.0,"GP":3.0,"MINS":200.0,"FGM":24.6666666667,"FGA":61.0,"FG%":40.4371584699,"2P%":45.0,"3P%":31.746031746,"FT%":61.0169491525,"PTS":68.0,"REB":33.3333333333,"STK":11.6666666667},"CSJL":{"2PM":21.6666666667,"2PA":48.6666666667,"3PM":6.0,"3PA":26.0,"FTM":16.0,"FTA":22.3333333333,"OFF":13.6666666667,"DEF":17.6666666667,"AST":14.6666666667,"TO":10.3333333333,"STL":9.3333333333,"BLK":3.6666666667,"PF":22.0,"Fls on:":22.0,"+\/-":-2.6666666667,"GW":13.0,"GP":3.0,"MINS":200.0,"FGM":27.6666666667,"FGA":74.6666666667,"FG%":37.0535714286,"2P%":44.5205479452,"3P%":23.0769230769,"FT%":71.6417910448,"PTS":77.3333333333,"REB":31.3333333333,"STK":13.0},"SBU":{"2PM":14.5,"2PA":35.75,"3PM":9.25,"3PA":38.25,"FTM":12.25,"FTA":19.75,"OFF":13.75,"DEF":26.5,"AST":13.75,"TO":9.5,"STL":7.25,"BLK":2.0,"PF":25.25,"Fls on:":19.25,"+\/-":-2.0,"GW":25.0,"GP":4.0,"MINS":200.0,"FGM":23.75,"FGA":74.0,"FG%":32.0945945946,"2P%":40.5594405594,"3P%":24.1830065359,"FT%":62.0253164557,"PTS":69.0,"REB":40.25,"STK":9.25},"League":{"2PM":19.375,"2PA":42.375,"3PM":7.09375,"3PA":26.46875,"FTM":15.15625,"FTA":23.71875,"OFF":12.59375,"DEF":26.90625,"AST":15.5625,"TO":13.34375,"STL":7.46875,"BLK":3.25,"PF":22.0,"Fls on:":21.71875,"+\/-":0.0,"GW":20.8,"GP":3.2,"MINS":200.0,"FGM":26.46875,"FGA":68.84375,"FG%":38.4475714934,"2P%":45.7227138643,"3P%":26.800472255,"FT%":63.8998682477,"PTS":75.1875,"REB":39.5,"STK":10.71875},"SSCR":{"2PM":19.3333333333,"2PA":35.6666666667,"3PM":8.3333333333,"3PA":27.0,"FTM":23.6666666667,"FTA":34.0,"OFF":11.0,"DEF":28.6666666667,"AST":19.0,"TO":17.6666666667,"STL":4.3333333333,"BLK":2.3333333333,"PF":23.6666666667,"Fls on:":28.3333333333,"+\/-":0.3333333333,"GW":12.0,"GP":3.0,"MINS":200.0,"FGM":27.6666666667,"FGA":62.6666666667,"FG%":44.1489361702,"2P%":54.2056074766,"3P%":30.8641975309,"FT%":69.6078431373,"PTS":87.3333333333,"REB":39.6666666667,"STK":6.6666666667},"EAC":{"2PM":18.5,"2PA":46.5,"3PM":6.25,"3PA":25.5,"FTM":14.5,"FTA":26.25,"OFF":16.5,"DEF":33.0,"AST":14.0,"TO":13.5,"STL":7.25,"BLK":2.0,"PF":23.25,"Fls on:":22.25,"+\/-":1.25,"GW":27.0,"GP":4.0,"MINS":200.0,"FGM":24.75,"FGA":72.0,"FG%":34.375,"2P%":39.7849462366,"3P%":24.5098039216,"FT%":55.2380952381,"PTS":70.25,"REB":49.5,"STK":9.25},"MU":{"2PM":20.0,"2PA":46.3333333333,"3PM":5.0,"3PA":20.3333333333,"FTM":14.6666666667,"FTA":22.0,"OFF":9.0,"DEF":29.6666666667,"AST":15.6666666667,"TO":14.3333333333,"STL":8.0,"BLK":3.0,"PF":15.6666666667,"Fls on:":22.6666666667,"+\/-":1.3333333333,"GW":13.0,"GP":3.0,"MINS":200.0,"FGM":25.0,"FGA":66.6666666667,"FG%":37.5,"2P%":43.1654676259,"3P%":24.5901639344,"FT%":66.6666666667,"PTS":69.6666666667,"REB":38.6666666667,"STK":11.0},"LPU":{"2PM":22.6666666667,"2PA":42.0,"3PM":8.3333333333,"3PA":27.3333333333,"FTM":18.3333333333,"FTA":26.6666666667,"OFF":15.0,"DEF":30.6666666667,"AST":19.6666666667,"TO":14.0,"STL":6.6666666667,"BLK":3.6666666667,"PF":24.0,"Fls on:":24.6666666667,"+\/-":4.3333333333,"GW":28.0,"GP":3.0,"MINS":200.0,"FGM":31.0,"FGA":69.3333333333,"FG%":44.7115384615,"2P%":53.9682539683,"3P%":30.487804878,"FT%":68.75,"PTS":88.6666666667,"REB":45.6666666667,"STK":10.3333333333},"AU":{"2PM":19.6666666667,"2PA":45.3333333333,"3PM":8.6666666667,"3PA":27.0,"FTM":15.3333333333,"FTA":22.0,"OFF":12.0,"DEF":31.6666666667,"AST":18.0,"TO":15.0,"STL":6.3333333333,"BLK":6.3333333333,"PF":22.0,"Fls on:":18.6666666667,"+\/-":5.3333333333,"GW":38.0,"GP":3.0,"MINS":200.0,"FGM":28.3333333333,"FGA":72.3333333333,"FG%":39.1705069124,"2P%":43.3823529412,"3P%":32.0987654321,"FT%":69.696969697,"PTS":80.6666666667,"REB":43.6666666667,"STK":12.6666666667},"JRU":{"2PM":23.3333333333,"2PA":42.0,"3PM":7.0,"3PA":21.3333333333,"FTM":15.3333333333,"FTA":24.0,"OFF":10.3333333333,"DEF":23.0,"AST":16.3333333333,"TO":12.0,"STL":8.6666666667,"BLK":4.6666666667,"PF":23.3333333333,"Fls on:":21.3333333333,"+\/-":9.6666666667,"GW":41.0,"GP":3.0,"MINS":200.0,"FGM":30.3333333333,"FGA":63.3333333333,"FG%":47.8947368421,"2P%":55.5555555556,"3P%":32.8125,"FT%":63.8888888889,"PTS":83.0,"REB":33.3333333333,"STK":13.3333333333}}