{"AU":{"POS":93.9621568627,"PACE":93.9621568627},"CSB":{"POS":151.6361660079,"PACE":75.818083004},"CSJL":{"POS":79.9981444992,"PACE":79.9981444992},"EAC":{"POS":93.9621568627,"PACE":93.9621568627},"JRU":{"POS":73.0166773504,"PACE":73.0166773504},"LPU":{"POS":75.3460543699,"PACE":75.3460543699},"MU":{"POS":81.0281428571,"PACE":81.0281428571},"SBU":{"POS":145.9438448276,"PACE":72.9719224138},"SSCR":{"POS":79.9981444992,"PACE":79.9981444992},"UPHSD":{"POS":73.0166773504,"PACE":73.0166773504},"League":{"POS":94.7908165487,"PACE":79.911816007}}