{"UPHSD":{"OFF":84.2273330309,"DEF":67.7927314639,"NET":16.434601567,"PACE":73.0166773504,"hAST%":14.847809948,"hTO%":11.135857461,"TOR":16.434601567,"AR":21.9128020893,"STL%":10.9564010447,"BLK%":13.1578947368,"EFG%":47.0149253731,"TS%":51.4042126379,"PPWS":1.0280842528,"REB%":56.0,"OREB%":43.5897435897,"DREB%":69.4444444444,"FTR":0.4328358209,"FFI":38.1251065724,"Py-W":-1.7716414251,"Py-L":2.7716414251,"PPR":-0.729621587,"HHI":0.1252230815},"CSB":{"OFF":73.2015342529,"DEF":64.2986449518,"NET":8.902889301,"PACE":75.818083004,"hAST%":14.4374068554,"hTO%":13.0402384501,"TOR":18.4652518836,"AR":20.4436717283,"STL%":9.2326259418,"BLK%":10.5882352941,"EFG%":45.3237410072,"TS%":47.5211918829,"PPWS":0.9504238377,"REB%":54.4378698225,"OREB%":36.3636363636,"DREB%":69.5652173913,"FTR":0.273381295,"FFI":34.119256071,"Py-W":-0.1780826425,"Py-L":2.1780826425,"PPR":-1.8186565738,"HHI":0.1418918919},"SSCR":{"OFF":85.3144787635,"DEF":78.751826551,"NET":6.5626522126,"PACE":79.9981444992,"hAST%":13.2714001327,"hTO%":6.6357000664,"TOR":10.000231943,"AR":20.000463886,"STL%":13.7503189216,"BLK%":2.9411764706,"EFG%":41.8604651163,"TS%":47.1209610605,"PPWS":0.9424192212,"REB%":47.8873239437,"OREB%":40.4761904762,"DREB%":58.6206896552,"FTR":0.2790697674,"FFI":31.5255286391,"Py-W":0.7104573024,"Py-L":0.2895426976,"PPR":1.3318944918,"HHI":0.1889868373},"SBU":{"OFF":74.0010653602,"DEF":68.3482062007,"NET":5.6528591595,"PACE":72.9719224138,"hAST%":13.0560928433,"hTO%":11.6054158607,"TOR":16.4446811911,"AR":18.50026634,"STL%":6.1667554467,"BLK%":11.6883116883,"EFG%":44.4852941176,"TS%":46.2130937099,"PPWS":0.9242618742,"REB%":53.6723163842,"OREB%":36.7816091954,"DREB%":70.0,"FTR":0.3308823529,"FFI":34.224845078,"Py-W":0.0,"Py-L":2.0,"PPR":-1.5460286325,"HHI":0.143132716},"EAC":{"OFF":69.4428503758,"DEF":63.8554945984,"NET":5.5873557774,"PACE":93.9621568627,"hAST%":17.2792962614,"hTO%":7.8542255734,"TOR":10.6425824331,"AR":23.4136813527,"STL%":4.2570329732,"BLK%":16.4179104478,"EFG%":42.1686746988,"TS%":45.6357532522,"PPWS":0.912715065,"REB%":45.7142857143,"OREB%":15.6862745098,"DREB%":74.0740740741,"FTR":0.3373493976,"FFI":27.7256113536,"Py-W":1.0,"Py-L":0.0,"PPR":1.7639338147,"HHI":0.1227374818},"League":{"OFF":72.0006457218,"DEF":72.0006457218,"NET":0.0,"PACE":79.911816007,"hAST%":13.6018237082,"hTO%":11.8541033435,"TOR":16.4572904507,"AR":18.8836858377,"STL%":8.7561224834,"BLK%":8.1481481481,"EFG%":42.8150765607,"TS%":46.381243629,"PPWS":0.9276248726,"REB%":50.0,"OREB%":31.6306483301,"DREB%":68.3693516699,"FTR":0.3533568905,"FFI":32.8668362598,"Py-W":-0.7724510732,"Py-L":1.9724510732,"PPR":-1.4666666667,"HHI":0.0143360882},"AU":{"OFF":63.8554945984,"DEF":69.4428503758,"NET":-5.5873557774,"PACE":93.9621568627,"hAST%":11.4043662431,"hTO%":8.1459758879,"TOR":10.6425824331,"AR":14.8996154063,"STL%":7.4498077031,"BLK%":0.0,"EFG%":39.5348837209,"TS%":40.5022276225,"PPWS":0.8100445525,"REB%":54.2857142857,"OREB%":25.9259259259,"DREB%":84.3137254902,"FTR":0.3372093023,"FFI":28.7179238167,"Py-W":0.0,"Py-L":1.0,"PPR":-0.251990545,"HHI":0.148125},"CSJL":{"OFF":78.751826551,"DEF":85.3144787635,"NET":-6.5626522126,"PACE":79.9981444992,"hAST%":14.6092037984,"hTO%":20.0876552228,"TOR":27.5006378432,"AR":20.000463886,"STL%":6.2501449644,"BLK%":7.2727272727,"EFG%":51.7543859649,"TS%":58.7248322148,"PPWS":1.1744966443,"REB%":52.1126760563,"OREB%":41.3793103448,"DREB%":59.5238095238,"FTR":0.5789473684,"FFI":44.536986442,"Py-W":0.2895426976,"Py-L":0.7104573024,"PPR":-5.66055159,"HHI":0.1366213152},"MU":{"OFF":60.1642815459,"DEF":72.1971378551,"NET":-12.0328563092,"PACE":81.0281428571,"hAST%":13.0645763345,"hTO%":14.9309443822,"TOR":19.7462257382,"AR":17.2779475209,"STL%":14.8096693036,"BLK%":3.9215686275,"EFG%":39.4366197183,"TS%":42.1202695697,"PPWS":0.8424053914,"REB%":41.975308642,"OREB%":23.9130434783,"DREB%":65.7142857143,"FTR":0.1971830986,"FFI":28.4515594964,"Py-W":-1.5194617372,"Py-L":2.5194617372,"PPR":-3.2874099125,"HHI":0.139408284},"LPU":{"OFF":62.7106494098,"DEF":78.6371635456,"NET":-15.9265141358,"PACE":75.3460543699,"hAST%":8.1267777326,"hTO%":10.1584721658,"TOR":13.2720951132,"AR":10.6176760905,"STL%":7.9632570679,"BLK%":0.0,"EFG%":33.3333333333,"TS%":39.1596220786,"PPWS":0.7831924416,"REB%":41.5730337079,"OREB%":22.9166666667,"DREB%":63.4146341463,"FTR":0.3768115942,"FFI":26.886864358,"Py-W":-9.1038507138,"Py-L":10.1038507138,"PPR":-2.474726853,"HHI":0.1987906274},"JRU":{"OFF":67.7927314639,"DEF":84.2273330309,"NET":-16.434601567,"PACE":73.0166773504,"hAST%":14.8573692552,"hTO%":15.8478605388,"TOR":21.9128020893,"AR":20.5432519587,"STL%":9.5868509141,"BLK%":6.8181818182,"EFG%":41.8181818182,"TS%":47.1698113208,"PPWS":0.9433962264,"REB%":44.0,"OREB%":30.5555555556,"DREB%":56.4102564103,"FTR":0.6181818182,"FFI":37.5893116334,"Py-W":-1.1822119567,"Py-L":2.1822119567,"PPR":-3.2832971414,"HHI":0.1235078053}}