{"CSB":{"MINS":212.5,"FGM":29.0,"FGA":69.5,"2PM":24.0,"2PA":45.0,"3PM":5.0,"3PA":24.5,"FTM":11.0,"FTA":19.0,"PTS":74.0,"OFF":14.0,"DEF":32.0,"REB":46.0,"AST":15.5,"TO":14.0,"STL":7.0,"BLK":4.5,"STK":11.5,"PF":18.0,"Fls on:":21.5,"+\/-":9.0,"GW":25.0,"GP":2.0,"W":2.0,"L":0.0,"FG%":41.726618705,"2P%":53.3333333333,"3P%":20.4081632653,"FT%":57.8947368421,"W%":1.0},"EAC":{"MINS":225.0,"FGM":30.0,"FGA":83.0,"2PM":20.0,"2PA":53.0,"3PM":10.0,"3PA":30.0,"FTM":17.0,"FTA":28.0,"PTS":87.0,"OFF":8.0,"DEF":40.0,"REB":48.0,"AST":22.0,"TO":10.0,"STL":4.0,"BLK":11.0,"STK":15.0,"PF":27.0,"Fls on:":26.0,"+\/-":7.0,"GW":14.0,"GP":1.0,"W":1.0,"L":0.0,"FG%":36.1445783133,"2P%":37.7358490566,"3P%":33.3333333333,"FT%":60.7142857143,"W%":1.0},"SSCR":{"MINS":200.0,"FGM":34.0,"FGA":86.0,"2PM":30.0,"2PA":55.0,"3PM":4.0,"3PA":31.0,"FTM":19.0,"FTA":24.0,"PTS":91.0,"OFF":17.0,"DEF":17.0,"REB":34.0,"AST":16.0,"TO":8.0,"STL":11.0,"BLK":1.0,"STK":12.0,"PF":28.0,"Fls on:":25.0,"+\/-":7.0,"GW":13.0,"GP":1.0,"W":1.0,"L":0.0,"FG%":39.5348837209,"2P%":54.5454545455,"3P%":12.9032258065,"FT%":79.1666666667,"W%":1.0},"UPHSD":{"MINS":200.0,"FGM":29.0,"FGA":67.0,"2PM":24.0,"2PA":44.0,"3PM":5.0,"3PA":23.0,"FTM":19.0,"FTA":29.0,"PTS":82.0,"OFF":17.0,"DEF":25.0,"REB":42.0,"AST":16.0,"TO":12.0,"STL":8.0,"BLK":5.0,"STK":13.0,"PF":26.0,"Fls on:":22.0,"+\/-":16.0,"GW":15.0,"GP":1.0,"W":1.0,"L":0.0,"FG%":43.2835820896,"2P%":54.5454545455,"3P%":21.7391304348,"FT%":65.5172413793,"W%":1.0},"League":{"MINS":208.3333333333,"FGM":27.25,"FGA":70.75,"2PM":21.1666666667,"2PA":45.0,"3PM":6.0833333333,"3PA":25.75,"FTM":15.25,"FTA":25.0,"PTS":75.8333333333,"OFF":13.4166666667,"DEF":29.0,"REB":42.4166666667,"AST":14.9166666667,"TO":13.0,"STL":6.9166666667,"BLK":3.6666666667,"STK":10.5833333333,"PF":23.5833333333,"Fls on:":23.25,"+\/-":0.0,"GW":8.2,"GP":1.2,"W":0.6,"L":0.6,"FG%":38.5159010601,"2P%":47.037037037,"3P%":23.6245954693,"FT%":61.0,"W%":0.5},"SBU":{"MINS":212.5,"FGM":26.0,"FGA":68.0,"2PM":17.5,"2PA":40.5,"3PM":8.5,"3PA":27.5,"FTM":11.5,"FTA":22.5,"PTS":72.0,"OFF":16.0,"DEF":31.5,"REB":47.5,"AST":13.5,"TO":12.0,"STL":4.5,"BLK":4.5,"STK":9.0,"PF":22.0,"Fls on:":23.0,"+\/-":5.5,"GW":15.0,"GP":2.0,"W":1.0,"L":1.0,"FG%":38.2352941176,"2P%":43.2098765432,"3P%":30.9090909091,"FT%":51.1111111111,"W%":0.5},"AU":{"MINS":225.0,"FGM":32.0,"FGA":86.0,"2PM":28.0,"2PA":67.0,"3PM":4.0,"3PA":19.0,"FTM":12.0,"FTA":29.0,"PTS":80.0,"OFF":14.0,"DEF":43.0,"REB":57.0,"AST":14.0,"TO":10.0,"STL":7.0,"BLK":0.0,"STK":7.0,"PF":28.0,"Fls on:":26.0,"+\/-":-7.0,"GW":0.0,"GP":1.0,"W":0.0,"L":1.0,"FG%":37.2093023256,"2P%":41.7910447761,"3P%":21.0526315789,"FT%":41.3793103448,"W%":0.0},"CSJL":{"MINS":200.0,"FGM":27.0,"FGA":57.0,"2PM":22.0,"2PA":34.0,"3PM":5.0,"3PA":23.0,"FTM":25.0,"FTA":33.0,"PTS":84.0,"OFF":12.0,"DEF":25.0,"REB":37.0,"AST":16.0,"TO":22.0,"STL":5.0,"BLK":4.0,"STK":9.0,"PF":25.0,"Fls on:":28.0,"+\/-":-7.0,"GW":0.0,"GP":1.0,"W":0.0,"L":1.0,"FG%":47.3684210526,"2P%":64.7058823529,"3P%":21.7391304348,"FT%":75.7575757576,"W%":0.0},"JRU":{"MINS":200.0,"FGM":20.0,"FGA":55.0,"2PM":14.0,"2PA":38.0,"3PM":6.0,"3PA":17.0,"FTM":20.0,"FTA":34.0,"PTS":66.0,"OFF":11.0,"DEF":22.0,"REB":33.0,"AST":15.0,"TO":16.0,"STL":7.0,"BLK":3.0,"STK":10.0,"PF":23.0,"Fls on:":26.0,"+\/-":-16.0,"GW":0.0,"GP":1.0,"W":0.0,"L":1.0,"FG%":36.3636363636,"2P%":36.8421052632,"3P%":35.2941176471,"FT%":58.8235294118,"W%":0.0},"LPU":{"MINS":200.0,"FGM":20.0,"FGA":69.0,"2PM":14.0,"2PA":38.0,"3PM":6.0,"3PA":31.0,"FTM":17.0,"FTA":26.0,"PTS":63.0,"OFF":11.0,"DEF":26.0,"REB":37.0,"AST":8.0,"TO":10.0,"STL":6.0,"BLK":0.0,"STK":6.0,"PF":25.0,"Fls on:":22.0,"+\/-":-16.0,"GW":0.0,"GP":1.0,"W":0.0,"L":1.0,"FG%":28.9855072464,"2P%":36.8421052632,"3P%":19.3548387097,"FT%":65.3846153846,"W%":0.0},"MU":{"MINS":200.0,"FGM":25.0,"FGA":71.0,"2PM":19.0,"2PA":40.0,"3PM":6.0,"3PA":31.0,"FTM":9.0,"FTA":14.0,"PTS":65.0,"OFF":11.0,"DEF":23.0,"REB":34.0,"AST":14.0,"TO":16.0,"STL":12.0,"BLK":2.0,"STK":14.0,"PF":21.0,"Fls on:":15.0,"+\/-":-13.0,"GW":0.0,"GP":1.0,"W":0.0,"L":1.0,"FG%":35.2112676056,"2P%":47.5,"3P%":19.3548387097,"FT%":64.2857142857,"W%":0.0}}