{"A. Acop":{"TEAM":"AU","MINS":43.0666666666,"FGM":3.0,"FGA":13.0,"FG%":23.0769230769,"2PM":3.0,"2PA":10.0,"2P%":30.0,"3PM":0.0,"3PA":3.0,"3P%":0.0,"FTM":3.0,"FTA":4.0,"FT%":75.0,"PTS":9.0,"OFF":5.0,"DEF":4.0,"REB":9.0,"AST":7.0,"TO":1.0,"STL":3.0,"BLK":0.0,"STK":3.0,"PF":4.0,"Fls on:":4.0,"+\/-":10.0,"GW":1.0,"GP":8.0},"D. Miller":{"TEAM":"AU","MINS":9.1,"FGM":0.0,"FGA":2.0,"FG%":0.0,"2PM":0.0,"2PA":1.0,"2P%":0.0,"3PM":0.0,"3PA":1.0,"3P%":0.0,"FTM":0.0,"FTA":0.0,"FT%":0.0,"PTS":0.0,"OFF":1.0,"DEF":2.0,"REB":3.0,"AST":0.0,"TO":0.0,"STL":0.0,"BLK":0.0,"STK":0.0,"PF":0.0,"Fls on:":0.0,"+\/-":-1.0,"GW":1.0,"GP":1.0},"E. Geronimo":{"TEAM":"AU","MINS":241.7666666667,"FGM":35.0,"FGA":59.0,"FG%":59.3220338983,"2PM":31.0,"2PA":50.0,"2P%":62.0,"3PM":4.0,"3PA":9.0,"3P%":44.4444444444,"FTM":8.0,"FTA":17.0,"FT%":47.0588235294,"PTS":82.0,"OFF":10.0,"DEF":13.0,"REB":23.0,"AST":19.0,"TO":20.0,"STL":4.0,"BLK":3.0,"STK":7.0,"PF":13.0,"Fls on:":14.0,"+\/-":-6.0,"GW":5.0,"GP":13.0},"G. Borromeo":{"TEAM":"AU","MINS":220.6833333333,"FGM":18.0,"FGA":46.0,"FG%":39.1304347826,"2PM":18.0,"2PA":41.0,"2P%":43.9024390244,"3PM":0.0,"3PA":5.0,"3P%":0.0,"FTM":3.0,"FTA":11.0,"FT%":27.2727272727,"PTS":39.0,"OFF":12.0,"DEF":30.0,"REB":42.0,"AST":24.0,"TO":8.0,"STL":13.0,"BLK":0.0,"STK":13.0,"PF":24.0,"Fls on:":14.0,"+\/-":-1.0,"GW":4.0,"GP":12.0},"J. Camay":{"TEAM":"AU","MINS":179.6833333333,"FGM":23.0,"FGA":47.0,"FG%":48.9361702128,"2PM":20.0,"2PA":33.0,"2P%":60.6060606061,"3PM":3.0,"3PA":14.0,"3P%":21.4285714286,"FTM":11.0,"FTA":16.0,"FT%":68.75,"PTS":60.0,"OFF":6.0,"DEF":13.0,"REB":19.0,"AST":16.0,"TO":15.0,"STL":6.0,"BLK":0.0,"STK":6.0,"PF":23.0,"Fls on:":19.0,"+\/-":14.0,"GW":4.0,"GP":12.0},"J. Capulong":{"TEAM":"AU","MINS":24.1166666667,"FGM":2.0,"FGA":7.0,"FG%":28.5714285714,"2PM":2.0,"2PA":4.0,"2P%":50.0,"3PM":0.0,"3PA":3.0,"3P%":0.0,"FTM":0.0,"FTA":2.0,"FT%":0.0,"PTS":4.0,"OFF":1.0,"DEF":5.0,"REB":6.0,"AST":0.0,"TO":1.0,"STL":3.0,"BLK":1.0,"STK":4.0,"PF":4.0,"Fls on:":2.0,"+\/-":-9.0,"GW":1.0,"GP":1.0},"J. Dela Cruz":{"TEAM":"AU","MINS":11.6666666667,"FGM":1.0,"FGA":4.0,"FG%":25.0,"2PM":1.0,"2PA":4.0,"2P%":25.0,"3PM":0.0,"3PA":0.0,"3P%":0.0,"FTM":0.0,"FTA":1.0,"FT%":0.0,"PTS":2.0,"OFF":0.0,"DEF":1.0,"REB":1.0,"AST":1.0,"TO":1.0,"STL":0.0,"BLK":0.0,"STK":0.0,"PF":2.0,"Fls on:":1.0,"+\/-":-14.0,"GW":2.0,"GP":5.0},"J. Espiritu":{"TEAM":"AU","MINS":12.6833333332,"FGM":0.0,"FGA":3.0,"FG%":0.0,"2PM":0.0,"2PA":3.0,"2P%":0.0,"3PM":0.0,"3PA":0.0,"3P%":0.0,"FTM":0.0,"FTA":0.0,"FT%":0.0,"PTS":0.0,"OFF":0.0,"DEF":1.0,"REB":1.0,"AST":3.0,"TO":1.0,"STL":0.0,"BLK":0.0,"STK":0.0,"PF":3.0,"Fls on:":0.0,"+\/-":-19.0,"GW":0.0,"GP":6.0},"J. Hernal":{"TEAM":"AU","MINS":19.45,"FGM":1.0,"FGA":7.0,"FG%":14.2857142857,"2PM":1.0,"2PA":5.0,"2P%":20.0,"3PM":0.0,"3PA":2.0,"3P%":0.0,"FTM":3.0,"FTA":4.0,"FT%":75.0,"PTS":5.0,"OFF":4.0,"DEF":2.0,"REB":6.0,"AST":2.0,"TO":2.0,"STL":2.0,"BLK":1.0,"STK":3.0,"PF":3.0,"Fls on:":4.0,"+\/-":13.0,"GW":1.0,"GP":1.0},"C. Libang":{"TEAM":"AU","MINS":1.9,"FGM":0.0,"FGA":1.0,"FG%":0.0,"2PM":0.0,"2PA":1.0,"2P%":0.0,"3PM":0.0,"3PA":0.0,"3P%":0.0,"FTM":0.0,"FTA":0.0,"FT%":0.0,"PTS":0.0,"OFF":0.0,"DEF":0.0,"REB":0.0,"AST":0.0,"TO":0.0,"STL":0.0,"BLK":0.0,"STK":0.0,"PF":1.0,"Fls on:":0.0,"+\/-":-3.0,"GW":1.0,"GP":1.0},"J. Libang":{"TEAM":"AU","MINS":76.7333333335,"FGM":11.0,"FGA":25.0,"FG%":44.0,"2PM":11.0,"2PA":23.0,"2P%":47.8260869565,"3PM":0.0,"3PA":2.0,"3P%":0.0,"FTM":1.0,"FTA":6.0,"FT%":16.6666666667,"PTS":23.0,"OFF":7.0,"DEF":10.0,"REB":17.0,"AST":3.0,"TO":5.0,"STL":4.0,"BLK":0.0,"STK":4.0,"PF":12.0,"Fls on:":9.0,"+\/-":-15.0,"GW":4.0,"GP":11.0},"L. Capulong":{"TEAM":"AU","MINS":292.5500000001,"FGM":58.0,"FGA":128.0,"FG%":45.3125,"2PM":51.0,"2PA":102.0,"2P%":50.0,"3PM":7.0,"3PA":26.0,"3P%":26.9230769231,"FTM":32.0,"FTA":61.0,"FT%":52.4590163934,"PTS":155.0,"OFF":20.0,"DEF":51.0,"REB":71.0,"AST":11.0,"TO":10.0,"STL":11.0,"BLK":11.0,"STK":22.0,"PF":35.0,"Fls on:":61.0,"+\/-":-41.0,"GW":4.0,"GP":12.0},"M. Vinoya":{"TEAM":"AU","MINS":336.0666666667,"FGM":54.0,"FGA":125.0,"FG%":43.2,"2PM":38.0,"2PA":74.0,"2P%":51.3513513514,"3PM":16.0,"3PA":51.0,"3P%":31.3725490196,"FTM":20.0,"FTA":37.0,"FT%":54.0540540541,"PTS":144.0,"OFF":8.0,"DEF":54.0,"REB":62.0,"AST":23.0,"TO":27.0,"STL":16.0,"BLK":2.0,"STK":18.0,"PF":30.0,"Fls on:":30.0,"+\/-":18.0,"GW":5.0,"GP":13.0},"R. Abiera":{"TEAM":"AU","MINS":152.4666666666,"FGM":23.0,"FGA":76.0,"FG%":30.2631578947,"2PM":9.0,"2PA":28.0,"2P%":32.1428571429,"3PM":14.0,"3PA":48.0,"3P%":29.1666666667,"FTM":17.0,"FTA":24.0,"FT%":70.8333333333,"PTS":77.0,"OFF":3.0,"DEF":15.0,"REB":18.0,"AST":7.0,"TO":12.0,"STL":6.0,"BLK":1.0,"STK":7.0,"PF":14.0,"Fls on:":14.0,"+\/-":-39.0,"GW":5.0,"GP":12.0},"T. Ongotan":{"TEAM":"AU","MINS":29.2333333333,"FGM":4.0,"FGA":14.0,"FG%":28.5714285714,"2PM":4.0,"2PA":9.0,"2P%":44.4444444444,"3PM":0.0,"3PA":5.0,"3P%":0.0,"FTM":3.0,"FTA":6.0,"FT%":50.0,"PTS":11.0,"OFF":3.0,"DEF":4.0,"REB":7.0,"AST":2.0,"TO":3.0,"STL":1.0,"BLK":1.0,"STK":2.0,"PF":2.0,"Fls on:":5.0,"+\/-":7.0,"GW":1.0,"GP":1.0},"T. Valencia":{"TEAM":"AU","MINS":283.1333333334,"FGM":47.0,"FGA":122.0,"FG%":38.5245901639,"2PM":41.0,"2PA":94.0,"2P%":43.6170212766,"3PM":6.0,"3PA":28.0,"3P%":21.4285714286,"FTM":23.0,"FTA":44.0,"FT%":52.2727272727,"PTS":123.0,"OFF":12.0,"DEF":34.0,"REB":46.0,"AST":22.0,"TO":18.0,"STL":13.0,"BLK":3.0,"STK":16.0,"PF":24.0,"Fls on:":35.0,"+\/-":-37.0,"GW":4.0,"GP":12.0},"W. Miller":{"TEAM":"AU","MINS":98.5000000001,"FGM":13.0,"FGA":34.0,"FG%":38.2352941176,"2PM":12.0,"2PA":29.0,"2P%":41.3793103448,"3PM":1.0,"3PA":5.0,"3P%":20.0,"FTM":2.0,"FTA":3.0,"FT%":66.6666666667,"PTS":29.0,"OFF":7.0,"DEF":12.0,"REB":19.0,"AST":4.0,"TO":6.0,"STL":5.0,"BLK":0.0,"STK":5.0,"PF":6.0,"Fls on:":8.0,"+\/-":-3.0,"GW":3.0,"GP":11.0},"X. Estacio":{"TEAM":"AU","MINS":26.5333333334,"FGM":2.0,"FGA":6.0,"FG%":33.3333333333,"2PM":2.0,"2PA":6.0,"2P%":33.3333333333,"3PM":0.0,"3PA":0.0,"3P%":0.0,"FTM":2.0,"FTA":4.0,"FT%":50.0,"PTS":6.0,"OFF":1.0,"DEF":4.0,"REB":5.0,"AST":0.0,"TO":1.0,"STL":1.0,"BLK":0.0,"STK":1.0,"PF":5.0,"Fls on:":5.0,"+\/-":-16.0,"GW":1.0,"GP":7.0},"Y. Camay":{"TEAM":"AU","MINS":10.0333333333,"FGM":0.0,"FGA":1.0,"FG%":0.0,"2PM":0.0,"2PA":1.0,"2P%":0.0,"3PM":0.0,"3PA":0.0,"3P%":0.0,"FTM":0.0,"FTA":0.0,"FT%":0.0,"PTS":0.0,"OFF":0.0,"DEF":0.0,"REB":0.0,"AST":1.0,"TO":1.0,"STL":1.0,"BLK":0.0,"STK":1.0,"PF":1.0,"Fls on:":0.0,"+\/-":0.0,"GW":1.0,"GP":1.0},"K. Flores":{"TEAM":"AU","MINS":32.5833333333,"FGM":6.0,"FGA":17.0,"FG%":35.2941176471,"2PM":5.0,"2PA":12.0,"2P%":41.6666666667,"3PM":1.0,"3PA":5.0,"3P%":20.0,"FTM":0.0,"FTA":1.0,"FT%":0.0,"PTS":13.0,"OFF":2.0,"DEF":1.0,"REB":3.0,"AST":0.0,"TO":1.0,"STL":1.0,"BLK":1.0,"STK":2.0,"PF":6.0,"Fls on:":1.0,"+\/-":-23.0,"GW":2.0,"GP":4.0},"C. Hernal":{"TEAM":"AU","MINS":183.9000000001,"FGM":20.0,"FGA":50.0,"FG%":40.0,"2PM":20.0,"2PA":46.0,"2P%":43.4782608696,"3PM":0.0,"3PA":4.0,"3P%":0.0,"FTM":21.0,"FTA":36.0,"FT%":58.3333333333,"PTS":61.0,"OFF":24.0,"DEF":32.0,"REB":56.0,"AST":15.0,"TO":9.0,"STL":12.0,"BLK":9.0,"STK":21.0,"PF":28.0,"Fls on:":26.0,"+\/-":-3.0,"GW":4.0,"GP":11.0},"J. Ongotan":{"TEAM":"AU","MINS":289.0499999999,"FGM":53.0,"FGA":140.0,"FG%":37.8571428571,"2PM":48.0,"2PA":104.0,"2P%":46.1538461538,"3PM":5.0,"3PA":36.0,"3P%":13.8888888889,"FTM":31.0,"FTA":41.0,"FT%":75.6097560976,"PTS":142.0,"OFF":29.0,"DEF":35.0,"REB":64.0,"AST":26.0,"TO":18.0,"STL":22.0,"BLK":5.0,"STK":27.0,"PF":28.0,"Fls on:":37.0,"+\/-":-5.0,"GW":4.0,"GP":12.0},"A. Borromeo":{"TEAM":"AU","MINS":6.4666666667,"FGM":1.0,"FGA":2.0,"FG%":50.0,"2PM":1.0,"2PA":2.0,"2P%":50.0,"3PM":0.0,"3PA":0.0,"3P%":0.0,"FTM":0.0,"FTA":0.0,"FT%":0.0,"PTS":2.0,"OFF":1.0,"DEF":0.0,"REB":1.0,"AST":0.0,"TO":0.0,"STL":1.0,"BLK":0.0,"STK":1.0,"PF":1.0,"Fls on:":0.0,"+\/-":-7.0,"GW":1.0,"GP":1.0},"A. De Leon":{"TEAM":"AU","MINS":27.4499999999,"FGM":2.0,"FGA":5.0,"FG%":40.0,"2PM":1.0,"2PA":2.0,"2P%":50.0,"3PM":1.0,"3PA":3.0,"3P%":33.3333333333,"FTM":3.0,"FTA":4.0,"FT%":75.0,"PTS":8.0,"OFF":1.0,"DEF":2.0,"REB":3.0,"AST":5.0,"TO":2.0,"STL":3.0,"BLK":0.0,