{"J. Ongotan":{"TEAM":"AU","SP":55.4545454545,"GP":11.0,"MPG":24.5909090909,"EWA":1.6050637891,"PER":22.746721686,"WS":0.7213837697,"OWS":0.5366595739,"DWS":0.1847241957,"EFF":12.7272727273,"GmSc":9.6090909091,"TS%":46.0405156538,"EFG%":40.671641791,"PPWS":0.9122006842,"FTR":0.3059701493,"REB%":11.3169112377,"OREB%":10.3306194018,"DREB%":12.426786629,"AR":4.2604210238,"pAST%":16.4574372511,"TOR":2.7785354503,"AST\/TO":1.5333333333,"PPR":0.1176364829,"USG%":26.348839169,"aSP":54.2222222222,"ORtg":101.0583023289,"DRtg":98.2423895683,"Floor%":48.5776360124,"Stop%":0.5730364586,"FFI":47.229698973,"PIE":8.619919607,"AV":1.9381024566},"L. Capulong":{"TEAM":"AU","SP":45.0,"GP":11.0,"MPG":23.5166666667,"EWA":1.0166562529,"PER":18.719538954,"WS":0.5732540439,"OWS":0.4056818742,"DWS":0.1675721697,"EFF":10.4545454545,"GmSc":7.4090909091,"TS%":47.9147500767,"EFG%":44.9074074074,"PPWS":0.9453582908,"FTR":0.4722222222,"REB%":10.847712579,"OREB%":4.4700093415,"DREB%":18.0245497162,"AR":1.9369727191,"pAST%":7.2791996331,"TOR":1.9369727191,"AST\/TO":1.0,"PPR":-1.2301012285,"USG%":23.1649115864,"aSP":44.0,"ORtg":100.1090119249,"DRtg":98.6084669586,"Floor%":49.8698859272,"Stop%":0.5646362336,"FFI":50.4560549848,"PIE":6.5207682001,"AV":1.672261093},"C. Hernal":{"TEAM":"AU","SP":39.0,"GP":10.0,"MPG":17.6083333333,"EWA":0.836288057,"PER":20.3662697278,"WS":0.476020804,"OWS":0.2853824387,"DWS":0.1906383653,"EFF":9.8,"GmSc":6.18,"TS%":46.0609911055,"EFG%":39.5833333333,"PPWS":0.9041309431,"FTR":0.7083333333,"REB%":16.2260834291,"OREB%":13.1337463302,"DREB%":19.7058940922,"AR":4.2683985195,"pAST%":14.174542871,"TOR":2.5610391117,"AST\/TO":1.6666666667,"PPR":0.5421410649,"USG%":17.4373778503,"aSP":38.1333333333,"ORtg":103.1619905457,"DRtg":94.0742784175,"Floor%":52.7416087287,"Stop%":0.6686803643,"FFI":53.4448228214,"PIE":4.8682447521,"AV":1.4832018621},"T. Valencia":{"TEAM":"AU","SP":43.5454545455,"GP":11.0,"MPG":23.4196969697,"EWA":0.5950495353,"PER":15.4627491726,"WS":0.2701694589,"OWS":0.147240309,"DWS":0.1229291499,"EFF":8.0,"GmSc":6.0727272727,"TS%":43.6848559166,"EFG%":41.0714285714,"PPWS":0.8639636226,"FTR":0.375,"REB%":8.71410219,"OREB%":4.1144743745,"DREB%":13.8900689125,"AR":3.6954863031,"pAST%":13.60821034,"TOR":3.1119884658,"AST\/TO":1.1875,"PPR":-1.2351944859,"USG%":24.2612207508,"aSP":42.5777777778,"ORtg":90.3850932421,"DRtg":100.3873367731,"Floor%":44.3209878777,"Stop%":0.523817251,"FFI":47.098469187,"PIE":5.4488610987,"AV":1.3681783358},"M. Vinoya":{"TEAM":"AU","SP":42.0909090909,"GP":11.0,"MPG":24.7606060606,"EWA":0.4228293624,"PER":13.9403782346,"WS":0.2753849855,"OWS":0.1132134724,"DWS":0.1621715131,"EFF":8.8181818182,"GmSc":5.7272727273,"TS%":49.9092558984,"EFG%":48.9690721649,"PPWS":0.9887640449,"FTR":0.3092783505,"REB%":9.5534481079,"OREB%":2.1227210558,"DREB%":17.9152542123,"AR":2.9434589228,"pAST%":10.520937396,"TOR":4.4151883842,"AST\/TO":0.6666666667,"PPR":-4.6732104193,"USG%":21.0235878877,"aSP":41.1555555556,"ORtg":89.5675386406,"DRtg":99.1545311123,"Floor%":41.050897484,"Stop%":0.5521059276,"FFI":48.5475512388,"PIE":6.3421170165,"AV":1.4718362872},"E. Geronimo":{"TEAM":"AU","SP":25.6363636364,"GP":11.0,"MPG":18.6227272727,"EWA":0.385991812,"PER":14.6073738932,"WS":0.2830261099,"OWS":0.345723504,"DWS":-0.062697394,"EFF":6.0909090909,"GmSc":4.6,"TS%":62.5,"EFG%":64.7058823529,"PPWS":1.2387096774,"FTR":0.2941176471,"REB%":4.7321833298,"OREB%":4.2335254448,"DREB%":5.2933236485,"AR":3.4243963064,"pAST%":12.2574889853,"TOR":3.1797965702,"AST\/TO":1.0769230769,"PPR":-1.7087007798,"USG%":14.705405596,"aSP":25.0666666667,"ORtg":108.763560175,"DRtg":108.5538338363,"Floor%":52.6548675099,"Stop%":0.3364240538,"FFI":55.3458735935,"PIE":4.6002679768,"AV":1.1151590348},"J. Camay":{"TEAM":"AU","SP":24.0,"GP":11.0,"MPG":15.1848484848,"EWA":0.1241000964,"PER":12.3133617666,"WS":0.179895144,"OWS":0.1646372125,"DWS":0.0152579315,"EFF":5.0,"GmSc":3.0818181818,"TS%":56.9568755085,"EFG%":54.6511627907,"PPWS":1.1278952669,"FTR":0.3255813953,"REB%":5.8035587015,"OREB%":3.4613358107,"DREB%":8.4392649424,"AR":4.4996637756,"pAST%":15.5588628277,"TOR":4.4996637756,"AST\/TO":1.0,"PPR":-2.8575735135,"USG%":16.3896425512,"aSP":23.4666666667,"ORtg":97.3898491512,"DRtg":104.4102179407,"Floor%":46.7054723371,"Stop%":0.4315058771,"FFI":51.3115372648,"PIE":2.7690933452,"AV":0.9617290231},"A. De Leon":{"TEAM":"AU","SP":16.1666666667,"GP":6.0,"MPG":4.575,"EWA":0.1217596191,"PER":19.7357316721,"WS":0.0803491302,"OWS":0.0580542715,"DWS":0.0222948587,"EFF":2.1666666667,"GmSc":1.5833333333,"TS%":59.1715976331,"EFG%":50.0,"PPWS":1.1594202899,"FTR":0.8,"REB%":5.5760008922,"OREB%":3.5103731527,"DREB%":7.9004542761,"AR":9.1268225782,"pAST%":28.6385245433,"TOR":3.6507290313,"AST\/TO":2.5,"PPR":4.6368916013,"USG%":13.6166423972,"aSP":15.8074074074,"ORtg":113.6901032257,"DRtg":96.8942436982,"Floor%":50.8437903701,"Stop%":0.6039717988,"FFI":56.7893923727,"PIE":0.8485931219,"AV":0.3260154782},"A. Acop":{"TEAM":"AU","SP":15.0,"GP":8.0,"MPG":5.3833333333,"EWA":0.0739992547,"PER":14.2736803881,"WS":0.0459494528,"OWS":0.0250837939,"DWS":0.0208656589,"EFF":2.0,"GmSc":1.3375,"TS%":30.487804878,"EFG%":23.0769230769,"PPWS":0.6040268456,"FTR":0.3076923077,"REB%":10.6621596007,"OREB%":11.1872766688,"DREB%":10.0712447313,"AR":8.1442056892,"pAST%":25.4272860341,"TOR":1.1634579556,"AST\/TO":7.0,"PPR":8.1275701567,"USG%":15.614325514,"aSP":14.6666666667,"ORtg":92.4411272722,"DRtg":100.3110338539,"Floor%":45.2471542178,"Stop%":0.5255681422,"FFI":40.792744691,"PIE":0.8485931219,"AV":0.380952381},"R. Abiera":{"TEAM":"AU","SP":22.6,"GP":10.0,"MPG":13.195,"EWA":0.0317809208,"PER":11.3041201266,"WS":0.0624070541,"OWS":0.0393418135,"DWS":0.0230652406,"EFF":2.8,"GmSc":2.45,"TS%":43.9453125,"EFG%":37.9032258065,"PPWS":0.8695652174,"FTR":0.3548387097,"REB%":5.7999706135,"OREB%":2.1908240176,"DREB%":9.8613476262,"AR":1.1392100634,"pAST%":3.9715168694,"TOR":3.4176301901,"AST\/TO":0.3333333333,"PPR":-5.0642973921,"USG%":26.0894407484,"aSP":22.0977777778,"ORtg":87.9206468395,"DRtg":103.540060291,"Floor%":36.9799486079,"Stop%":0.4514730212,"FFI":45.0676282237,"PIE":1.3398838767,"AV":0.5796278293},"B. Rosalin":{"TEAM":"AU","SP":24.5,"GP":2.0,"MPG":1.85,"EWA":-0.0098352941,"PER":5.4770429447,"WS":0.0042072492,"OWS":0.0061930371,"DWS":-0.0019857879,"EFF":0.5,"GmSc":0.15,"TS%":0.0,"EFG%":0.0,"PPWS":0.0,"FTR":0.0,"REB%":0.0,"OREB%":0.0,"DREB%":0.0,"AR":13.542231339,"pAST%":38.1259001949,"TOR":0.0,"AST\/TO":null,"PPR":17.2003614127,"USG%":0.0,"aSP":23.9555555556,"ORtg":215.0470219436,"DRtg":110.9585474661,"Floor%":100.0,"Stop%":0.2812440945,"FFI":25.0,"PIE":0.0,"AV":0.0476190476},"J. Libang":{"TEAM":"AU","SP":13.9,"GP":10.0,"MPG":7.2333333333,"EWA":-0.0315337143,"PER":9.9437405648,"WS":0.0251216052,"OWS":-0.0012386821,"DWS":0.0263602873,"EFF":2.1,"GmSc":1.12,"TS%":40.9516380655,"EFG%":43.4782608696,"PPWS":0.8123791103,"FTR":0.2608695652,"REB%":11.2856202389,"OREB%":9.3251364233,"DREB%":13.4917550386,"AR":2.0781396479,"pAST%":7.2680939648,"TOR":2.7708528638,"AST\/TO":0.75,"PPR":-2.6395024656,"USG%":17.4842897447,"aSP":13.5911111111,"ORtg":85.1639526112,"DRtg":101.5629324809,"Floor%":43.0333131346,"Stop%":0.4968413473,"FFI":47.4766618948,"PIE":0.5806163466,"AV":0.4671379777},"X. Estacio":{"TEAM":"AU","SP":10.0,"GP":7.0,"MPG":3.7904761905,"EWA":-0.0811569824,"PER":4.6720527163,"WS":0.0010879811,"OWS":-0.0110996936,"DWS":0.0121876746,"EFF":0.7142857143,"GmSc":0.2428571429,"TS%":38.6597938144,"EFG%":33.3333333333,"PPWS":0.7594936709,"FTR":0.6666666667,"REB%":9.6143985232,"OREB%":3.6316486071,"DREB%":16.346794212,"AR":0.0,"pAST%":0.0,"TOR":1.8884267319,"AST\/TO":0.0,"PPR":-3.5978142905,"USG%":14.0870666005,"aSP":9.7777777778,"ORtg":78.9616263044,"DRtg":100.5733883679,"Floor%":41.9314791939,"Stop%":0.5195480028,"FFI":48.5875563718,"PIE":-0.0446627959,"AV":0.1592238821},"J. Dela Cruz":{"TEAM":"AU","SP":10.8,"GP":5.0,"MPG":2.3333333333,"EWA":-0.0989888533,"PER":-6.2343652986,"WS":-0.0439225747,"OWS":-0.041381846,"DWS":-0.0025407287,