{"L. Capulong":{"TEAM":"AU","SP":51.0,"GP":12.0,"MPG":24.3791666667,"EWA":1.5862658201,"PER":21.7186303142,"WS":0.7640981568,"OWS":0.5585456757,"DWS":0.2055524811,"EFF":12.5,"GmSc":9.0583333333,"TS%":50.0516662361,"EFG%":48.046875,"PPWS":0.9874183787,"FTR":0.4765625,"REB%":12.5245944526,"OREB%":6.6239712145,"DREB%":19.248846351,"AR":1.8801968831,"pAST%":7.2750914222,"TOR":1.7092698938,"AST\/TO":1.1,"PPR":-0.8716207103,"USG%":23.8952595699,"aSP":50.0377358491,"ORtg":105.3323278042,"DRtg":97.1246508623,"Floor%":52.3260935839,"Stop%":0.5691215167,"FFI":52.2646642695,"PIE":7.5094339623,"AV":2.0410288784},"J. Ongotan":{"TEAM":"AU","SP":54.6666666667,"GP":12.0,"MPG":24.0875,"EWA":1.4997145364,"PER":21.2487362679,"WS":0.6125452072,"OWS":0.3891141657,"DWS":0.2234310415,"EFF":12.0,"GmSc":8.875,"TS%":44.9253353581,"EFG%":39.6428571429,"PPWS":0.8904216962,"FTR":0.2928571429,"REB%":11.4264790124,"OREB%":9.7210587416,"DREB%":13.3699475293,"AR":4.4979137149,"pAST%":16.916288311,"TOR":3.1139402641,"AST\/TO":1.4444444444,"PPR":-0.2205437111,"USG%":25.8278131176,"aSP":53.6352201258,"ORtg":97.88561254,"DRtg":96.2864378718,"Floor%":47.0419695568,"Stop%":0.5884330384,"FFI":46.4157266823,"PIE":7.4716981132,"AV":1.9794866372},"C. Hernal":{"TEAM":"AU","SP":37.3636363636,"GP":11.0,"MPG":16.7181818182,"EWA":0.8237659566,"PER":19.8236409615,"WS":0.4436382697,"OWS":0.2594597778,"DWS":0.1841784919,"EFF":9.0,"GmSc":5.7272727273,"TS%":46.3244228433,"EFG%":40.0,"PPWS":0.9090909091,"FTR":0.72,"REB%":15.7149036906,"OREB%":12.6449773494,"DREB%":19.2133405836,"AR":4.0786860311,"pAST%":13.4522091235,"TOR":2.4472116187,"AST\/TO":1.6666666667,"PPR":0.5199686762,"USG%":17.25843053,"aSP":36.6586620926,"ORtg":103.5010426051,"DRtg":93.563934502,"Floor%":52.9968675002,"Stop%":0.6511565747,"FFI":53.7171925652,"PIE":4.1132075472,"AV":1.4945384796},"M. Vinoya":{"TEAM":"AU","SP":47.6923076923,"GP":13.0,"MPG":25.8512820513,"EWA":0.7665037828,"PER":15.4044255209,"WS":0.4615560455,"OWS":0.2535255476,"DWS":0.2080304979,"EFF":10.1538461538,"GmSc":6.7384615385,"TS%":50.9626274066,"EFG%":49.6,"PPWS":1.0099947396,"FTR":0.296,"REB%":9.5207613055,"OREB%":2.3064980505,"DREB%":17.7420154731,"AR":3.42226112,"pAST%":12.3443954689,"TOR":4.0174369669,"AST\/TO":0.8518518519,"PPR":-3.3195580085,"USG%":21.2351979674,"aSP":46.7924528302,"ORtg":94.1283226747,"DRtg":98.1206791841,"Floor%":43.2508615445,"Stop%":0.5461741002,"FFI":48.7369403684,"PIE":7.320754717,"AV":1.8544330283},"T. Valencia":{"TEAM":"AU","SP":43.8333333333,"GP":12.0,"MPG":23.5944444445,"EWA":0.5163252872,"PER":14.4854597151,"WS":0.2564571888,"OWS":0.1230885662,"DWS":0.1333686226,"EFF":7.75,"GmSc":5.7916666667,"TS%":43.505942275,"EFG%":40.9836065574,"PPWS":0.8607417775,"FTR":0.3606557377,"REB%":8.384405144,"OREB%":4.1065658133,"DREB%":13.2593595479,"AR":3.885459841,"pAST%":14.1509090482,"TOR":3.1790125972,"AST\/TO":1.2222222222,"PPR":-1.1257621797,"USG%":23.869183778,"aSP":43.0062893082,"ORtg":89.9049491433,"DRtg":99.8834632175,"Floor%":44.1785721474,"Stop%":0.5055614605,"FFI":46.8298387019,"PIE":4.641509434,"AV":1.4260768066},"E. Geronimo":{"TEAM":"AU","SP":27.9230769231,"GP":13.0,"MPG":18.5974358974,"EWA":0.3357831682,"PER":13.611634502,"WS":0.2491338989,"OWS":0.2583573358,"DWS":-0.0092234369,"EFF":6.0,"GmSc":4.3230769231,"TS%":61.6726835138,"EFG%":62.7118644068,"PPWS":1.2225121133,"FTR":0.2881355932,"REB%":4.9094951946,"OREB%":4.0076715403,"DREB%":5.9371984007,"AR":3.9297771574,"pAST%":13.7795015205,"TOR":4.1366075341,"AST\/TO":0.95,"PPR":-2.9004401903,"USG%":15.1694036326,"aSP":27.3962264151,"ORtg":101.663299672,"DRtg":105.9495571529,"Floor%":49.3727450955,"Stop%":0.3658052099,"FFI":54.1741620855,"PIE":4.4150943396,"AV":1.24983205},"A. De Leon":{"TEAM":"AU","SP":11.1666666667,"GP":6.0,"MPG":4.575,"EWA":0.1211003826,"PER":19.6874597069,"WS":0.0734851116,"OWS":0.0504687757,"DWS":0.0230163359,"EFF":2.1666666667,"GmSc":1.5833333333,"TS%":59.1715976331,"EFG%":50.0,"PPWS":1.1594202899,"FTR":0.8,"REB%":5.6400678937,"OREB%":3.5297682674,"DREB%":8.0449301761,"AR":9.1083225395,"pAST%":28.361811089,"TOR":3.6433290158,"AST\/TO":2.5,"PPR":4.6446746593,"USG%":13.5335273991,"aSP":10.9559748428,"ORtg":113.7795215793,"DRtg":95.5061524468,"Floor%":50.8770068712,"Stop%":0.6064099716,"FFI":56.7951213995,"PIE":0.7169811321,"AV":0.3260154782},"R. Abiera":{"TEAM":"AU","SP":25.5833333333,"GP":12.0,"MPG":12.7055555555,"EWA":0.0967135738,"PER":12.0949952991,"WS":0.0942128311,"OWS":0.045086994,"DWS":0.0491258371,"EFF":3.0833333333,"GmSc":2.5666666667,"TS%":44.477818854,"EFG%":39.4736842105,"PPWS":0.881006865,"FTR":0.3157894737,"REB%":6.0926050421,"OREB%":1.9064915839,"DREB%":10.8630301705,"AR":2.295799094,"pAST%":8.1368809062,"TOR":3.9356555896,"AST\/TO":0.5833333333,"PPR":-4.5992332096,"USG%":27.4141660122,"aSP":25.1006289308,"ORtg":88.2093908771,"DRtg":101.6565871691,"Floor%":36.9744353961,"Stop%":0.4647106003,"FFI":44.9237002088,"PIE":1.5849056604,"AV":0.7143844592},"J. Camay":{"TEAM":"AU","SP":24.25,"GP":12.0,"MPG":14.9736111111,"EWA":0.0888964773,"PER":11.8144267844,"WS":0.1858630254,"OWS":0.1560826333,"DWS":0.0297803921,"EFF":4.75,"GmSc":2.95,"TS%":55.5144337528,"EFG%":52.1276595745,"PPWS":1.0989010989,"FTR":0.3404255319,"REB%":5.4569657915,"OREB%":3.2354299247,"DREB%":7.9885910398,"AR":4.4526948439,"pAST%":15.1672375744,"TOR":4.1744014162,"AST\/TO":1.0666666667,"PPR":-2.3060738598,"USG%":16.2945449333,"aSP":23.7924528302,"ORtg":97.7543409923,"DRtg":103.5206156834,"Floor%":46.8027046665,"Stop%":0.4217653972,"FFI":50.5609324394,"PIE":2.3396226415,"AV":0.9878405441},"A. Acop":{"TEAM":"AU","SP":11.25,"GP":8.0,"MPG":5.3833333333,"EWA":0.0724832484,"PER":14.2029256021,"WS":0.0462079104,"OWS":0.0225028911,"DWS":0.0237050194,"EFF":2.0,"GmSc":1.3375,"TS%":30.487804878,"EFG%":23.0769230769,"PPWS":0.6040268456,"FTR":0.3076923077,"REB%":10.7846654267,"OREB%":11.2490873382,"DREB%":10.2554179567,"AR":8.1276974116,"pAST%":25.1828186656,"TOR":1.1610996302,"AST\/TO":7.0,"PPR":8.1412123454,"USG%":15.519016803,"aSP":11.0377358491,"ORtg":92.7838200678,"DRtg":98.9377914836,"Floor%":45.3706970211,"Stop%":0.5273487156,"FFI":40.8056964062,"PIE":0.7169811321,"AV":0.380952381},"B. Valencia":{"TEAM":"AU","SP":73.0,"GP":1.0,"MPG":34.6,"EWA":0.050017574,"PER":13.7256451959,"WS":0.0345979356,"OWS":0.0115406826,"DWS":0.023057253,"EFF":10.0,"GmSc":8.3,"TS%":39.6825396825,"EFG%":35.7142857143,"PPWS":0.7748184019,"FTR":1.0,"REB%":5.9660833788,"OREB%":2.8003508364,"DREB%":9.573699422,"AR":8.6713336546,"pAST%":26.3825974414,"TOR":2.8904445515,"AST\/TO":3.0,"PPR":5.5272970837,"USG%":14.8060797615,"aSP":71.6226415094,"ORtg":90.3426018826,"DRtg":97.5562482808,"Floor%":43.5706821437,"Stop%":0.5591779784,"FFI":54.1231733151,"PIE":0.5660377358,"AV":0.2677815834},"A. Borromeo":{"TEAM":"AU","SP":25.0,"GP":1.0,"MPG":6.4666666667,"EWA":0.0324514641,"PER":20.90671797,"WS":0.0186479457,"OWS":0.0121984047,"DWS":0.0064495409,"EFF":3.0,"GmSc":2.3,"TS%":50.0,"EFG%":50.0,"PPWS":1.0,"FTR":0.0,"REB%":7.9804053443,"OREB%":14.9833204545,"DREB%":0.0,"AR":0.0,"pAST%":0.0,"TOR":0.0,"AST\/TO":null,"PPR":0.0,"USG%":13.1159203185,"aSP":24.5283018868,"ORtg":119.6528646357,"DRtg":93.6135248406,"Floor%":59.3659438163,"Stop%":0.6500140669,"FFI":47.9966640909,"PIE":0.1132075472,"AV":0.1085479551},"J. Hernal":{"TEAM":"AU","SP":53.0,"GP":1.0,"MPG":19.45,"EWA":0.0212759662,"PER":13.0186988207,"WS":-0.00064829,"OWS":-0.0218184583,"DWS":0.0211701683,"EFF":7.0,"GmSc":4.4,"TS%":28.5388127854,"EFG%":14.2857142857,"PPWS":0.5617977528,"FTR":0.5714285714,"REB%":15.9197803271,"OREB%":19.926403895,"DREB%":11.353898886,"AR":5.1418705133,"pAST%":15.4935650547,"TOR":5.1418705133,"AST\/TO":1.0,"PPR":-3.2775403444,"USG%":23.4607512509,"aSP":52.0,"ORtg":74.9581576574,"DRtg":92.5283748015,"Floor%":36.8450904478,"Stop%":0.6750147515,"FFI":41.9855274364,"PIE":0.1132075472,"AV":0.2049293843},"G. Borromeo":{"TEAM":"AU","SP":30.1666666667,"GP":12.0,"MPG":18.3902777778,"EWA":0.0074249293,"PER":10.8876268007,"WS":0.1963710662,"OWS":0.060213167,