{"L. Capulong":{"TEAM":"AU","SP":51.0,"GP":12.0,"MPG":24.3791666667,"EWA":1.589500123,"PER":21.7408519818,"WS":1.1317920318,"OWS":0.8427841531,"DWS":0.2890078787,"EFF":12.5,"GmSc":9.0583333333,"TS%":50.0516662361,"EFG%":48.046875,"PPWS":1.0010333247,"FTR":0.4765625,"REB%":12.4851378425,"OREB%":6.5382043338,"DREB%":19.4077401299,"AR":1.8762454607,"pAST%":7.3149134402,"TOR":1.7056776916,"AST\/TO":1.1,"PPR":-0.8735189363,"USG%":23.8619101244,"aSP":50.1052631579,"ORtg":104.9983233642,"DRtg":97.707578649,"Floor%":52.1614759856,"Stop%":0.5691091191,"FFI":52.2484089439,"PIE":6.8549776094,"AV":2.0410288784},"J. Ongotan":{"TEAM":"AU","SP":54.6666666667,"GP":12.0,"MPG":24.0875,"EWA":1.5034106174,"PER":21.2744381285,"WS":0.9048541352,"OWS":0.5864807776,"DWS":0.3183733576,"EFF":12.0,"GmSc":8.875,"TS%":44.9253353581,"EFG%":39.6428571429,"PPWS":0.8985067072,"FTR":0.2928571429,"REB%":11.3904818286,"OREB%":9.5951909112,"DREB%":13.4803126622,"AR":4.4884608979,"pAST%":17.0062757977,"TOR":3.1073960062,"AST\/TO":1.4444444444,"PPR":-0.2210240138,"USG%":25.7917665016,"aSP":53.7076023392,"ORtg":97.6204702746,"DRtg":96.8250087236,"Floor%":46.900100458,"Stop%":0.5893603622,"FFI":46.3921891807,"PIE":6.8205304857,"AV":1.9794866372},"C. Hernal":{"TEAM":"AU","SP":37.3636363636,"GP":11.0,"MPG":16.7181818182,"EWA":0.8285445583,"PER":19.8758703757,"WS":0.6615549553,"OWS":0.3952169763,"DWS":0.266337979,"EFF":9.0,"GmSc":5.7272727273,"TS%":46.3244228433,"EFG%":40.0,"PPWS":0.9264884569,"FTR":0.72,"REB%":15.6653965524,"OREB%":12.4812507527,"DREB%":19.3719412724,"AR":4.0701142632,"pAST%":13.5149233206,"TOR":2.4420685579,"AST\/TO":1.6666666667,"PPR":0.5211010702,"USG%":17.2343437823,"aSP":36.7081339713,"ORtg":103.3426467758,"DRtg":94.1293954096,"Floor%":52.8932643486,"Stop%":0.6512132749,"FFI":53.6857330111,"PIE":3.7547364795,"AV":1.4945384796},"M. Vinoya":{"TEAM":"AU","SP":46.6428571429,"GP":14.0,"MPG":25.5678571429,"EWA":0.7694213143,"PER":15.1405387392,"WS":0.6860924147,"OWS":0.3829664654,"DWS":0.3031259493,"EFF":9.8571428571,"GmSc":6.5428571429,"TS%":50.2778512834,"EFG%":48.8805970149,"PPWS":1.0055570257,"FTR":0.2910447761,"REB%":9.3417036343,"OREB%":2.1374512394,"DREB%":17.7279036877,"AR":3.4850957443,"pAST%":12.6287579417,"TOR":3.9033072336,"AST\/TO":0.8928571429,"PPR":-3.0341635715,"USG%":21.1963649898,"aSP":45.8245614035,"ORtg":93.4274087623,"DRtg":98.8038705204,"Floor%":42.8888473692,"Stop%":0.5439538622,"FFI":48.3695738872,"PIE":6.9583189804,"AV":1.9172997695},"T. Valencia":{"TEAM":"AU","SP":43.8333333333,"GP":12.0,"MPG":23.5944444445,"EWA":0.5154941172,"PER":14.4795591318,"WS":0.3610136922,"OWS":0.1807369197,"DWS":0.1802767725,"EFF":7.75,"GmSc":5.7916666667,"TS%":43.505942275,"EFG%":40.9836065574,"PPWS":0.8701188455,"FTR":0.3606557377,"REB%":8.3579914979,"OREB%":4.0533941843,"DREB%":13.3688118083,"AR":3.8772941573,"pAST%":14.2237937376,"TOR":3.1723315832,"AST\/TO":1.2222222222,"PPR":-1.128213878,"USG%":23.8358707252,"aSP":43.0643274854,"ORtg":89.6402961968,"DRtg":100.436947077,"Floor%":44.0417002771,"Stop%":0.5064816695,"FFI":46.8208746296,"PIE":4.2369962108,"AV":1.4260768066},"E. Geronimo":{"TEAM":"AU","SP":28.1428571429,"GP":14.0,"MPG":18.8571428571,"EWA":0.2769366767,"PER":12.9284951521,"WS":0.329473661,"OWS":0.3492826722,"DWS":-0.0198090112,"EFF":5.7857142857,"GmSc":4.1642857143,"TS%":57.5880758808,"EFG%":58.4615384615,"PPWS":1.1517615176,"FTR":0.3076923077,"REB%":5.0664588119,"OREB%":3.6226357535,"DREB%":6.7471590909,"AR":4.3473137119,"pAST%":15.127388535,"TOR":3.9692864326,"AST\/TO":1.0952380952,"PPR":-2.0569675197,"USG%":15.2071248909,"aSP":27.649122807,"ORtg":98.3963669446,"DRtg":105.9688267795,"Floor%":47.9483912502,"Stop%":0.3795484517,"FFI":52.7322055426,"PIE":4.2369962108,"AV":1.2857142857},"B. Valencia":{"TEAM":"AU","SP":57.0,"GP":2.0,"MPG":27.525,"EWA":0.1490846287,"PER":16.2634169613,"WS":0.1136730648,"OWS":0.0665214707,"DWS":0.0471515941,"EFF":10.5,"GmSc":7.85,"TS%":40.4228855721,"EFG%":38.4615384615,"PPWS":0.8084577114,"FTR":0.5384615385,"REB%":9.3449669975,"OREB%":6.9491432438,"DREB%":12.1338555858,"AR":9.0644143264,"pAST%":28.4001733905,"TOR":2.7193242979,"AST\/TO":3.3333333333,"PPR":6.3828964869,"USG%":14.6778940761,"aSP":56.0,"ORtg":96.7084161727,"DRtg":98.7286028471,"Floor%":44.5142081302,"Stop%":0.5456809367,"FFI":49.1715360358,"PIE":1.1712022046,"AV":0.4671379777},"C. Libang":{"TEAM":"AU","SP":23.5,"GP":2.0,"MPG":6.5666666666,"EWA":0.1302732515,"PER":30.7577590461,"WS":0.0773627767,"OWS":0.0448870762,"DWS":0.0324757005,"EFF":4.0,"GmSc":3.45,"TS%":46.5838509317,"EFG%":50.0,"PPWS":0.9316770186,"FTR":0.1666666667,"REB%":7.8341182723,"OREB%":14.56409907,"DREB%":0.0,"AR":3.799461995,"pAST%":15.7365824929,"TOR":0.0,"AST\/TO":null,"PPR":4.8644917158,"USG%":20.7660359945,"aSP":23.0877192982,"ORtg":110.8570933275,"DRtg":86.1668586082,"Floor%":54.8352916399,"Stop%":0.8339197821,"FFI":50.412819814,"PIE":0.3444712367,"AV":0.226515641},"A. De Leon":{"TEAM":"AU","SP":11.1666666667,"GP":6.0,"MPG":4.575,"EWA":0.1219866746,"PER":19.7523575953,"WS":0.1101584755,"OWS":0.0770373042,"DWS":0.0331211713,"EFF":2.1666666667,"GmSc":1.5833333333,"TS%":59.1715976331,"EFG%":50.0,"PPWS":1.1834319527,"FTR":0.8,"REB%":5.6222998166,"OREB%":3.484064987,"DREB%":8.1113387978,"AR":9.0891804858,"pAST%":28.4866112928,"TOR":3.6356721943,"AST\/TO":2.5,"PPR":4.6547898872,"USG%":13.5146393165,"aSP":10.9707602339,"ORtg":113.6443982084,"DRtg":96.0077437555,"Floor%":50.783851708,"Stop%":0.608113133,"FFI":56.7878949488,"PIE":0.6544953496,"AV":0.3260154782},"R. Abiera":{"TEAM":"AU","SP":26.3846153846,"GP":13.0,"MPG":13.4769230769,"EWA":0.0997369906,"PER":11.9642428712,"WS":0.1346135179,"OWS":0.0892953356,"DWS":0.0453181823,"EFF":3.0,"GmSc":2.7307692308,"TS%":42.6852929763,"EFG%":36.5168539326,"PPWS":0.8537058595,"FTR":0.3595505618,"REB%":5.5789773008,"OREB%":2.1835064816,"DREB%":9.5315175514,"AR":2.8481507344,"pAST%":10.0208856353,"TOR":3.4177808813,"AST\/TO":0.8333333333,"PPR":-2.9172142101,"USG%":27.8168823434,"aSP":25.9217273954,"ORtg":88.4110473168,"DRtg":103.375255973,"Floor%":37.5313201173,"Stop%":0.4390599208,"FFI":44.582256076,"PIE":1.5501205649,"AV":0.7431545832},"J. Hernal":{"TEAM":"AU","SP":34.5,"GP":2.0,"MPG":15.5,"EWA":0.0905468294,"PER":16.6909395831,"WS":0.0429928813,"OWS":0.0207837301,"DWS":0.0222091512,"EFF":5.0,"GmSc":4.45,"TS%":37.3134328358,"EFG%":33.3333333333,"PPWS":0.7462686567,"FTR":1.1111111111,"REB%":14.9353674159,"OREB%":21.5955834596,"DREB%":7.1824596774,"AR":3.2193290882,"pAST%":10.4817947775,"TOR":3.2193290882,"AST\/TO":1.0,"PPR":-2.0608706839,"USG%":21.0378681627,"aSP":33.8947368421,"ORtg":89.8266099718,"DRtg":99.8174751598,"Floor%":47.8390085626,"Stop%":0.5206959273,"FFI":58.5142844199,"PIE":0.206682742,"AV":0.2677815834},"J. Camay":{"TEAM":"AU","SP":24.25,"GP":12.0,"MPG":14.9736111111,"EWA":0.0890689434,"PER":11.8163560499,"WS":0.2668009804,"OWS":0.2359340257,"DWS":0.0308669547,"EFF":4.75,"GmSc":2.95,"TS%":55.5144337528,"EFG%":52.1276595745,"PPWS":1.1102886751,"FTR":0.3404255319,"REB%":5.4397745465,"OREB%":3.1935377239,"DREB%":8.0545345979,"AR":4.4433370589,"pAST%":15.2402766645,"TOR":4.1656284927,"AST\/TO":1.0666666667,"PPR":-2.3110960549,"USG%":16.2718034336,"aSP":23.8245614035,"ORtg":97.5308427517,"DRtg":104.0505033842,"Floor%":46.6790497064,"Stop%":0.4235658516,"FFI":50.5547472301,"PIE":2.1357216672,"AV":0.9878405441},"T. Ongotan":{"TEAM":"AU","SP":51.0,"GP":2.0,"MPG":27.075,"EWA":0.0807852064,"PER":13.8186752512,"WS":0.0113608728,"OWS":-0.039742745,"DWS":0.0511036178,"EFF":9.0,"GmSc":6.35,"TS%":41.144200627,"EFG%":40.9090909091,"PPWS":0.8228840125,"FTR":0.3636363636,"REB%":13.300399012,"OREB%":10.5969622042,"DREB%":16.4473684211,"AR":1.8430138824,"pAST%":6.7636117687,"TOR":4.6075347061,"AST\/TO":0.4,"PPR":-6.4889834091,"USG%":23.8687002507,"aSP":50.1052631579,"ORtg":80.6431715111,"DRtg":98.0507237186,"Floor%":41.5943225263,"Stop%":0.5612353926,"FFI":47.7856905825,"PIE":0.7922838443,"AV":0.4161358043},"A. Acop":{"TEAM":"AU","SP":11.25,"GP":8.0,"MPG":5.3833333333,