{"L. Capulong":{"TEAM":"AU","SP":51.0,"GP":12.0,"MPG":24.3791666667,"EWA":1.5546345975,"PER":21.5013041903,"WS":0.7572449519,"OWS":0.5735939472,"DWS":0.1836510048,"EFF":12.5,"GmSc":9.0583333333,"TS%":50.0516662361,"EFG%":48.046875,"PPWS":0.9874183787,"FTR":0.4765625,"REB%":12.4784724829,"OREB%":6.6333756944,"DREB%":19.0672534609,"AR":1.869884178,"pAST%":7.1175975005,"TOR":1.6998947073,"AST\/TO":1.1,"PPR":-0.8632545542,"USG%":23.8588858012,"aSP":49.9591836735,"ORtg":105.3616891338,"DRtg":98.3466688391,"Floor%":52.3476820593,"Stop%":0.5684829189,"FFI":52.2688889621,"PIE":7.9062375844,"AV":2.0410288784},"J. Ongotan":{"TEAM":"AU","SP":54.6666666667,"GP":12.0,"MPG":24.0875,"EWA":1.4685633327,"PER":21.0321165844,"WS":0.6001713326,"OWS":0.3977603223,"DWS":0.2024110103,"EFF":12.0,"GmSc":8.875,"TS%":44.9253353581,"EFG%":39.6428571429,"PPWS":0.8904216962,"FTR":0.2928571429,"REB%":11.384400866,"OREB%":9.7348603568,"DREB%":13.2438159488,"AR":4.4732430764,"pAST%":16.5601220822,"TOR":3.0968605913,"AST\/TO":1.4444444444,"PPR":-0.2184268464,"USG%":25.7884975832,"aSP":53.5510204082,"ORtg":97.8790557989,"DRtg":97.5086359968,"Floor%":47.0679140071,"Stop%":0.5877408556,"FFI":46.4227569235,"PIE":7.8665077473,"AV":1.9794866372},"C. Hernal":{"TEAM":"AU","SP":37.3636363636,"GP":11.0,"MPG":16.7181818182,"EWA":0.8037646718,"PER":19.6050298548,"WS":0.4386082434,"OWS":0.2665665457,"DWS":0.1720416977,"EFF":9.0,"GmSc":5.7272727273,"TS%":46.3244228433,"EFG%":40.0,"PPWS":0.9090909091,"FTR":0.72,"REB%":15.6570333688,"OREB%":12.6629302408,"DREB%":19.0320826536,"AR":4.0563148175,"pAST%":13.2031816973,"TOR":2.4337888905,"AST\/TO":1.6666666667,"PPR":0.5149778137,"USG%":17.2321594548,"aSP":36.6011131725,"ORtg":103.5430518132,"DRtg":94.7894443787,"Floor%":53.050093605,"Stop%":0.650227691,"FFI":53.7241388255,"PIE":4.3305522447,"AV":1.4945384796},"T. Valencia":{"TEAM":"AU","SP":43.8333333333,"GP":12.0,"MPG":23.5944444445,"EWA":0.4974070673,"PER":14.3511568349,"WS":0.2338075762,"OWS":0.1233718316,"DWS":0.1104357446,"EFF":7.75,"GmSc":5.7916666667,"TS%":43.505942275,"EFG%":40.9836065574,"PPWS":0.8607417775,"FTR":0.3606557377,"REB%":8.3535294712,"OREB%":4.1123961702,"DREB%":13.1342712503,"AR":3.8641484551,"pAST%":13.8621941873,"TOR":3.1615760087,"AST\/TO":1.2222222222,"PPR":-1.1149566746,"USG%":23.8328497023,"aSP":42.9387755102,"ORtg":89.8762966428,"DRtg":101.0942496931,"Floor%":44.1801018048,"Stop%":0.5053437009,"FFI":46.8353639204,"PIE":4.8867699642,"AV":1.4260768066},"M. Vinoya":{"TEAM":"AU","SP":45.5,"GP":12.0,"MPG":25.3916666667,"EWA":0.490788743,"PER":14.0575627613,"WS":0.3068904847,"OWS":0.1261225143,"DWS":0.1807679703,"EFF":9.4166666667,"GmSc":6.0916666667,"TS%":49.2689129053,"EFG%":47.7272727273,"PPWS":0.9756097561,"FTR":0.3272727273,"REB%":9.7872057596,"OREB%":1.9106603801,"DREB%":18.6659008861,"AR":3.4274329272,"pAST%":11.9744173381,"TOR":4.243488386,"AST\/TO":0.8076923077,"PPR":-3.7297441394,"USG%":21.1009202413,"aSP":44.5714285714,"ORtg":90.1826716495,"DRtg":98.7453673556,"Floor%":41.8723634594,"Stop%":0.5593208545,"FFI":48.3212599795,"PIE":6.5951529599,"AV":1.6504012271},"E. Geronimo":{"TEAM":"AU","SP":26.0833333333,"GP":12.0,"MPG":18.4097222222,"EWA":0.2664596661,"PER":13.244370859,"WS":0.2069959792,"OWS":0.2612947715,"DWS":-0.0542987923,"EFF":5.6666666667,"GmSc":4.1916666667,"TS%":61.6883116883,"EFG%":63.6363636364,"PPWS":1.2233400402,"FTR":0.2727272727,"REB%":4.4220973455,"OREB%":3.952926413,"DREB%":4.9509619012,"AR":3.8268599061,"pAST%":13.3330487811,"TOR":3.8268599061,"AST\/TO":1.0,"PPR":-2.4292344609,"USG%":15.0654365048,"aSP":25.5510204082,"ORtg":103.1865459608,"DRtg":108.4435736543,"Floor%":50.0030848278,"Stop%":0.3364567445,"FFI":54.3793248515,"PIE":4.0921732221,"AV":1.1276190125},"A. De Leon":{"TEAM":"AU","SP":11.1666666667,"GP":6.0,"MPG":4.575,"EWA":0.1179567394,"PER":19.4572694407,"WS":0.0726585841,"OWS":0.0515581503,"DWS":0.0211004338,"EFF":2.1666666667,"GmSc":1.5833333333,"TS%":59.1715976331,"EFG%":50.0,"PPWS":1.1594202899,"FTR":0.8,"REB%":5.6192982758,"OREB%":3.5347797075,"DREB%":7.9690346084,"AR":9.0583642373,"pAST%":27.8656081528,"TOR":3.6233456949,"AST\/TO":2.5,"PPR":4.6000932576,"USG%":13.5129264345,"aSP":10.9387755102,"ORtg":113.6800753347,"DRtg":96.7177669901,"Floor%":50.8971049008,"Stop%":0.6059149707,"FFI":56.8011195178,"PIE":0.754866905,"AV":0.3260154782},"J. Camay":{"TEAM":"AU","SP":24.25,"GP":12.0,"MPG":14.9736111111,"EWA":0.0789362556,"PER":11.7030082949,"WS":0.1734470386,"OWS":0.1592599758,"DWS":0.0141870629,"EFF":4.75,"GmSc":2.95,"TS%":55.5144337528,"EFG%":52.1276595745,"PPWS":1.0989010989,"FTR":0.3404255319,"REB%":5.4368704494,"OREB%":3.2400234736,"DREB%":7.9132269734,"AR":4.4282722267,"pAST%":14.8774319731,"TOR":4.1515052125,"AST\/TO":1.0666666667,"PPR":-2.2839392621,"USG%":16.2697411011,"aSP":23.7551020408,"ORtg":97.7440092868,"DRtg":104.6900141073,"Floor%":46.8269752671,"Stop%":0.4227132833,"FFI":50.5675752001,"PIE":2.4632499007,"AV":0.9878405441},"A. Acop":{"TEAM":"AU","SP":11.25,"GP":8.0,"MPG":5.3833333333,"EWA":0.0690362031,"PER":14.0420457035,"WS":0.0431209904,"OWS":0.0227847739,"DWS":0.0203362165,"EFF":2.0,"GmSc":1.3375,"TS%":30.487804878,"EFG%":23.0769230769,"PPWS":0.6040268456,"FTR":0.3076923077,"REB%":10.7449507665,"OREB%":11.2650583944,"DREB%":10.1586687307,"AR":8.083117747,"pAST%":24.7443802122,"TOR":1.1547311067,"AST\/TO":7.0,"PPR":8.0630698091,"USG%":15.4953934928,"aSP":11.0204081633,"ORtg":92.7404803306,"DRtg":100.1446653906,"Floor%":45.4145862689,"Stop%":0.5271650825,"FFI":40.8104827484,"PIE":0.754866905,"AV":0.380952381},"R. Abiera":{"TEAM":"AU","SP":24.3636363636,"GP":11.0,"MPG":12.9818181818,"EWA":0.0081949718,"PER":10.9353493927,"WS":0.0460949387,"OWS":0.018230261,"DWS":0.0278646777,"EFF":2.9090909091,"GmSc":2.4,"TS%":42.5775292323,"EFG%":36.9565217391,"PPWS":0.8432976715,"FTR":0.3188405797,"REB%":6.1210213361,"OREB%":2.038439138,"DREB%":10.7230392157,"AR":2.4377656697,"pAST%":8.3583515284,"TOR":3.4825223853,"AST\/TO":0.7,"PPR":-3.5370464964,"USG%":26.2957239585,"aSP":23.866419295,"ORtg":86.7525747392,"DRtg":103.3472066832,"Floor%":36.9660378412,"Stop%":0.453570905,"FFI":44.1022746226,"PIE":1.4302741359,"AV":0.6406829831},"G. Borromeo":{"TEAM":"AU","SP":30.1666666667,"GP":12.0,"MPG":18.3902777778,"EWA":-0.0053669437,"PER":10.7711174824,"WS":0.1800718203,"OWS":0.0609179278,"DWS":0.1191538925,"EFF":6.1666666667,"GmSc":3.3666666667,"TS%":38.3556254917,"EFG%":39.1304347826,"PPWS":0.7613469985,"FTR":0.2391304348,"REB%":9.7854980472,"OREB%":5.2761412385,"DREB%":14.8685899857,"AR":5.4083380646,"pAST%":16.8618428159,"TOR":1.8027793549,"AST\/TO":3.0,"PPR":3.4331335678,"USG%":11.2899179044,"aSP":29.5510204082,"ORtg":90.740054796,"DRtg":99.3618269167,"Floor%":45.4919913796,"Stop%":0.5451546564,"FFI":44.8436638438,"PIE":3.4962256655,"AV":1.2014466618},"W. Miller":{"TEAM":"AU","SP":15.5454545455,"GP":11.0,"MPG":8.9545454546,"EWA":-0.0076845188,"PER":10.6631890082,"WS":0.0257700599,"OWS":-0.0128520353,"DWS":0.0386220952,"EFF":2.6363636364,"GmSc":1.6272727273,"TS%":41.0532276331,"EFG%":39.7058823529,"PPWS":0.8186309104,"FTR":0.0882352941,"REB%":9.917918835,"OREB%":6.8955118862,"DREB%":13.3248730964,"AR":2.0195094279,"pAST%":6.8302202397,"TOR":3.0292641419,"AST\/TO":0.6666666667,"PPR":-3.2048873076,"USG%":17.7628127407,"aSP":15.2282003711,"ORtg":83.8456218536,"DRtg":101.0705091669,"Floor%":40.6043689588,"Stop%":0.5058892565,"FFI":42.8276686947,"PIE":1.5494636472,"AV":0.5950852745},"B. Rosalin":{"TEAM":"AU","SP":12.0,"GP":3.0,"MPG":1.7444444444,"EWA":-0.0098948146,"PER":7.0196348988,"WS":0.0068461569,"OWS":0.0055913954,"DWS":0.0012547614,"EFF":0.6666666667,"GmSc":0.2,"TS%":0.0,"EFG%":0.0,"PPWS":0.0,"FTR":0.0,"REB%":9.8248240555,"OREB%":0.0,"DREB%":20.8996815288,"AR":9.502627961,"pAST%":26.3007228228,"TOR":0.0,"AST\/TO":null,"PPR":12.0642573173,"USG%":0.0,"aSP":11.7551020408,"ORtg":214.606741573,"DRtg":102.8313215321,"Floor%":100.0,"Stop%":0.4654259101,"FFI":25.0,"PIE":0.0794596742,"AV":0.0800853729},"J. Libang":{"TEAM":"AU","SP":14.8181818182,