{"A. Acop":{"TEAM":"AU","MINS":45.4499999999,"FGM":3.0,"FGA":13.0,"FG%":23.0769230769,"2PM":3.0,"2PA":10.0,"2P%":30.0,"3PM":0.0,"3PA":3.0,"3P%":0.0,"FTM":3.0,"FTA":4.0,"FT%":75.0,"PTS":9.0,"OFF":5.0,"DEF":4.0,"REB":9.0,"AST":8.0,"TO":1.0,"STL":3.0,"BLK":0.0,"STK":3.0,"PF":4.0,"Fls on:":5.0,"+\/-":9.0,"GW":1.0,"GP":9.0},"D. Miller":{"TEAM":"AU","MINS":32.4333333333,"FGM":1.0,"FGA":6.0,"FG%":16.6666666667,"2PM":0.0,"2PA":2.0,"2P%":0.0,"3PM":1.0,"3PA":4.0,"3P%":25.0,"FTM":7.0,"FTA":10.0,"FT%":70.0,"PTS":10.0,"OFF":2.0,"DEF":4.0,"REB":6.0,"AST":0.0,"TO":0.0,"STL":0.0,"BLK":0.0,"STK":0.0,"PF":1.0,"Fls on:":6.0,"+\/-":-22.0,"GW":3.0,"GP":6.0},"E. Geronimo":{"TEAM":"AU","MINS":375.0333333334,"FGM":51.0,"FGA":100.0,"FG%":51.0,"2PM":46.0,"2PA":81.0,"2P%":56.7901234568,"3PM":5.0,"3PA":19.0,"3P%":26.3157894737,"FTM":16.0,"FTA":28.0,"FT%":57.1428571429,"PTS":123.0,"OFF":16.0,"DEF":27.0,"REB":43.0,"AST":34.0,"TO":27.0,"STL":14.0,"BLK":3.0,"STK":17.0,"PF":21.0,"Fls on:":22.0,"+\/-":3.0,"GW":7.0,"GP":18.0},"G. Borromeo":{"TEAM":"AU","MINS":220.6833333333,"FGM":18.0,"FGA":46.0,"FG%":39.1304347826,"2PM":18.0,"2PA":41.0,"2P%":43.9024390244,"3PM":0.0,"3PA":5.0,"3P%":0.0,"FTM":3.0,"FTA":11.0,"FT%":27.2727272727,"PTS":39.0,"OFF":12.0,"DEF":30.0,"REB":42.0,"AST":24.0,"TO":8.0,"STL":13.0,"BLK":0.0,"STK":13.0,"PF":24.0,"Fls on:":14.0,"+\/-":-1.0,"GW":4.0,"GP":12.0},"J. Camay":{"TEAM":"AU","MINS":179.6833333333,"FGM":23.0,"FGA":47.0,"FG%":48.9361702128,"2PM":20.0,"2PA":33.0,"2P%":60.6060606061,"3PM":3.0,"3PA":14.0,"3P%":21.4285714286,"FTM":11.0,"FTA":16.0,"FT%":68.75,"PTS":60.0,"OFF":6.0,"DEF":13.0,"REB":19.0,"AST":16.0,"TO":15.0,"STL":6.0,"BLK":0.0,"STK":6.0,"PF":23.0,"Fls on:":19.0,"+\/-":14.0,"GW":4.0,"GP":12.0},"J. Capulong":{"TEAM":"AU","MINS":164.5833333334,"FGM":19.0,"FGA":56.0,"FG%":33.9285714286,"2PM":18.0,"2PA":44.0,"2P%":40.9090909091,"3PM":1.0,"3PA":12.0,"3P%":8.3333333333,"FTM":19.0,"FTA":38.0,"FT%":50.0,"PTS":58.0,"OFF":10.0,"DEF":37.0,"REB":47.0,"AST":9.0,"TO":11.0,"STL":11.0,"BLK":7.0,"STK":18.0,"PF":17.0,"Fls on:":25.0,"+\/-":-3.0,"GW":3.0,"GP":6.0},"J. De Leon":{"TEAM":"AU","MINS":9.6166666666,"FGM":2.0,"FGA":4.0,"FG%":50.0,"2PM":2.0,"2PA":3.0,"2P%":66.6666666667,"3PM":0.0,"3PA":1.0,"3P%":0.0,"FTM":0.0,"FTA":0.0,"FT%":0.0,"PTS":4.0,"OFF":1.0,"DEF":2.0,"REB":3.0,"AST":4.0,"TO":3.0,"STL":2.0,"BLK":0.0,"STK":2.0,"PF":2.0,"Fls on:":1.0,"+\/-":6.0,"GW":1.0,"GP":2.0},"J. Dela Cruz":{"TEAM":"AU","MINS":11.6666666667,"FGM":1.0,"FGA":4.0,"FG%":25.0,"2PM":1.0,"2PA":4.0,"2P%":25.0,"3PM":0.0,"3PA":0.0,"3P%":0.0,"FTM":0.0,"FTA":1.0,"FT%":0.0,"PTS":2.0,"OFF":0.0,"DEF":1.0,"REB":1.0,"AST":1.0,"TO":1.0,"STL":0.0,"BLK":0.0,"STK":0.0,"PF":2.0,"Fls on:":1.0,"+\/-":-14.0,"GW":2.0,"GP":5.0},"J. Espiritu":{"TEAM":"AU","MINS":20.6333333332,"FGM":1.0,"FGA":6.0,"FG%":16.6666666667,"2PM":0.0,"2PA":4.0,"2P%":0.0,"3PM":1.0,"3PA":2.0,"3P%":50.0,"FTM":0.0,"FTA":0.0,"FT%":0.0,"PTS":3.0,"OFF":1.0,"DEF":2.0,"REB":3.0,"AST":5.0,"TO":1.0,"STL":0.0,"BLK":0.0,"STK":0.0,"PF":4.0,"Fls on:":0.0,"+\/-":-23.0,"GW":0.0,"GP":8.0},"J. Hernal":{"TEAM":"AU","MINS":100.4166666667,"FGM":11.0,"FGA":30.0,"FG%":36.6666666667,"2PM":9.0,"2PA":25.0,"2P%":36.0,"3PM":2.0,"3PA":5.0,"3P%":40.0,"FTM":11.0,"FTA":22.0,"FT%":50.0,"PTS":35.0,"OFF":15.0,"DEF":11.0,"REB":26.0,"AST":3.0,"TO":4.0,"STL":2.0,"BLK":3.0,"STK":5.0,"PF":12.0,"Fls on:":15.0,"+\/-":1.0,"GW":3.0,"GP":6.0},"J. Libang":{"TEAM":"AU","MINS":76.7333333335,"FGM":11.0,"FGA":25.0,"FG%":44.0,"2PM":11.0,"2PA":23.0,"2P%":47.8260869565,"3PM":0.0,"3PA":2.0,"3P%":0.0,"FTM":1.0,"FTA":6.0,"FT%":16.6666666667,"PTS":23.0,"OFF":7.0,"DEF":10.0,"REB":17.0,"AST":3.0,"TO":5.0,"STL":4.0,"BLK":0.0,"STK":4.0,"PF":12.0,"Fls on:":9.0,"+\/-":-15.0,"GW":4.0,"GP":11.0},"K. Flores":{"TEAM":"AU","MINS":39.6333333334,"FGM":6.0,"FGA":19.0,"FG%":31.5789473684,"2PM":5.0,"2PA":13.0,"2P%":38.4615384615,"3PM":1.0,"3PA":6.0,"3P%":16.6666666667,"FTM":0.0,"FTA":1.0,"FT%":0.0,"PTS":13.0,"OFF":3.0,"DEF":1.0,"REB":4.0,"AST":1.0,"TO":2.0,"STL":1.0,"BLK":1.0,"STK":2.0,"PF":6.0,"Fls on:":1.0,"+\/-":-22.0,"GW":4.0,"GP":7.0},"L. Capulong":{"TEAM":"AU","MINS":292.5500000001,"FGM":58.0,"FGA":128.0,"FG%":45.3125,"2PM":51.0,"2PA":102.0,"2P%":50.0,"3PM":7.0,"3PA":26.0,"3P%":26.9230769231,"FTM":32.0,"FTA":61.0,"FT%":52.4590163934,"PTS":155.0,"OFF":20.0,"DEF":51.0,"REB":71.0,"AST":11.0,"TO":10.0,"STL":11.0,"BLK":11.0,"STK":22.0,"PF":35.0,"Fls on:":61.0,"+\/-":-41.0,"GW":4.0,"GP":12.0},"M. Vinoya":{"TEAM":"AU","MINS":436.8833333334,"FGM":64.0,"FGA":158.0,"FG%":40.5063291139,"2PM":47.0,"2PA":93.0,"2P%":50.5376344086,"3PM":17.0,"3PA":65.0,"3P%":26.1538461538,"FTM":25.0,"FTA":48.0,"FT%":52.0833333333,"PTS":170.0,"OFF":11.0,"DEF":65.0,"REB":76.0,"AST":30.0,"TO":33.0,"STL":19.0,"BLK":5.0,"STK":24.0,"PF":42.0,"Fls on:":41.0,"+\/-":0.0,"GW":7.0,"GP":18.0},"R. Abiera":{"TEAM":"AU","MINS":204.7499999998,"FGM":27.0,"FGA":103.0,"FG%":26.213592233,"2PM":12.0,"2PA":39.0,"2P%":30.7692307692,"3PM":15.0,"3PA":64.0,"3P%":23.4375,"FTM":24.0,"FTA":34.0,"FT%":70.5882352941,"PTS":93.0,"OFF":7.0,"DEF":19.0,"REB":26.0,"AST":12.0,"TO":14.0,"STL":8.0,"BLK":2.0,"STK":10.0,"PF":15.0,"Fls on:":19.0,"+\/-":-61.0,"GW":7.0,"GP":17.0},"T. Ongotan":{"TEAM":"AU","MINS":163.8833333333,"FGM":22.0,"FGA":69.0,"FG%":31.884057971,"2PM":21.0,"2PA":52.0,"2P%":40.3846153846,"3PM":1.0,"3PA":17.0,"3P%":5.8823529412,"FTM":20.0,"FTA":33.0,"FT%":60.6060606061,"PTS":65.0,"OFF":15.0,"DEF":27.0,"REB":42.0,"AST":6.0,"TO":11.0,"STL":9.0,"BLK":5.0,"STK":14.0,"PF":16.0,"Fls on:":26.0,"+\/-":-6.0,"GW":3.0,"GP":6.0},"T. Valencia":{"TEAM":"AU","MINS":283.1333333334,"FGM":47.0,"FGA":122.0,"FG%":38.5245901639,"2PM":41.0,"2PA":94.0,"2P%":43.6170212766,"3PM":6.0,"3PA":28.0,"3P%":21.4285714286,"FTM":23.0,"FTA":44.0,"FT%":52.2727272727,"PTS":123.0,"OFF":12.0,"DEF":34.0,"REB":46.0,"AST":22.0,"TO":18.0,"STL":13.0,"BLK":3.0,"STK":16.0,"PF":24.0,"Fls on:":35.0,"+\/-":-37.0,"GW":4.0,"GP":12.0},"W. Miller":{"TEAM":"AU","MINS":98.5000000001,"FGM":13.0,"FGA":34.0,"FG%":38.2352941176,"2PM":12.0,"2PA":29.0,"2P%":41.3793103448,"3PM":1.0,"3PA":5.0,"3P%":20.0,"FTM":2.0,"FTA":3.0,"FT%":66.6666666667,"PTS":29.0,"OFF":7.0,"DEF":12.0,"REB":19.0,"AST":4.0,"TO":6.0,"STL":5.0,"BLK":0.0,"STK":5.0,"PF":6.0,"Fls on:":8.0,"+\/-":-3.0,"GW":3.0,"GP":11.0},"X. Estacio":{"TEAM":"AU","MINS":31.4500000001,"FGM":2.0,"FGA":6.0,"FG%":33.3333333333,"2PM":2.0,"2PA":6.0,"2P%":33.3333333333,"3PM":0.0,"3PA":0.0,"3P%":0.0,"FTM":2.0,"FTA":4.0,"FT%":50.0,"PTS":6.0,"OFF":1.0,"DEF":5.0,"REB":6.0,"AST":0.0,"TO":1.0,"STL":1.0,"BLK":1.0,"STK":2.0,"PF":5.0,"Fls on:":5.0,"+\/-":-28.0,"GW":1.0,"GP":8.0},"Y. Camay":{"TEAM":"AU","MINS":73.9666666666,"FGM":7.0,"FGA":20.0,"FG%":35.0,"2PM":5.0,"2PA":11.0,"2P%":45.4545454545,"3PM":2.0,"3PA":9.0,"3P%":22.2222222222,"FTM":9.0,"FTA":14.0,"FT%":64.2857142857,"PTS":25.0,"OFF":0.0,"DEF":3.0,"REB":3.0,"AST":10.0,"TO":7.0,"STL":1.0,"BLK":1.0,"STK":2.0,"PF":8.0,"Fls on:":12.0,"+\/-":-6.0,"GW":3.0,"GP":6.0},"C. Libang":{"TEAM":"AU","MINS":24.4166666666,"FGM":5.0,"FGA":11.0,"FG%":45.4545454545,"2PM":5.0,"2PA":11.0,"2P%":45.4545454545,"3PM":0.0,"3PA":0.0,"3P%":0.0,"FTM":1.0,"FTA":3.0,"FT%":33.3333333333,"PTS":11.0,"OFF":4.0,"DEF":3.0,"REB":7.0,"AST":2.0,"TO":1.0,"STL":4.0,"BLK":0.0,"STK":4.0,"PF":5.0,"Fls on:":2.0,"+\/-":-15.0,"GW":3.0,"GP":6.0},"C. Hernal":{"TEAM":"AU","MINS":183.9000000001,"FGM":20.0,"FGA":50.0,"FG%":40.0,"2PM":20.0,"2PA":46.0,"2P%":43.4782608696,"3PM":0.0,"3PA":4.0,"3P%":0.0,"FTM":21.0,"FTA":36.0,"FT%":58.3333333333,"PTS":61.0,"OFF":24.0,"DEF":32.0,"REB":56.0,"AST":15.0,"TO":9.0,"STL":12.0,"BLK":9.0,"STK":21.0,"PF":28.0,"Fls on:":26.0,"+\/-":-3.0,"GW":4.0,"GP":11.0},"J. Ongotan":{"TEAM":"AU","MINS":289.0499999999,"FGM":53.0,"FGA":140.0,"FG%":37.8571428571,"2PM":48.0,"2PA":104.0,"2P%":46.1538461538,"3PM":5.0,"3PA":36.0,"3P%":13.8888888889,"FTM":31.0,"FTA":41.0,"FT%":75.6097560976,"PTS":142.0,"OFF":29.0,"DEF":35.0,"REB":64.0,"AST":26.0,"TO":18.0,"STL":22.0,"BLK":5.0,"STK":27.0,"PF":28.0,"Fls on:":37.0,"+\/-":-5.0,"GW":4.0,"GP":12.0},"A. Borromeo":{"TEAM":"AU",