{"A. Acop":{"TEAM":"AU","MINS":5.3833333333,"FGM":0.375,"FGA":1.625,"FG%":23.0769230769,"2PM":0.375,"2PA":1.25,"2P%":30.0,"3PM":0.0,"3PA":0.375,"3P%":0.0,"FTM":0.375,"FTA":0.5,"FT%":75.0,"PTS":1.125,"OFF":0.625,"DEF":0.5,"REB":1.125,"AST":0.875,"TO":0.125,"STL":0.375,"BLK":0.0,"STK":0.375,"PF":0.5,"Fls on:":0.5,"+\/-":1.25,"GW":1.0,"GP":8.0},"C. Hernal":{"TEAM":"AU","MINS":16.7181818182,"FGM":1.8181818182,"FGA":4.5454545455,"FG%":40.0,"2PM":1.8181818182,"2PA":4.1818181818,"2P%":43.4782608696,"3PM":0.0,"3PA":0.3636363636,"3P%":0.0,"FTM":1.9090909091,"FTA":3.2727272727,"FT%":58.3333333333,"PTS":5.5454545455,"OFF":2.1818181818,"DEF":2.9090909091,"REB":5.0909090909,"AST":1.3636363636,"TO":0.8181818182,"STL":1.0909090909,"BLK":0.8181818182,"STK":1.9090909091,"PF":2.5454545455,"Fls on:":2.3636363636,"+\/-":-0.2727272727,"GW":4.0,"GP":11.0},"J. Dela Cruz":{"TEAM":"AU","MINS":2.3333333333,"FGM":0.2,"FGA":0.8,"FG%":25.0,"2PM":0.2,"2PA":0.8,"2P%":25.0,"3PM":0.0,"3PA":0.0,"3P%":0.0,"FTM":0.0,"FTA":0.2,"FT%":0.0,"PTS":0.4,"OFF":0.0,"DEF":0.2,"REB":0.2,"AST":0.2,"TO":0.2,"STL":0.0,"BLK":0.0,"STK":0.0,"PF":0.4,"Fls on:":0.2,"+\/-":-2.8,"GW":2.0,"GP":5.0},"J. Espiritu":{"TEAM":"AU","MINS":2.1138888889,"FGM":0.0,"FGA":0.5,"FG%":0.0,"2PM":0.0,"2PA":0.5,"2P%":0.0,"3PM":0.0,"3PA":0.0,"3P%":0.0,"FTM":0.0,"FTA":0.0,"FT%":0.0,"PTS":0.0,"OFF":0.0,"DEF":0.1666666667,"REB":0.1666666667,"AST":0.5,"TO":0.1666666667,"STL":0.0,"BLK":0.0,"STK":0.0,"PF":0.5,"Fls on:":0.0,"+\/-":-3.1666666667,"GW":0.0,"GP":6.0},"J. Libang":{"TEAM":"AU","MINS":6.9757575758,"FGM":1.0,"FGA":2.2727272727,"FG%":44.0,"2PM":1.0,"2PA":2.0909090909,"2P%":47.8260869565,"3PM":0.0,"3PA":0.1818181818,"3P%":0.0,"FTM":0.0909090909,"FTA":0.5454545455,"FT%":16.6666666667,"PTS":2.0909090909,"OFF":0.6363636364,"DEF":0.9090909091,"REB":1.5454545455,"AST":0.2727272727,"TO":0.4545454545,"STL":0.3636363636,"BLK":0.0,"STK":0.3636363636,"PF":1.0909090909,"Fls on:":0.8181818182,"+\/-":-1.3636363636,"GW":4.0,"GP":11.0},"G. Borromeo":{"TEAM":"AU","MINS":18.3902777778,"FGM":1.5,"FGA":3.8333333333,"FG%":39.1304347826,"2PM":1.5,"2PA":3.4166666667,"2P%":43.9024390244,"3PM":0.0,"3PA":0.4166666667,"3P%":0.0,"FTM":0.25,"FTA":0.9166666667,"FT%":27.2727272727,"PTS":3.25,"OFF":1.0,"DEF":2.5,"REB":3.5,"AST":2.0,"TO":0.6666666667,"STL":1.0833333333,"BLK":0.0,"STK":1.0833333333,"PF":2.0,"Fls on:":1.1666666667,"+\/-":-0.0833333333,"GW":4.0,"GP":12.0},"J. Ongotan":{"TEAM":"AU","MINS":24.0875,"FGM":4.4166666667,"FGA":11.6666666667,"FG%":37.8571428571,"2PM":4.0,"2PA":8.6666666667,"2P%":46.1538461538,"3PM":0.4166666667,"3PA":3.0,"3P%":13.8888888889,"FTM":2.5833333333,"FTA":3.4166666667,"FT%":75.6097560976,"PTS":11.8333333333,"OFF":2.4166666667,"DEF":2.9166666667,"REB":5.3333333333,"AST":2.1666666667,"TO":1.5,"STL":1.8333333333,"BLK":0.4166666667,"STK":2.25,"PF":2.3333333333,"Fls on:":3.0833333333,"+\/-":-0.4166666667,"GW":4.0,"GP":12.0},"B. Rosalin":{"TEAM":"AU","MINS":1.7444444444,"FGM":0.0,"FGA":0.0,"FG%":0.0,"2PM":0.0,"2PA":0.0,"2P%":0.0,"3PM":0.0,"3PA":0.0,"3P%":0.0,"FTM":0.0,"FTA":0.0,"FT%":0.0,"PTS":0.0,"OFF":0.0,"DEF":0.3333333333,"REB":0.3333333333,"AST":0.3333333333,"TO":0.0,"STL":0.0,"BLK":0.0,"STK":0.0,"PF":0.3333333333,"Fls on:":0.0,"+\/-":-4.0,"GW":2.0,"GP":3.0},"K. Flores":{"TEAM":"AU","MINS":9.8222222222,"FGM":2.0,"FGA":5.6666666667,"FG%":35.2941176471,"2PM":1.6666666667,"2PA":4.0,"2P%":41.6666666667,"3PM":0.3333333333,"3PA":1.6666666667,"3P%":20.0,"FTM":0.0,"FTA":0.3333333333,"FT%":0.0,"PTS":4.3333333333,"OFF":0.6666666667,"DEF":0.3333333333,"REB":1.0,"AST":0.0,"TO":0.3333333333,"STL":0.3333333333,"BLK":0.3333333333,"STK":0.6666666667,"PF":1.6666666667,"Fls on:":0.3333333333,"+\/-":-8.3333333333,"GW":1.0,"GP":3.0},"J. Camay":{"TEAM":"AU","MINS":14.9736111111,"FGM":1.9166666667,"FGA":3.9166666667,"FG%":48.9361702128,"2PM":1.6666666667,"2PA":2.75,"2P%":60.6060606061,"3PM":0.25,"3PA":1.1666666667,"3P%":21.4285714286,"FTM":0.9166666667,"FTA":1.3333333333,"FT%":68.75,"PTS":5.0,"OFF":0.5,"DEF":1.0833333333,"REB":1.5833333333,"AST":1.3333333333,"TO":1.25,"STL":0.5,"BLK":0.0,"STK":0.5,"PF":1.9166666667,"Fls on:":1.5833333333,"+\/-":1.1666666667,"GW":4.0,"GP":12.0},"L. Capulong":{"TEAM":"AU","MINS":24.3791666667,"FGM":4.8333333333,"FGA":10.6666666667,"FG%":45.3125,"2PM":4.25,"2PA":8.5,"2P%":50.0,"3PM":0.5833333333,"3PA":2.1666666667,"3P%":26.9230769231,"FTM":2.6666666667,"FTA":5.0833333333,"FT%":52.4590163934,"PTS":12.9166666667,"OFF":1.6666666667,"DEF":4.25,"REB":5.9166666667,"AST":0.9166666667,"TO":0.8333333333,"STL":0.9166666667,"BLK":0.9166666667,"STK":1.8333333333,"PF":2.9166666667,"Fls on:":5.0833333333,"+\/-":-3.4166666667,"GW":4.0,"GP":12.0},"M. Vinoya":{"TEAM":"AU","MINS":25.3916666667,"FGM":3.8333333333,"FGA":9.1666666667,"FG%":41.8181818182,"2PM":2.75,"2PA":5.4166666667,"2P%":50.7692307692,"3PM":1.0833333333,"3PA":3.75,"3P%":28.8888888889,"FTM":1.5833333333,"FTA":3.0,"FT%":52.7777777778,"PTS":10.3333333333,"OFF":0.5,"DEF":4.3333333333,"REB":4.8333333333,"AST":1.75,"TO":2.1666666667,"STL":1.25,"BLK":0.1666666667,"STK":1.4166666667,"PF":2.1666666667,"Fls on:":2.3333333333,"+\/-":0.5833333333,"GW":4.0,"GP":12.0},"R. Abiera":{"TEAM":"AU","MINS":12.9818181818,"FGM":1.8181818182,"FGA":6.2727272727,"FG%":28.9855072464,"2PM":0.8181818182,"2PA":2.3636363636,"2P%":34.6153846154,"3PM":1.0,"3PA":3.9090909091,"3P%":25.5813953488,"FTM":1.4545454545,"FTA":2.0,"FT%":72.7272727273,"PTS":6.0909090909,"OFF":0.2727272727,"DEF":1.2727272727,"REB":1.5454545455,"AST":0.6363636364,"TO":0.9090909091,"STL":0.4545454545,"BLK":0.0909090909,"STK":0.5454545455,"PF":1.0909090909,"Fls on:":1.1818181818,"+\/-":-3.8181818182,"GW":4.0,"GP":11.0},"T. Valencia":{"TEAM":"AU","MINS":23.5944444445,"FGM":3.9166666667,"FGA":10.1666666667,"FG%":38.5245901639,"2PM":3.4166666667,"2PA":7.8333333333,"2P%":43.6170212766,"3PM":0.5,"3PA":2.3333333333,"3P%":21.4285714286,"FTM":1.9166666667,"FTA":3.6666666667,"FT%":52.2727272727,"PTS":10.25,"OFF":1.0,"DEF":2.8333333333,"REB":3.8333333333,"AST":1.8333333333,"TO":1.5,"STL":1.0833333333,"BLK":0.25,"STK":1.3333333333,"PF":2.0,"Fls on:":2.9166666667,"+\/-":-3.0833333333,"GW":4.0,"GP":12.0},"W. Miller":{"TEAM":"AU","MINS":8.9545454546,"FGM":1.1818181818,"FGA":3.0909090909,"FG%":38.2352941176,"2PM":1.0909090909,"2PA":2.6363636364,"2P%":41.3793103448,"3PM":0.0909090909,"3PA":0.4545454545,"3P%":20.0,"FTM":0.1818181818,"FTA":0.2727272727,"FT%":66.6666666667,"PTS":2.6363636364,"OFF":0.6363636364,"DEF":1.0909090909,"REB":1.7272727273,"AST":0.3636363636,"TO":0.5454545455,"STL":0.4545454545,"BLK":0.0,"STK":0.4545454545,"PF":0.5454545455,"Fls on:":0.7272727273,"+\/-":-0.2727272727,"GW":3.0,"GP":11.0},"E. Geronimo":{"TEAM":"AU","MINS":18.4097222222,"FGM":2.75,"FGA":4.5833333333,"FG%":60.0,"2PM":2.4166666667,"2PA":3.8333333333,"2P%":63.0434782609,"3PM":0.3333333333,"3PA":0.75,"3P%":44.4444444444,"FTM":0.5,"FTA":1.25,"FT%":40.0,"PTS":6.3333333333,"OFF":0.75,"DEF":0.8333333333,"REB":1.5833333333,"AST":1.4166666667,"TO":1.4166666667,"STL":0.1666666667,"BLK":0.1666666667,"STK":0.3333333333,"PF":0.9166666667,"Fls on:":1.0833333333,"+\/-":-1.1666666667,"GW":4.0,"GP":12.0},"A. De Leon":{"TEAM":"AU","MINS":4.575,"FGM":0.3333333333,"FGA":0.8333333333,"FG%":40.0,"2PM":0.1666666667,"2PA":0.3333333333,"2P%":50.0,"3PM":0.1666666667,"3PA":0.5,"3P%":33.3333333333,"FTM":0.5,"FTA":0.6666666667,"FT%":75.0,"PTS":1.3333333333,"OFF":0.1666666667,"DEF":0.3333333333,"REB":0.5,"AST":0.8333333333,"TO":0.3333333333,"STL":0.5,"BLK":0.0,"STK":0.5,"PF":0.5,"Fls on:":0.6666666667,"+\/-":0.1666666667,"GW":1.0,"GP":6.0},"X. Estacio":{"TEAM":"AU","MINS":3.7904761905,"FGM":0.2857142857,"FGA":0.8571428571,"FG%":33.3333333333,"2PM":0.2857142857,"2PA":0.8571428571,"2P%":33.3333333333,"3PM":0.0,"3PA":0.0,"3P%":0.0,"FTM":0.2857142857,"FTA":0.5714285714,"FT%":50.0,"PTS":0.8571428571,"OFF":0.1428571429,"DEF":0.5714285714,"REB":0.7142857143,"AST":0.0,"TO":0.1428571429,"STL":0.1428571429,"BLK":0.0,"STK":0.1428571429,"PF":0.7142857143,"Fls on:":0.7142857143,"+\/-":-2.2857142857,