{"J. Capulong":{"TEAM":"AU","MINS":25.3962962963,"FGM":5.0532302756,"FGA":12.0752515677,"FG%":41.847826087,"2PM":4.5282193379,"2PA":9.5814496135,"2P%":47.2602739726,"3PM":0.5250109377,"3PA":2.4938019542,"3P%":21.0526315789,"FTM":3.346944728,"FTA":6.4970103544,"FT%":51.5151515152,"PTS":13.978416217,"OFF":1.9687910165,"DEF":5.775120315,"REB":7.7439113315,"AST":1.3125273443,"TO":1.3781537115,"STL":1.4437800788,"BLK":1.1812746099,"STK":2.6250546886,"PF":3.4125710952,"Fls on:":5.6438675806,"+\/-":-2.8875601575,"GW":7.0,"GP":18.0},"T. Ongotan":{"TEAM":"AU","MINS":25.162962963,"FGM":4.9676184869,"FGA":13.8430968502,"FG%":35.8851674641,"2PM":4.5702090079,"2PA":10.3326464528,"2P%":44.2307692308,"3PM":0.397409479,"3PA":3.5104503974,"3P%":11.320754717,"FTM":3.3779805711,"FTA":4.9013835737,"FT%":68.9189189189,"PTS":13.7106270238,"OFF":2.914336179,"DEF":4.1065646158,"REB":7.0209007948,"AST":2.1195172211,"TO":1.9208124816,"STL":2.0532823079,"BLK":0.6623491316,"STK":2.7156314395,"PF":2.914336179,"Fls on:":4.172799529,"+\/-":-0.7285840447,"GW":7.0,"GP":18.0},"R. Abiera":{"TEAM":"AU","MINS":12.044117647,"FGM":3.956043956,"FGA":15.0915750916,"FG%":26.213592233,"2PM":1.7582417582,"2PA":5.7142857143,"2P%":30.7692307692,"3PM":2.1978021978,"3PA":9.3772893773,"3P%":23.4375,"FTM":3.5164835165,"FTA":4.9816849817,"FT%":70.5882352941,"PTS":13.6263736264,"OFF":1.0256410256,"DEF":2.7838827839,"REB":3.8095238095,"AST":1.7582417582,"TO":2.0512820513,"STL":1.1721611722,"BLK":0.293040293,"STK":1.4652014652,"PF":2.1978021978,"Fls on:":2.7838827839,"+\/-":-8.9377289377,"GW":7.0,"GP":17.0},"S. Valencia":{"TEAM":"AU","MINS":24.9774509804,"FGM":4.8043333202,"FGA":13.2119166307,"FG%":36.3636363636,"2PM":4.0978137143,"2PA":9.6793186011,"2P%":42.3357664234,"3PM":0.7065196059,"3PA":3.5325980296,"3P%":20.0,"FTM":2.5434705813,"FTA":4.5217254779,"FT%":56.25,"PTS":12.8586568277,"OFF":1.554343133,"DEF":3.3206421478,"REB":4.8749852808,"AST":2.6141225419,"TO":1.907602936,"STL":1.6956470542,"BLK":0.2826078424,"STK":1.9782548966,"PF":2.4021666601,"Fls on:":3.815205872,"+\/-":-3.7445539114,"GW":7.0,"GP":17.0},"K. Vinoya":{"TEAM":"AU","MINS":24.2712962963,"FGM":4.3947659558,"FGA":10.8495784534,"FG%":40.5063291139,"2PM":3.2274062488,"2PA":6.3861442796,"2P%":50.5376344086,"3PM":1.167359707,"3PA":4.4634341739,"3P%":26.1538461538,"FTM":1.7167054515,"FTA":3.2960744669,"FT%":52.0833333333,"PTS":11.6735970702,"OFF":0.7553503987,"DEF":4.4634341739,"REB":5.2187845725,"AST":2.0600465418,"TO":2.266051196,"STL":1.3046961431,"BLK":0.3433410903,"STK":1.6480372334,"PF":2.8840651585,"Fls on:":2.8153969404,"+\/-":0.0,"GW":7.0,"GP":18.0},"J. Hernal":{"TEAM":"AU","MINS":16.7245098039,"FGM":3.2710006448,"FGA":8.4412919866,"FG%":38.75,"2PM":3.0599683452,"2PA":7.4916466381,"2P%":40.8450704225,"3PM":0.2110322997,"3PA":0.9496453485,"3P%":22.2222222222,"FTM":3.3765167947,"FTA":6.1199366903,"FT%":55.1724137931,"PTS":10.129550384,"OFF":4.1151298435,"DEF":4.5371944428,"REB":8.6523242863,"AST":1.899290697,"TO":1.3717099478,"STL":1.4772260977,"BLK":1.266193798,"STK":2.7434198957,"PF":4.2206459933,"Fls on:":4.3261621431,"+\/-":-0.2110322997,"GW":7.0,"GP":17.0},"C. Libang":{"TEAM":"AU","MINS":5.95,"FGM":4.7454275828,"FGA":10.6772120613,"FG%":44.4444444444,"2PM":4.7454275828,"2PA":10.0840336134,"2P%":47.0588235294,"3PM":0.0,"3PA":0.5931784478,"3P%":0.0,"FTM":0.5931784478,"FTA":2.6693030153,"FT%":22.2222222222,"PTS":10.0840336134,"OFF":3.2624814632,"DEF":3.855659911,"REB":7.1181413742,"AST":1.4829461196,"TO":1.7795353435,"STL":2.3727137914,"BLK":0.0,"STK":2.3727137914,"PF":5.0420168067,"Fls on:":3.2624814632,"+\/-":-8.8976767177,"GW":7.0,"GP":17.0},"Y. Camay":{"TEAM":"AU","MINS":14.0916666667,"FGM":3.5481963335,"FGA":7.9243051449,"FG%":44.776119403,"2PM":2.9568302779,"2PA":5.2040212892,"2P%":56.8181818182,"3PM":0.5913660556,"3PA":2.7202838557,"3P%":21.7391304348,"FTM":2.3654642224,"FTA":3.5481963335,"FT%":66.6666666667,"PTS":10.053222945,"OFF":0.7096392667,"DEF":1.8923713779,"REB":2.6020106446,"AST":3.0751034891,"TO":2.6020106446,"STL":0.8279124778,"BLK":0.1182732111,"STK":0.9461856889,"PF":3.6664695446,"Fls on:":3.6664695446,"+\/-":0.9461856889,"GW":7.0,"GP":18.0},"K. Flores":{"TEAM":"AU","MINS":5.6619047619,"FGM":4.5416316232,"FGA":14.3818334735,"FG%":31.5789473684,"2PM":3.7846930193,"2PA":9.8402018503,"2P%":38.4615384615,"3PM":0.7569386039,"3PA":4.5416316232,"3P%":16.6666666667,"FTM":0.0,"FTA":0.7569386039,"FT%":0.0,"PTS":9.8402018503,"OFF":2.2708158116,"DEF":0.7569386039,"REB":3.0277544155,"AST":0.7569386039,"TO":1.5138772077,"STL":0.7569386039,"BLK":0.7569386039,"STK":1.5138772077,"PF":4.5416316232,"Fls on:":0.7569386039,"+\/-":-16.6526492851,"GW":4.0,"GP":7.0},"E. Geronimo":{"TEAM":"AU","MINS":20.8351851852,"FGM":4.0796373656,"FGA":7.9992889521,"FG%":51.0,"2PM":3.679672918,"2PA":6.4794240512,"2P%":56.7901234568,"3PM":0.3999644476,"3PA":1.5198649009,"3P%":26.3157894737,"FTM":1.2798862323,"FTA":2.2398009066,"FT%":57.1428571429,"PTS":9.8391254111,"OFF":1.2798862323,"DEF":2.1598080171,"REB":3.4396942494,"AST":2.7197582437,"TO":2.1598080171,"STL":1.1199004533,"BLK":0.2399786686,"STK":1.3598791219,"PF":1.6798506799,"Fls on:":1.7598435695,"+\/-":0.2399786686,"GW":7.0,"GP":18.0},"J. De Leon":{"TEAM":"AU","MINS":4.6333333333,"FGM":3.237410072,"FGA":7.2841726619,"FG%":44.4444444444,"2PM":2.428057554,"2PA":4.0467625899,"2P%":60.0,"3PM":0.809352518,"3PA":3.237410072,"3P%":25.0,"FTM":2.428057554,"FTA":3.237410072,"FT%":75.0,"PTS":9.7122302159,"OFF":1.618705036,"DEF":3.237410072,"REB":4.8561151079,"AST":7.2841726619,"TO":4.0467625899,"STL":4.0467625899,"BLK":0.0,"STK":4.0467625899,"PF":4.0467625899,"Fls on:":4.0467625899,"+\/-":5.6654676259,"GW":2.0,"GP":8.0},"W. Miller":{"TEAM":"AU","MINS":7.7019607843,"FGM":3.2077393075,"FGA":9.1649694501,"FG%":35.0,"2PM":2.749490835,"2PA":7.1028513238,"2P%":38.7096774194,"3PM":0.4582484725,"3PA":2.0621181263,"3P%":22.2222222222,"FTM":2.0621181263,"FTA":2.9786150713,"FT%":69.2307692308,"PTS":8.9358452138,"OFF":2.0621181263,"DEF":3.66598778,"REB":5.7281059063,"AST":0.916496945,"TO":1.3747454175,"STL":1.1456211813,"BLK":0.0,"STK":1.1456211813,"PF":1.6038696538,"Fls on:":3.2077393075,"+\/-":-5.7281059063,"GW":6.0,"GP":17.0},"A. Acop":{"TEAM":"AU","MINS":5.05,"FGM":1.9801980198,"FGA":8.5808580858,"FG%":23.0769230769,"2PM":1.9801980198,"2PA":6.600660066,"2P%":30.0,"3PM":0.0,"3PA":1.9801980198,"3P%":0.0,"FTM":1.9801980198,"FTA":2.6402640264,"FT%":75.0,"PTS":5.9405940594,"OFF":3.300330033,"DEF":2.6402640264,"REB":5.9405940594,"AST":5.2805280528,"TO":0.6600660066,"STL":1.9801980198,"BLK":0.0,"STK":1.9801980198,"PF":2.6402640264,"Fls on:":3.300330033,"+\/-":5.9405940594,"GW":1.0,"GP":9.0},"A. Borromeo":{"TEAM":"AU","MINS":18.2453703704,"FGM":2.6490738391,"FGA":6.2116214159,"FG%":42.6470588235,"2PM":2.6490738391,"2PA":5.4808424258,"2P%":48.3333333333,"3PM":0.0,"3PA":0.7307789901,"3P%":0.0,"FTM":0.6394316163,"FTA":1.7356001015,"FT%":36.8421052632,"PTS":5.9375792946,"OFF":1.918294849,"DEF":4.0192844456,"REB":5.9375792946,"AST":2.5577264654,"TO":1.2788632327,"STL":1.6442527277,"BLK":0.0913473738,"STK":1.7356001015,"PF":3.2885054555,"Fls on:":2.3750317178,"+\/-":0.9134737376,"GW":7.0,"GP":18.0},"A. Estacio":{"TEAM":"AU","MINS":3.93125,"FGM":1.9077901431,"FGA":5.7233704292,"FG%":33.3333333333,"2PM":1.9077901431,"2PA":5.7233704292,"2P%":33.3333333333,"3PM":0.0,"3PA":0.0,"3P%":0.0,"FTM":1.9077901431,"FTA":3.8155802862,"FT%":50.0,"PTS":5.7233704292,"OFF":0.9538950715,"DEF":4.7694753577,"REB":5.7233704292,"AST":0.0,"TO":0.9538950715,"STL":0.9538950715,"BLK":0.9538950715,"STK":1.9077901431,"PF":4.7694753577,"Fls on:":4.7694753577,"+\/-":-26.7090620031,"GW":1.0,"GP":8.0},"J. Dela Cruz":{"TEAM":"AU","MINS":2.3333333333,"FGM":2.5714285714,"FGA":10.2857142857,"FG%":25.0,"2PM":2.5714285714,"2PA":10.2857142857,"2P%":25.0,"3PM":0.0,"3PA":0.0,"3P%":0.0,"FTM":0.0,"FTA":2.5714285714,"FT%":0.0,"PTS":5.1428571428,"OFF":0.0,"DEF":2.5714285714,"REB":2.5714285714,"AST":2.5714285714,"TO":2.5714285714,"STL":0.0,"BLK":0.0,"STK":0.0,