{"A. Acop":{"TEAM":"AU","MINS":5.3833333333,"FGM":0.375,"FGA":1.625,"FG%":23.0769230769,"2PM":0.375,"2PA":1.25,"2P%":30.0,"3PM":0.0,"3PA":0.375,"3P%":0.0,"FTM":0.375,"FTA":0.5,"FT%":75.0,"PTS":1.125,"OFF":0.625,"DEF":0.5,"REB":1.125,"AST":0.875,"TO":0.125,"STL":0.375,"BLK":0.0,"STK":0.375,"PF":0.5,"Fls on:":0.5,"+\/-":1.25,"GP":8.0},"C. Hernal":{"TEAM":"AU","MINS":17.6083333333,"FGM":1.9,"FGA":4.8,"FG%":39.5833333333,"2PM":1.9,"2PA":4.4,"2P%":43.1818181818,"3PM":0.0,"3PA":0.4,"3P%":0.0,"FTM":2.0,"FTA":3.4,"FT%":58.8235294118,"PTS":5.8,"OFF":2.4,"DEF":3.2,"REB":5.6,"AST":1.5,"TO":0.9,"STL":1.2,"BLK":0.9,"STK":2.1,"PF":2.7,"Fls on:":2.5,"+\/-":1.2,"GP":10.0},"J. Dela Cruz":{"TEAM":"AU","MINS":2.3333333333,"FGM":0.2,"FGA":0.8,"FG%":25.0,"2PM":0.2,"2PA":0.8,"2P%":25.0,"3PM":0.0,"3PA":0.0,"3P%":0.0,"FTM":0.0,"FTA":0.2,"FT%":0.0,"PTS":0.4,"OFF":0.0,"DEF":0.2,"REB":0.2,"AST":0.2,"TO":0.2,"STL":0.0,"BLK":0.0,"STK":0.0,"PF":0.4,"Fls on:":0.2,"+\/-":-2.8,"GP":5.0},"J. Espiritu":{"TEAM":"AU","MINS":2.1138888889,"FGM":0.0,"FGA":0.5,"FG%":0.0,"2PM":0.0,"2PA":0.5,"2P%":0.0,"3PM":0.0,"3PA":0.0,"3P%":0.0,"FTM":0.0,"FTA":0.0,"FT%":0.0,"PTS":0.0,"OFF":0.0,"DEF":0.1666666667,"REB":0.1666666667,"AST":0.5,"TO":0.1666666667,"STL":0.0,"BLK":0.0,"STK":0.0,"PF":0.5,"Fls on:":0.0,"+\/-":-3.1666666667,"GP":6.0},"J. Libang":{"TEAM":"AU","MINS":7.2333333333,"FGM":1.0,"FGA":2.3,"FG%":43.4782608696,"2PM":1.0,"2PA":2.2,"2P%":45.4545454545,"3PM":0.0,"3PA":0.1,"3P%":0.0,"FTM":0.1,"FTA":0.6,"FT%":16.6666666667,"PTS":2.1,"OFF":0.7,"DEF":0.9,"REB":1.6,"AST":0.3,"TO":0.4,"STL":0.3,"BLK":0.0,"STK":0.3,"PF":1.1,"Fls on:":0.9,"+\/-":-1.1,"GP":10.0},"G. Borromeo":{"TEAM":"AU","MINS":18.0939393939,"FGM":1.3636363636,"FGA":3.7272727273,"FG%":36.5853658537,"2PM":1.3636363636,"2PA":3.3636363636,"2P%":40.5405405405,"3PM":0.0,"3PA":0.3636363636,"3P%":0.0,"FTM":0.1818181818,"FTA":0.8181818182,"FT%":22.2222222222,"PTS":2.9090909091,"OFF":1.0,"DEF":2.6363636364,"REB":3.6363636364,"AST":1.5454545455,"TO":0.7272727273,"STL":0.9090909091,"BLK":0.0,"STK":0.9090909091,"PF":1.7272727273,"Fls on:":1.0909090909,"+\/-":-0.8181818182,"GP":11.0},"J. Ongotan":{"TEAM":"AU","MINS":24.5909090909,"FGM":4.7272727273,"FGA":12.1818181818,"FG%":38.8059701493,"2PM":4.2727272727,"2PA":8.9090909091,"2P%":47.9591836735,"3PM":0.4545454545,"3PA":3.2727272727,"3P%":13.8888888889,"FTM":2.8181818182,"FTA":3.7272727273,"FT%":75.6097560976,"PTS":12.7272727273,"OFF":2.6363636364,"DEF":2.8181818182,"REB":5.4545454545,"AST":2.0909090909,"TO":1.3636363636,"STL":1.8181818182,"BLK":0.3636363636,"STK":2.1818181818,"PF":2.4545454545,"Fls on:":3.2727272727,"+\/-":-0.3636363636,"GP":11.0},"B. Rosalin":{"TEAM":"AU","MINS":1.85,"FGM":0.0,"FGA":0.0,"FG%":0.0,"2PM":0.0,"2PA":0.0,"2P%":0.0,"3PM":0.0,"3PA":0.0,"3P%":0.0,"FTM":0.0,"FTA":0.0,"FT%":0.0,"PTS":0.0,"OFF":0.0,"DEF":0.0,"REB":0.0,"AST":0.5,"TO":0.0,"STL":0.0,"BLK":0.0,"STK":0.0,"PF":0.5,"Fls on:":0.0,"+\/-":-3.0,"GP":2.0},"K. Flores":{"TEAM":"AU","MINS":14.0833333333,"FGM":2.5,"FGA":8.0,"FG%":31.25,"2PM":2.5,"2PA":6.0,"2P%":41.6666666667,"3PM":0.0,"3PA":2.0,"3P%":0.0,"FTM":0.0,"FTA":0.5,"FT%":0.0,"PTS":5.0,"OFF":1.0,"DEF":0.5,"REB":1.5,"AST":0.0,"TO":0.5,"STL":0.5,"BLK":0.5,"STK":1.0,"PF":2.5,"Fls on:":0.5,"+\/-":-10.5,"GP":2.0},"J. Camay":{"TEAM":"AU","MINS":15.1848484848,"FGM":2.0,"FGA":3.9090909091,"FG%":51.1627906977,"2PM":1.7272727273,"2PA":2.6363636364,"2P%":65.5172413793,"3PM":0.2727272727,"3PA":1.2727272727,"3P%":21.4285714286,"FTM":0.8181818182,"FTA":1.2727272727,"FT%":64.2857142857,"PTS":5.0909090909,"OFF":0.5454545455,"DEF":1.1818181818,"REB":1.7272727273,"AST":1.3636363636,"TO":1.3636363636,"STL":0.5454545455,"BLK":0.0,"STK":0.5454545455,"PF":1.9090909091,"Fls on:":1.4545454545,"+\/-":0.0909090909,"GP":11.0},"L. Capulong":{"TEAM":"AU","MINS":23.5166666667,"FGM":4.1818181818,"FGA":9.8181818182,"FG%":42.5925925926,"2PM":3.7272727273,"2PA":7.8181818182,"2P%":47.6744186047,"3PM":0.4545454545,"3PA":2.0,"3P%":22.7272727273,"FTM":2.5454545455,"FTA":4.6363636364,"FT%":54.9019607843,"PTS":11.3636363636,"OFF":1.0909090909,"DEF":3.9090909091,"REB":5.0,"AST":0.9090909091,"TO":0.9090909091,"STL":0.9090909091,"BLK":0.9090909091,"STK":1.8181818182,"PF":2.8181818182,"Fls on:":4.7272727273,"+\/-":-5.0,"GP":11.0},"M. Vinoya":{"TEAM":"AU","MINS":24.7606060606,"FGM":3.7272727273,"FGA":8.8181818182,"FG%":42.2680412371,"2PM":2.5454545455,"2PA":5.1818181818,"2P%":49.1228070175,"3PM":1.1818181818,"3PA":3.6363636364,"3P%":32.5,"FTM":1.3636363636,"FTA":2.7272727273,"FT%":50.0,"PTS":10.0,"OFF":0.5454545455,"DEF":4.0909090909,"REB":4.6363636364,"AST":1.4545454545,"TO":2.1818181818,"STL":1.1818181818,"BLK":0.1818181818,"STK":1.3636363636,"PF":2.0,"Fls on:":2.1818181818,"+\/-":-1.2727272727,"GP":11.0},"R. Abiera":{"TEAM":"AU","MINS":13.195,"FGM":1.8,"FGA":6.2,"FG%":29.0322580645,"2PM":0.7,"2PA":2.3,"2P%":30.4347826087,"3PM":1.1,"3PA":3.9,"3P%":28.2051282051,"FTM":1.6,"FTA":2.2,"FT%":72.7272727273,"PTS":6.3,"OFF":0.3,"DEF":1.2,"REB":1.5,"AST":0.3,"TO":0.9,"STL":0.5,"BLK":0.1,"STK":0.6,"PF":1.1,"Fls on:":1.3,"+\/-":-5.1,"GP":10.0},"T. Valencia":{"TEAM":"AU","MINS":23.4196969697,"FGM":3.9090909091,"FGA":10.1818181818,"FG%":38.3928571429,"2PM":3.3636363636,"2PA":7.8181818182,"2P%":43.023255814,"3PM":0.5454545455,"3PA":2.3636363636,"3P%":23.0769230769,"FTM":2.0,"FTA":3.8181818182,"FT%":52.380952381,"PTS":10.3636363636,"OFF":1.0,"DEF":3.0,"REB":4.0,"AST":1.7272727273,"TO":1.4545454545,"STL":1.1818181818,"BLK":0.2727272727,"STK":1.4545454545,"PF":1.8181818182,"Fls on:":3.0,"+\/-":-3.3636363636,"GP":11.0},"W. Miller":{"TEAM":"AU","MINS":8.5133333333,"FGM":0.9,"FGA":2.9,"FG%":31.0344827586,"2PM":0.9,"2PA":2.5,"2P%":36.0,"3PM":0.0,"3PA":0.4,"3P%":0.0,"FTM":0.2,"FTA":0.3,"FT%":66.6666666667,"PTS":2.0,"OFF":0.5,"DEF":0.9,"REB":1.4,"AST":0.3,"TO":0.6,"STL":0.5,"BLK":0.0,"STK":0.5,"PF":0.6,"Fls on:":0.7,"+\/-":-0.5,"GP":10.0},"E. Geronimo":{"TEAM":"AU","MINS":18.6227272727,"FGM":2.8181818182,"FGA":4.6363636364,"FG%":60.7843137255,"2PM":2.4545454545,"2PA":3.9090909091,"2P%":62.7906976744,"3PM":0.3636363636,"3PA":0.7272727273,"3P%":50.0,"FTM":0.5454545455,"FTA":1.3636363636,"FT%":40.0,"PTS":6.5454545455,"OFF":0.8181818182,"DEF":0.9090909091,"REB":1.7272727273,"AST":1.2727272727,"TO":1.1818181818,"STL":0.1818181818,"BLK":0.1818181818,"STK":0.3636363636,"PF":0.9090909091,"Fls on:":1.1818181818,"+\/-":-0.1818181818,"GP":11.0},"A. De Leon":{"TEAM":"AU","MINS":4.575,"FGM":0.3333333333,"FGA":0.8333333333,"FG%":40.0,"2PM":0.1666666667,"2PA":0.3333333333,"2P%":50.0,"3PM":0.1666666667,"3PA":0.5,"3P%":33.3333333333,"FTM":0.5,"FTA":0.6666666667,"FT%":75.0,"PTS":1.3333333333,"OFF":0.1666666667,"DEF":0.3333333333,"REB":0.5,"AST":0.8333333333,"TO":0.3333333333,"STL":0.5,"BLK":0.0,"STK":0.5,"PF":0.5,"Fls on:":0.6666666667,"+\/-":0.1666666667,"GP":6.0},"X. Estacio":{"TEAM":"AU","MINS":3.7904761905,"FGM":0.2857142857,"FGA":0.8571428571,"FG%":33.3333333333,"2PM":0.2857142857,"2PA":0.8571428571,"2P%":33.3333333333,"3PM":0.0,"3PA":0.0,"3P%":0.0,"FTM":0.2857142857,"FTA":0.5714285714,"FT%":50.0,"PTS":0.8571428571,"OFF":0.1428571429,"DEF":0.5714285714,"REB":0.7142857143,"AST":0.0,"TO":0.1428571429,"STL":0.1428571429,"BLK":0.0,"STK":0.1428571429,"PF":0.7142857143,"Fls on:":0.7142857143,"+\/-":-2.2857142857,"GP":7.0}}