{"A. Acop":{"TEAM":"AU","MINS":5.3833333333,"FGM":0.375,"FGA":1.625,"FG%":23.0769230769,"2PM":0.375,"2PA":1.25,"2P%":30.0,"3PM":0.0,"3PA":0.375,"3P%":0.0,"FTM":0.375,"FTA":0.5,"FT%":75.0,"PTS":1.125,"OFF":0.625,"DEF":0.5,"REB":1.125,"AST":0.875,"TO":0.125,"STL":0.375,"BLK":0.0,"STK":0.375,"PF":0.5,"Fls on:":0.5,"+\/-":1.25,"GW":1.0,"GP":8.0},"D. Miller":{"TEAM":"AU","MINS":9.1,"FGM":0.0,"FGA":2.0,"FG%":0.0,"2PM":0.0,"2PA":1.0,"2P%":0.0,"3PM":0.0,"3PA":1.0,"3P%":0.0,"FTM":0.0,"FTA":0.0,"FT%":0.0,"PTS":0.0,"OFF":1.0,"DEF":2.0,"REB":3.0,"AST":0.0,"TO":0.0,"STL":0.0,"BLK":0.0,"STK":0.0,"PF":0.0,"Fls on:":0.0,"+\/-":-1.0,"GW":1.0,"GP":1.0},"E. Geronimo":{"TEAM":"AU","MINS":18.5974358974,"FGM":2.6923076923,"FGA":4.5384615385,"FG%":59.3220338983,"2PM":2.3846153846,"2PA":3.8461538462,"2P%":62.0,"3PM":0.3076923077,"3PA":0.6923076923,"3P%":44.4444444444,"FTM":0.6153846154,"FTA":1.3076923077,"FT%":47.0588235294,"PTS":6.3076923077,"OFF":0.7692307692,"DEF":1.0,"REB":1.7692307692,"AST":1.4615384615,"TO":1.5384615385,"STL":0.3076923077,"BLK":0.2307692308,"STK":0.5384615385,"PF":1.0,"Fls on:":1.0769230769,"+\/-":-0.4615384615,"GW":5.0,"GP":13.0},"G. Borromeo":{"TEAM":"AU","MINS":18.3902777778,"FGM":1.5,"FGA":3.8333333333,"FG%":39.1304347826,"2PM":1.5,"2PA":3.4166666667,"2P%":43.9024390244,"3PM":0.0,"3PA":0.4166666667,"3P%":0.0,"FTM":0.25,"FTA":0.9166666667,"FT%":27.2727272727,"PTS":3.25,"OFF":1.0,"DEF":2.5,"REB":3.5,"AST":2.0,"TO":0.6666666667,"STL":1.0833333333,"BLK":0.0,"STK":1.0833333333,"PF":2.0,"Fls on:":1.1666666667,"+\/-":-0.0833333333,"GW":4.0,"GP":12.0},"J. Camay":{"TEAM":"AU","MINS":14.9736111111,"FGM":1.9166666667,"FGA":3.9166666667,"FG%":48.9361702128,"2PM":1.6666666667,"2PA":2.75,"2P%":60.6060606061,"3PM":0.25,"3PA":1.1666666667,"3P%":21.4285714286,"FTM":0.9166666667,"FTA":1.3333333333,"FT%":68.75,"PTS":5.0,"OFF":0.5,"DEF":1.0833333333,"REB":1.5833333333,"AST":1.3333333333,"TO":1.25,"STL":0.5,"BLK":0.0,"STK":0.5,"PF":1.9166666667,"Fls on:":1.5833333333,"+\/-":1.1666666667,"GW":4.0,"GP":12.0},"J. Capulong":{"TEAM":"AU","MINS":24.1166666667,"FGM":2.0,"FGA":7.0,"FG%":28.5714285714,"2PM":2.0,"2PA":4.0,"2P%":50.0,"3PM":0.0,"3PA":3.0,"3P%":0.0,"FTM":0.0,"FTA":2.0,"FT%":0.0,"PTS":4.0,"OFF":1.0,"DEF":5.0,"REB":6.0,"AST":0.0,"TO":1.0,"STL":3.0,"BLK":1.0,"STK":4.0,"PF":4.0,"Fls on:":2.0,"+\/-":-9.0,"GW":1.0,"GP":1.0},"J. Dela Cruz":{"TEAM":"AU","MINS":2.3333333333,"FGM":0.2,"FGA":0.8,"FG%":25.0,"2PM":0.2,"2PA":0.8,"2P%":25.0,"3PM":0.0,"3PA":0.0,"3P%":0.0,"FTM":0.0,"FTA":0.2,"FT%":0.0,"PTS":0.4,"OFF":0.0,"DEF":0.2,"REB":0.2,"AST":0.2,"TO":0.2,"STL":0.0,"BLK":0.0,"STK":0.0,"PF":0.4,"Fls on:":0.2,"+\/-":-2.8,"GW":2.0,"GP":5.0},"J. Espiritu":{"TEAM":"AU","MINS":2.1138888889,"FGM":0.0,"FGA":0.5,"FG%":0.0,"2PM":0.0,"2PA":0.5,"2P%":0.0,"3PM":0.0,"3PA":0.0,"3P%":0.0,"FTM":0.0,"FTA":0.0,"FT%":0.0,"PTS":0.0,"OFF":0.0,"DEF":0.1666666667,"REB":0.1666666667,"AST":0.5,"TO":0.1666666667,"STL":0.0,"BLK":0.0,"STK":0.0,"PF":0.5,"Fls on:":0.0,"+\/-":-3.1666666667,"GW":0.0,"GP":6.0},"J. Hernal":{"TEAM":"AU","MINS":19.45,"FGM":1.0,"FGA":7.0,"FG%":14.2857142857,"2PM":1.0,"2PA":5.0,"2P%":20.0,"3PM":0.0,"3PA":2.0,"3P%":0.0,"FTM":3.0,"FTA":4.0,"FT%":75.0,"PTS":5.0,"OFF":4.0,"DEF":2.0,"REB":6.0,"AST":2.0,"TO":2.0,"STL":2.0,"BLK":1.0,"STK":3.0,"PF":3.0,"Fls on:":4.0,"+\/-":13.0,"GW":1.0,"GP":1.0},"C. Libang":{"TEAM":"AU","MINS":1.9,"FGM":0.0,"FGA":1.0,"FG%":0.0,"2PM":0.0,"2PA":1.0,"2P%":0.0,"3PM":0.0,"3PA":0.0,"3P%":0.0,"FTM":0.0,"FTA":0.0,"FT%":0.0,"PTS":0.0,"OFF":0.0,"DEF":0.0,"REB":0.0,"AST":0.0,"TO":0.0,"STL":0.0,"BLK":0.0,"STK":0.0,"PF":1.0,"Fls on:":0.0,"+\/-":-3.0,"GW":1.0,"GP":1.0},"J. Libang":{"TEAM":"AU","MINS":6.9757575758,"FGM":1.0,"FGA":2.2727272727,"FG%":44.0,"2PM":1.0,"2PA":2.0909090909,"2P%":47.8260869565,"3PM":0.0,"3PA":0.1818181818,"3P%":0.0,"FTM":0.0909090909,"FTA":0.5454545455,"FT%":16.6666666667,"PTS":2.0909090909,"OFF":0.6363636364,"DEF":0.9090909091,"REB":1.5454545455,"AST":0.2727272727,"TO":0.4545454545,"STL":0.3636363636,"BLK":0.0,"STK":0.3636363636,"PF":1.0909090909,"Fls on:":0.8181818182,"+\/-":-1.3636363636,"GW":4.0,"GP":11.0},"L. Capulong":{"TEAM":"AU","MINS":24.3791666667,"FGM":4.8333333333,"FGA":10.6666666667,"FG%":45.3125,"2PM":4.25,"2PA":8.5,"2P%":50.0,"3PM":0.5833333333,"3PA":2.1666666667,"3P%":26.9230769231,"FTM":2.6666666667,"FTA":5.0833333333,"FT%":52.4590163934,"PTS":12.9166666667,"OFF":1.6666666667,"DEF":4.25,"REB":5.9166666667,"AST":0.9166666667,"TO":0.8333333333,"STL":0.9166666667,"BLK":0.9166666667,"STK":1.8333333333,"PF":2.9166666667,"Fls on:":5.0833333333,"+\/-":-3.4166666667,"GW":4.0,"GP":12.0},"M. Vinoya":{"TEAM":"AU","MINS":25.8512820513,"FGM":4.1538461538,"FGA":9.6153846154,"FG%":43.2,"2PM":2.9230769231,"2PA":5.6923076923,"2P%":51.3513513514,"3PM":1.2307692308,"3PA":3.9230769231,"3P%":31.3725490196,"FTM":1.5384615385,"FTA":2.8461538462,"FT%":54.0540540541,"PTS":11.0769230769,"OFF":0.6153846154,"DEF":4.1538461538,"REB":4.7692307692,"AST":1.7692307692,"TO":2.0769230769,"STL":1.2307692308,"BLK":0.1538461538,"STK":1.3846153846,"PF":2.3076923077,"Fls on:":2.3076923077,"+\/-":1.3846153846,"GW":5.0,"GP":13.0},"R. Abiera":{"TEAM":"AU","MINS":12.7055555555,"FGM":1.9166666667,"FGA":6.3333333333,"FG%":30.2631578947,"2PM":0.75,"2PA":2.3333333333,"2P%":32.1428571429,"3PM":1.1666666667,"3PA":4.0,"3P%":29.1666666667,"FTM":1.4166666667,"FTA":2.0,"FT%":70.8333333333,"PTS":6.4166666667,"OFF":0.25,"DEF":1.25,"REB":1.5,"AST":0.5833333333,"TO":1.0,"STL":0.5,"BLK":0.0833333333,"STK":0.5833333333,"PF":1.1666666667,"Fls on:":1.1666666667,"+\/-":-3.25,"GW":5.0,"GP":12.0},"T. Ongotan":{"TEAM":"AU","MINS":29.2333333333,"FGM":4.0,"FGA":14.0,"FG%":28.5714285714,"2PM":4.0,"2PA":9.0,"2P%":44.4444444444,"3PM":0.0,"3PA":5.0,"3P%":0.0,"FTM":3.0,"FTA":6.0,"FT%":50.0,"PTS":11.0,"OFF":3.0,"DEF":4.0,"REB":7.0,"AST":2.0,"TO":3.0,"STL":1.0,"BLK":1.0,"STK":2.0,"PF":2.0,"Fls on:":5.0,"+\/-":7.0,"GW":1.0,"GP":1.0},"T. Valencia":{"TEAM":"AU","MINS":23.5944444445,"FGM":3.9166666667,"FGA":10.1666666667,"FG%":38.5245901639,"2PM":3.4166666667,"2PA":7.8333333333,"2P%":43.6170212766,"3PM":0.5,"3PA":2.3333333333,"3P%":21.4285714286,"FTM":1.9166666667,"FTA":3.6666666667,"FT%":52.2727272727,"PTS":10.25,"OFF":1.0,"DEF":2.8333333333,"REB":3.8333333333,"AST":1.8333333333,"TO":1.5,"STL":1.0833333333,"BLK":0.25,"STK":1.3333333333,"PF":2.0,"Fls on:":2.9166666667,"+\/-":-3.0833333333,"GW":4.0,"GP":12.0},"W. Miller":{"TEAM":"AU","MINS":8.9545454546,"FGM":1.1818181818,"FGA":3.0909090909,"FG%":38.2352941176,"2PM":1.0909090909,"2PA":2.6363636364,"2P%":41.3793103448,"3PM":0.0909090909,"3PA":0.4545454545,"3P%":20.0,"FTM":0.1818181818,"FTA":0.2727272727,"FT%":66.6666666667,"PTS":2.6363636364,"OFF":0.6363636364,"DEF":1.0909090909,"REB":1.7272727273,"AST":0.3636363636,"TO":0.5454545455,"STL":0.4545454545,"BLK":0.0,"STK":0.4545454545,"PF":0.5454545455,"Fls on:":0.7272727273,"+\/-":-0.2727272727,"GW":3.0,"GP":11.0},"X. Estacio":{"TEAM":"AU","MINS":3.7904761905,"FGM":0.2857142857,"FGA":0.8571428571,"FG%":33.3333333333,"2PM":0.2857142857,"2PA":0.8571428571,"2P%":33.3333333333,"3PM":0.0,"3PA":0.0,"3P%":0.0,"FTM":0.2857142857,"FTA":0.5714285714,"FT%":50.0,"PTS":0.8571428571,"OFF":0.1428571429,"DEF":0.5714285714,"REB":0.7142857143,"AST":0.0,"TO":0.1428571429,"STL":0.1428571429,"BLK":0.0,"STK":0.1428571429,"PF":0.7142857143,"Fls on:":0.7142857143,"+\/-":-2.2857142857,"GW":1.0,"GP":7.0},"Y. Camay":{"TEAM":"AU","MINS":10.0333333333,"FGM":0.0,"FGA":1.0,"FG%":0.0,"2PM":0.0,"2PA":1.0,"2P%":0.0,"3PM":0.0,"3PA":0.0,"3P%":0.0,"FTM":0.0,"FTA":0.0,"FT%":0.0,"PTS":0.0,"OFF":0.0,"DEF":0.0,"REB":0.0,"AST":1.0,"TO":1.0,"STL":1.0,"BLK":0.0,"STK":1.0,"PF":1.0,"Fls on:":0.0,"+\/-":0.0,"GW":1.0,"GP":1.0},"K. Flores":{"TEAM":"AU","MINS":8.1458333333,"FGM":1.5,"FGA":4.25,"FG%":35.2941176471,"2PM":1.25,"2PA":3.0,"2P%":41.6666666667,"3PM":0.25,"3PA":1.25,"3P%":20.0,"FTM":0.0,"FTA":0.25,"FT%":0.0,"PTS":3.25,"OFF":0.5,"DEF":0.25,"REB":0.75,"AST":0.0,"TO":0.25,"STL":0.25,"BLK":0.25,"STK":0.5,"PF":1.5,"Fls on:":0.25,"+\/-":-5.75,"GW":2.0,