{"L. Capulong":{"TEAM":"AU","MINS":24.3791666667,"FGM":5.9477012476,"FGA":13.1259613741,"FG%":45.3125,"2PM":5.229875235,"2PA":10.45975047,"2P%":50.0,"3PM":0.7178260126,"3PA":2.6662109041,"3P%":26.9230769231,"FTM":3.2814903435,"FTA":6.2553409674,"FT%":52.4590163934,"PTS":15.8947188515,"OFF":2.0509314647,"DEF":5.229875235,"REB":7.2808066997,"AST":1.1280123056,"TO":1.0254657324,"STL":1.1280123056,"BLK":1.1280123056,"STK":2.2560246112,"PF":3.5891300632,"Fls on:":6.2553409674,"+\/-":-4.2044095026,"GW":4.0,"GP":12.0},"J. Ongotan":{"TEAM":"AU","MINS":24.0875,"FGM":5.500778412,"FGA":14.5303580695,"FG%":37.8571428571,"2PM":4.9818370524,"2PA":10.7939802802,"2P%":46.1538461538,"3PM":0.5189413596,"3PA":3.7363777893,"3P%":13.8888888889,"FTM":3.2174364297,"FTA":4.2553191489,"FT%":75.6097560976,"PTS":14.7379346134,"OFF":3.0098598858,"DEF":3.6325895174,"REB":6.6424494032,"AST":2.6984950701,"TO":1.8681888947,"STL":2.2833419824,"BLK":0.5189413596,"STK":2.802283342,"PF":2.9060716139,"Fls on:":3.8401660612,"+\/-":-0.5189413596,"GW":4.0,"GP":12.0},"R. Abiera":{"TEAM":"AU","MINS":12.044117647,"FGM":3.956043956,"FGA":15.0915750916,"FG%":26.213592233,"2PM":1.7582417582,"2PA":5.7142857143,"2P%":30.7692307692,"3PM":2.1978021978,"3PA":9.3772893773,"3P%":23.4375,"FTM":3.5164835165,"FTA":4.9816849817,"FT%":70.5882352941,"PTS":13.6263736264,"OFF":1.0256410256,"DEF":2.7838827839,"REB":3.8095238095,"AST":1.7582417582,"TO":2.0512820513,"STL":1.1721611722,"BLK":0.293040293,"STK":1.4652014652,"PF":2.1978021978,"Fls on:":2.7838827839,"+\/-":-8.9377289377,"GW":7.0,"GP":17.0},"C. Libang":{"TEAM":"AU","MINS":4.0694444444,"FGM":6.1433447099,"FGA":13.5153583618,"FG%":45.4545454545,"2PM":6.1433447099,"2PA":13.5153583618,"2P%":45.4545454545,"3PM":0.0,"3PA":0.0,"3P%":0.0,"FTM":1.228668942,"FTA":3.6860068259,"FT%":33.3333333333,"PTS":13.5153583618,"OFF":4.9146757679,"DEF":3.6860068259,"REB":8.6006825939,"AST":2.457337884,"TO":1.228668942,"STL":4.9146757679,"BLK":0.0,"STK":4.9146757679,"PF":6.1433447099,"Fls on:":2.457337884,"+\/-":-18.4300341297,"GW":3.0,"GP":6.0},"T. Valencia":{"TEAM":"AU","MINS":23.5944444445,"FGM":4.9799858724,"FGA":12.9267718389,"FG%":38.5245901639,"2PM":4.3442429951,"2PA":9.9599717448,"2P%":43.6170212766,"3PM":0.6357428773,"3PA":2.9668000942,"3P%":21.4285714286,"FTM":2.4370143631,"FTA":4.6621144337,"FT%":52.2727272727,"PTS":13.0327289852,"OFF":1.2714857547,"DEF":3.6025429715,"REB":4.8740287262,"AST":2.3310572169,"TO":1.907228632,"STL":1.3774429009,"BLK":0.3178714387,"STK":1.6953143395,"PF":2.5429715093,"Fls on:":3.7085001177,"+\/-":-3.9204144102,"GW":4.0,"GP":12.0},"B. Valencia":{"TEAM":"AU","MINS":28.2966666667,"FGM":4.4528212982,"FGA":13.7825421133,"FG%":32.3076923077,"2PM":3.6046648604,"2PA":9.1176817057,"2P%":39.5348837209,"3PM":0.8481564377,"3PA":4.6648604076,"3P%":18.1818181818,"FTM":2.7565084227,"FTA":4.2407821887,"FT%":65.0,"PTS":12.5103074567,"OFF":2.1203910944,"DEF":2.7565084227,"REB":4.876899517,"AST":3.1805866415,"TO":1.9083519849,"STL":2.3324302038,"BLK":0.2120391094,"STK":2.5444693132,"PF":2.1203910944,"Fls on:":4.0287430793,"+\/-":-3.392625751,"GW":3.0,"GP":5.0},"J. De Leon":{"TEAM":"AU","MINS":4.8083333333,"FGM":6.239168111,"FGA":12.4783362219,"FG%":50.0,"2PM":6.239168111,"2PA":9.3587521664,"2P%":66.6666666667,"3PM":0.0,"3PA":3.1195840555,"3P%":0.0,"FTM":0.0,"FTA":0.0,"FT%":0.0,"PTS":12.4783362219,"OFF":3.1195840555,"DEF":6.239168111,"REB":9.3587521664,"AST":12.4783362219,"TO":9.3587521664,"STL":6.239168111,"BLK":0.0,"STK":6.239168111,"PF":6.239168111,"Fls on:":3.1195840555,"+\/-":18.7175043329,"GW":1.0,"GP":2.0},"T. Ongotan":{"TEAM":"AU","MINS":27.3138888889,"FGM":4.0272551612,"FGA":12.6309366419,"FG%":31.884057971,"2PM":3.8441981084,"2PA":9.5189667446,"2P%":40.3846153846,"3PM":0.1830570528,"3PA":3.1119698973,"3P%":5.8823529412,"FTM":3.6611410556,"FTA":6.0408827418,"FT%":60.6060606061,"PTS":11.8987084308,"OFF":2.7458557917,"DEF":4.9425404251,"REB":7.6883962168,"AST":1.0983423167,"TO":2.0136275806,"STL":1.647513475,"BLK":0.9152852639,"STK":2.5627987389,"PF":2.9289128445,"Fls on:":4.7594833723,"+\/-":-1.0983423167,"GW":3.0,"GP":6.0},"M. Vinoya":{"TEAM":"AU","MINS":24.2712962963,"FGM":4.3947659558,"FGA":10.8495784534,"FG%":40.5063291139,"2PM":3.2274062488,"2PA":6.3861442796,"2P%":50.5376344086,"3PM":1.167359707,"3PA":4.4634341739,"3P%":26.1538461538,"FTM":1.7167054515,"FTA":3.2960744669,"FT%":52.0833333333,"PTS":11.6735970702,"OFF":0.7553503987,"DEF":4.4634341739,"REB":5.2187845725,"AST":2.0600465418,"TO":2.266051196,"STL":1.3046961431,"BLK":0.3433410903,"STK":1.6480372334,"PF":2.8840651585,"Fls on:":2.8153969404,"+\/-":0.0,"GW":7.0,"GP":18.0},"J. Capulong":{"TEAM":"AU","MINS":27.4305555556,"FGM":3.4632911392,"FGA":10.2075949367,"FG%":33.9285714286,"2PM":3.2810126582,"2PA":8.0202531646,"2P%":40.9090909091,"3PM":0.182278481,"3PA":2.1873417722,"3P%":8.3333333333,"FTM":3.4632911392,"FTA":6.9265822785,"FT%":50.0,"PTS":10.5721518987,"OFF":1.8227848101,"DEF":6.7443037975,"REB":8.5670886076,"AST":1.6405063291,"TO":2.0050632911,"STL":2.0050632911,"BLK":1.2759493671,"STK":3.2810126582,"PF":3.0987341772,"Fls on:":4.5569620253,"+\/-":-0.546835443,"GW":3.0,"GP":6.0},"J. Hernal":{"TEAM":"AU","MINS":16.7361111111,"FGM":3.2863070539,"FGA":8.9626556017,"FG%":36.6666666667,"2PM":2.6887966805,"2PA":7.468879668,"2P%":36.0,"3PM":0.5975103734,"3PA":1.4937759336,"3P%":40.0,"FTM":3.2863070539,"FTA":6.5726141079,"FT%":50.0,"PTS":10.4564315353,"OFF":4.4813278008,"DEF":3.2863070539,"REB":7.7676348548,"AST":0.8962655602,"TO":1.1950207469,"STL":0.5975103734,"BLK":0.8962655602,"STK":1.4937759336,"PF":3.5850622407,"Fls on:":4.4813278008,"+\/-":0.2987551867,"GW":3.0,"GP":6.0},"Y. Camay":{"TEAM":"AU","MINS":12.3277777778,"FGM":2.8391167192,"FGA":8.111762055,"FG%":35.0,"2PM":2.0279405137,"2PA":4.4614691302,"2P%":45.4545454545,"3PM":0.8111762055,"3PA":3.6502929247,"3P%":22.2222222222,"FTM":3.6502929247,"FTA":5.6782334385,"FT%":64.2857142857,"PTS":10.1397025687,"OFF":0.0,"DEF":1.2167643082,"REB":1.2167643082,"AST":4.0558810275,"TO":2.8391167192,"STL":0.4055881027,"BLK":0.4055881027,"STK":0.8111762055,"PF":3.244704822,"Fls on:":4.867057233,"+\/-":-2.4335286165,"GW":3.0,"GP":6.0},"J. Camay":{"TEAM":"AU","MINS":14.9736111111,"FGM":3.8400890455,"FGA":7.8471384844,"FG%":48.9361702128,"2PM":3.3392078657,"2PA":5.5096929784,"2P%":60.6060606061,"3PM":0.5008811799,"3PA":2.337445506,"3P%":21.4285714286,"FTM":1.8365643261,"FTA":2.6713662926,"FT%":68.75,"PTS":10.0176235971,"OFF":1.0017623597,"DEF":2.1704851127,"REB":3.1722474724,"AST":2.6713662926,"TO":2.5044058993,"STL":1.0017623597,"BLK":0.0,"STK":1.0017623597,"PF":3.8400890455,"Fls on:":3.1722474724,"+\/-":2.337445506,"GW":4.0,"GP":12.0},"C. Hernal":{"TEAM":"AU","MINS":16.7181818182,"FGM":3.2626427406,"FGA":8.1566068515,"FG%":40.0,"2PM":3.2626427406,"2PA":7.5040783034,"2P%":43.4782608696,"3PM":0.0,"3PA":0.6525285481,"3P%":0.0,"FTM":3.4257748776,"FTA":5.8727569331,"FT%":58.3333333333,"PTS":9.9510603589,"OFF":3.9151712887,"DEF":5.220228385,"REB":9.1353996737,"AST":2.4469820555,"TO":1.4681892333,"STL":1.9575856444,"BLK":1.4681892333,"STK":3.4257748776,"PF":4.5676998369,"Fls on:":4.2414355628,"+\/-":-0.4893964111,"GW":4.0,"GP":11.0},"K. Flores":{"TEAM":"AU","MINS":5.6619047619,"FGM":4.5416316232,"FGA":14.3818334735,"FG%":31.5789473684,"2PM":3.7846930193,"2PA":9.8402018503,"2P%":38.4615384615,"3PM":0.7569386039,"3PA":4.5416316232,"3P%":16.6666666667,"FTM":0.0,"FTA":0.7569386039,"FT%":0.0,"PTS":9.8402018503,"OFF":2.2708158116,"DEF":0.7569386039,"REB":3.0277544155,"AST":0.7569386039,"TO":1.5138772077,"STL":0.7569386039,"BLK":0.7569386039,"STK":1.5138772077,"PF":4.5416316232,"Fls on:":0.7569386039,"+\/-":-16.6526492851,"GW":4.0,"GP":7.0},"E. Geronimo":{"TEAM":"AU","MINS":20.8351851852,"FGM":4.0796373656,"FGA":7.9992889521,"FG%":51.0,"2PM":3.679672918,"2PA":6.4794240512,"2P%":56.7901234568,"3PM":0.3999644476,"3PA":1.5198649009,"3P%":26.3157894737,"FTM":1.2798862323,"FTA":2.2398009066,"FT%":57.1428571429,"PTS":9.8391254111,"OFF":1.2798862323,"DEF":2.1598080171,