{"J. Capulong":{"TEAM":"AU","MINS":25.3962962963,"FGM":4.2777777778,"FGA":10.2222222222,"FG%":41.847826087,"2PM":3.8333333333,"2PA":8.1111111111,"2P%":47.2602739726,"3PM":0.4444444444,"3PA":2.1111111111,"3P%":21.0526315789,"FTM":2.8333333333,"FTA":5.5,"FT%":51.5151515152,"PTS":11.8333333333,"OFF":1.6666666667,"DEF":4.8888888889,"REB":6.5555555556,"AST":1.1111111111,"TO":1.1666666667,"STL":1.2222222222,"BLK":1.0,"STK":2.2222222222,"PF":2.8888888889,"Fls on:":4.7777777778,"+\/-":-2.4444444444,"GW":7.0,"GP":18.0},"T. Ongotan":{"TEAM":"AU","MINS":25.162962963,"FGM":4.1666666667,"FGA":11.6111111111,"FG%":35.8851674641,"2PM":3.8333333333,"2PA":8.6666666667,"2P%":44.2307692308,"3PM":0.3333333333,"3PA":2.9444444444,"3P%":11.320754717,"FTM":2.8333333333,"FTA":4.1111111111,"FT%":68.9189189189,"PTS":11.5,"OFF":2.4444444444,"DEF":3.4444444444,"REB":5.8888888889,"AST":1.7777777778,"TO":1.6111111111,"STL":1.7222222222,"BLK":0.5555555556,"STK":2.2777777778,"PF":2.4444444444,"Fls on:":3.5,"+\/-":-0.6111111111,"GW":7.0,"GP":18.0},"S. Valencia":{"TEAM":"AU","MINS":24.9774509804,"FGM":4.0,"FGA":11.0,"FG%":36.3636363636,"2PM":3.4117647059,"2PA":8.0588235294,"2P%":42.3357664234,"3PM":0.5882352941,"3PA":2.9411764706,"3P%":20.0,"FTM":2.1176470588,"FTA":3.7647058824,"FT%":56.25,"PTS":10.7058823529,"OFF":1.2941176471,"DEF":2.7647058824,"REB":4.0588235294,"AST":2.1764705882,"TO":1.5882352941,"STL":1.4117647059,"BLK":0.2352941176,"STK":1.6470588235,"PF":2.0,"Fls on:":3.1764705882,"+\/-":-3.1176470588,"GW":7.0,"GP":17.0},"K. Vinoya":{"TEAM":"AU","MINS":24.2712962963,"FGM":3.5555555556,"FGA":8.7777777778,"FG%":40.5063291139,"2PM":2.6111111111,"2PA":5.1666666667,"2P%":50.5376344086,"3PM":0.9444444444,"3PA":3.6111111111,"3P%":26.1538461538,"FTM":1.3888888889,"FTA":2.6666666667,"FT%":52.0833333333,"PTS":9.4444444444,"OFF":0.6111111111,"DEF":3.6111111111,"REB":4.2222222222,"AST":1.6666666667,"TO":1.8333333333,"STL":1.0555555556,"BLK":0.2777777778,"STK":1.3333333333,"PF":2.3333333333,"Fls on:":2.2777777778,"+\/-":0.0,"GW":7.0,"GP":18.0},"E. Geronimo":{"TEAM":"AU","MINS":20.8351851852,"FGM":2.8333333333,"FGA":5.5555555556,"FG%":51.0,"2PM":2.5555555556,"2PA":4.5,"2P%":56.7901234568,"3PM":0.2777777778,"3PA":1.0555555556,"3P%":26.3157894737,"FTM":0.8888888889,"FTA":1.5555555556,"FT%":57.1428571429,"PTS":6.8333333333,"OFF":0.8888888889,"DEF":1.5,"REB":2.3888888889,"AST":1.8888888889,"TO":1.5,"STL":0.7777777778,"BLK":0.1666666667,"STK":0.9444444444,"PF":1.1666666667,"Fls on:":1.2222222222,"+\/-":0.1666666667,"GW":7.0,"GP":18.0},"J. Hernal":{"TEAM":"AU","MINS":16.7245098039,"FGM":1.8235294118,"FGA":4.7058823529,"FG%":38.75,"2PM":1.7058823529,"2PA":4.1764705882,"2P%":40.8450704225,"3PM":0.1176470588,"3PA":0.5294117647,"3P%":22.2222222222,"FTM":1.8823529412,"FTA":3.4117647059,"FT%":55.1724137931,"PTS":5.6470588235,"OFF":2.2941176471,"DEF":2.5294117647,"REB":4.8235294118,"AST":1.0588235294,"TO":0.7647058824,"STL":0.8235294118,"BLK":0.7058823529,"STK":1.5294117647,"PF":2.3529411765,"Fls on:":2.4117647059,"+\/-":-0.1176470588,"GW":7.0,"GP":17.0},"R. Abiera":{"TEAM":"AU","MINS":12.044117647,"FGM":1.5882352941,"FGA":6.0588235294,"FG%":26.213592233,"2PM":0.7058823529,"2PA":2.2941176471,"2P%":30.7692307692,"3PM":0.8823529412,"3PA":3.7647058824,"3P%":23.4375,"FTM":1.4117647059,"FTA":2.0,"FT%":70.5882352941,"PTS":5.4705882353,"OFF":0.4117647059,"DEF":1.1176470588,"REB":1.5294117647,"AST":0.7058823529,"TO":0.8235294118,"STL":0.4705882353,"BLK":0.1176470588,"STK":0.5882352941,"PF":0.8823529412,"Fls on:":1.1176470588,"+\/-":-3.5882352941,"GW":7.0,"GP":17.0},"Y. Camay":{"TEAM":"AU","MINS":14.0916666667,"FGM":1.6666666667,"FGA":3.7222222222,"FG%":44.776119403,"2PM":1.3888888889,"2PA":2.4444444444,"2P%":56.8181818182,"3PM":0.2777777778,"3PA":1.2777777778,"3P%":21.7391304348,"FTM":1.1111111111,"FTA":1.6666666667,"FT%":66.6666666667,"PTS":4.7222222222,"OFF":0.3333333333,"DEF":0.8888888889,"REB":1.2222222222,"AST":1.4444444444,"TO":1.2222222222,"STL":0.3888888889,"BLK":0.0555555556,"STK":0.4444444444,"PF":1.7222222222,"Fls on:":1.7222222222,"+\/-":0.4444444444,"GW":7.0,"GP":18.0},"A. Borromeo":{"TEAM":"AU","MINS":18.2453703704,"FGM":1.6111111111,"FGA":3.7777777778,"FG%":42.6470588235,"2PM":1.6111111111,"2PA":3.3333333333,"2P%":48.3333333333,"3PM":0.0,"3PA":0.4444444444,"3P%":0.0,"FTM":0.3888888889,"FTA":1.0555555556,"FT%":36.8421052632,"PTS":3.6111111111,"OFF":1.1666666667,"DEF":2.4444444444,"REB":3.6111111111,"AST":1.5555555556,"TO":0.7777777778,"STL":1.0,"BLK":0.0555555556,"STK":1.0555555556,"PF":2.0,"Fls on:":1.4444444444,"+\/-":0.5555555556,"GW":7.0,"GP":18.0},"W. Miller":{"TEAM":"AU","MINS":7.7019607843,"FGM":0.8235294118,"FGA":2.3529411765,"FG%":35.0,"2PM":0.7058823529,"2PA":1.8235294118,"2P%":38.7096774194,"3PM":0.1176470588,"3PA":0.5294117647,"3P%":22.2222222222,"FTM":0.5294117647,"FTA":0.7647058824,"FT%":69.2307692308,"PTS":2.2941176471,"OFF":0.5294117647,"DEF":0.9411764706,"REB":1.4705882353,"AST":0.2352941176,"TO":0.3529411765,"STL":0.2941176471,"BLK":0.0,"STK":0.2941176471,"PF":0.4117647059,"Fls on:":0.8235294118,"+\/-":-1.4705882353,"GW":6.0,"GP":17.0},"C. Libang":{"TEAM":"AU","MINS":5.95,"FGM":0.9411764706,"FGA":2.1176470588,"FG%":44.4444444444,"2PM":0.9411764706,"2PA":2.0,"2P%":47.0588235294,"3PM":0.0,"3PA":0.1176470588,"3P%":0.0,"FTM":0.1176470588,"FTA":0.5294117647,"FT%":22.2222222222,"PTS":2.0,"OFF":0.6470588235,"DEF":0.7647058824,"REB":1.4117647059,"AST":0.2941176471,"TO":0.3529411765,"STL":0.4705882353,"BLK":0.0,"STK":0.4705882353,"PF":1.0,"Fls on:":0.6470588235,"+\/-":-1.7647058824,"GW":7.0,"GP":17.0},"K. Flores":{"TEAM":"AU","MINS":5.6619047619,"FGM":0.8571428571,"FGA":2.7142857143,"FG%":31.5789473684,"2PM":0.7142857143,"2PA":1.8571428571,"2P%":38.4615384615,"3PM":0.1428571429,"3PA":0.8571428571,"3P%":16.6666666667,"FTM":0.0,"FTA":0.1428571429,"FT%":0.0,"PTS":1.8571428571,"OFF":0.4285714286,"DEF":0.1428571429,"REB":0.5714285714,"AST":0.1428571429,"TO":0.2857142857,"STL":0.1428571429,"BLK":0.1428571429,"STK":0.2857142857,"PF":0.8571428571,"Fls on:":0.1428571429,"+\/-":-3.1428571429,"GW":4.0,"GP":7.0},"J. De Leon":{"TEAM":"AU","MINS":4.6333333333,"FGM":0.5,"FGA":1.125,"FG%":44.4444444444,"2PM":0.375,"2PA":0.625,"2P%":60.0,"3PM":0.125,"3PA":0.5,"3P%":25.0,"FTM":0.375,"FTA":0.5,"FT%":75.0,"PTS":1.5,"OFF":0.25,"DEF":0.5,"REB":0.75,"AST":1.125,"TO":0.625,"STL":0.625,"BLK":0.0,"STK":0.625,"PF":0.625,"Fls on:":0.625,"+\/-":0.875,"GW":2.0,"GP":8.0},"A. Acop":{"TEAM":"AU","MINS":5.05,"FGM":0.3333333333,"FGA":1.4444444444,"FG%":23.0769230769,"2PM":0.3333333333,"2PA":1.1111111111,"2P%":30.0,"3PM":0.0,"3PA":0.3333333333,"3P%":0.0,"FTM":0.3333333333,"FTA":0.4444444444,"FT%":75.0,"PTS":1.0,"OFF":0.5555555556,"DEF":0.4444444444,"REB":1.0,"AST":0.8888888889,"TO":0.1111111111,"STL":0.3333333333,"BLK":0.0,"STK":0.3333333333,"PF":0.4444444444,"Fls on:":0.5555555556,"+\/-":1.0,"GW":1.0,"GP":9.0},"A. Estacio":{"TEAM":"AU","MINS":3.93125,"FGM":0.25,"FGA":0.75,"FG%":33.3333333333,"2PM":0.25,"2PA":0.75,"2P%":33.3333333333,"3PM":0.0,"3PA":0.0,"3P%":0.0,"FTM":0.25,"FTA":0.5,"FT%":50.0,"PTS":0.75,"OFF":0.125,"DEF":0.625,"REB":0.75,"AST":0.0,"TO":0.125,"STL":0.125,"BLK":0.125,"STK":0.25,"PF":0.625,"Fls on:":0.625,"+\/-":-3.5,"GW":1.0,"GP":8.0},"B. Rosalin":{"TEAM":"AU","MINS":2.9833333333,"FGM":0.25,"FGA":0.75,"FG%":33.3333333333,"2PM":0.25,"2PA":0.75,"2P%":33.3333333333,"3PM":0.0,"3PA":0.0,"3P%":0.0,"FTM":0.0,"FTA":0.0,"FT%":0.0,"PTS":0.5,"OFF":0.0,"DEF":0.25,"REB":0.25,"AST":0.25,"TO":0.0,"STL":0.0,"BLK":0.25,"STK":0.25,"PF":0.5,"Fls on:":0.0,"+\/-":-4.75,"GW":2.0,"GP":4.0},"J. Dela Cruz":{"TEAM":"AU","MINS":2.3333333333,"FGM":0.2,"FGA":0.8,"FG%":25.0,"2PM":0.2,"2PA":0.8,"2P%":25.0,"3PM":0.0,"3PA":0.0,"3P%":0.0,"FTM":0.0,"FTA":0.2,"FT%":0.0,"PTS":0.4,"OFF":0.0,"DEF":0.2,"REB":0.2,"AST":0.2,"TO":0.2,"STL":0.0,"BLK":0.0,"STK":0.0,"PF":0.4,"Fls on:":0.2,"+\/-":-2.8,"GW":2.0,"GP":5.0},"J. Espiritu":{"TEAM":"AU","MINS":2.5791666666,"FGM":0.125,"FGA":0.75,"FG%":16.6666666667,"2PM":0.0,"2PA":0.5,"2P%":0.0,"3PM":0.125,