{"L. Capulong":{"TEAM":"AU","MINS":24.3791666667,"FGM":4.8333333333,"FGA":10.6666666667,"FG%":45.3125,"2PM":4.25,"2PA":8.5,"2P%":50.0,"3PM":0.5833333333,"3PA":2.1666666667,"3P%":26.9230769231,"FTM":2.6666666667,"FTA":5.0833333333,"FT%":52.4590163934,"PTS":12.9166666667,"OFF":1.6666666667,"DEF":4.25,"REB":5.9166666667,"AST":0.9166666667,"TO":0.8333333333,"STL":0.9166666667,"BLK":0.9166666667,"STK":1.8333333333,"PF":2.9166666667,"Fls on:":5.0833333333,"+\/-":-3.4166666667,"GW":4.0,"GP":12.0},"J. Ongotan":{"TEAM":"AU","MINS":24.0875,"FGM":4.4166666667,"FGA":11.6666666667,"FG%":37.8571428571,"2PM":4.0,"2PA":8.6666666667,"2P%":46.1538461538,"3PM":0.4166666667,"3PA":3.0,"3P%":13.8888888889,"FTM":2.5833333333,"FTA":3.4166666667,"FT%":75.6097560976,"PTS":11.8333333333,"OFF":2.4166666667,"DEF":2.9166666667,"REB":5.3333333333,"AST":2.1666666667,"TO":1.5,"STL":1.8333333333,"BLK":0.4166666667,"STK":2.25,"PF":2.3333333333,"Fls on:":3.0833333333,"+\/-":-0.4166666667,"GW":4.0,"GP":12.0},"B. Valencia":{"TEAM":"AU","MINS":28.2966666667,"FGM":4.2,"FGA":13.0,"FG%":32.3076923077,"2PM":3.4,"2PA":8.6,"2P%":39.5348837209,"3PM":0.8,"3PA":4.4,"3P%":18.1818181818,"FTM":2.6,"FTA":4.0,"FT%":65.0,"PTS":11.8,"OFF":2.0,"DEF":2.6,"REB":4.6,"AST":3.0,"TO":1.8,"STL":2.2,"BLK":0.2,"STK":2.4,"PF":2.0,"Fls on:":3.8,"+\/-":-3.2,"GW":3.0,"GP":5.0},"T. Ongotan":{"TEAM":"AU","MINS":27.3138888889,"FGM":3.6666666667,"FGA":11.5,"FG%":31.884057971,"2PM":3.5,"2PA":8.6666666667,"2P%":40.3846153846,"3PM":0.1666666667,"3PA":2.8333333333,"3P%":5.8823529412,"FTM":3.3333333333,"FTA":5.5,"FT%":60.6060606061,"PTS":10.8333333333,"OFF":2.5,"DEF":4.5,"REB":7.0,"AST":1.0,"TO":1.8333333333,"STL":1.5,"BLK":0.8333333333,"STK":2.3333333333,"PF":2.6666666667,"Fls on:":4.3333333333,"+\/-":-1.0,"GW":3.0,"GP":6.0},"T. Valencia":{"TEAM":"AU","MINS":23.5944444445,"FGM":3.9166666667,"FGA":10.1666666667,"FG%":38.5245901639,"2PM":3.4166666667,"2PA":7.8333333333,"2P%":43.6170212766,"3PM":0.5,"3PA":2.3333333333,"3P%":21.4285714286,"FTM":1.9166666667,"FTA":3.6666666667,"FT%":52.2727272727,"PTS":10.25,"OFF":1.0,"DEF":2.8333333333,"REB":3.8333333333,"AST":1.8333333333,"TO":1.5,"STL":1.0833333333,"BLK":0.25,"STK":1.3333333333,"PF":2.0,"Fls on:":2.9166666667,"+\/-":-3.0833333333,"GW":4.0,"GP":12.0},"J. Capulong":{"TEAM":"AU","MINS":27.4305555556,"FGM":3.1666666667,"FGA":9.3333333333,"FG%":33.9285714286,"2PM":3.0,"2PA":7.3333333333,"2P%":40.9090909091,"3PM":0.1666666667,"3PA":2.0,"3P%":8.3333333333,"FTM":3.1666666667,"FTA":6.3333333333,"FT%":50.0,"PTS":9.6666666667,"OFF":1.6666666667,"DEF":6.1666666667,"REB":7.8333333333,"AST":1.5,"TO":1.8333333333,"STL":1.8333333333,"BLK":1.1666666667,"STK":3.0,"PF":2.8333333333,"Fls on:":4.1666666667,"+\/-":-0.5,"GW":3.0,"GP":6.0},"M. Vinoya":{"TEAM":"AU","MINS":24.2712962963,"FGM":3.5555555556,"FGA":8.7777777778,"FG%":40.5063291139,"2PM":2.6111111111,"2PA":5.1666666667,"2P%":50.5376344086,"3PM":0.9444444444,"3PA":3.6111111111,"3P%":26.1538461538,"FTM":1.3888888889,"FTA":2.6666666667,"FT%":52.0833333333,"PTS":9.4444444444,"OFF":0.6111111111,"DEF":3.6111111111,"REB":4.2222222222,"AST":1.6666666667,"TO":1.8333333333,"STL":1.0555555556,"BLK":0.2777777778,"STK":1.3333333333,"PF":2.3333333333,"Fls on:":2.2777777778,"+\/-":0.0,"GW":7.0,"GP":18.0},"E. Geronimo":{"TEAM":"AU","MINS":20.8351851852,"FGM":2.8333333333,"FGA":5.5555555556,"FG%":51.0,"2PM":2.5555555556,"2PA":4.5,"2P%":56.7901234568,"3PM":0.2777777778,"3PA":1.0555555556,"3P%":26.3157894737,"FTM":0.8888888889,"FTA":1.5555555556,"FT%":57.1428571429,"PTS":6.8333333333,"OFF":0.8888888889,"DEF":1.5,"REB":2.3888888889,"AST":1.8888888889,"TO":1.5,"STL":0.7777777778,"BLK":0.1666666667,"STK":0.9444444444,"PF":1.1666666667,"Fls on:":1.2222222222,"+\/-":0.1666666667,"GW":7.0,"GP":18.0},"J. Hernal":{"TEAM":"AU","MINS":16.7361111111,"FGM":1.8333333333,"FGA":5.0,"FG%":36.6666666667,"2PM":1.5,"2PA":4.1666666667,"2P%":36.0,"3PM":0.3333333333,"3PA":0.8333333333,"3P%":40.0,"FTM":1.8333333333,"FTA":3.6666666667,"FT%":50.0,"PTS":5.8333333333,"OFF":2.5,"DEF":1.8333333333,"REB":4.3333333333,"AST":0.5,"TO":0.6666666667,"STL":0.3333333333,"BLK":0.5,"STK":0.8333333333,"PF":2.0,"Fls on:":2.5,"+\/-":0.1666666667,"GW":3.0,"GP":6.0},"C. Hernal":{"TEAM":"AU","MINS":16.7181818182,"FGM":1.8181818182,"FGA":4.5454545455,"FG%":40.0,"2PM":1.8181818182,"2PA":4.1818181818,"2P%":43.4782608696,"3PM":0.0,"3PA":0.3636363636,"3P%":0.0,"FTM":1.9090909091,"FTA":3.2727272727,"FT%":58.3333333333,"PTS":5.5454545455,"OFF":2.1818181818,"DEF":2.9090909091,"REB":5.0909090909,"AST":1.3636363636,"TO":0.8181818182,"STL":1.0909090909,"BLK":0.8181818182,"STK":1.9090909091,"PF":2.5454545455,"Fls on:":2.3636363636,"+\/-":-0.2727272727,"GW":4.0,"GP":11.0},"R. Abiera":{"TEAM":"AU","MINS":12.044117647,"FGM":1.5882352941,"FGA":6.0588235294,"FG%":26.213592233,"2PM":0.7058823529,"2PA":2.2941176471,"2P%":30.7692307692,"3PM":0.8823529412,"3PA":3.7647058824,"3P%":23.4375,"FTM":1.4117647059,"FTA":2.0,"FT%":70.5882352941,"PTS":5.4705882353,"OFF":0.4117647059,"DEF":1.1176470588,"REB":1.5294117647,"AST":0.7058823529,"TO":0.8235294118,"STL":0.4705882353,"BLK":0.1176470588,"STK":0.5882352941,"PF":0.8823529412,"Fls on:":1.1176470588,"+\/-":-3.5882352941,"GW":7.0,"GP":17.0},"J. Camay":{"TEAM":"AU","MINS":14.9736111111,"FGM":1.9166666667,"FGA":3.9166666667,"FG%":48.9361702128,"2PM":1.6666666667,"2PA":2.75,"2P%":60.6060606061,"3PM":0.25,"3PA":1.1666666667,"3P%":21.4285714286,"FTM":0.9166666667,"FTA":1.3333333333,"FT%":68.75,"PTS":5.0,"OFF":0.5,"DEF":1.0833333333,"REB":1.5833333333,"AST":1.3333333333,"TO":1.25,"STL":0.5,"BLK":0.0,"STK":0.5,"PF":1.9166666667,"Fls on:":1.5833333333,"+\/-":1.1666666667,"GW":4.0,"GP":12.0},"A. Borromeo":{"TEAM":"AU","MINS":17.9555555555,"FGM":1.8333333333,"FGA":3.6666666667,"FG%":50.0,"2PM":1.8333333333,"2PA":3.1666666667,"2P%":57.8947368421,"3PM":0.0,"3PA":0.5,"3P%":0.0,"FTM":0.6666666667,"FTA":1.3333333333,"FT%":50.0,"PTS":4.3333333333,"OFF":1.5,"DEF":2.3333333333,"REB":3.8333333333,"AST":0.6666666667,"TO":1.0,"STL":0.8333333333,"BLK":0.1666666667,"STK":1.0,"PF":2.0,"Fls on:":2.0,"+\/-":1.8333333333,"GW":3.0,"GP":6.0},"Y. Camay":{"TEAM":"AU","MINS":12.3277777778,"FGM":1.1666666667,"FGA":3.3333333333,"FG%":35.0,"2PM":0.8333333333,"2PA":1.8333333333,"2P%":45.4545454545,"3PM":0.3333333333,"3PA":1.5,"3P%":22.2222222222,"FTM":1.5,"FTA":2.3333333333,"FT%":64.2857142857,"PTS":4.1666666667,"OFF":0.0,"DEF":0.5,"REB":0.5,"AST":1.6666666667,"TO":1.1666666667,"STL":0.1666666667,"BLK":0.1666666667,"STK":0.3333333333,"PF":1.3333333333,"Fls on:":2.0,"+\/-":-1.0,"GW":3.0,"GP":6.0},"G. Borromeo":{"TEAM":"AU","MINS":18.3902777778,"FGM":1.5,"FGA":3.8333333333,"FG%":39.1304347826,"2PM":1.5,"2PA":3.4166666667,"2P%":43.9024390244,"3PM":0.0,"3PA":0.4166666667,"3P%":0.0,"FTM":0.25,"FTA":0.9166666667,"FT%":27.2727272727,"PTS":3.25,"OFF":1.0,"DEF":2.5,"REB":3.5,"AST":2.0,"TO":0.6666666667,"STL":1.0833333333,"BLK":0.0,"STK":1.0833333333,"PF":2.0,"Fls on:":1.1666666667,"+\/-":-0.0833333333,"GW":4.0,"GP":12.0},"W. Miller":{"TEAM":"AU","MINS":8.9545454546,"FGM":1.1818181818,"FGA":3.0909090909,"FG%":38.2352941176,"2PM":1.0909090909,"2PA":2.6363636364,"2P%":41.3793103448,"3PM":0.0909090909,"3PA":0.4545454545,"3P%":20.0,"FTM":0.1818181818,"FTA":0.2727272727,"FT%":66.6666666667,"PTS":2.6363636364,"OFF":0.6363636364,"DEF":1.0909090909,"REB":1.7272727273,"AST":0.3636363636,"TO":0.5454545455,"STL":0.4545454545,"BLK":0.0,"STK":0.4545454545,"PF":0.5454545455,"Fls on:":0.7272727273,"+\/-":-0.2727272727,"GW":3.0,"GP":11.0},"J. Libang":{"TEAM":"AU","MINS":6.9757575758,"FGM":1.0,"FGA":2.2727272727,"FG%":44.0,"2PM":1.0,"2PA":2.0909090909,"2P%":47.8260869565,"3PM":0.0,"3PA":0.1818181818,"3P%":0.0,"FTM":0.0909090909,"FTA":0.5454545455,"FT%":16.6666666667,"PTS":2.0909090909,"OFF":0.6363636364,"DEF":0.9090909091,"REB":1.5454545455,"AST":0.2727272727,"TO":0.4545454545,"STL":0.3636363636,"BLK":0.0,"STK":0.3636363636,"PF":1.0909090909,"Fls on:":0.8181818182,"+\/-":-1.3636363636,"GW":4.0,"GP":11.0},"J. De Leon":{"TEAM":"AU",