{"A. Acop":{"TEAM":"AU","MINS":5.3833333333,"FGM":2.0897832817,"FGA":9.0557275542,"FG%":23.0769230769,"2PM":2.0897832817,"2PA":6.9659442725,"2P%":30.0,"3PM":0.0,"3PA":2.0897832817,"3P%":0.0,"FTM":2.0897832817,"FTA":2.786377709,"FT%":75.0,"PTS":6.2693498452,"OFF":3.4829721362,"DEF":2.786377709,"REB":6.2693498452,"AST":4.8761609907,"TO":0.6965944272,"STL":2.0897832817,"BLK":0.0,"STK":2.0897832817,"PF":2.786377709,"Fls on:":2.786377709,"+\/-":6.9659442725,"GW":1.0,"GP":8.0},"C. Hernal":{"TEAM":"AU","MINS":16.7181818182,"FGM":3.2626427406,"FGA":8.1566068515,"FG%":40.0,"2PM":3.2626427406,"2PA":7.5040783034,"2P%":43.4782608696,"3PM":0.0,"3PA":0.6525285481,"3P%":0.0,"FTM":3.4257748776,"FTA":5.8727569331,"FT%":58.3333333333,"PTS":9.9510603589,"OFF":3.9151712887,"DEF":5.220228385,"REB":9.1353996737,"AST":2.4469820555,"TO":1.4681892333,"STL":1.9575856444,"BLK":1.4681892333,"STK":3.4257748776,"PF":4.5676998369,"Fls on:":4.2414355628,"+\/-":-0.4893964111,"GW":4.0,"GP":11.0},"J. Dela Cruz":{"TEAM":"AU","MINS":2.3333333333,"FGM":2.5714285714,"FGA":10.2857142857,"FG%":25.0,"2PM":2.5714285714,"2PA":10.2857142857,"2P%":25.0,"3PM":0.0,"3PA":0.0,"3P%":0.0,"FTM":0.0,"FTA":2.5714285714,"FT%":0.0,"PTS":5.1428571428,"OFF":0.0,"DEF":2.5714285714,"REB":2.5714285714,"AST":2.5714285714,"TO":2.5714285714,"STL":0.0,"BLK":0.0,"STK":0.0,"PF":5.1428571428,"Fls on:":2.5714285714,"+\/-":-35.9999999999,"GW":2.0,"GP":5.0},"J. Espiritu":{"TEAM":"AU","MINS":2.1138888889,"FGM":0.0,"FGA":7.0959264127,"FG%":0.0,"2PM":0.0,"2PA":7.0959264127,"2P%":0.0,"3PM":0.0,"3PA":0.0,"3P%":0.0,"FTM":0.0,"FTA":0.0,"FT%":0.0,"PTS":0.0,"OFF":0.0,"DEF":2.3653088042,"REB":2.3653088042,"AST":7.0959264127,"TO":2.3653088042,"STL":0.0,"BLK":0.0,"STK":0.0,"PF":7.0959264127,"Fls on:":0.0,"+\/-":-44.9408672804,"GW":0.0,"GP":6.0},"J. Libang":{"TEAM":"AU","MINS":6.9757575758,"FGM":4.3006081668,"FGA":9.77410947,"FG%":44.0,"2PM":4.3006081668,"2PA":8.9921807124,"2P%":47.8260869565,"3PM":0.0,"3PA":0.7819287576,"3P%":0.0,"FTM":0.3909643788,"FTA":2.3457862728,"FT%":16.6666666667,"PTS":8.9921807124,"OFF":2.7367506516,"DEF":3.909643788,"REB":6.6463944396,"AST":1.1728931364,"TO":1.954821894,"STL":1.5638575152,"BLK":0.0,"STK":1.5638575152,"PF":4.6915725456,"Fls on:":3.5186794092,"+\/-":-5.864465682,"GW":4.0,"GP":11.0},"G. Borromeo":{"TEAM":"AU","MINS":18.3902777778,"FGM":2.4469450948,"FGA":6.2533041311,"FG%":39.1304347826,"2PM":2.4469450948,"2PA":5.5735971603,"2P%":43.9024390244,"3PM":0.0,"3PA":0.6797069708,"3P%":0.0,"FTM":0.4078241825,"FTA":1.4953553357,"FT%":27.2727272727,"PTS":5.301714372,"OFF":1.6312967299,"DEF":4.0782418246,"REB":5.7095385545,"AST":3.2625934597,"TO":1.0875311532,"STL":1.767238124,"BLK":0.0,"STK":1.767238124,"PF":3.2625934597,"Fls on:":1.9031795182,"+\/-":-0.1359413942,"GW":4.0,"GP":12.0},"J. Ongotan":{"TEAM":"AU","MINS":24.0875,"FGM":5.500778412,"FGA":14.5303580695,"FG%":37.8571428571,"2PM":4.9818370524,"2PA":10.7939802802,"2P%":46.1538461538,"3PM":0.5189413596,"3PA":3.7363777893,"3P%":13.8888888889,"FTM":3.2174364297,"FTA":4.2553191489,"FT%":75.6097560976,"PTS":14.7379346134,"OFF":3.0098598858,"DEF":3.6325895174,"REB":6.6424494032,"AST":2.6984950701,"TO":1.8681888947,"STL":2.2833419824,"BLK":0.5189413596,"STK":2.802283342,"PF":2.9060716139,"Fls on:":3.8401660612,"+\/-":-0.5189413596,"GW":4.0,"GP":12.0},"B. Rosalin":{"TEAM":"AU","MINS":1.7444444444,"FGM":0.0,"FGA":0.0,"FG%":0.0,"2PM":0.0,"2PA":0.0,"2P%":0.0,"3PM":0.0,"3PA":0.0,"3P%":0.0,"FTM":0.0,"FTA":0.0,"FT%":0.0,"PTS":0.0,"OFF":0.0,"DEF":5.7324840765,"REB":5.7324840765,"AST":5.7324840765,"TO":0.0,"STL":0.0,"BLK":0.0,"STK":0.0,"PF":5.7324840765,"Fls on:":0.0,"+\/-":-68.7898089176,"GW":2.0,"GP":3.0},"K. Flores":{"TEAM":"AU","MINS":9.8222222222,"FGM":6.1085972851,"FGA":17.3076923077,"FG%":35.2941176471,"2PM":5.0904977376,"2PA":12.2171945702,"2P%":41.6666666667,"3PM":1.0180995475,"3PA":5.0904977376,"3P%":20.0,"FTM":0.0,"FTA":1.0180995475,"FT%":0.0,"PTS":13.2352941177,"OFF":2.036199095,"DEF":1.0180995475,"REB":3.0542986425,"AST":0.0,"TO":1.0180995475,"STL":1.0180995475,"BLK":1.0180995475,"STK":2.036199095,"PF":5.0904977376,"Fls on:":1.0180995475,"+\/-":-25.4524886878,"GW":1.0,"GP":3.0},"J. Camay":{"TEAM":"AU","MINS":14.9736111111,"FGM":3.8400890455,"FGA":7.8471384844,"FG%":48.9361702128,"2PM":3.3392078657,"2PA":5.5096929784,"2P%":60.6060606061,"3PM":0.5008811799,"3PA":2.337445506,"3P%":21.4285714286,"FTM":1.8365643261,"FTA":2.6713662926,"FT%":68.75,"PTS":10.0176235971,"OFF":1.0017623597,"DEF":2.1704851127,"REB":3.1722474724,"AST":2.6713662926,"TO":2.5044058993,"STL":1.0017623597,"BLK":0.0,"STK":1.0017623597,"PF":3.8400890455,"Fls on:":3.1722474724,"+\/-":2.337445506,"GW":4.0,"GP":12.0},"L. Capulong":{"TEAM":"AU","MINS":24.3791666667,"FGM":5.9477012476,"FGA":13.1259613741,"FG%":45.3125,"2PM":5.229875235,"2PA":10.45975047,"2P%":50.0,"3PM":0.7178260126,"3PA":2.6662109041,"3P%":26.9230769231,"FTM":3.2814903435,"FTA":6.2553409674,"FT%":52.4590163934,"PTS":15.8947188515,"OFF":2.0509314647,"DEF":5.229875235,"REB":7.2808066997,"AST":1.1280123056,"TO":1.0254657324,"STL":1.1280123056,"BLK":1.1280123056,"STK":2.2560246112,"PF":3.5891300632,"Fls on:":6.2553409674,"+\/-":-4.2044095026,"GW":4.0,"GP":12.0},"M. Vinoya":{"TEAM":"AU","MINS":25.3916666667,"FGM":4.5290449623,"FGA":10.8303249097,"FG%":41.8181818182,"2PM":3.2490974729,"2PA":6.3997374467,"2P%":50.7692307692,"3PM":1.2799474893,"3PA":4.4305874631,"3P%":28.8888888889,"FTM":1.8706924844,"FTA":3.5444699705,"FT%":52.7777777778,"PTS":12.2087298983,"OFF":0.5907449951,"DEF":5.1197899573,"REB":5.7105349524,"AST":2.0676074828,"TO":2.5598949787,"STL":1.4768624877,"BLK":0.1969149984,"STK":1.6737774861,"PF":2.5598949787,"Fls on:":2.756809977,"+\/-":0.6892024943,"GW":4.0,"GP":12.0},"R. Abiera":{"TEAM":"AU","MINS":12.9818181818,"FGM":4.2016806723,"FGA":14.4957983193,"FG%":28.9855072464,"2PM":1.8907563025,"2PA":5.462184874,"2P%":34.6153846154,"3PM":2.3109243697,"3PA":9.0336134454,"3P%":25.5813953488,"FTM":3.3613445378,"FTA":4.6218487395,"FT%":72.7272727273,"PTS":14.0756302521,"OFF":0.6302521008,"DEF":2.9411764706,"REB":3.5714285714,"AST":1.4705882353,"TO":2.1008403361,"STL":1.0504201681,"BLK":0.2100840336,"STK":1.2605042017,"PF":2.5210084034,"Fls on:":2.731092437,"+\/-":-8.8235294118,"GW":4.0,"GP":11.0},"T. Valencia":{"TEAM":"AU","MINS":23.5944444445,"FGM":4.9799858724,"FGA":12.9267718389,"FG%":38.5245901639,"2PM":4.3442429951,"2PA":9.9599717448,"2P%":43.6170212766,"3PM":0.6357428773,"3PA":2.9668000942,"3P%":21.4285714286,"FTM":2.4370143631,"FTA":4.6621144337,"FT%":52.2727272727,"PTS":13.0327289852,"OFF":1.2714857547,"DEF":3.6025429715,"REB":4.8740287262,"AST":2.3310572169,"TO":1.907228632,"STL":1.3774429009,"BLK":0.3178714387,"STK":1.6953143395,"PF":2.5429715093,"Fls on:":3.7085001177,"+\/-":-3.9204144102,"GW":4.0,"GP":12.0},"W. Miller":{"TEAM":"AU","MINS":8.9545454546,"FGM":3.9593908629,"FGA":10.3553299492,"FG%":38.2352941176,"2PM":3.654822335,"2PA":8.8324873096,"2P%":41.3793103448,"3PM":0.3045685279,"3PA":1.5228426396,"3P%":20.0,"FTM":0.6091370558,"FTA":0.9137055838,"FT%":66.6666666667,"PTS":8.8324873096,"OFF":2.1319796954,"DEF":3.654822335,"REB":5.7868020305,"AST":1.2182741117,"TO":1.8274111675,"STL":1.5228426396,"BLK":0.0,"STK":1.5228426396,"PF":1.8274111675,"Fls on:":2.4365482233,"+\/-":-0.9137055838,"GW":3.0,"GP":11.0},"E. Geronimo":{"TEAM":"AU","MINS":18.4097222222,"FGM":4.4813278008,"FGA":7.468879668,"FG%":60.0,"2PM":3.9381365522,"2PA":6.2466993587,"2P%":63.0434782609,"3PM":0.5431912486,"3PA":1.2221803093,"3P%":44.4444444444,"FTM":0.8147868729,"FTA":2.0369671822,"FT%":40.0,"PTS":10.3206337231,"OFF":1.2221803093,"DEF":1.3579781215,"REB":2.5801584308,"AST":2.3085628065,"TO":2.3085628065,"STL":0.2715956243,"BLK":0.2715956243,"STK":0.5431912486,"PF":1.4937759336,"Fls on:":1.7653715579,"+\/-":-1.90116937,"GW":4.0,"GP":12.0},"A. De Leon":{"TEAM":"AU","MINS":4.575,"FGM":2.1857923497,"FGA":5.4644808743,"FG%":40.0,"2PM":1.0928961749,"2PA":2.1857923497,"2P%":50.0,"3PM":1.0928961749,"3PA":3.2786885246,"3P%":33.3333333333,