{"Z. Jarque":{"TEAM":"CSB","MINS":6.5714285714,"FGM":1.1428571429,"FGA":1.8571428571,"FG%":61.5384615385,"2PM":0.4285714286,"2PA":0.4285714286,"2P%":100.0,"3PM":0.7142857143,"3PA":1.4285714286,"3P%":50.0,"FTM":0.2857142857,"FTA":0.2857142857,"FT%":100.0,"PTS":3.2857142857,"OFF":0.5714285714,"DEF":1.0,"REB":1.5714285714,"AST":0.0,"TO":1.1428571429,"STL":0.0,"BLK":0.2857142857,"STK":0.2857142857,"PF":1.8571428571,"Fls on:":0.1428571429,"+\/-":-1.0,"GW":7.0,"GP":7.0},"I. Torres":{"TEAM":"CSB","MINS":17.3694444444,"FGM":2.6666666667,"FGA":6.5833333333,"FG%":40.5063291139,"2PM":1.5833333333,"2PA":3.0,"2P%":52.7777777778,"3PM":1.0833333333,"3PA":3.5833333333,"3P%":30.2325581395,"FTM":1.0,"FTA":1.4166666667,"FT%":70.5882352941,"PTS":7.4166666667,"OFF":0.4166666667,"DEF":1.9166666667,"REB":2.3333333333,"AST":2.3333333333,"TO":1.6666666667,"STL":1.1666666667,"BLK":0.25,"STK":1.4166666667,"PF":1.4166666667,"Fls on:":1.3333333333,"+\/-":10.4166666667,"GW":10.0,"GP":12.0},"J. Cajucom":{"TEAM":"CSB","MINS":12.2060606061,"FGM":0.8181818182,"FGA":2.6363636364,"FG%":31.0344827586,"2PM":0.5454545455,"2PA":1.4545454545,"2P%":37.5,"3PM":0.2727272727,"3PA":1.1818181818,"3P%":23.0769230769,"FTM":0.5454545455,"FTA":0.7272727273,"FT%":75.0,"PTS":2.4545454545,"OFF":0.1818181818,"DEF":1.0,"REB":1.1818181818,"AST":0.9090909091,"TO":0.8181818182,"STL":0.6363636364,"BLK":0.1818181818,"STK":0.8181818182,"PF":1.0,"Fls on:":1.0,"+\/-":0.3636363636,"GW":9.0,"GP":11.0},"I. Galas":{"TEAM":"CSB","MINS":3.45,"FGM":0.6666666667,"FGA":1.6666666667,"FG%":40.0,"2PM":0.6666666667,"2PA":1.3333333333,"2P%":50.0,"3PM":0.0,"3PA":0.3333333333,"3P%":0.0,"FTM":1.0,"FTA":1.3333333333,"FT%":75.0,"PTS":2.3333333333,"OFF":0.0,"DEF":0.0,"REB":0.0,"AST":0.0,"TO":0.3333333333,"STL":0.0,"BLK":0.3333333333,"STK":0.3333333333,"PF":0.3333333333,"Fls on:":1.0,"+\/-":-6.3333333333,"GW":3.0,"GP":3.0},"A. Turco":{"TEAM":"CSB","MINS":5.9666666667,"FGM":0.7,"FGA":1.2,"FG%":58.3333333333,"2PM":0.7,"2PA":1.2,"2P%":58.3333333333,"3PM":0.0,"3PA":0.0,"3P%":0.0,"FTM":0.2,"FTA":0.5,"FT%":40.0,"PTS":1.6,"OFF":0.4,"DEF":1.0,"REB":1.4,"AST":0.2,"TO":0.2,"STL":0.0,"BLK":0.5,"STK":0.5,"PF":0.9,"Fls on:":0.6,"+\/-":-0.2,"GW":8.0,"GP":10.0},"J. Eusebio":{"TEAM":"CSB","MINS":12.5194444445,"FGM":1.75,"FGA":4.8333333333,"FG%":36.2068965517,"2PM":1.0833333333,"2PA":2.0,"2P%":54.1666666667,"3PM":0.6666666667,"3PA":2.8333333333,"3P%":23.5294117647,"FTM":0.25,"FTA":1.0833333333,"FT%":23.0769230769,"PTS":4.4166666667,"OFF":0.8333333333,"DEF":3.0,"REB":3.8333333333,"AST":0.8333333333,"TO":0.5,"STL":0.3333333333,"BLK":0.3333333333,"STK":0.6666666667,"PF":1.25,"Fls on:":0.8333333333,"+\/-":6.0,"GW":10.0,"GP":12.0},"J. Morales":{"TEAM":"CSB","MINS":11.9742424242,"FGM":1.0909090909,"FGA":3.3636363636,"FG%":32.4324324324,"2PM":0.3636363636,"2PA":0.7272727273,"2P%":50.0,"3PM":0.7272727273,"3PA":2.6363636364,"3P%":27.5862068966,"FTM":0.3636363636,"FTA":0.7272727273,"FT%":50.0,"PTS":3.2727272727,"OFF":0.6363636364,"DEF":1.7272727273,"REB":2.3636363636,"AST":0.6363636364,"TO":0.5454545455,"STL":0.1818181818,"BLK":0.0909090909,"STK":0.2727272727,"PF":1.0909090909,"Fls on:":0.4545454545,"+\/-":2.3636363636,"GW":9.0,"GP":11.0},"G. Cometa":{"TEAM":"CSB","MINS":17.6402777778,"FGM":4.0833333333,"FGA":8.4166666667,"FG%":48.5148514851,"2PM":3.0833333333,"2PA":5.3333333333,"2P%":57.8125,"3PM":1.0,"3PA":3.0833333333,"3P%":32.4324324324,"FTM":0.6666666667,"FTA":1.0833333333,"FT%":61.5384615385,"PTS":9.8333333333,"OFF":0.8333333333,"DEF":1.0,"REB":1.8333333333,"AST":1.75,"TO":2.0,"STL":0.75,"BLK":0.0,"STK":0.75,"PF":1.5,"Fls on:":0.8333333333,"+\/-":4.6666666667,"GW":10.0,"GP":12.0},"G. Carillo":{"TEAM":"CSB","MINS":4.8666666667,"FGM":0.6666666667,"FGA":1.6666666667,"FG%":40.0,"2PM":0.6666666667,"2PA":1.3333333333,"2P%":50.0,"3PM":0.0,"3PA":0.3333333333,"3P%":0.0,"FTM":0.0,"FTA":0.0,"FT%":0.0,"PTS":1.3333333333,"OFF":0.6666666667,"DEF":0.3333333333,"REB":1.0,"AST":0.3333333333,"TO":0.0,"STL":0.0,"BLK":0.0,"STK":0.0,"PF":0.3333333333,"Fls on:":0.0,"+\/-":-2.6666666667,"GW":3.0,"GP":3.0},"J. Sanchez":{"TEAM":"CSB","MINS":24.0319444444,"FGM":3.5833333333,"FGA":6.9166666667,"FG%":51.8072289157,"2PM":3.4166666667,"2PA":5.5833333333,"2P%":61.1940298507,"3PM":0.1666666667,"3PA":1.3333333333,"3P%":12.5,"FTM":2.8333333333,"FTA":4.1666666667,"FT%":68.0,"PTS":10.1666666667,"OFF":2.4166666667,"DEF":3.5,"REB":5.9166666667,"AST":2.3333333333,"TO":2.6666666667,"STL":1.0833333333,"BLK":0.5833333333,"STK":1.6666666667,"PF":2.0833333333,"Fls on:":3.25,"+\/-":7.3333333333,"GW":10.0,"GP":12.0},"J. Arciaga":{"TEAM":"CSB","MINS":3.5083333334,"FGM":0.0,"FGA":0.0,"FG%":0.0,"2PM":0.0,"2PA":0.0,"2P%":0.0,"3PM":0.0,"3PA":0.0,"3P%":0.0,"FTM":0.0,"FTA":0.0,"FT%":0.0,"PTS":0.0,"OFF":0.0,"DEF":1.0,"REB":1.0,"AST":0.0,"TO":0.0,"STL":0.0,"BLK":0.0,"STK":0.0,"PF":1.0,"Fls on:":0.5,"+\/-":-1.5,"GW":2.0,"GP":2.0},"E. Serrano":{"TEAM":"CSB","MINS":4.7555555556,"FGM":0.8333333333,"FGA":1.1666666667,"FG%":71.4285714286,"2PM":0.8333333333,"2PA":1.1666666667,"2P%":71.4285714286,"3PM":0.0,"3PA":0.0,"3P%":0.0,"FTM":0.6666666667,"FTA":0.6666666667,"FT%":100.0,"PTS":2.3333333333,"OFF":0.6666666667,"DEF":0.8333333333,"REB":1.5,"AST":0.1666666667,"TO":0.0,"STL":0.1666666667,"BLK":0.5,"STK":0.6666666667,"PF":0.5,"Fls on:":0.5,"+\/-":1.3333333333,"GW":6.0,"GP":6.0},"J. Ancheta":{"TEAM":"CSB","MINS":17.7,"FGM":3.3636363636,"FGA":7.0909090909,"FG%":47.4358974359,"2PM":2.7272727273,"2PA":4.6363636364,"2P%":58.8235294118,"3PM":0.6363636364,"3PA":2.4545454545,"3P%":25.9259259259,"FTM":1.3636363636,"FTA":2.0909090909,"FT%":65.2173913043,"PTS":8.7272727273,"OFF":0.2727272727,"DEF":2.1818181818,"REB":2.4545454545,"AST":2.7272727273,"TO":2.0,"STL":0.6363636364,"BLK":0.0,"STK":0.6363636364,"PF":1.7272727273,"Fls on:":2.7272727273,"+\/-":4.4545454545,"GW":9.0,"GP":11.0},"A. Liwag":{"TEAM":"CSB","MINS":30.825,"FGM":5.6666666667,"FGA":10.3333333333,"FG%":54.8387096774,"2PM":5.6666666667,"2PA":10.25,"2P%":55.2845528455,"3PM":0.0,"3PA":0.0833333333,"3P%":0.0,"FTM":2.75,"FTA":5.8333333333,"FT%":47.1428571429,"PTS":14.0833333333,"OFF":3.25,"DEF":8.1666666667,"REB":11.4166666667,"AST":2.3333333333,"TO":1.8333333333,"STL":0.4166666667,"BLK":1.1666666667,"STK":1.5833333333,"PF":2.4166666667,"Fls on:":5.4166666667,"+\/-":11.0833333333,"GW":10.0,"GP":12.0},"W. Ynot":{"TEAM":"CSB","MINS":23.9291666667,"FGM":4.25,"FGA":10.25,"FG%":41.4634146341,"2PM":2.5,"2PA":4.75,"2P%":52.6315789474,"3PM":1.75,"3PA":5.5,"3P%":31.8181818182,"FTM":1.125,"FTA":1.5,"FT%":75.0,"PTS":11.375,"OFF":1.75,"DEF":4.125,"REB":5.875,"AST":4.25,"TO":2.75,"STL":1.375,"BLK":0.0,"STK":1.375,"PF":1.625,"Fls on:":1.125,"+\/-":10.5,"GW":7.0,"GP":8.0},"M. Oli":{"TEAM":"CSB","MINS":9.065,"FGM":1.2,"FGA":3.2,"FG%":37.5,"2PM":0.5,"2PA":0.9,"2P%":55.5555555556,"3PM":0.7,"3PA":2.3,"3P%":30.4347826087,"FTM":0.6,"FTA":0.8,"FT%":75.0,"PTS":3.7,"OFF":0.9,"DEF":0.6,"REB":1.5,"AST":0.3,"TO":0.2,"STL":0.2,"BLK":0.0,"STK":0.2,"PF":1.8,"Fls on:":0.7,"+\/-":3.8,"GW":8.0,"GP":10.0},"M. Sangco":{"TEAM":"CSB","MINS":18.15,"FGM":1.8333333333,"FGA":4.6666666667,"FG%":39.2857142857,"2PM":1.5,"2PA":3.5833333333,"2P%":41.8604651163,"3PM":0.3333333333,"3PA":1.0833333333,"3P%":30.7692307692,"FTM":0.8333333333,"FTA":1.5,"FT%":55.5555555556,"PTS":4.8333333333,"OFF":1.25,"DEF":2.9166666667,"REB":4.1666666667,"AST":1.0833333333,"TO":0.5833333333,"STL":0.75,"BLK":0.3333333333,"STK":1.0833333333,"PF":1.3333333333,"Fls on:":0.9166666667,"+\/-":4.1666666667,"GW":10.0,"GP":12.0},"R. Ondoa":{"TEAM":"CSB","MINS":9.3366666667,"FGM":1.7,"FGA":2.8,"FG%":60.7142857143,"2PM":1.6,"2PA":2.5,"2P%":64.0,"3PM":0.1,"3PA":0.3,"3P%":33.3333333333,"FTM":0.2,"FTA":0.4,"FT%":50.0,"PTS":3.7,"OFF":0.8,"DEF":1.0,"REB":1.8,"AST":0.1,"TO":0.9,"STL":0.2,"BLK":0.3,"STK":0.5,"PF":0.9,"Fls on:":0.3,"+\/-":5.1,"GW":9.0,"GP":10.0}}