{"G. Cometa":{"TEAM":"CSB","MINS":18.0909090909,"FGM":4.2727272727,"FGA":8.4545454545,"FG%":50.5376344086,"2PM":3.1818181818,"2PA":5.2727272727,"2P%":60.3448275862,"3PM":1.0909090909,"3PA":3.1818181818,"3P%":34.2857142857,"FTM":0.7272727273,"FTA":1.1818181818,"FT%":61.5384615385,"PTS":10.3636363636,"OFF":0.9090909091,"DEF":1.0909090909,"REB":2.0,"AST":1.7272727273,"TO":1.9090909091,"STL":0.7272727273,"BLK":0.0,"STK":0.7272727273,"PF":1.4545454545,"Fls on:":0.9090909091,"+\/-":5.0,"GP":11.0},"I. Torres":{"TEAM":"CSB","MINS":17.3636363636,"FGM":2.3636363636,"FGA":6.0909090909,"FG%":38.8059701493,"2PM":1.4545454545,"2PA":2.7272727273,"2P%":53.3333333333,"3PM":0.9090909091,"3PA":3.3636363636,"3P%":27.027027027,"FTM":1.0,"FTA":1.3636363636,"FT%":73.3333333333,"PTS":6.6363636364,"OFF":0.4545454545,"DEF":2.0,"REB":2.4545454545,"AST":2.3636363636,"TO":1.7272727273,"STL":1.0909090909,"BLK":0.2727272727,"STK":1.3636363636,"PF":1.2727272727,"Fls on:":1.2727272727,"+\/-":9.9090909091,"GP":11.0},"G. Carillo":{"TEAM":"CSB","MINS":4.8666666667,"FGM":0.6666666667,"FGA":1.6666666667,"FG%":40.0,"2PM":0.6666666667,"2PA":1.3333333333,"2P%":50.0,"3PM":0.0,"3PA":0.3333333333,"3P%":0.0,"FTM":0.0,"FTA":0.0,"FT%":0.0,"PTS":1.3333333333,"OFF":0.6666666667,"DEF":0.3333333333,"REB":1.0,"AST":0.3333333333,"TO":0.0,"STL":0.0,"BLK":0.0,"STK":0.0,"PF":0.3333333333,"Fls on:":0.0,"+\/-":-2.6666666667,"GP":3.0},"J. Ancheta":{"TEAM":"CSB","MINS":17.7733333333,"FGM":3.3,"FGA":7.0,"FG%":47.1428571429,"2PM":2.7,"2PA":4.5,"2P%":60.0,"3PM":0.6,"3PA":2.5,"3P%":24.0,"FTM":1.5,"FTA":2.3,"FT%":65.2173913043,"PTS":8.7,"OFF":0.2,"DEF":2.0,"REB":2.2,"AST":2.8,"TO":2.0,"STL":0.7,"BLK":0.0,"STK":0.7,"PF":1.7,"Fls on:":3.0,"+\/-":4.5,"GP":10.0},"I. Galas":{"TEAM":"CSB","MINS":3.4583333334,"FGM":1.0,"FGA":2.0,"FG%":50.0,"2PM":1.0,"2PA":1.5,"2P%":66.6666666667,"3PM":0.0,"3PA":0.5,"3P%":0.0,"FTM":1.5,"FTA":2.0,"FT%":75.0,"PTS":3.5,"OFF":0.0,"DEF":0.0,"REB":0.0,"AST":0.0,"TO":0.0,"STL":0.0,"BLK":0.5,"STK":0.5,"PF":0.0,"Fls on:":1.5,"+\/-":-5.0,"GP":2.0},"J. Arciaga":{"TEAM":"CSB","MINS":3.5083333334,"FGM":0.0,"FGA":0.0,"FG%":0.0,"2PM":0.0,"2PA":0.0,"2P%":0.0,"3PM":0.0,"3PA":0.0,"3P%":0.0,"FTM":0.0,"FTA":0.0,"FT%":0.0,"PTS":0.0,"OFF":0.0,"DEF":1.0,"REB":1.0,"AST":0.0,"TO":0.0,"STL":0.0,"BLK":0.0,"STK":0.0,"PF":1.0,"Fls on:":0.5,"+\/-":-1.5,"GP":2.0},"J. Morales":{"TEAM":"CSB","MINS":12.2266666667,"FGM":1.2,"FGA":3.7,"FG%":32.4324324324,"2PM":0.4,"2PA":0.8,"2P%":50.0,"3PM":0.8,"3PA":2.9,"3P%":27.5862068966,"FTM":0.3,"FTA":0.6,"FT%":50.0,"PTS":3.5,"OFF":0.7,"DEF":1.9,"REB":2.6,"AST":0.6,"TO":0.6,"STL":0.2,"BLK":0.1,"STK":0.3,"PF":1.1,"Fls on:":0.4,"+\/-":4.6,"GP":10.0},"J. Eusebio":{"TEAM":"CSB","MINS":12.353030303,"FGM":1.5454545455,"FGA":4.7272727273,"FG%":32.6923076923,"2PM":0.9090909091,"2PA":1.9090909091,"2P%":47.619047619,"3PM":0.6363636364,"3PA":2.8181818182,"3P%":22.5806451613,"FTM":0.2727272727,"FTA":1.0909090909,"FT%":25.0,"PTS":4.0,"OFF":0.9090909091,"DEF":3.0,"REB":3.9090909091,"AST":0.8181818182,"TO":0.5454545455,"STL":0.3636363636,"BLK":0.3636363636,"STK":0.7272727273,"PF":1.3636363636,"Fls on:":0.7272727273,"+\/-":5.2727272727,"GP":11.0},"J. Sanchez":{"TEAM":"CSB","MINS":24.3378787879,"FGM":3.4545454545,"FGA":6.9090909091,"FG%":50.0,"2PM":3.2727272727,"2PA":5.6363636364,"2P%":58.064516129,"3PM":0.1818181818,"3PA":1.2727272727,"3P%":14.2857142857,"FTM":3.0909090909,"FTA":4.5454545455,"FT%":68.0,"PTS":10.1818181818,"OFF":2.6363636364,"DEF":3.7272727273,"REB":6.3636363636,"AST":2.3636363636,"TO":2.7272727273,"STL":1.0909090909,"BLK":0.6363636364,"STK":1.7272727273,"PF":2.0909090909,"Fls on:":3.3636363636,"+\/-":6.3636363636,"GP":11.0},"M. Oli":{"TEAM":"CSB","MINS":8.4814814815,"FGM":1.1111111111,"FGA":3.0,"FG%":37.037037037,"2PM":0.5555555556,"2PA":0.7777777778,"2P%":71.4285714286,"3PM":0.5555555556,"3PA":2.2222222222,"3P%":25.0,"FTM":0.6666666667,"FTA":0.8888888889,"FT%":75.0,"PTS":3.4444444444,"OFF":0.8888888889,"DEF":0.6666666667,"REB":1.5555555556,"AST":0.2222222222,"TO":0.2222222222,"STL":0.2222222222,"BLK":0.0,"STK":0.2222222222,"PF":1.7777777778,"Fls on:":0.7777777778,"+\/-":2.8888888889,"GP":9.0},"M. Sangco":{"TEAM":"CSB","MINS":18.3287878788,"FGM":2.0,"FGA":4.9090909091,"FG%":40.7407407407,"2PM":1.6363636364,"2PA":3.7272727273,"2P%":43.9024390244,"3PM":0.3636363636,"3PA":1.1818181818,"3P%":30.7692307692,"FTM":0.9090909091,"FTA":1.6363636364,"FT%":55.5555555556,"PTS":5.2727272727,"OFF":1.3636363636,"DEF":2.8181818182,"REB":4.1818181818,"AST":0.9090909091,"TO":0.6363636364,"STL":0.8181818182,"BLK":0.3636363636,"STK":1.1818181818,"PF":1.3636363636,"Fls on:":1.0,"+\/-":2.6363636364,"GP":11.0},"R. Ondoa":{"TEAM":"CSB","MINS":8.7703703704,"FGM":1.6666666667,"FGA":2.8888888889,"FG%":57.6923076923,"2PM":1.5555555556,"2PA":2.5555555556,"2P%":60.8695652174,"3PM":0.1111111111,"3PA":0.3333333333,"3P%":33.3333333333,"FTM":0.2222222222,"FTA":0.4444444444,"FT%":50.0,"PTS":3.6666666667,"OFF":0.8888888889,"DEF":0.6666666667,"REB":1.5555555556,"AST":0.1111111111,"TO":0.8888888889,"STL":0.2222222222,"BLK":0.2222222222,"STK":0.4444444444,"PF":0.8888888889,"Fls on:":0.2222222222,"+\/-":4.6666666667,"GP":9.0},"W. Ynot":{"TEAM":"CSB","MINS":23.9291666667,"FGM":4.25,"FGA":10.25,"FG%":41.4634146341,"2PM":2.5,"2PA":4.75,"2P%":52.6315789474,"3PM":1.75,"3PA":5.5,"3P%":31.8181818182,"FTM":1.125,"FTA":1.5,"FT%":75.0,"PTS":11.375,"OFF":1.75,"DEF":4.125,"REB":5.875,"AST":4.25,"TO":2.75,"STL":1.375,"BLK":0.0,"STK":1.375,"PF":1.625,"Fls on:":1.125,"+\/-":10.5,"GP":8.0},"J. Cajucom":{"TEAM":"CSB","MINS":12.0966666667,"FGM":0.7,"FGA":2.7,"FG%":25.9259259259,"2PM":0.5,"2PA":1.5,"2P%":33.3333333333,"3PM":0.2,"3PA":1.2,"3P%":16.6666666667,"FTM":0.6,"FTA":0.8,"FT%":75.0,"PTS":2.2,"OFF":0.2,"DEF":1.1,"REB":1.3,"AST":1.0,"TO":0.8,"STL":0.6,"BLK":0.1,"STK":0.7,"PF":1.0,"Fls on:":1.1,"+\/-":-0.2,"GP":10.0},"E. Serrano":{"TEAM":"CSB","MINS":4.5666666667,"FGM":0.8,"FGA":1.2,"FG%":66.6666666667,"2PM":0.8,"2PA":1.2,"2P%":66.6666666667,"3PM":0.0,"3PA":0.0,"3P%":0.0,"FTM":0.8,"FTA":0.8,"FT%":100.0,"PTS":2.4,"OFF":0.6,"DEF":0.8,"REB":1.4,"AST":0.2,"TO":0.0,"STL":0.2,"BLK":0.4,"STK":0.6,"PF":0.4,"Fls on:":0.6,"+\/-":2.2,"GP":5.0},"Z. Jarque":{"TEAM":"CSB","MINS":6.55,"FGM":1.3333333333,"FGA":2.1666666667,"FG%":61.5384615385,"2PM":0.5,"2PA":0.5,"2P%":100.0,"3PM":0.8333333333,"3PA":1.6666666667,"3P%":50.0,"FTM":0.3333333333,"FTA":0.3333333333,"FT%":100.0,"PTS":3.8333333333,"OFF":0.3333333333,"DEF":1.0,"REB":1.3333333333,"AST":0.0,"TO":1.1666666667,"STL":0.0,"BLK":0.3333333333,"STK":0.3333333333,"PF":1.8333333333,"Fls on:":0.1666666667,"+\/-":0.8333333333,"GP":6.0},"A. Turco":{"TEAM":"CSB","MINS":5.6055555556,"FGM":0.6666666667,"FGA":1.2222222222,"FG%":54.5454545455,"2PM":0.6666666667,"2PA":1.2222222222,"2P%":54.5454545455,"3PM":0.0,"3PA":0.0,"3P%":0.0,"FTM":0.2222222222,"FTA":0.5555555556,"FT%":40.0,"PTS":1.5555555556,"OFF":0.4444444444,"DEF":0.8888888889,"REB":1.3333333333,"AST":0.2222222222,"TO":0.2222222222,"STL":0.0,"BLK":0.4444444444,"STK":0.4444444444,"PF":0.8888888889,"Fls on:":0.5555555556,"+\/-":0.1111111111,"GP":9.0},"A. Liwag":{"TEAM":"CSB","MINS":31.35,"FGM":5.8181818182,"FGA":10.5454545455,"FG%":55.1724137931,"2PM":5.8181818182,"2PA":10.4545454545,"2P%":55.652173913,"3PM":0.0,"3PA":0.0909090909,"3P%":0.0,"FTM":2.6363636364,"FTA":5.9090909091,"FT%":44.6153846154,"PTS":14.2727272727,"OFF":3.4545454545,"DEF":8.0,"REB":11.4545454545,"AST":2.2727272727,"TO":2.0,"STL":0.3636363636,"BLK":1.2727272727,"STK":1.6363636364,"PF":2.3636363636,"Fls on:":5.5454545455,"+\/-":10.1818181818,"GP":11.0}}