{"E. Serrano":{"TEAM":"CSB","MINS":30.2666666667,"FGM":5.0,"FGA":7.0,"FG%":71.4285714286,"2PM":5.0,"2PA":7.0,"2P%":71.4285714286,"3PM":0.0,"3PA":0.0,"3P%":0.0,"FTM":4.0,"FTA":6.0,"FT%":66.6666666667,"PTS":14.0,"OFF":4.0,"DEF":5.0,"REB":9.0,"AST":1.0,"TO":0.0,"STL":1.0,"BLK":3.0,"STK":4.0,"PF":5.0,"Fls on:":4.0,"+\/-":3.0,"GW":8.0,"GP":8.0},"J. Sanchez":{"TEAM":"CSB","MINS":441.1333333333,"FGM":69.0,"FGA":145.0,"FG%":47.5862068966,"2PM":64.0,"2PA":112.0,"2P%":57.1428571429,"3PM":5.0,"3PA":33.0,"3P%":15.1515151515,"FTM":45.0,"FTA":66.0,"FT%":68.1818181818,"PTS":188.0,"OFF":42.0,"DEF":66.0,"REB":108.0,"AST":42.0,"TO":44.0,"STL":17.0,"BLK":8.0,"STK":25.0,"PF":40.0,"Fls on:":57.0,"+\/-":106.0,"GW":14.0,"GP":18.0},"W. Ynot":{"TEAM":"CSB","MINS":336.4166666667,"FGM":50.0,"FGA":129.0,"FG%":38.7596899225,"2PM":30.0,"2PA":55.0,"2P%":54.5454545455,"3PM":20.0,"3PA":74.0,"3P%":27.027027027,"FTM":22.0,"FTA":29.0,"FT%":75.8620689655,"PTS":142.0,"OFF":20.0,"DEF":56.0,"REB":76.0,"AST":60.0,"TO":31.0,"STL":19.0,"BLK":0.0,"STK":19.0,"PF":21.0,"Fls on:":19.0,"+\/-":117.0,"GW":11.0,"GP":14.0},"R. Ondoa":{"TEAM":"CSB","MINS":128.3833333334,"FGM":22.0,"FGA":39.0,"FG%":56.4102564103,"2PM":21.0,"2PA":36.0,"2P%":58.3333333333,"3PM":1.0,"3PA":3.0,"3P%":33.3333333333,"FTM":3.0,"FTA":7.0,"FT%":42.8571428571,"PTS":48.0,"OFF":14.0,"DEF":25.0,"REB":39.0,"AST":2.0,"TO":9.0,"STL":3.0,"BLK":3.0,"STK":6.0,"PF":13.0,"Fls on:":5.0,"+\/-":60.0,"GW":13.0,"GP":16.0},"J. Cajucom":{"TEAM":"CSB","MINS":168.8666666667,"FGM":11.0,"FGA":39.0,"FG%":28.2051282051,"2PM":6.0,"2PA":21.0,"2P%":28.5714285714,"3PM":5.0,"3PA":18.0,"3P%":27.7777777778,"FTM":6.0,"FTA":10.0,"FT%":60.0,"PTS":33.0,"OFF":2.0,"DEF":11.0,"REB":13.0,"AST":11.0,"TO":10.0,"STL":8.0,"BLK":2.0,"STK":10.0,"PF":16.0,"Fls on:":13.0,"+\/-":5.0,"GW":12.0,"GP":16.0},"J. Arciaga":{"TEAM":"CSB","MINS":7.0166666667,"FGM":0.0,"FGA":0.0,"FG%":0.0,"2PM":0.0,"2PA":0.0,"2P%":0.0,"3PM":0.0,"3PA":0.0,"3P%":0.0,"FTM":0.0,"FTA":0.0,"FT%":0.0,"PTS":0.0,"OFF":0.0,"DEF":2.0,"REB":2.0,"AST":0.0,"TO":0.0,"STL":0.0,"BLK":0.0,"STK":0.0,"PF":2.0,"Fls on:":1.0,"+\/-":-3.0,"GW":2.0,"GP":2.0},"J. Ancheta":{"TEAM":"CSB","MINS":308.8333333334,"FGM":54.0,"FGA":110.0,"FG%":49.0909090909,"2PM":38.0,"2PA":64.0,"2P%":59.375,"3PM":16.0,"3PA":46.0,"3P%":34.7826086957,"FTM":20.0,"FTA":30.0,"FT%":66.6666666667,"PTS":144.0,"OFF":6.0,"DEF":45.0,"REB":51.0,"AST":44.0,"TO":34.0,"STL":9.0,"BLK":0.0,"STK":9.0,"PF":27.0,"Fls on:":43.0,"+\/-":54.0,"GW":13.0,"GP":17.0},"I. Torres":{"TEAM":"CSB","MINS":309.2999999998,"FGM":45.0,"FGA":122.0,"FG%":36.8852459016,"2PM":23.0,"2PA":53.0,"2P%":43.3962264151,"3PM":22.0,"3PA":69.0,"3P%":31.884057971,"FTM":17.0,"FTA":23.0,"FT%":73.9130434783,"PTS":129.0,"OFF":8.0,"DEF":29.0,"REB":37.0,"AST":40.0,"TO":27.0,"STL":18.0,"BLK":4.0,"STK":22.0,"PF":24.0,"Fls on:":22.0,"+\/-":158.0,"GW":14.0,"GP":18.0},"M. Oli":{"TEAM":"CSB","MINS":150.8166666665,"FGM":19.0,"FGA":53.0,"FG%":35.8490566038,"2PM":8.0,"2PA":14.0,"2P%":57.1428571429,"3PM":11.0,"3PA":39.0,"3P%":28.2051282051,"FTM":6.0,"FTA":8.0,"FT%":75.0,"PTS":55.0,"OFF":12.0,"DEF":9.0,"REB":21.0,"AST":9.0,"TO":4.0,"STL":3.0,"BLK":0.0,"STK":3.0,"PF":26.0,"Fls on:":9.0,"+\/-":20.0,"GW":12.0,"GP":16.0},"I. Galas":{"TEAM":"CSB","MINS":10.35,"FGM":2.0,"FGA":5.0,"FG%":40.0,"2PM":2.0,"2PA":4.0,"2P%":50.0,"3PM":0.0,"3PA":1.0,"3P%":0.0,"FTM":3.0,"FTA":4.0,"FT%":75.0,"PTS":7.0,"OFF":0.0,"DEF":0.0,"REB":0.0,"AST":0.0,"TO":1.0,"STL":0.0,"BLK":1.0,"STK":1.0,"PF":1.0,"Fls on:":3.0,"+\/-":-19.0,"GW":3.0,"GP":3.0},"G. Cometa":{"TEAM":"CSB","MINS":311.2999999999,"FGM":62.0,"FGA":130.0,"FG%":47.6923076923,"2PM":45.0,"2PA":83.0,"2P%":54.2168674699,"3PM":17.0,"3PA":47.0,"3P%":36.170212766,"FTM":12.0,"FTA":20.0,"FT%":60.0,"PTS":153.0,"OFF":18.0,"DEF":23.0,"REB":41.0,"AST":36.0,"TO":31.0,"STL":13.0,"BLK":0.0,"STK":13.0,"PF":28.0,"Fls on:":15.0,"+\/-":76.0,"GW":14.0,"GP":18.0},"G. Carillo":{"TEAM":"CSB","MINS":14.6,"FGM":2.0,"FGA":5.0,"FG%":40.0,"2PM":2.0,"2PA":4.0,"2P%":50.0,"3PM":0.0,"3PA":1.0,"3P%":0.0,"FTM":0.0,"FTA":0.0,"FT%":0.0,"PTS":4.0,"OFF":2.0,"DEF":1.0,"REB":3.0,"AST":1.0,"TO":0.0,"STL":0.0,"BLK":0.0,"STK":0.0,"PF":1.0,"Fls on:":0.0,"+\/-":-8.0,"GW":3.0,"GP":3.0},"J. Eusebio":{"TEAM":"CSB","MINS":208.9666666668,"FGM":25.0,"FGA":76.0,"FG%":32.8947368421,"2PM":15.0,"2PA":28.0,"2P%":53.5714285714,"3PM":10.0,"3PA":48.0,"3P%":20.8333333333,"FTM":12.0,"FTA":29.0,"FT%":41.3793103448,"PTS":72.0,"OFF":15.0,"DEF":47.0,"REB":62.0,"AST":12.0,"TO":11.0,"STL":4.0,"BLK":7.0,"STK":11.0,"PF":21.0,"Fls on:":22.0,"+\/-":64.0,"GW":14.0,"GP":18.0},"M. Sangco":{"TEAM":"CSB","MINS":332.7666666666,"FGM":32.0,"FGA":81.0,"FG%":39.5061728395,"2PM":22.0,"2PA":54.0,"2P%":40.7407407407,"3PM":10.0,"3PA":27.0,"3P%":37.037037037,"FTM":15.0,"FTA":30.0,"FT%":50.0,"PTS":89.0,"OFF":16.0,"DEF":53.0,"REB":69.0,"AST":23.0,"TO":11.0,"STL":11.0,"BLK":6.0,"STK":17.0,"PF":28.0,"Fls on:":19.0,"+\/-":58.0,"GW":14.0,"GP":18.0},"J. Morales":{"TEAM":"CSB","MINS":190.7833333334,"FGM":15.0,"FGA":59.0,"FG%":25.4237288136,"2PM":5.0,"2PA":15.0,"2P%":33.3333333333,"3PM":10.0,"3PA":44.0,"3P%":22.7272727273,"FTM":5.0,"FTA":10.0,"FT%":50.0,"PTS":45.0,"OFF":9.0,"DEF":23.0,"REB":32.0,"AST":8.0,"TO":6.0,"STL":3.0,"BLK":2.0,"STK":5.0,"PF":22.0,"Fls on:":6.0,"+\/-":-2.0,"GW":13.0,"GP":17.0},"A. Turco":{"TEAM":"CSB","MINS":73.9000000002,"FGM":8.0,"FGA":14.0,"FG%":57.1428571429,"2PM":8.0,"2PA":14.0,"2P%":57.1428571429,"3PM":0.0,"3PA":0.0,"3P%":0.0,"FTM":5.0,"FTA":9.0,"FT%":55.5555555556,"PTS":21.0,"OFF":5.0,"DEF":11.0,"REB":16.0,"AST":2.0,"TO":2.0,"STL":0.0,"BLK":7.0,"STK":7.0,"PF":10.0,"Fls on:":8.0,"+\/-":-10.0,"GW":11.0,"GP":14.0},"A. Liwag":{"TEAM":"CSB","MINS":570.0666666666,"FGM":106.0,"FGA":193.0,"FG%":54.9222797927,"2PM":106.0,"2PA":191.0,"2P%":55.497382199,"3PM":0.0,"3PA":2.0,"3P%":0.0,"FTM":51.0,"FTA":102.0,"FT%":50.0,"PTS":263.0,"OFF":61.0,"DEF":142.0,"REB":203.0,"AST":42.0,"TO":37.0,"STL":10.0,"BLK":22.0,"STK":32.0,"PF":41.0,"Fls on:":104.0,"+\/-":170.0,"GW":14.0,"GP":18.0},"Z. Jarque":{"TEAM":"CSB","MINS":54.4166666666,"FGM":10.0,"FGA":19.0,"FG%":52.6315789474,"2PM":5.0,"2PA":5.0,"2P%":100.0,"3PM":5.0,"3PA":14.0,"3P%":35.7142857143,"FTM":2.0,"FTA":2.0,"FT%":100.0,"PTS":27.0,"OFF":4.0,"DEF":8.0,"REB":12.0,"AST":1.0,"TO":9.0,"STL":0.0,"BLK":2.0,"STK":2.0,"PF":17.0,"Fls on:":1.0,"+\/-":-9.0,"GW":8.0,"GP":9.0}}