{"G. Cometa":{"TEAM":"CSB","MINS":229.6666666665,"FGM":51.0,"FGA":108.0,"FG%":47.2222222222,"2PM":38.0,"2PA":67.0,"2P%":56.7164179104,"3PM":13.0,"3PA":41.0,"3P%":31.7073170732,"FTM":10.0,"FTA":17.0,"FT%":58.8235294118,"PTS":125.0,"OFF":12.0,"DEF":14.0,"REB":26.0,"AST":28.0,"TO":24.0,"STL":12.0,"BLK":0.0,"STK":12.0,"PF":19.0,"Fls on:":12.0,"+\/-":62.0,"GW":11.0,"GP":13.0},"I. Galas":{"TEAM":"CSB","MINS":10.35,"FGM":2.0,"FGA":5.0,"FG%":40.0,"2PM":2.0,"2PA":4.0,"2P%":50.0,"3PM":0.0,"3PA":1.0,"3P%":0.0,"FTM":3.0,"FTA":4.0,"FT%":75.0,"PTS":7.0,"OFF":0.0,"DEF":0.0,"REB":0.0,"AST":0.0,"TO":1.0,"STL":0.0,"BLK":1.0,"STK":1.0,"PF":1.0,"Fls on:":3.0,"+\/-":-19.0,"GW":3.0,"GP":3.0},"I. Torres":{"TEAM":"CSB","MINS":227.2833333332,"FGM":35.0,"FGA":90.0,"FG%":38.8888888889,"2PM":19.0,"2PA":39.0,"2P%":48.7179487179,"3PM":16.0,"3PA":51.0,"3P%":31.3725490196,"FTM":12.0,"FTA":17.0,"FT%":70.5882352941,"PTS":98.0,"OFF":6.0,"DEF":24.0,"REB":30.0,"AST":29.0,"TO":20.0,"STL":14.0,"BLK":3.0,"STK":17.0,"PF":21.0,"Fls on:":18.0,"+\/-":123.0,"GW":11.0,"GP":13.0},"J. Ancheta":{"TEAM":"CSB","MINS":208.3166666668,"FGM":37.0,"FGA":79.0,"FG%":46.835443038,"2PM":30.0,"2PA":51.0,"2P%":58.8235294118,"3PM":7.0,"3PA":28.0,"3P%":25.0,"FTM":15.0,"FTA":23.0,"FT%":65.2173913043,"PTS":96.0,"OFF":3.0,"DEF":26.0,"REB":29.0,"AST":31.0,"TO":24.0,"STL":7.0,"BLK":0.0,"STK":7.0,"PF":20.0,"Fls on:":32.0,"+\/-":47.0,"GW":10.0,"GP":12.0},"J. Arciaga":{"TEAM":"CSB","MINS":7.0166666667,"FGM":0.0,"FGA":0.0,"FG%":0.0,"2PM":0.0,"2PA":0.0,"2P%":0.0,"3PM":0.0,"3PA":0.0,"3P%":0.0,"FTM":0.0,"FTA":0.0,"FT%":0.0,"PTS":0.0,"OFF":0.0,"DEF":2.0,"REB":2.0,"AST":0.0,"TO":0.0,"STL":0.0,"BLK":0.0,"STK":0.0,"PF":2.0,"Fls on:":1.0,"+\/-":-3.0,"GW":2.0,"GP":2.0},"M. Oli":{"TEAM":"CSB","MINS":102.6833333333,"FGM":13.0,"FGA":37.0,"FG%":35.1351351351,"2PM":5.0,"2PA":10.0,"2P%":50.0,"3PM":8.0,"3PA":27.0,"3P%":29.6296296296,"FTM":6.0,"FTA":8.0,"FT%":75.0,"PTS":40.0,"OFF":9.0,"DEF":6.0,"REB":15.0,"AST":4.0,"TO":2.0,"STL":2.0,"BLK":0.0,"STK":2.0,"PF":20.0,"Fls on:":7.0,"+\/-":28.0,"GW":9.0,"GP":11.0},"J. Eusebio":{"TEAM":"CSB","MINS":160.3666666668,"FGM":22.0,"FGA":61.0,"FG%":36.0655737705,"2PM":13.0,"2PA":24.0,"2P%":54.1666666667,"3PM":9.0,"3PA":37.0,"3P%":24.3243243243,"FTM":6.0,"FTA":19.0,"FT%":31.5789473684,"PTS":59.0,"OFF":12.0,"DEF":41.0,"REB":53.0,"AST":11.0,"TO":7.0,"STL":4.0,"BLK":5.0,"STK":9.0,"PF":15.0,"Fls on:":14.0,"+\/-":75.0,"GW":11.0,"GP":13.0},"R. Ondoa":{"TEAM":"CSB","MINS":100.0666666667,"FGM":19.0,"FGA":33.0,"FG%":57.5757575758,"2PM":18.0,"2PA":30.0,"2P%":60.0,"3PM":1.0,"3PA":3.0,"3P%":33.3333333333,"FTM":2.0,"FTA":5.0,"FT%":40.0,"PTS":41.0,"OFF":11.0,"DEF":13.0,"REB":24.0,"AST":1.0,"TO":9.0,"STL":3.0,"BLK":3.0,"STK":6.0,"PF":10.0,"Fls on:":4.0,"+\/-":57.0,"GW":10.0,"GP":11.0},"J. Morales":{"TEAM":"CSB","MINS":144.0833333334,"FGM":12.0,"FGA":42.0,"FG%":28.5714285714,"2PM":4.0,"2PA":10.0,"2P%":40.0,"3PM":8.0,"3PA":32.0,"3P%":25.0,"FTM":4.0,"FTA":8.0,"FT%":50.0,"PTS":36.0,"OFF":7.0,"DEF":22.0,"REB":29.0,"AST":8.0,"TO":6.0,"STL":3.0,"BLK":1.0,"STK":4.0,"PF":13.0,"Fls on:":5.0,"+\/-":23.0,"GW":10.0,"GP":12.0},"G. Carillo":{"TEAM":"CSB","MINS":14.6,"FGM":2.0,"FGA":5.0,"FG%":40.0,"2PM":2.0,"2PA":4.0,"2P%":50.0,"3PM":0.0,"3PA":1.0,"3P%":0.0,"FTM":0.0,"FTA":0.0,"FT%":0.0,"PTS":4.0,"OFF":2.0,"DEF":1.0,"REB":3.0,"AST":1.0,"TO":0.0,"STL":0.0,"BLK":0.0,"STK":0.0,"PF":1.0,"Fls on:":0.0,"+\/-":-8.0,"GW":3.0,"GP":3.0},"M. Sangco":{"TEAM":"CSB","MINS":237.2999999998,"FGM":24.0,"FGA":62.0,"FG%":38.7096774194,"2PM":19.0,"2PA":44.0,"2P%":43.1818181818,"3PM":5.0,"3PA":18.0,"3P%":27.7777777778,"FTM":10.0,"FTA":18.0,"FT%":55.5555555556,"PTS":63.0,"OFF":15.0,"DEF":41.0,"REB":56.0,"AST":13.0,"TO":9.0,"STL":10.0,"BLK":4.0,"STK":14.0,"PF":16.0,"Fls on:":11.0,"+\/-":49.0,"GW":11.0,"GP":13.0},"J. Sanchez":{"TEAM":"CSB","MINS":304.3166666666,"FGM":43.0,"FGA":85.0,"FG%":50.5882352941,"2PM":41.0,"2PA":68.0,"2P%":60.2941176471,"3PM":2.0,"3PA":17.0,"3P%":11.7647058824,"FTM":37.0,"FTA":54.0,"FT%":68.5185185185,"PTS":125.0,"OFF":32.0,"DEF":45.0,"REB":77.0,"AST":29.0,"TO":34.0,"STL":14.0,"BLK":8.0,"STK":22.0,"PF":30.0,"Fls on:":42.0,"+\/-":85.0,"GW":11.0,"GP":13.0},"J. Cajucom":{"TEAM":"CSB","MINS":144.4333333333,"FGM":10.0,"FGA":35.0,"FG%":28.5714285714,"2PM":6.0,"2PA":20.0,"2P%":30.0,"3PM":4.0,"3PA":15.0,"3P%":26.6666666667,"FTM":6.0,"FTA":10.0,"FT%":60.0,"PTS":30.0,"OFF":2.0,"DEF":11.0,"REB":13.0,"AST":10.0,"TO":9.0,"STL":7.0,"BLK":2.0,"STK":9.0,"PF":12.0,"Fls on:":13.0,"+\/-":11.0,"GW":10.0,"GP":12.0},"W. Ynot":{"TEAM":"CSB","MINS":215.9333333334,"FGM":38.0,"FGA":94.0,"FG%":40.4255319149,"2PM":22.0,"2PA":42.0,"2P%":52.380952381,"3PM":16.0,"3PA":52.0,"3P%":30.7692307692,"FTM":13.0,"FTA":17.0,"FT%":76.4705882353,"PTS":105.0,"OFF":15.0,"DEF":36.0,"REB":51.0,"AST":38.0,"TO":23.0,"STL":12.0,"BLK":0.0,"STK":12.0,"PF":15.0,"Fls on:":11.0,"+\/-":94.0,"GW":8.0,"GP":9.0},"Z. Jarque":{"TEAM":"CSB","MINS":46.0,"FGM":8.0,"FGA":13.0,"FG%":61.5384615385,"2PM":3.0,"2PA":3.0,"2P%":100.0,"3PM":5.0,"3PA":10.0,"3P%":50.0,"FTM":2.0,"FTA":2.0,"FT%":100.0,"PTS":23.0,"OFF":4.0,"DEF":7.0,"REB":11.0,"AST":0.0,"TO":8.0,"STL":0.0,"BLK":2.0,"STK":2.0,"PF":13.0,"Fls on:":1.0,"+\/-":-7.0,"GW":7.0,"GP":7.0},"A. Turco":{"TEAM":"CSB","MINS":62.5833333335,"FGM":7.0,"FGA":12.0,"FG%":58.3333333333,"2PM":7.0,"2PA":12.0,"2P%":58.3333333333,"3PM":0.0,"3PA":0.0,"3P%":0.0,"FTM":2.0,"FTA":5.0,"FT%":40.0,"PTS":16.0,"OFF":4.0,"DEF":10.0,"REB":14.0,"AST":2.0,"TO":2.0,"STL":0.0,"BLK":6.0,"STK":6.0,"PF":9.0,"Fls on:":6.0,"+\/-":-8.0,"GW":9.0,"GP":11.0},"E. Serrano":{"TEAM":"CSB","MINS":29.3666666667,"FGM":5.0,"FGA":7.0,"FG%":71.4285714286,"2PM":5.0,"2PA":7.0,"2P%":71.4285714286,"3PM":0.0,"3PA":0.0,"3P%":0.0,"FTM":4.0,"FTA":4.0,"FT%":100.0,"PTS":14.0,"OFF":4.0,"DEF":5.0,"REB":9.0,"AST":1.0,"TO":0.0,"STL":1.0,"BLK":3.0,"STK":4.0,"PF":5.0,"Fls on:":3.0,"+\/-":6.0,"GW":7.0,"GP":7.0},"A. Liwag":{"TEAM":"CSB","MINS":404.2999999999,"FGM":73.0,"FGA":131.0,"FG%":55.7251908397,"2PM":73.0,"2PA":130.0,"2P%":56.1538461538,"3PM":0.0,"3PA":1.0,"3P%":0.0,"FTM":38.0,"FTA":81.0,"FT%":46.9135802469,"PTS":184.0,"OFF":42.0,"DEF":104.0,"REB":146.0,"AST":30.0,"TO":27.0,"STL":6.0,"BLK":14.0,"STK":20.0,"PF":32.0,"Fls on:":76.0,"+\/-":150.0,"GW":11.0,"GP":13.0}}