{"A. Liwag":{"TEAM":"CSB","SP":75.3888888889,"GP":18.0,"MPG":31.6703703704,"EWA":4.0078710078,"PER":24.9513660258,"WS":3.2635978185,"OWS":2.1124768149,"DWS":1.1511210037,"EFF":20.2777777778,"GmSc":13.1444444444,"TS%":55.2799730957,"EFG%":54.9222797927,"PPWS":1.1055994619,"FTR":0.5284974093,"REB%":18.7691012557,"OREB%":12.3402323721,"DREB%":24.1806358346,"AR":3.9198475418,"pAST%":13.403524786,"hAST%":13.2542287301,"TOR":3.4531990249,"hTO%":11.6763443575,"AST\/TO":1.1351351351,"STL\/TO":0.2702702703,"PPR":-1.6095750192,"USG%":21.1853079634,"STL%":null,"BLK%":87.5999490328,"aSP":74.3561643836,"ORtg":112.0004271657,"DRtg":89.4595949738,"Floor%":56.9815101062,"Stop%":0.6365980775,"FFI":56.5011197752,"PIE":15.3950953678,"AV":3.9764942025,"DRE\/100":11.7286902505,"DRE\/75":8.7965176878,"POS":59.5261246374},"J. Sanchez":{"TEAM":"CSB","SP":56.1111111111,"GP":18.0,"MPG":24.5037037037,"EWA":2.016170878,"PER":20.0079613015,"WS":1.9512976859,"OWS":1.2170458652,"DWS":0.7342518206,"EFF":12.3333333333,"GmSc":8.1611111111,"TS%":54.0105722822,"EFG%":49.3103448276,"PPWS":1.0802114456,"FTR":0.4551724138,"REB%":12.9060280515,"OREB%":10.981564153,"DREB%":14.5259557745,"AR":5.0662963014,"pAST%":16.4411945767,"hAST%":16.151361329,"TOR":5.3075485062,"hTO%":16.9204737733,"AST\/TO":0.9545454545,"STL\/TO":0.3863636364,"PPR":-3.6983678595,"USG%":21.7194699651,"STL%":null,"BLK%":41.1711093866,"aSP":55.3424657534,"ORtg":104.2960821699,"DRtg":92.218164471,"Floor%":50.6106636566,"Stop%":0.5725191783,"FFI":52.421149842,"PIE":8.5558583106,"AV":2.7387061441,"DRE\/100":5.2340863943,"DRE\/75":3.9255647958,"POS":46.0559981991},"W. Ynot":{"TEAM":"CSB","SP":63.2857142857,"GP":14.0,"MPG":24.0297619048,"EWA":1.8106454132,"PER":21.638124193,"WS":1.7339459263,"OWS":1.1039784987,"DWS":0.6299674276,"EFF":12.8571428571,"GmSc":8.6642857143,"TS%":50.0846501129,"EFG%":46.511627907,"PPWS":1.0016930023,"FTR":0.2248062016,"REB%":11.9071870397,"OREB%":6.8560131579,"DREB%":16.1590395227,"AR":9.4889745087,"pAST%":30.3838036291,"hAST%":25.7776250215,"TOR":4.9026368295,"hTO%":13.3184395944,"AST\/TO":1.935483871,"STL\/TO":0.6129032258,"PPR":2.7274661361,"USG%":22.5622797014,"STL%":null,"BLK%":0.0,"aSP":62.4187866928,"ORtg":107.095701373,"DRtg":90.6009215603,"Floor%":46.5176960189,"Stop%":0.6100861657,"FFI":47.1222876103,"PIE":8.1198910082,"AV":2.3401035966,"DRE\/100":10.1555494134,"DRE\/75":7.61666206,"POS":45.1651996936},"J. Ancheta":{"TEAM":"CSB","SP":44.6470588235,"GP":17.0,"MPG":18.162745098,"EWA":1.2352846825,"PER":18.8614192328,"WS":1.3458454188,"OWS":0.9325308455,"DWS":0.4133145733,"EFF":8.6470588235,"GmSc":5.6647058824,"TS%":58.4415584416,"EFG%":56.3636363636,"PPWS":1.1688311688,"FTR":0.2727272727,"REB%":8.7058835451,"OREB%":2.2409903745,"DREB%":14.1477417591,"AR":7.5817210228,"pAST%":25.4138654315,"hAST%":21.8687872763,"TOR":5.8586026085,"hTO%":16.8986083499,"AST\/TO":1.2941176471,"STL\/TO":0.2352941176,"PPR":-1.5408867925,"USG%":22.3686317135,"STL%":null,"BLK%":0.0,"aSP":44.035455278,"ORtg":105.9578306167,"DRtg":94.7554929038,"Floor%":47.6525778551,"Stop%":0.5135794949,"FFI":50.6199110591,"PIE":6.3760217984,"AV":2.0103362615,"DRE\/100":5.6847235449,"DRE\/75":4.2635426587,"POS":34.1378334329},"G. Cometa":{"TEAM":"CSB","SP":42.3888888889,"GP":18.0,"MPG":17.2907407407,"EWA":1.3330371035,"PER":19.4289897549,"WS":1.3102309929,"OWS":0.9433193993,"DWS":0.3669115936,"EFF":7.5555555556,"GmSc":5.5055555556,"TS%":55.1152737752,"EFG%":54.2307692308,"PPWS":1.1023054755,"FTR":0.1538461538,"REB%":6.9433784845,"OREB%":6.6696884992,"DREB%":7.1737584855,"AR":6.1540628829,"pAST%":21.5635546388,"hAST%":17.4927113703,"TOR":5.2993319269,"hTO%":15.0631681244,"AST\/TO":1.1612903226,"STL\/TO":0.4193548387,"PPR":-2.2930118388,"USG%":23.9700460632,"STL%":null,"BLK%":0.0,"aSP":41.8082191781,"ORtg":105.1352705077,"DRtg":95.9980373222,"Floor%":47.3274621313,"Stop%":0.4847163908,"FFI":49.0091047181,"PIE":5.3950953678,"AV":1.8964215708,"DRE\/100":1.9216091173,"DRE\/75":1.441206838,"POS":32.4988554402},"M. Sangco":{"TEAM":"CSB","SP":36.8333333333,"GP":18.0,"MPG":18.4824074074,"EWA":0.5158551152,"PER":13.936683878,"WS":1.2042387365,"OWS":0.6615143878,"DWS":0.5427243487,"EFF":6.9444444444,"GmSc":4.2277777778,"TS%":47.6853836262,"EFG%":45.6790123457,"PPWS":0.9537076725,"FTR":0.3456790123,"REB%":10.9317862974,"OREB%":5.5463604265,"DREB%":15.46499717,"AR":3.6782591558,"pAST%":10.8119629637,"hAST%":18.0647188187,"TOR":1.7591674223,"hTO%":8.6396481307,"AST\/TO":2.0909090909,"STL\/TO":1.0,"PPR":1.3279612864,"USG%":13.7769734327,"STL%":null,"BLK%":40.9380381296,"aSP":36.3287671233,"ORtg":108.0294121932,"DRtg":92.4777502127,"Floor%":49.6299926596,"Stop%":0.5664892528,"FFI":49.1262703532,"PIE":4.6866485014,"AV":1.7801771205,"DRE\/100":6.2642894658,"DRE\/75":4.6982170994,"POS":34.738655534},"I. Torres":{"TEAM":"CSB","SP":41.9444444444,"GP":18.0,"MPG":17.1787037037,"EWA":0.9186005633,"PER":16.7911759788,"WS":1.187836137,"OWS":0.693288594,"DWS":0.494547543,"EFF":6.5555555556,"GmSc":4.7611111111,"TS%":48.8192552225,"EFG%":45.9016393443,"PPWS":0.9763851045,"FTR":0.1885245902,"REB%":6.3068414987,"OREB%":2.9836387774,"DREB%":9.1041650659,"AR":6.8824431074,"pAST%":21.9220288988,"hAST%":20.0883889112,"TOR":4.6456490975,"hTO%":13.5596625151,"AST\/TO":1.4814814815,"STL\/TO":0.6666666667,"PPR":-0.1099031682,"USG%":22.608885932,"STL%":null,"BLK%":29.3632361022,"aSP":41.3698630137,"ORtg":100.9986100024,"DRtg":92.7267070497,"Floor%":42.6435963887,"Stop%":0.5607062265,"FFI":45.6238400713,"PIE":4.795640327,"AV":1.7048736981,"DRE\/100":3.9903220841,"DRE\/75":2.9927415631,"POS":32.2882759442},"M. Oli":{"TEAM":"CSB","SP":23.5,"GP":16.0,"MPG":9.4260416667,"EWA":0.1566107621,"PER":12.9072204568,"WS":0.6144976787,"OWS":0.4849277561,"DWS":0.1295699225,"EFF":3.0,"GmSc":1.91875,"TS%":48.6553432413,"EFG%":46.2264150943,"PPWS":0.9731068648,"FTR":0.1509433962,"REB%":7.3391040277,"OREB%":9.1759504205,"DREB%":5.7929288061,"AR":3.1749632632,"pAST%":9.7886500826,"hAST%":12.9459148446,"TOR":1.4110947836,"hTO%":5.753739931,"AST\/TO":2.25,"STL\/TO":0.75,"PPR":1.3519947927,"USG%":17.6305909054,"STL%":null,"BLK%":0.0,"aSP":23.1780821918,"ORtg":115.5279325527,"DRtg":98.4859876133,"Floor%":47.5766510589,"Stop%":0.4269237138,"FFI":47.2371333693,"PIE":0.8719346049,"AV":0.8683836407,"DRE\/100":1.0989151333,"DRE\/75":0.8241863499,"POS":17.7167404272},"J. Eusebio":{"TEAM":"CSB","SP":30.2777777778,"GP":18.0,"MPG":11.6092592593,"EWA":0.2326776169,"PER":13.0580699156,"WS":0.5857545537,"OWS":0.1880085737,"DWS":0.39774598,"EFF":4.3333333333,"GmSc":2.4722222222,"TS%":40.5588102749,"EFG%":39.4736842105,"PPWS":0.8111762055,"FTR":0.3815789474,"REB%":15.638235936,"OREB%":8.2781519536,"DREB%":21.8336257776,"AR":3.0552711829,"pAST%":9.3226102031,"hAST%":10.7372942019,"TOR":2.800665251,"hTO%":9.842519685,"AST\/TO":1.0909090909,"STL\/TO":0.3636363636,"PPR":-1.4636545956,"USG%":20.9747460886,"STL%":null,"BLK%":76.0375027081,"aSP":29.8630136986,"ORtg":92.207548616,"DRtg":90.3611818939,"Floor%":42.1160473861,"Stop%":0.6156550861,"FFI":47.4686219727,"PIE":2.5068119891,"AV":1.24983205,"DRE\/100":6.9889102289,"DRE\/75":5.2416826717,"POS":21.8202125688},"R. Ondoa":{"TEAM":"CSB","SP":24.125,"GP":16.0,"MPG":8.0239583333,"EWA":0.4529187005,"PER":17.9110028926,"WS":0.4819725167,"OWS":0.259297841,"DWS":0.2226746758,"EFF":4.0625,"GmSc":2.34375,"TS%":57.0342205323,"EFG%":57.6923076923,"PPWS":1.1406844106,"FTR":0.1794871795,"REB%":16.0113903768,"OREB%":12.5758844495,"DREB%":18.903245765,"AR":0.8288327079,"pAST%":2.7608716412,"hAST%":3.7678975132,"TOR":3.7297471853,"hTO%":16.9555388093,"AST\/TO":0.2222222222,"STL\/TO":0.3333333333,"PPR":-6.0882474409,"USG%":17.4807285099,"STL%":null,"BLK%":53.0419433405,"aSP":23.7945205479,"ORtg":103.6729852771,"DRtg":91.6756162461,"Floor%":51.1192308374,"Stop%":0.5851220484,"FFI":52.3519708628,"PIE":2.3705722071,"AV":1.0900984516,"DRE\/100":5.699792009,"DRE\/75":4.2748440068,"POS":15.0814511561},"A. Turco":{"TEAM":"CSB","SP":18.5,"GP":14.0,"MPG":5.2785714286,"EWA":0.2121938568,