{"Z. Jarque":{"TEAM":"CSB","MINS":46.0,"FGM":8.0,"FGA":13.0,"FG%":61.5384615385,"2PM":3.0,"2PA":3.0,"2P%":100.0,"3PM":5.0,"3PA":10.0,"3P%":50.0,"FTM":2.0,"FTA":2.0,"FT%":100.0,"PTS":23.0,"OFF":4.0,"DEF":7.0,"REB":11.0,"AST":0.0,"TO":8.0,"STL":0.0,"BLK":2.0,"STK":2.0,"PF":13.0,"Fls on:":1.0,"+\/-":-7.0,"GW":7.0,"GP":7.0},"I. Torres":{"TEAM":"CSB","MINS":208.4333333332,"FGM":32.0,"FGA":79.0,"FG%":40.5063291139,"2PM":19.0,"2PA":36.0,"2P%":52.7777777778,"3PM":13.0,"3PA":43.0,"3P%":30.2325581395,"FTM":12.0,"FTA":17.0,"FT%":70.5882352941,"PTS":89.0,"OFF":5.0,"DEF":23.0,"REB":28.0,"AST":28.0,"TO":20.0,"STL":14.0,"BLK":3.0,"STK":17.0,"PF":17.0,"Fls on:":16.0,"+\/-":125.0,"GW":10.0,"GP":12.0},"J. Cajucom":{"TEAM":"CSB","MINS":134.2666666666,"FGM":9.0,"FGA":29.0,"FG%":31.0344827586,"2PM":6.0,"2PA":16.0,"2P%":37.5,"3PM":3.0,"3PA":13.0,"3P%":23.0769230769,"FTM":6.0,"FTA":8.0,"FT%":75.0,"PTS":27.0,"OFF":2.0,"DEF":11.0,"REB":13.0,"AST":10.0,"TO":9.0,"STL":7.0,"BLK":2.0,"STK":9.0,"PF":11.0,"Fls on:":11.0,"+\/-":4.0,"GW":9.0,"GP":11.0},"I. Galas":{"TEAM":"CSB","MINS":10.35,"FGM":2.0,"FGA":5.0,"FG%":40.0,"2PM":2.0,"2PA":4.0,"2P%":50.0,"3PM":0.0,"3PA":1.0,"3P%":0.0,"FTM":3.0,"FTA":4.0,"FT%":75.0,"PTS":7.0,"OFF":0.0,"DEF":0.0,"REB":0.0,"AST":0.0,"TO":1.0,"STL":0.0,"BLK":1.0,"STK":1.0,"PF":1.0,"Fls on:":3.0,"+\/-":-19.0,"GW":3.0,"GP":3.0},"A. Turco":{"TEAM":"CSB","MINS":59.6666666668,"FGM":7.0,"FGA":12.0,"FG%":58.3333333333,"2PM":7.0,"2PA":12.0,"2P%":58.3333333333,"3PM":0.0,"3PA":0.0,"3P%":0.0,"FTM":2.0,"FTA":5.0,"FT%":40.0,"PTS":16.0,"OFF":4.0,"DEF":10.0,"REB":14.0,"AST":2.0,"TO":2.0,"STL":0.0,"BLK":5.0,"STK":5.0,"PF":9.0,"Fls on:":6.0,"+\/-":-2.0,"GW":8.0,"GP":10.0},"J. Eusebio":{"TEAM":"CSB","MINS":150.2333333335,"FGM":21.0,"FGA":58.0,"FG%":36.2068965517,"2PM":13.0,"2PA":24.0,"2P%":54.1666666667,"3PM":8.0,"3PA":34.0,"3P%":23.5294117647,"FTM":3.0,"FTA":13.0,"FT%":23.0769230769,"PTS":53.0,"OFF":10.0,"DEF":36.0,"REB":46.0,"AST":10.0,"TO":6.0,"STL":4.0,"BLK":4.0,"STK":8.0,"PF":15.0,"Fls on:":10.0,"+\/-":72.0,"GW":10.0,"GP":12.0},"J. Morales":{"TEAM":"CSB","MINS":131.7166666667,"FGM":12.0,"FGA":37.0,"FG%":32.4324324324,"2PM":4.0,"2PA":8.0,"2P%":50.0,"3PM":8.0,"3PA":29.0,"3P%":27.5862068966,"FTM":4.0,"FTA":8.0,"FT%":50.0,"PTS":36.0,"OFF":7.0,"DEF":19.0,"REB":26.0,"AST":7.0,"TO":6.0,"STL":2.0,"BLK":1.0,"STK":3.0,"PF":12.0,"Fls on:":5.0,"+\/-":26.0,"GW":9.0,"GP":11.0},"G. Cometa":{"TEAM":"CSB","MINS":211.6833333332,"FGM":49.0,"FGA":101.0,"FG%":48.5148514851,"2PM":37.0,"2PA":64.0,"2P%":57.8125,"3PM":12.0,"3PA":37.0,"3P%":32.4324324324,"FTM":8.0,"FTA":13.0,"FT%":61.5384615385,"PTS":118.0,"OFF":10.0,"DEF":12.0,"REB":22.0,"AST":21.0,"TO":24.0,"STL":9.0,"BLK":0.0,"STK":9.0,"PF":18.0,"Fls on:":10.0,"+\/-":56.0,"GW":10.0,"GP":12.0},"G. Carillo":{"TEAM":"CSB","MINS":14.6,"FGM":2.0,"FGA":5.0,"FG%":40.0,"2PM":2.0,"2PA":4.0,"2P%":50.0,"3PM":0.0,"3PA":1.0,"3P%":0.0,"FTM":0.0,"FTA":0.0,"FT%":0.0,"PTS":4.0,"OFF":2.0,"DEF":1.0,"REB":3.0,"AST":1.0,"TO":0.0,"STL":0.0,"BLK":0.0,"STK":0.0,"PF":1.0,"Fls on:":0.0,"+\/-":-8.0,"GW":3.0,"GP":3.0},"J. Sanchez":{"TEAM":"CSB","MINS":288.3833333333,"FGM":43.0,"FGA":83.0,"FG%":51.8072289157,"2PM":41.0,"2PA":67.0,"2P%":61.1940298507,"3PM":2.0,"3PA":16.0,"3P%":12.5,"FTM":34.0,"FTA":50.0,"FT%":68.0,"PTS":122.0,"OFF":29.0,"DEF":42.0,"REB":71.0,"AST":28.0,"TO":32.0,"STL":13.0,"BLK":7.0,"STK":20.0,"PF":25.0,"Fls on:":39.0,"+\/-":88.0,"GW":10.0,"GP":12.0},"J. Arciaga":{"TEAM":"CSB","MINS":7.0166666667,"FGM":0.0,"FGA":0.0,"FG%":0.0,"2PM":0.0,"2PA":0.0,"2P%":0.0,"3PM":0.0,"3PA":0.0,"3P%":0.0,"FTM":0.0,"FTA":0.0,"FT%":0.0,"PTS":0.0,"OFF":0.0,"DEF":2.0,"REB":2.0,"AST":0.0,"TO":0.0,"STL":0.0,"BLK":0.0,"STK":0.0,"PF":2.0,"Fls on:":1.0,"+\/-":-3.0,"GW":2.0,"GP":2.0},"E. Serrano":{"TEAM":"CSB","MINS":28.5333333334,"FGM":5.0,"FGA":7.0,"FG%":71.4285714286,"2PM":5.0,"2PA":7.0,"2P%":71.4285714286,"3PM":0.0,"3PA":0.0,"3P%":0.0,"FTM":4.0,"FTA":4.0,"FT%":100.0,"PTS":14.0,"OFF":4.0,"DEF":5.0,"REB":9.0,"AST":1.0,"TO":0.0,"STL":1.0,"BLK":3.0,"STK":4.0,"PF":3.0,"Fls on:":3.0,"+\/-":8.0,"GW":6.0,"GP":6.0},"J. Ancheta":{"TEAM":"CSB","MINS":194.7000000001,"FGM":37.0,"FGA":78.0,"FG%":47.4358974359,"2PM":30.0,"2PA":51.0,"2P%":58.8235294118,"3PM":7.0,"3PA":27.0,"3P%":25.9259259259,"FTM":15.0,"FTA":23.0,"FT%":65.2173913043,"PTS":96.0,"OFF":3.0,"DEF":24.0,"REB":27.0,"AST":30.0,"TO":22.0,"STL":7.0,"BLK":0.0,"STK":7.0,"PF":19.0,"Fls on:":30.0,"+\/-":49.0,"GW":9.0,"GP":11.0},"A. Liwag":{"TEAM":"CSB","MINS":369.8999999999,"FGM":68.0,"FGA":124.0,"FG%":54.8387096774,"2PM":68.0,"2PA":123.0,"2P%":55.2845528455,"3PM":0.0,"3PA":1.0,"3P%":0.0,"FTM":33.0,"FTA":70.0,"FT%":47.1428571429,"PTS":169.0,"OFF":39.0,"DEF":98.0,"REB":137.0,"AST":28.0,"TO":22.0,"STL":5.0,"BLK":14.0,"STK":19.0,"PF":29.0,"Fls on:":65.0,"+\/-":133.0,"GW":10.0,"GP":12.0},"W. Ynot":{"TEAM":"CSB","MINS":191.4333333334,"FGM":34.0,"FGA":82.0,"FG%":41.4634146341,"2PM":20.0,"2PA":38.0,"2P%":52.6315789474,"3PM":14.0,"3PA":44.0,"3P%":31.8181818182,"FTM":9.0,"FTA":12.0,"FT%":75.0,"PTS":91.0,"OFF":14.0,"DEF":33.0,"REB":47.0,"AST":34.0,"TO":22.0,"STL":11.0,"BLK":0.0,"STK":11.0,"PF":13.0,"Fls on:":9.0,"+\/-":84.0,"GW":7.0,"GP":8.0},"M. Oli":{"TEAM":"CSB","MINS":90.65,"FGM":12.0,"FGA":32.0,"FG%":37.5,"2PM":5.0,"2PA":9.0,"2P%":55.5555555556,"3PM":7.0,"3PA":23.0,"3P%":30.4347826087,"FTM":6.0,"FTA":8.0,"FT%":75.0,"PTS":37.0,"OFF":9.0,"DEF":6.0,"REB":15.0,"AST":3.0,"TO":2.0,"STL":2.0,"BLK":0.0,"STK":2.0,"PF":18.0,"Fls on:":7.0,"+\/-":38.0,"GW":8.0,"GP":10.0},"M. Sangco":{"TEAM":"CSB","MINS":217.7999999998,"FGM":22.0,"FGA":56.0,"FG%":39.2857142857,"2PM":18.0,"2PA":43.0,"2P%":41.8604651163,"3PM":4.0,"3PA":13.0,"3P%":30.7692307692,"FTM":10.0,"FTA":18.0,"FT%":55.5555555556,"PTS":58.0,"OFF":15.0,"DEF":35.0,"REB":50.0,"AST":13.0,"TO":7.0,"STL":9.0,"BLK":4.0,"STK":13.0,"PF":16.0,"Fls on:":11.0,"+\/-":50.0,"GW":10.0,"GP":12.0},"R. Ondoa":{"TEAM":"CSB","MINS":93.3666666667,"FGM":17.0,"FGA":28.0,"FG%":60.7142857143,"2PM":16.0,"2PA":25.0,"2P%":64.0,"3PM":1.0,"3PA":3.0,"3P%":33.3333333333,"FTM":2.0,"FTA":4.0,"FT%":50.0,"PTS":37.0,"OFF":8.0,"DEF":10.0,"REB":18.0,"AST":1.0,"TO":9.0,"STL":2.0,"BLK":3.0,"STK":5.0,"PF":9.0,"Fls on:":3.0,"+\/-":51.0,"GW":9.0,"GP":10.0}}