{"A. Liwag":{"TEAM":"CSB","MINS":31.6703703704,"FGM":5.8888888889,"FGA":10.7222222222,"FG%":54.9222797927,"2PM":5.8888888889,"2PA":10.6111111111,"2P%":55.497382199,"3PM":0.0,"3PA":0.1111111111,"3P%":0.0,"FTM":2.8333333333,"FTA":5.6666666667,"FT%":50.0,"PTS":14.6111111111,"OFF":3.3888888889,"DEF":7.8888888889,"REB":11.2777777778,"AST":2.3333333333,"TO":2.0555555556,"STL":0.5555555556,"BLK":1.2222222222,"STK":1.7777777778,"PF":2.2777777778,"Fls on:":5.7777777778,"+\/-":9.4444444444,"GW":14.0,"GP":18.0},"J. Sanchez":{"TEAM":"CSB","MINS":24.5037037037,"FGM":3.8333333333,"FGA":8.0555555556,"FG%":47.5862068966,"2PM":3.5555555556,"2PA":6.2222222222,"2P%":57.1428571429,"3PM":0.2777777778,"3PA":1.8333333333,"3P%":15.1515151515,"FTM":2.5,"FTA":3.6666666667,"FT%":68.1818181818,"PTS":10.4444444444,"OFF":2.3333333333,"DEF":3.6666666667,"REB":6.0,"AST":2.3333333333,"TO":2.4444444444,"STL":0.9444444444,"BLK":0.4444444444,"STK":1.3888888889,"PF":2.2222222222,"Fls on:":3.1666666667,"+\/-":5.8888888889,"GW":14.0,"GP":18.0},"W. Ynot":{"TEAM":"CSB","MINS":24.0297619048,"FGM":3.5714285714,"FGA":9.2142857143,"FG%":38.7596899225,"2PM":2.1428571429,"2PA":3.9285714286,"2P%":54.5454545455,"3PM":1.4285714286,"3PA":5.2857142857,"3P%":27.027027027,"FTM":1.5714285714,"FTA":2.0714285714,"FT%":75.8620689655,"PTS":10.1428571429,"OFF":1.4285714286,"DEF":4.0,"REB":5.4285714286,"AST":4.2857142857,"TO":2.2142857143,"STL":1.3571428571,"BLK":0.0,"STK":1.3571428571,"PF":1.5,"Fls on:":1.3571428571,"+\/-":8.3571428571,"GW":11.0,"GP":14.0},"G. Cometa":{"TEAM":"CSB","MINS":17.2907407407,"FGM":3.4444444444,"FGA":7.2222222222,"FG%":47.6923076923,"2PM":2.5,"2PA":4.6111111111,"2P%":54.2168674699,"3PM":0.9444444444,"3PA":2.6111111111,"3P%":36.170212766,"FTM":0.6666666667,"FTA":1.1111111111,"FT%":60.0,"PTS":8.5,"OFF":1.0,"DEF":1.2777777778,"REB":2.2777777778,"AST":2.0,"TO":1.7222222222,"STL":0.7222222222,"BLK":0.0,"STK":0.7222222222,"PF":1.5555555556,"Fls on:":0.8333333333,"+\/-":4.2222222222,"GW":14.0,"GP":18.0},"J. Ancheta":{"TEAM":"CSB","MINS":18.162745098,"FGM":3.1764705882,"FGA":6.4705882353,"FG%":49.0909090909,"2PM":2.2352941176,"2PA":3.7647058824,"2P%":59.375,"3PM":0.9411764706,"3PA":2.7058823529,"3P%":34.7826086957,"FTM":1.1764705882,"FTA":1.7647058824,"FT%":66.6666666667,"PTS":8.4705882353,"OFF":0.3529411765,"DEF":2.6470588235,"REB":3.0,"AST":2.5882352941,"TO":2.0,"STL":0.4705882353,"BLK":0.0,"STK":0.4705882353,"PF":1.5882352941,"Fls on:":2.5294117647,"+\/-":3.1764705882,"GW":13.0,"GP":17.0},"I. Torres":{"TEAM":"CSB","MINS":17.1787037037,"FGM":2.5,"FGA":6.7777777778,"FG%":36.8852459016,"2PM":1.2777777778,"2PA":2.9444444444,"2P%":43.3962264151,"3PM":1.2222222222,"3PA":3.8333333333,"3P%":31.884057971,"FTM":0.9444444444,"FTA":1.2777777778,"FT%":73.9130434783,"PTS":7.1666666667,"OFF":0.4444444444,"DEF":1.6111111111,"REB":2.0555555556,"AST":2.2222222222,"TO":1.5,"STL":1.0,"BLK":0.2222222222,"STK":1.2222222222,"PF":1.3333333333,"Fls on:":1.2222222222,"+\/-":8.7777777778,"GW":14.0,"GP":18.0},"M. Sangco":{"TEAM":"CSB","MINS":18.4824074074,"FGM":1.7777777778,"FGA":4.5,"FG%":39.5061728395,"2PM":1.2222222222,"2PA":3.0,"2P%":40.7407407407,"3PM":0.5555555556,"3PA":1.5,"3P%":37.037037037,"FTM":0.8333333333,"FTA":1.5555555556,"FT%":53.5714285714,"PTS":4.9444444444,"OFF":0.8888888889,"DEF":2.9444444444,"REB":3.8333333333,"AST":1.2777777778,"TO":0.6111111111,"STL":0.6111111111,"BLK":0.3333333333,"STK":0.9444444444,"PF":1.5555555556,"Fls on:":1.0555555556,"+\/-":3.2222222222,"GW":14.0,"GP":18.0},"J. Eusebio":{"TEAM":"CSB","MINS":11.6092592593,"FGM":1.3888888889,"FGA":4.2222222222,"FG%":32.8947368421,"2PM":0.8333333333,"2PA":1.5555555556,"2P%":53.5714285714,"3PM":0.5555555556,"3PA":2.6666666667,"3P%":20.8333333333,"FTM":0.6666666667,"FTA":1.6111111111,"FT%":41.3793103448,"PTS":4.0,"OFF":0.8333333333,"DEF":2.6111111111,"REB":3.4444444444,"AST":0.6666666667,"TO":0.6111111111,"STL":0.2222222222,"BLK":0.3888888889,"STK":0.6111111111,"PF":1.1666666667,"Fls on:":1.2222222222,"+\/-":3.5555555556,"GW":14.0,"GP":18.0},"M. Oli":{"TEAM":"CSB","MINS":9.4260416667,"FGM":1.1875,"FGA":3.3125,"FG%":35.8490566038,"2PM":0.5,"2PA":0.875,"2P%":57.1428571429,"3PM":0.6875,"3PA":2.4375,"3P%":28.2051282051,"FTM":0.375,"FTA":0.5,"FT%":75.0,"PTS":3.4375,"OFF":0.75,"DEF":0.5625,"REB":1.3125,"AST":0.5625,"TO":0.25,"STL":0.1875,"BLK":0.0,"STK":0.1875,"PF":1.625,"Fls on:":0.5625,"+\/-":1.25,"GW":12.0,"GP":16.0},"Z. Jarque":{"TEAM":"CSB","MINS":6.0462962963,"FGM":1.1111111111,"FGA":2.1111111111,"FG%":52.6315789474,"2PM":0.5555555556,"2PA":0.5555555556,"2P%":100.0,"3PM":0.5555555556,"3PA":1.5555555556,"3P%":35.7142857143,"FTM":0.2222222222,"FTA":0.2222222222,"FT%":100.0,"PTS":3.0,"OFF":0.4444444444,"DEF":0.8888888889,"REB":1.3333333333,"AST":0.1111111111,"TO":1.0,"STL":0.0,"BLK":0.2222222222,"STK":0.2222222222,"PF":1.8888888889,"Fls on:":0.1111111111,"+\/-":-1.0,"GW":8.0,"GP":9.0},"R. Ondoa":{"TEAM":"CSB","MINS":8.0239583333,"FGM":1.375,"FGA":2.4375,"FG%":56.4102564103,"2PM":1.3125,"2PA":2.25,"2P%":58.3333333333,"3PM":0.0625,"3PA":0.1875,"3P%":33.3333333333,"FTM":0.1875,"FTA":0.4375,"FT%":42.8571428571,"PTS":3.0,"OFF":0.875,"DEF":1.5625,"REB":2.4375,"AST":0.125,"TO":0.5625,"STL":0.1875,"BLK":0.1875,"STK":0.375,"PF":0.8125,"Fls on:":0.3125,"+\/-":3.75,"GW":13.0,"GP":16.0},"J. Morales":{"TEAM":"CSB","MINS":11.2225490196,"FGM":0.8823529412,"FGA":3.4705882353,"FG%":25.4237288136,"2PM":0.2941176471,"2PA":0.8823529412,"2P%":33.3333333333,"3PM":0.5882352941,"3PA":2.5882352941,"3P%":22.7272727273,"FTM":0.2941176471,"FTA":0.5882352941,"FT%":50.0,"PTS":2.6470588235,"OFF":0.5294117647,"DEF":1.3529411765,"REB":1.8823529412,"AST":0.4705882353,"TO":0.3529411765,"STL":0.1764705882,"BLK":0.1176470588,"STK":0.2941176471,"PF":1.2941176471,"Fls on:":0.3529411765,"+\/-":-0.1176470588,"GW":13.0,"GP":17.0},"I. Galas":{"TEAM":"CSB","MINS":3.45,"FGM":0.6666666667,"FGA":1.6666666667,"FG%":40.0,"2PM":0.6666666667,"2PA":1.3333333333,"2P%":50.0,"3PM":0.0,"3PA":0.3333333333,"3P%":0.0,"FTM":1.0,"FTA":1.3333333333,"FT%":75.0,"PTS":2.3333333333,"OFF":0.0,"DEF":0.0,"REB":0.0,"AST":0.0,"TO":0.3333333333,"STL":0.0,"BLK":0.3333333333,"STK":0.3333333333,"PF":0.3333333333,"Fls on:":1.0,"+\/-":-6.3333333333,"GW":3.0,"GP":3.0},"J. Cajucom":{"TEAM":"CSB","MINS":10.5541666667,"FGM":0.6875,"FGA":2.4375,"FG%":28.2051282051,"2PM":0.375,"2PA":1.3125,"2P%":28.5714285714,"3PM":0.3125,"3PA":1.125,"3P%":27.7777777778,"FTM":0.375,"FTA":0.625,"FT%":60.0,"PTS":2.0625,"OFF":0.125,"DEF":0.6875,"REB":0.8125,"AST":0.6875,"TO":0.625,"STL":0.5,"BLK":0.125,"STK":0.625,"PF":1.0,"Fls on:":0.8125,"+\/-":0.3125,"GW":12.0,"GP":16.0},"E. Serrano":{"TEAM":"CSB","MINS":3.7833333333,"FGM":0.625,"FGA":0.875,"FG%":71.4285714286,"2PM":0.625,"2PA":0.875,"2P%":71.4285714286,"3PM":0.0,"3PA":0.0,"3P%":0.0,"FTM":0.5,"FTA":0.75,"FT%":66.6666666667,"PTS":1.75,"OFF":0.5,"DEF":0.625,"REB":1.125,"AST":0.125,"TO":0.0,"STL":0.125,"BLK":0.375,"STK":0.5,"PF":0.625,"Fls on:":0.5,"+\/-":0.375,"GW":8.0,"GP":8.0},"A. Turco":{"TEAM":"CSB","MINS":5.2785714286,"FGM":0.5714285714,"FGA":1.0,"FG%":57.1428571429,"2PM":0.5714285714,"2PA":1.0,"2P%":57.1428571429,"3PM":0.0,"3PA":0.0,"3P%":0.0,"FTM":0.3571428571,"FTA":0.6428571429,"FT%":55.5555555556,"PTS":1.5,"OFF":0.3571428571,"DEF":0.7857142857,"REB":1.1428571429,"AST":0.1428571429,"TO":0.1428571429,"STL":0.0,"BLK":0.5,"STK":0.5,"PF":0.7142857143,"Fls on:":0.5714285714,"+\/-":-0.7142857143,"GW":11.0,"GP":14.0},"G. Carillo":{"TEAM":"CSB","MINS":4.8666666667,"FGM":0.6666666667,"FGA":1.6666666667,"FG%":40.0,"2PM":0.6666666667,"2PA":1.3333333333,"2P%":50.0,"3PM":0.0,"3PA":0.3333333333,"3P%":0.0,"FTM":0.0,"FTA":0.0,"FT%":0.0,"PTS":1.3333333333,"OFF":0.6666666667,"DEF":0.3333333333,"REB":1.0,"AST":0.3333333333,"TO":0.0,"STL":0.0,"BLK":0.0,"STK":0.0,"PF":0.3333333333,"Fls on:":0.0,"+\/-":-2.6666666667,"GW":3.0,"GP":3.0},"J. Arciaga":{"TEAM":"CSB","MINS":3.5083333334,"FGM":0.0,"FGA":0.0,"FG%":0.0,"2PM":0.0,"2PA":0.0,"2P%":0.0,"3PM":0.0,"3PA":0.0,"3P%":0.0,"FTM":0.0,"FTA":0.0,"FT%":0.0,