{"A. Liwag":{"TEAM":"CSB","MINS":31.0428571428,"FGM":5.5,"FGA":10.2857142857,"FG%":53.4722222222,"2PM":5.5,"2PA":10.2142857143,"2P%":53.8461538462,"3PM":0.0,"3PA":0.0714285714,"3P%":0.0,"FTM":2.8571428571,"FTA":6.0,"FT%":47.619047619,"PTS":13.8571428571,"OFF":3.1428571429,"DEF":7.7142857143,"REB":10.8571428571,"AST":2.2142857143,"TO":2.1428571429,"STL":0.5714285714,"BLK":1.0714285714,"STK":1.6428571429,"PF":2.3571428571,"Fls on:":5.7142857143,"+\/-":10.9285714286,"GW":12.0,"GP":14.0},"W. Ynot":{"TEAM":"CSB","MINS":22.895,"FGM":4.0,"FGA":10.0,"FG%":40.0,"2PM":2.4,"2PA":4.6,"2P%":52.1739130435,"3PM":1.6,"3PA":5.4,"3P%":29.6296296296,"FTM":1.3,"FTA":1.7,"FT%":76.4705882353,"PTS":10.9,"OFF":1.8,"DEF":4.0,"REB":5.8,"AST":4.3,"TO":2.3,"STL":1.5,"BLK":0.0,"STK":1.5,"PF":1.5,"Fls on:":1.2,"+\/-":11.1,"GW":9.0,"GP":10.0},"J. Sanchez":{"TEAM":"CSB","MINS":23.5392857143,"FGM":3.6428571429,"FGA":7.2142857143,"FG%":50.495049505,"2PM":3.5,"2PA":5.7142857143,"2P%":61.25,"3PM":0.1428571429,"3PA":1.5,"3P%":9.5238095238,"FTM":2.6428571429,"FTA":3.8571428571,"FT%":68.5185185185,"PTS":10.0714285714,"OFF":2.2857142857,"DEF":3.6428571429,"REB":5.9285714286,"AST":2.2142857143,"TO":2.5714285714,"STL":1.0714285714,"BLK":0.5714285714,"STK":1.6428571429,"PF":2.2857142857,"Fls on:":3.0714285714,"+\/-":5.8571428571,"GW":12.0,"GP":14.0},"G. Cometa":{"TEAM":"CSB","MINS":17.4547619048,"FGM":3.7857142857,"FGA":7.9285714286,"FG%":47.7477477477,"2PM":2.7857142857,"2PA":4.9285714286,"2P%":56.5217391304,"3PM":1.0,"3PA":3.0,"3P%":33.3333333333,"FTM":0.7142857143,"FTA":1.2142857143,"FT%":58.8235294118,"PTS":9.2857142857,"OFF":1.0714285714,"DEF":1.2142857143,"REB":2.2857142857,"AST":2.0,"TO":1.9285714286,"STL":0.8571428571,"BLK":0.0,"STK":0.8571428571,"PF":1.5,"Fls on:":0.9285714286,"+\/-":4.7142857143,"GW":12.0,"GP":14.0},"I. Torres":{"TEAM":"CSB","MINS":17.3809523809,"FGM":2.6428571429,"FGA":7.0714285714,"FG%":37.3737373737,"2PM":1.3571428571,"2PA":3.1428571429,"2P%":43.1818181818,"3PM":1.2857142857,"3PA":3.9285714286,"3P%":32.7272727273,"FTM":0.8571428571,"FTA":1.2142857143,"FT%":70.5882352941,"PTS":7.4285714286,"OFF":0.5,"DEF":1.9285714286,"REB":2.4285714286,"AST":2.1428571429,"TO":1.6428571429,"STL":1.1428571429,"BLK":0.2142857143,"STK":1.3571428571,"PF":1.5,"Fls on:":1.2857142857,"+\/-":9.4285714286,"GW":12.0,"GP":14.0},"J. Ancheta":{"TEAM":"CSB","MINS":17.2576923077,"FGM":2.8461538462,"FGA":6.0769230769,"FG%":46.835443038,"2PM":2.3076923077,"2PA":3.9230769231,"2P%":58.8235294118,"3PM":0.5384615385,"3PA":2.1538461538,"3P%":25.0,"FTM":1.1538461538,"FTA":1.7692307692,"FT%":65.2173913043,"PTS":7.3846153846,"OFF":0.2307692308,"DEF":2.0769230769,"REB":2.3076923077,"AST":2.5384615385,"TO":1.9230769231,"STL":0.5384615385,"BLK":0.0,"STK":0.5384615385,"PF":1.5384615385,"Fls on:":2.6153846154,"+\/-":3.3846153846,"GW":11.0,"GP":13.0},"M. Sangco":{"TEAM":"CSB","MINS":18.3345238095,"FGM":1.8571428571,"FGA":4.5714285714,"FG%":40.625,"2PM":1.4285714286,"2PA":3.2142857143,"2P%":44.4444444444,"3PM":0.4285714286,"3PA":1.3571428571,"3P%":31.5789473684,"FTM":0.7142857143,"FTA":1.2857142857,"FT%":55.5555555556,"PTS":4.8571428571,"OFF":1.0714285714,"DEF":3.0714285714,"REB":4.1428571429,"AST":1.0,"TO":0.6428571429,"STL":0.7142857143,"BLK":0.2857142857,"STK":1.0,"PF":1.2142857143,"Fls on:":0.8571428571,"+\/-":3.2857142857,"GW":12.0,"GP":14.0},"J. Eusebio":{"TEAM":"CSB","MINS":12.1380952381,"FGM":1.5714285714,"FGA":4.6428571429,"FG%":33.8461538462,"2PM":0.9285714286,"2PA":1.7857142857,"2P%":52.0,"3PM":0.6428571429,"3PA":2.8571428571,"3P%":22.5,"FTM":0.5714285714,"FTA":1.5,"FT%":38.0952380952,"PTS":4.3571428571,"OFF":1.0,"DEF":3.0714285714,"REB":4.0714285714,"AST":0.7857142857,"TO":0.5,"STL":0.2857142857,"BLK":0.3571428571,"STK":0.6428571429,"PF":1.1428571429,"Fls on:":1.1428571429,"+\/-":5.4285714286,"GW":12.0,"GP":14.0},"M. Oli":{"TEAM":"CSB","MINS":9.6555555556,"FGM":1.25,"FGA":3.3333333333,"FG%":37.5,"2PM":0.5,"2PA":0.9166666667,"2P%":54.5454545455,"3PM":0.75,"3PA":2.4166666667,"3P%":31.0344827586,"FTM":0.5,"FTA":0.6666666667,"FT%":75.0,"PTS":3.75,"OFF":0.8333333333,"DEF":0.5833333333,"REB":1.4166666667,"AST":0.5,"TO":0.1666666667,"STL":0.1666666667,"BLK":0.0,"STK":0.1666666667,"PF":1.75,"Fls on:":0.5833333333,"+\/-":2.5,"GW":10.0,"GP":12.0},"R. Ondoa":{"TEAM":"CSB","MINS":9.0347222222,"FGM":1.5833333333,"FGA":2.75,"FG%":57.5757575758,"2PM":1.5,"2PA":2.5,"2P%":60.0,"3PM":0.0833333333,"3PA":0.25,"3P%":33.3333333333,"FTM":0.25,"FTA":0.5833333333,"FT%":42.8571428571,"PTS":3.5,"OFF":1.0,"DEF":1.1666666667,"REB":2.1666666667,"AST":0.0833333333,"TO":0.75,"STL":0.25,"BLK":0.25,"STK":0.5,"PF":0.9166666667,"Fls on:":0.4166666667,"+\/-":4.6666666667,"GW":11.0,"GP":12.0},"Z. Jarque":{"TEAM":"CSB","MINS":6.3791666667,"FGM":1.125,"FGA":2.125,"FG%":52.9411764706,"2PM":0.5,"2PA":0.5,"2P%":100.0,"3PM":0.625,"3PA":1.625,"3P%":38.4615384615,"FTM":0.25,"FTA":0.25,"FT%":100.0,"PTS":3.125,"OFF":0.5,"DEF":1.0,"REB":1.5,"AST":0.0,"TO":1.0,"STL":0.0,"BLK":0.25,"STK":0.25,"PF":1.875,"Fls on:":0.125,"+\/-":-0.75,"GW":8.0,"GP":8.0},"J. Morales":{"TEAM":"CSB","MINS":11.8435897436,"FGM":0.9230769231,"FGA":3.6923076923,"FG%":25.0,"2PM":0.3076923077,"2PA":0.9230769231,"2P%":33.3333333333,"3PM":0.6153846154,"3PA":2.7692307692,"3P%":22.2222222222,"FTM":0.3076923077,"FTA":0.6153846154,"FT%":50.0,"PTS":2.7692307692,"OFF":0.5384615385,"DEF":1.7692307692,"REB":2.3076923077,"AST":0.6153846154,"TO":0.4615384615,"STL":0.2307692308,"BLK":0.0769230769,"STK":0.3076923077,"PF":1.0769230769,"Fls on:":0.3846153846,"+\/-":2.1538461538,"GW":11.0,"GP":13.0},"I. Galas":{"TEAM":"CSB","MINS":3.45,"FGM":0.6666666667,"FGA":1.6666666667,"FG%":40.0,"2PM":0.6666666667,"2PA":1.3333333333,"2P%":50.0,"3PM":0.0,"3PA":0.3333333333,"3P%":0.0,"FTM":1.0,"FTA":1.3333333333,"FT%":75.0,"PTS":2.3333333333,"OFF":0.0,"DEF":0.0,"REB":0.0,"AST":0.0,"TO":0.3333333333,"STL":0.0,"BLK":0.3333333333,"STK":0.3333333333,"PF":0.3333333333,"Fls on:":1.0,"+\/-":-6.3333333333,"GW":3.0,"GP":3.0},"J. Cajucom":{"TEAM":"CSB","MINS":11.8269230769,"FGM":0.7692307692,"FGA":2.8461538462,"FG%":27.027027027,"2PM":0.4615384615,"2PA":1.5384615385,"2P%":30.0,"3PM":0.3076923077,"3PA":1.3076923077,"3P%":23.5294117647,"FTM":0.4615384615,"FTA":0.7692307692,"FT%":60.0,"PTS":2.3076923077,"OFF":0.1538461538,"DEF":0.8461538462,"REB":1.0,"AST":0.7692307692,"TO":0.7692307692,"STL":0.6153846154,"BLK":0.1538461538,"STK":0.7692307692,"PF":1.1538461538,"Fls on:":1.0,"+\/-":0.1538461538,"GW":11.0,"GP":13.0},"E. Serrano":{"TEAM":"CSB","MINS":4.1952380952,"FGM":0.7142857143,"FGA":1.0,"FG%":71.4285714286,"2PM":0.7142857143,"2PA":1.0,"2P%":71.4285714286,"3PM":0.0,"3PA":0.0,"3P%":0.0,"FTM":0.5714285714,"FTA":0.5714285714,"FT%":100.0,"PTS":2.0,"OFF":0.5714285714,"DEF":0.7142857143,"REB":1.2857142857,"AST":0.1428571429,"TO":0.0,"STL":0.1428571429,"BLK":0.4285714286,"STK":0.5714285714,"PF":0.7142857143,"Fls on:":0.4285714286,"+\/-":0.8571428571,"GW":7.0,"GP":7.0},"A. Turco":{"TEAM":"CSB","MINS":6.0041666667,"FGM":0.6666666667,"FGA":1.0833333333,"FG%":61.5384615385,"2PM":0.6666666667,"2PA":1.0833333333,"2P%":61.5384615385,"3PM":0.0,"3PA":0.0,"3P%":0.0,"FTM":0.4166666667,"FTA":0.75,"FT%":55.5555555556,"PTS":1.75,"OFF":0.4166666667,"DEF":0.9166666667,"REB":1.3333333333,"AST":0.1666666667,"TO":0.1666666667,"STL":0.0,"BLK":0.5833333333,"STK":0.5833333333,"PF":0.8333333333,"Fls on:":0.6666666667,"+\/-":-0.5,"GW":10.0,"GP":12.0},"G. Carillo":{"TEAM":"CSB","MINS":4.8666666667,"FGM":0.6666666667,"FGA":1.6666666667,"FG%":40.0,"2PM":0.6666666667,"2PA":1.3333333333,"2P%":50.0,"3PM":0.0,"3PA":0.3333333333,"3P%":0.0,"FTM":0.0,"FTA":0.0,"FT%":0.0,"PTS":1.3333333333,"OFF":0.6666666667,"DEF":0.3333333333,"REB":1.0,"AST":0.3333333333,"TO":0.0,"STL":0.0,"BLK":0.0,"STK":0.0,"PF":0.3333333333,"Fls on:":0.0,"+\/-":-2.6666666667,"GW":3.0,"GP":3.0},"J. Arciaga":{"TEAM":"CSB","MINS":3.5083333334,"FGM":0.0,"FGA":0.0,"FG%":0.0,"2PM":0.0,"2PA":0.0,"2P%":0.0,"3PM":0.0,"3PA":0.0,"3P%":0.0,"FTM":0.0,"FTA":0.0,"FT%":0.0,"PTS":0.0,"OFF":0.0,"DEF":1.0,