{"A. Liwag":{"TEAM":"CSB","SP":75.3888888889,"GP":18.0,"MPG":31.6703703704,"EWA":3.9724727759,"PER":24.8265552793,"WS":3.2548254073,"OWS":2.1049826002,"DWS":1.1498428071,"EFF":20.2777777778,"GmSc":13.1444444444,"TS%":55.2799730957,"EFG%":54.9222797927,"PPWS":1.1055994619,"FTR":0.5284974093,"REB%":18.7555593356,"OREB%":12.3207682832,"DREB%":24.1806358346,"AR":3.9166544303,"pAST%":13.403524786,"hAST%":13.2542287301,"TOR":3.4503860458,"hTO%":11.6763443575,"AST\/TO":1.1351351351,"STL\/TO":0.2702702703,"PPR":-1.6085160863,"USG%":21.1740934116,"STL%":null,"BLK%":87.5999490328,"aSP":74.3561643836,"ORtg":111.9724734208,"DRtg":89.4217893298,"Floor%":56.9693001047,"Stop%":0.6360795041,"FFI":56.4979302022,"PIE":15.4034896401,"AV":3.9764942025,"DRE\/100":11.7122741435,"DRE\/75":8.7842056076,"POS":59.5746542062},"J. Sanchez":{"TEAM":"CSB","SP":56.1111111111,"GP":18.0,"MPG":24.5074074074,"EWA":2.0003577586,"PER":19.934521146,"WS":1.9462505459,"OWS":1.2124692749,"DWS":0.7337812711,"EFF":12.3333333333,"GmSc":8.1611111111,"TS%":54.0105722822,"EFG%":49.3103448276,"PPWS":1.0802114456,"FTR":0.4551724138,"REB%":12.8947673152,"OREB%":10.9625860929,"DREB%":14.5237605266,"AR":5.0614042669,"pAST%":16.4380388873,"hAST%":16.151361329,"TOR":5.3024235177,"hTO%":16.9204737733,"AST\/TO":0.9545454545,"STL\/TO":0.3863636364,"PPR":-3.6953761669,"USG%":21.7046920152,"STL%":null,"BLK%":41.1648873661,"aSP":55.3424657534,"ORtg":104.2679979315,"DRtg":92.1799657441,"Floor%":50.5989213797,"Stop%":0.5720097359,"FFI":52.4186354771,"PIE":8.560523446,"AV":2.7387061441,"DRE\/100":5.220898443,"DRE\/75":3.9156738323,"POS":46.1005130257},"W. Ynot":{"TEAM":"CSB","SP":63.2857142857,"GP":14.0,"MPG":24.0297619048,"EWA":1.8003999605,"PER":21.5769103409,"WS":1.7288506293,"OWS":1.0994758249,"DWS":0.6293748044,"EFF":12.8571428571,"GmSc":8.6642857143,"TS%":50.0846501129,"EFG%":46.511627907,"PPWS":1.0016930023,"FTR":0.2248062016,"REB%":11.8985959957,"OREB%":6.845199257,"DREB%":16.1590395227,"AR":9.4812447812,"pAST%":30.3838036291,"hAST%":25.7776250215,"TOR":4.8986431369,"hTO%":13.3184395944,"AST\/TO":1.935483871,"STL\/TO":0.6129032258,"PPR":2.7256717472,"USG%":22.5503362425,"STL%":null,"BLK%":0.0,"aSP":62.4187866928,"ORtg":107.0571254271,"DRtg":90.5621861906,"Floor%":46.5023009965,"Stop%":0.6095891889,"FFI":47.1211232532,"PIE":8.1243184297,"AV":2.3401035966,"DRE\/100":10.1404147883,"DRE\/75":7.6053110913,"POS":45.2020213023},"J. Ancheta":{"TEAM":"CSB","SP":44.8823529412,"GP":17.0,"MPG":18.1666666667,"EWA":1.2613579407,"PER":19.0293776387,"WS":1.356684877,"OWS":0.9288979514,"DWS":0.4277869255,"EFF":8.7058823529,"GmSc":5.7235294118,"TS%":58.4415584416,"EFG%":56.3636363636,"PPWS":1.1688311688,"FTR":0.2727272727,"REB%":8.6977242941,"OREB%":2.2369726984,"DREB%":14.1446877404,"AR":7.573909642,"pAST%":25.4066688551,"hAST%":21.8687872763,"TOR":5.8525665415,"hTO%":16.8986083499,"AST\/TO":1.2941176471,"STL\/TO":0.2647058824,"PPR":-1.5395406429,"USG%":22.3519646885,"STL%":null,"BLK%":0.0,"aSP":44.2675261886,"ORtg":105.9263079385,"DRtg":94.3500343332,"Floor%":47.6388415052,"Stop%":0.5216011431,"FFI":50.6206165407,"PIE":6.4340239913,"AV":2.020584382,"DRE\/100":5.9593855116,"DRE\/75":4.4695391337,"POS":34.1730416187},"G. Cometa":{"TEAM":"CSB","SP":42.3888888889,"GP":18.0,"MPG":17.2944444444,"EWA":1.3263812781,"PER":19.3841707964,"WS":1.3065933479,"OWS":0.9395166202,"DWS":0.3670767277,"EFF":7.5555555556,"GmSc":5.5055555556,"TS%":55.1152737752,"EFG%":54.2307692308,"PPWS":1.1023054755,"FTR":0.1538461538,"REB%":6.9368829407,"OREB%":6.6577423869,"DREB%":7.1722221843,"AR":6.1477329235,"pAST%":21.5572222026,"hAST%":17.4927113703,"TOR":5.2938811286,"hTO%":15.0631681244,"AST\/TO":1.1612903226,"STL\/TO":0.4193548387,"PPR":-2.2910125371,"USG%":23.9522267915,"STL%":null,"BLK%":0.0,"aSP":41.8082191781,"ORtg":105.1004878165,"DRtg":95.9567239509,"Floor%":47.3130413513,"Stop%":0.4842792985,"FFI":49.0080781952,"PIE":5.3980370774,"AV":1.8964215708,"DRE\/100":1.9109681785,"DRE\/75":1.4332261339,"POS":32.5323176021},"I. Torres":{"TEAM":"CSB","SP":41.9444444444,"GP":18.0,"MPG":17.1833333333,"EWA":0.9164371043,"PER":16.775507855,"WS":1.1843388295,"OWS":0.6900516355,"DWS":0.494287194,"EFF":6.5555555556,"GmSc":4.7611111111,"TS%":48.8192552225,"EFG%":45.9016393443,"PPWS":0.9763851045,"FTR":0.1885245902,"REB%":6.3005931095,"OREB%":2.9781301219,"DREB%":9.1017121709,"AR":6.8749838671,"pAST%":21.9146663905,"hAST%":20.0883889112,"TOR":4.6406141103,"hTO%":13.5596625151,"AST\/TO":1.4814814815,"STL\/TO":0.6666666667,"PPR":-0.1098012721,"USG%":22.590829614,"STL%":null,"BLK%":29.3553248951,"aSP":41.3698630137,"ORtg":100.9573367473,"DRtg":92.6894084912,"Floor%":42.6268277151,"Stop%":0.560175874,"FFI":45.623997087,"PIE":4.7982551799,"AV":1.7048736981,"DRE\/100":3.9768677446,"DRE\/75":2.9826508084,"POS":32.3233081733},"M. Sangco":{"TEAM":"CSB","SP":36.8333333333,"GP":18.0,"MPG":18.487037037,"EWA":0.4888872086,"PER":13.7730099851,"WS":1.1784486121,"OWS":0.6360398212,"DWS":0.5424087909,"EFF":6.8333333333,"GmSc":4.1833333333,"TS%":47.2399150743,"EFG%":45.6790123457,"PPWS":0.9447983015,"FTR":0.3703703704,"REB%":10.9211633803,"OREB%":5.5362254634,"DREB%":15.4611243369,"AR":3.6743424621,"pAST%":10.8088481914,"hAST%":17.9407176287,"TOR":1.757294221,"hTO%":8.5803432137,"AST\/TO":2.0909090909,"STL\/TO":1.0,"PPR":1.3267552892,"USG%":13.8823584309,"STL%":null,"BLK%":40.9277861918,"aSP":36.3287671233,"ORtg":106.9993728913,"DRtg":92.4404933084,"Floor%":49.3896909595,"Stop%":0.5659579327,"FFI":49.4950820313,"PIE":4.5801526718,"AV":1.7587719834,"DRE\/100":6.1977070638,"DRE\/75":4.6482802979,"POS":34.7756854719},"M. Oli":{"TEAM":"CSB","SP":23.5,"GP":16.0,"MPG":9.4260416667,"EWA":0.1586182412,"PER":12.933975012,"WS":0.6127149767,"OWS":0.4829099568,"DWS":0.1298050199,"EFF":3.0,"GmSc":1.91875,"TS%":48.6553432413,"EFG%":46.2264150943,"PPWS":0.9731068648,"FTR":0.1509433962,"REB%":7.3338088588,"OREB%":9.1614773126,"DREB%":5.7929288061,"AR":3.1723769352,"pAST%":9.7886500826,"hAST%":12.9459148446,"TOR":1.4099453045,"hTO%":5.753739931,"AST\/TO":2.25,"STL\/TO":0.75,"PPR":1.3511053208,"USG%":17.6212580613,"STL%":null,"BLK%":0.0,"aSP":23.1780821918,"ORtg":115.472591142,"DRtg":98.4408290614,"Floor%":47.5566235485,"Stop%":0.4265759414,"FFI":47.2345261175,"PIE":0.8724100327,"AV":0.8683836407,"DRE\/100":1.091158051,"DRE\/75":0.8183685382,"POS":17.7311842665},"J. Eusebio":{"TEAM":"CSB","SP":30.2777777778,"GP":18.0,"MPG":11.6092592593,"EWA":0.2357359835,"PER":13.0874876063,"WS":0.5841471979,"OWS":0.1867904244,"DWS":0.3973567734,"EFF":4.3333333333,"GmSc":2.4722222222,"TS%":40.5588102749,"EFG%":39.4736842105,"PPWS":0.8111762055,"FTR":0.3815789474,"REB%":15.6269529375,"OREB%":8.2650949316,"DREB%":21.8336257776,"AR":3.0527823562,"pAST%":9.3226102031,"hAST%":10.7372942019,"TOR":2.7983838265,"hTO%":9.842519685,"AST\/TO":1.0909090909,"STL\/TO":0.3636363636,"PPR":-1.4626916631,"USG%":20.9636429988,"STL%":null,"BLK%":76.0375027081,"aSP":29.8630136986,"ORtg":92.1686558695,"DRtg":90.3226418163,"Floor%":42.1000595555,"Stop%":0.6151535729,"FFI":47.4665809244,"PIE":2.5081788441,"AV":1.24983205,"DRE\/100":6.9763551511,"DRE\/75":5.2322663633,"POS":21.8380018255},"R. Ondoa":{"TEAM":"CSB","SP":24.125,"GP":16.0,"MPG":8.0239583333,"EWA":0.4484578766,"PER":17.841163172,"WS":0.4808405192,"OWS":0.2583338999,"DWS":0.2225066193,"EFF":4.0625,"GmSc":2.34375,"TS%":57.0342205323,"EFG%":57.6923076923,"PPWS":1.1406844106,"FTR":0.1794871795,"REB%":15.999838147,"OREB%":12.5560486696,"DREB%":18.903245765,"AR":0.82815754,"pAST%":2.7608716412,"hAST%":3.7678975132,"TOR":3.7267089298,"hTO%":16.9555388093,"AST\/TO":0.2222222222,"STL\/TO":0.3333333333,"PPR":-6.0842420076,"USG%":17.4714749962,"STL%":null,"BLK%":53.0419433405,"aSP":23.7945205479,"ORtg":103.6455909776,"DRtg":91.6360054291,"Floor%":51.1084902491,"Stop%":0.5846454075,"FFI":52.3487632707,"PIE":2.3718647764,"AV":1.0900984516,"DRE\/100":5.6882870481,"DRE\/75":4.2662152861,"POS":15.0937465361},"A. Turco":{"TEAM":"CSB","SP":18.5,"GP":14.0,"MPG":5.2785714286,