{"A. Liwag":{"TEAM":"CSB","SP":74.8181818182,"GP":11.0,"MPG":31.35,"EWA":2.2131522126,"PER":23.7196257713,"WS":1.4816259575,"OWS":0.9263272132,"DWS":0.5552987443,"EFF":19.6363636364,"GmSc":12.6272727273,"TS%":54.2876901798,"EFG%":55.1724137931,"PPWS":1.0689361702,"FTR":0.5603448276,"REB%":18.9641652531,"OREB%":12.8796823012,"DREB%":23.8241775695,"AR":3.7804438768,"pAST%":12.3812841208,"TOR":3.3267906116,"AST\/TO":1.1363636364,"PPR":-1.536526721,"USG%":20.595595615,"aSP":73.1555555556,"ORtg":112.0731942746,"DRtg":88.5732322352,"Floor%":57.459670813,"Stop%":0.6245096178,"FFI":57.2183767384,"PIE":14.7085201794,"AV":2.6830021373},"J. Sanchez":{"TEAM":"CSB","SP":57.7272727273,"GP":11.0,"MPG":24.3378787879,"EWA":1.3469591578,"PER":20.9328851663,"WS":0.9874229985,"OWS":0.5953641566,"DWS":0.3920588419,"EFF":13.0,"GmSc":8.7363636364,"TS%":57.1428571429,"EFG%":51.3157894737,"PPWS":1.1228070175,"FTR":0.6578947368,"REB%":13.5711311452,"OREB%":12.661185543,"DREB%":14.2979549146,"AR":5.0644344659,"pAST%":15.435827964,"TOR":5.8435782298,"AST\/TO":0.8666666667,"PPR":-4.7006568923,"USG%":20.3828144027,"aSP":56.4444444444,"ORtg":106.647929557,"DRtg":90.0934939992,"Floor%":52.3879960017,"Stop%":0.5887961566,"FFI":56.4660793932,"PIE":9.1479820628,"AV":1.9691678355},"W. Ynot":{"TEAM":"CSB","SP":71.125,"GP":8.0,"MPG":23.9291666667,"EWA":1.126713281,"PER":22.6501951675,"WS":0.8095551889,"OWS":0.5119321894,"DWS":0.2976229995,"EFF":13.75,"GmSc":9.1625,"TS%":52.1310724106,"EFG%":50.0,"PPWS":1.0376282782,"FTR":0.1463414634,"REB%":12.7430595514,"OREB%":8.5479556139,"DREB%":16.0939205802,"AR":9.2617781113,"pAST%":29.9252650733,"TOR":5.9929152485,"AST\/TO":1.5454545455,"PPR":0.3459894043,"USG%":24.3361971001,"aSP":69.5444444444,"ORtg":107.7144679988,"DRtg":89.1524599258,"Floor%":46.4034617685,"Stop%":0.6109026021,"FFI":47.4064842619,"PIE":8.0717488789,"AV":1.6174289759},"G. Cometa":{"TEAM":"CSB","SP":44.9090909091,"GP":11.0,"MPG":18.0909090909,"EWA":1.0184382887,"PER":21.1067384934,"WS":0.7322404166,"OWS":0.552581209,"DWS":0.1796592076,"EFF":8.2727272727,"GmSc":6.3818181818,"TS%":57.7390599676,"EFG%":56.9892473118,"PPWS":1.1494832367,"FTR":0.1397849462,"REB%":5.7380327242,"OREB%":5.8735234615,"DREB%":5.629808795,"AR":4.9789015774,"pAST%":17.8485689832,"TOR":5.5029964802,"AST\/TO":0.9047619048,"PPR":-4.1604211662,"USG%":25.6473926722,"aSP":43.9111111111,"ORtg":108.9716974984,"DRtg":95.9494846569,"Floor%":49.3127984827,"Stop%":0.4512292586,"FFI":49.6914286905,"PIE":6.2780269058,"AV":1.4030131757},"J. Ancheta":{"TEAM":"CSB","SP":47.3,"GP":10.0,"MPG":17.7733333333,"EWA":0.6770499448,"PER":18.4768101414,"WS":0.6125370506,"OWS":0.4116813646,"DWS":0.2008556859,"EFF":7.9,"GmSc":5.52,"TS%":54.2935596605,"EFG%":51.4285714286,"PPWS":1.0750695088,"FTR":0.3285714286,"REB%":6.4246165348,"OREB%":1.3152638809,"DREB%":10.5057384678,"AR":8.2152760658,"pAST%":26.9095837984,"TOR":5.8680543327,"AST\/TO":1.4,"PPR":-0.7453177603,"USG%":24.0149421189,"aSP":46.2488888889,"ORtg":105.3034043802,"DRtg":93.5796879678,"Floor%":49.4150025876,"Stop%":0.5068996991,"FFI":49.296039193,"PIE":5.4708520179,"AV":1.261830509},"I. Torres":{"TEAM":"CSB","SP":43.0909090909,"GP":11.0,"MPG":17.3636363636,"EWA":0.5287992654,"PER":16.3848509082,"WS":0.5673731051,"OWS":0.2932510274,"DWS":0.2741220777,"EFF":7.0,"GmSc":4.7909090909,"TS%":49.5923913043,"EFG%":46.2686567164,"PPWS":0.9848229342,"FTR":0.223880597,"REB%":7.33708944,"OREB%":3.0597674577,"DREB%":10.7536225587,"AR":7.098604784,"pAST%":21.4376019202,"TOR":5.1874419576,"AST\/TO":1.3684210526,"PPR":-0.8669359289,"USG%":20.6684166951,"aSP":42.1333333333,"ORtg":100.8548218159,"DRtg":90.3985762769,"Floor%":44.107719666,"Stop%":0.5816292697,"FFI":46.1807646439,"PIE":5.2914798206,"AV":1.2377950715},"M. Sangco":{"TEAM":"CSB","SP":38.1818181818,"GP":11.0,"MPG":18.3287878788,"EWA":0.4317784882,"PER":15.1245784635,"WS":0.6075379671,"OWS":0.3192451339,"DWS":0.2882928333,"EFF":7.2727272727,"GmSc":4.6727272727,"TS%":46.834625323,"EFG%":44.4444444444,"PPWS":0.9272581934,"FTR":0.3333333333,"REB%":11.8419934823,"OREB%":8.6959415719,"DREB%":14.3549187635,"AR":2.586464884,"pAST%":7.4923848233,"TOR":1.8105254188,"AST\/TO":1.4285714286,"PPR":-0.1642570182,"USG%":14.5729819784,"aSP":37.3333333333,"ORtg":108.736398989,"DRtg":90.4537154505,"Floor%":51.8819763404,"Stop%":0.5803339594,"FFI":49.0643347374,"PIE":4.9775784753,"AV":1.2737910571},"E. Serrano":{"TEAM":"CSB","SP":37.0,"GP":5.0,"MPG":4.5666666667,"EWA":0.3061742932,"PER":37.7722771939,"WS":0.1882181355,"OWS":0.1469046299,"DWS":0.0413135056,"EFF":4.2,"GmSc":3.0,"TS%":77.3195876289,"EFG%":66.6666666667,"PPWS":1.5189873418,"FTR":0.6666666667,"REB%":15.9119036193,"OREB%":15.3569058678,"DREB%":16.3552109519,"AR":2.2838296133,"pAST%":7.3491385176,"TOR":0.0,"AST\/TO":null,"PPR":2.900754962,"USG%":14.4884522499,"aSP":36.1777777778,"ORtg":178.4510393543,"DRtg":86.4974292819,"Floor%":82.3125081821,"Stop%":0.6732736596,"FFI":64.7380478402,"PIE":1.4798206278,"AV":0.4671379777},"R. Ondoa":{"TEAM":"CSB","SP":26.3333333333,"GP":9.0,"MPG":8.7703703704,"EWA":0.1857477885,"PER":15.5499795794,"WS":0.1759736827,"OWS":0.1019078754,"DWS":0.0740658073,"EFF":3.4444444444,"GmSc":2.2555555556,"TS%":59.4380403458,"EFG%":59.6153846154,"PPWS":1.1827956989,"FTR":0.1538461538,"REB%":9.2057888338,"OREB%":11.8462618463,"DREB%":7.0966973197,"AR":0.6606517251,"pAST%":2.1802466424,"TOR":5.285213801,"AST\/TO":0.125,"PPR":-9.2302316887,"USG%":19.3137522493,"aSP":25.7481481481,"ORtg":99.7249357302,"DRtg":95.5790972285,"Floor%":48.7610350208,"Stop%":0.4599302714,"FFI":52.2017950728,"PIE":1.6143497758,"AV":0.6256075419},"J. Eusebio":{"TEAM":"CSB","SP":33.0,"GP":11.0,"MPG":12.353030303,"EWA":0.1536013463,"PER":13.092086638,"WS":0.337845509,"OWS":0.1038648652,"DWS":0.2339806438,"EFF":4.9090909091,"GmSc":2.6181818182,"TS%":38.4078212291,"EFG%":39.4230769231,"PPWS":0.7625649913,"FTR":0.2307692308,"REB%":16.424633215,"OREB%":8.601725761,"DREB%":22.6732211191,"AR":3.4538966186,"pAST%":10.2527708852,"TOR":2.3025977458,"AST\/TO":1.5,"PPR":0.0,"USG%":19.8531702955,"aSP":32.2666666667,"ORtg":93.9793023236,"DRtg":87.4089937695,"Floor%":41.4306666832,"Stop%":0.6518595033,"FFI":45.3754649465,"PIE":2.869955157,"AV":0.9485845026},"M. Oli":{"TEAM":"CSB","SP":26.5555555556,"GP":9.0,"MPG":8.4814814815,"EWA":0.1361706456,"PER":14.4056287899,"WS":0.2925642986,"OWS":0.2214069572,"DWS":0.0711573413,"EFF":3.1111111111,"GmSc":1.9666666667,"TS%":50.7863695937,"EFG%":46.2962962963,"PPWS":1.0064935065,"FTR":0.2962962963,"REB%":9.5193484535,"OREB%":12.2497589747,"DREB%":7.3384188878,"AR":1.3663085459,"pAST%":4.0932037657,"TOR":1.3663085459,"AST\/TO":1.0,"PPR":-0.8676930782,"USG%":18.1620931442,"aSP":25.9654320988,"ORtg":121.6336642279,"DRtg":95.6431312605,"Floor%":52.1197168706,"Stop%":0.4584260061,"FFI":50.0713376214,"PIE":0.7174887892,"AV":0.5796278293},"Z. Jarque":{"TEAM":"CSB","SP":32.3333333333,"GP":6.0,"MPG":6.55,"EWA":0.1163647751,"PER":16.7714808662,"WS":0.1088954929,"OWS":0.0599563528,"DWS":0.0489391401,"EFF":3.5,"GmSc":1.7166666667,"TS%":82.8530259366,"EFG%":80.7692307692,"PPWS":1.6487455197,"FTR":0.1538461538,"REB%":10.5655194273,"OREB%":5.9482502231,"DREB%":14.2535871528,"AR":0.0,"pAST%":0.0,"TOR":9.2883485968,"AST\/TO":0.0,"PPR":-17.6960814795,"USG%":22.6499648969,"aSP":31.6148148148,"ORtg":100.3218381717,"DRtg":92.3788146583,"Floor%":38.9163454177,"Stop%":0.5351101976,"FFI":58.4829475108,"PIE":0.7174887892,"AV":0.4671379777},"I. Galas":{"TEAM":"CSB","SP":75.5,"GP":2.0,"MPG":3.4583333334,"EWA":0.1120340042,"PER":43.3773515848,"WS":0.0599798487,"OWS":0.0546108487,"DWS":0.005369,"EFF":2.5,"GmSc":2.65,"TS%":60.7638888889,"EFG%":50.0,"PPWS":1.186440678,"FTR":1.0,"REB%":0.0,"OREB%":0.0,"DREB%":0.0,"AR":0.0,"pAST%":0.0,"TOR":0.0,"AST\/TO":null,"PPR":0.0,"USG%":35.5021967439,"aSP":73.8222222222,"ORtg":139.5947672395,"DRtg":97.2691590593,"Floor%":69.7973836197,"Stop%":0.420227926,"FFI":60.0,"PIE":0.4035874439,"AV":0.1592238821},"A. Turco":{"TEAM":"CSB","SP":22.3333333333,"GP":9.0,