{"G. Cometa":{"TEAM":"CSB","MINS":198.9999999999,"FGM":47.0,"FGA":93.0,"FG%":50.5376344086,"2PM":35.0,"2PA":58.0,"2P%":60.3448275862,"3PM":12.0,"3PA":35.0,"3P%":34.2857142857,"FTM":8.0,"FTA":13.0,"FT%":61.5384615385,"PTS":114.0,"OFF":10.0,"DEF":12.0,"REB":22.0,"AST":19.0,"TO":21.0,"STL":8.0,"BLK":0.0,"STK":8.0,"PF":16.0,"Fls on:":10.0,"+\/-":55.0,"GP":11.0},"I. Torres":{"TEAM":"CSB","MINS":190.9999999999,"FGM":26.0,"FGA":67.0,"FG%":38.8059701493,"2PM":16.0,"2PA":30.0,"2P%":53.3333333333,"3PM":10.0,"3PA":37.0,"3P%":27.027027027,"FTM":11.0,"FTA":15.0,"FT%":73.3333333333,"PTS":73.0,"OFF":5.0,"DEF":22.0,"REB":27.0,"AST":26.0,"TO":19.0,"STL":12.0,"BLK":3.0,"STK":15.0,"PF":14.0,"Fls on:":14.0,"+\/-":109.0,"GP":11.0},"G. Carillo":{"TEAM":"CSB","MINS":14.6,"FGM":2.0,"FGA":5.0,"FG%":40.0,"2PM":2.0,"2PA":4.0,"2P%":50.0,"3PM":0.0,"3PA":1.0,"3P%":0.0,"FTM":0.0,"FTA":0.0,"FT%":0.0,"PTS":4.0,"OFF":2.0,"DEF":1.0,"REB":3.0,"AST":1.0,"TO":0.0,"STL":0.0,"BLK":0.0,"STK":0.0,"PF":1.0,"Fls on:":0.0,"+\/-":-8.0,"GP":3.0},"J. Ancheta":{"TEAM":"CSB","MINS":177.7333333334,"FGM":33.0,"FGA":70.0,"FG%":47.1428571429,"2PM":27.0,"2PA":45.0,"2P%":60.0,"3PM":6.0,"3PA":25.0,"3P%":24.0,"FTM":15.0,"FTA":23.0,"FT%":65.2173913043,"PTS":87.0,"OFF":2.0,"DEF":20.0,"REB":22.0,"AST":28.0,"TO":20.0,"STL":7.0,"BLK":0.0,"STK":7.0,"PF":17.0,"Fls on:":30.0,"+\/-":45.0,"GP":10.0},"I. Galas":{"TEAM":"CSB","MINS":6.9166666667,"FGM":2.0,"FGA":4.0,"FG%":50.0,"2PM":2.0,"2PA":3.0,"2P%":66.6666666667,"3PM":0.0,"3PA":1.0,"3P%":0.0,"FTM":3.0,"FTA":4.0,"FT%":75.0,"PTS":7.0,"OFF":0.0,"DEF":0.0,"REB":0.0,"AST":0.0,"TO":0.0,"STL":0.0,"BLK":1.0,"STK":1.0,"PF":0.0,"Fls on:":3.0,"+\/-":-10.0,"GP":2.0},"J. Arciaga":{"TEAM":"CSB","MINS":7.0166666667,"FGM":0.0,"FGA":0.0,"FG%":0.0,"2PM":0.0,"2PA":0.0,"2P%":0.0,"3PM":0.0,"3PA":0.0,"3P%":0.0,"FTM":0.0,"FTA":0.0,"FT%":0.0,"PTS":0.0,"OFF":0.0,"DEF":2.0,"REB":2.0,"AST":0.0,"TO":0.0,"STL":0.0,"BLK":0.0,"STK":0.0,"PF":2.0,"Fls on:":1.0,"+\/-":-3.0,"GP":2.0},"J. Morales":{"TEAM":"CSB","MINS":122.2666666667,"FGM":12.0,"FGA":37.0,"FG%":32.4324324324,"2PM":4.0,"2PA":8.0,"2P%":50.0,"3PM":8.0,"3PA":29.0,"3P%":27.5862068966,"FTM":3.0,"FTA":6.0,"FT%":50.0,"PTS":35.0,"OFF":7.0,"DEF":19.0,"REB":26.0,"AST":6.0,"TO":6.0,"STL":2.0,"BLK":1.0,"STK":3.0,"PF":11.0,"Fls on:":4.0,"+\/-":46.0,"GP":10.0},"J. Eusebio":{"TEAM":"CSB","MINS":135.8833333335,"FGM":17.0,"FGA":52.0,"FG%":32.6923076923,"2PM":10.0,"2PA":21.0,"2P%":47.619047619,"3PM":7.0,"3PA":31.0,"3P%":22.5806451613,"FTM":3.0,"FTA":12.0,"FT%":25.0,"PTS":44.0,"OFF":10.0,"DEF":33.0,"REB":43.0,"AST":9.0,"TO":6.0,"STL":4.0,"BLK":4.0,"STK":8.0,"PF":15.0,"Fls on:":8.0,"+\/-":58.0,"GP":11.0},"J. Sanchez":{"TEAM":"CSB","MINS":267.7166666666,"FGM":38.0,"FGA":76.0,"FG%":50.0,"2PM":36.0,"2PA":62.0,"2P%":58.064516129,"3PM":2.0,"3PA":14.0,"3P%":14.2857142857,"FTM":34.0,"FTA":50.0,"FT%":68.0,"PTS":112.0,"OFF":29.0,"DEF":41.0,"REB":70.0,"AST":26.0,"TO":30.0,"STL":12.0,"BLK":7.0,"STK":19.0,"PF":23.0,"Fls on:":37.0,"+\/-":70.0,"GP":11.0},"M. Oli":{"TEAM":"CSB","MINS":76.3333333333,"FGM":10.0,"FGA":27.0,"FG%":37.037037037,"2PM":5.0,"2PA":7.0,"2P%":71.4285714286,"3PM":5.0,"3PA":20.0,"3P%":25.0,"FTM":6.0,"FTA":8.0,"FT%":75.0,"PTS":31.0,"OFF":8.0,"DEF":6.0,"REB":14.0,"AST":2.0,"TO":2.0,"STL":2.0,"BLK":0.0,"STK":2.0,"PF":16.0,"Fls on:":7.0,"+\/-":26.0,"GP":9.0},"M. Sangco":{"TEAM":"CSB","MINS":201.6166666665,"FGM":22.0,"FGA":54.0,"FG%":40.7407407407,"2PM":18.0,"2PA":41.0,"2P%":43.9024390244,"3PM":4.0,"3PA":13.0,"3P%":30.7692307692,"FTM":10.0,"FTA":18.0,"FT%":55.5555555556,"PTS":58.0,"OFF":15.0,"DEF":31.0,"REB":46.0,"AST":10.0,"TO":7.0,"STL":9.0,"BLK":4.0,"STK":13.0,"PF":15.0,"Fls on:":11.0,"+\/-":29.0,"GP":11.0},"R. Ondoa":{"TEAM":"CSB","MINS":78.9333333334,"FGM":15.0,"FGA":26.0,"FG%":57.6923076923,"2PM":14.0,"2PA":23.0,"2P%":60.8695652174,"3PM":1.0,"3PA":3.0,"3P%":33.3333333333,"FTM":2.0,"FTA":4.0,"FT%":50.0,"PTS":33.0,"OFF":8.0,"DEF":6.0,"REB":14.0,"AST":1.0,"TO":8.0,"STL":2.0,"BLK":2.0,"STK":4.0,"PF":8.0,"Fls on:":2.0,"+\/-":42.0,"GP":9.0},"W. Ynot":{"TEAM":"CSB","MINS":191.4333333334,"FGM":34.0,"FGA":82.0,"FG%":41.4634146341,"2PM":20.0,"2PA":38.0,"2P%":52.6315789474,"3PM":14.0,"3PA":44.0,"3P%":31.8181818182,"FTM":9.0,"FTA":12.0,"FT%":75.0,"PTS":91.0,"OFF":14.0,"DEF":33.0,"REB":47.0,"AST":34.0,"TO":22.0,"STL":11.0,"BLK":0.0,"STK":11.0,"PF":13.0,"Fls on:":9.0,"+\/-":84.0,"GP":8.0},"J. Cajucom":{"TEAM":"CSB","MINS":120.9666666666,"FGM":7.0,"FGA":27.0,"FG%":25.9259259259,"2PM":5.0,"2PA":15.0,"2P%":33.3333333333,"3PM":2.0,"3PA":12.0,"3P%":16.6666666667,"FTM":6.0,"FTA":8.0,"FT%":75.0,"PTS":22.0,"OFF":2.0,"DEF":11.0,"REB":13.0,"AST":10.0,"TO":8.0,"STL":6.0,"BLK":1.0,"STK":7.0,"PF":10.0,"Fls on:":11.0,"+\/-":-2.0,"GP":10.0},"E. Serrano":{"TEAM":"CSB","MINS":22.8333333334,"FGM":4.0,"FGA":6.0,"FG%":66.6666666667,"2PM":4.0,"2PA":6.0,"2P%":66.6666666667,"3PM":0.0,"3PA":0.0,"3P%":0.0,"FTM":4.0,"FTA":4.0,"FT%":100.0,"PTS":12.0,"OFF":3.0,"DEF":4.0,"REB":7.0,"AST":1.0,"TO":0.0,"STL":1.0,"BLK":2.0,"STK":3.0,"PF":2.0,"Fls on:":3.0,"+\/-":11.0,"GP":5.0},"Z. Jarque":{"TEAM":"CSB","MINS":39.3,"FGM":8.0,"FGA":13.0,"FG%":61.5384615385,"2PM":3.0,"2PA":3.0,"2P%":100.0,"3PM":5.0,"3PA":10.0,"3P%":50.0,"FTM":2.0,"FTA":2.0,"FT%":100.0,"PTS":23.0,"OFF":2.0,"DEF":6.0,"REB":8.0,"AST":0.0,"TO":7.0,"STL":0.0,"BLK":2.0,"STK":2.0,"PF":11.0,"Fls on:":1.0,"+\/-":5.0,"GP":6.0},"A. Turco":{"TEAM":"CSB","MINS":50.4500000001,"FGM":6.0,"FGA":11.0,"FG%":54.5454545455,"2PM":6.0,"2PA":11.0,"2P%":54.5454545455,"3PM":0.0,"3PA":0.0,"3P%":0.0,"FTM":2.0,"FTA":5.0,"FT%":40.0,"PTS":14.0,"OFF":4.0,"DEF":8.0,"REB":12.0,"AST":2.0,"TO":2.0,"STL":0.0,"BLK":4.0,"STK":4.0,"PF":8.0,"Fls on:":5.0,"+\/-":1.0,"GP":9.0},"A. Liwag":{"TEAM":"CSB","MINS":344.8499999999,"FGM":64.0,"FGA":116.0,"FG%":55.1724137931,"2PM":64.0,"2PA":115.0,"2P%":55.652173913,"3PM":0.0,"3PA":1.0,"3P%":0.0,"FTM":29.0,"FTA":65.0,"FT%":44.6153846154,"PTS":157.0,"OFF":38.0,"DEF":88.0,"REB":126.0,"AST":25.0,"TO":22.0,"STL":4.0,"BLK":14.0,"STK":18.0,"PF":26.0,"Fls on:":61.0,"+\/-":112.0,"GP":11.0}}