{"I. Galas":{"TEAM":"CSB","MINS":3.45,"FGM":5.7971014493,"FGA":14.4927536232,"FG%":40.0,"2PM":5.7971014493,"2PA":11.5942028986,"2P%":50.0,"3PM":0.0,"3PA":2.8985507246,"3P%":0.0,"FTM":8.6956521739,"FTA":11.5942028986,"FT%":75.0,"PTS":20.2898550725,"OFF":0.0,"DEF":0.0,"REB":0.0,"AST":0.0,"TO":2.8985507246,"STL":0.0,"BLK":2.8985507246,"STK":2.8985507246,"PF":2.8985507246,"Fls on:":8.6956521739,"+\/-":-55.0724637681,"GW":3.0,"GP":3.0},"Z. Jarque":{"TEAM":"CSB","MINS":6.0462962963,"FGM":5.5130168453,"FGA":10.4747320061,"FG%":52.6315789474,"2PM":2.7565084227,"2PA":2.7565084227,"2P%":100.0,"3PM":2.7565084227,"3PA":7.7182235835,"3P%":35.7142857143,"FTM":1.1026033691,"FTA":1.1026033691,"FT%":100.0,"PTS":14.8851454824,"OFF":2.2052067381,"DEF":4.4104134763,"REB":6.6156202144,"AST":0.5513016845,"TO":4.9617151608,"STL":0.0,"BLK":1.1026033691,"STK":1.1026033691,"PF":9.3721286371,"Fls on:":0.5513016845,"+\/-":-4.9617151608,"GW":8.0,"GP":9.0},"G. Cometa":{"TEAM":"CSB","MINS":17.2944444444,"FGM":5.9749437841,"FGA":12.5281079345,"FG%":47.6923076923,"2PM":4.3366527465,"2PA":7.9987150659,"2P%":54.2168674699,"3PM":1.6382910376,"3PA":4.5293928686,"3P%":36.170212766,"FTM":1.1564407324,"FTA":1.9274012207,"FT%":60.0,"PTS":14.7446193383,"OFF":1.7346610986,"DEF":2.2165114038,"REB":3.9511725024,"AST":3.4693221972,"TO":2.9874718921,"STL":1.2528107934,"BLK":0.0,"STK":1.2528107934,"PF":2.698361709,"Fls on:":1.4455509155,"+\/-":7.3241246386,"GW":14.0,"GP":18.0},"J. Ancheta":{"TEAM":"CSB","MINS":18.1666666667,"FGM":5.2455477604,"FGA":10.6853750675,"FG%":49.0909090909,"2PM":3.6913113869,"2PA":6.2169454938,"2P%":59.375,"3PM":1.5542363734,"3PA":4.4684295737,"3P%":34.7826086957,"FTM":1.9427954668,"FTA":2.9141932002,"FT%":66.6666666667,"PTS":13.988127361,"OFF":0.58283864,"DEF":4.3712898003,"REB":4.9541284404,"AST":4.274150027,"TO":3.3027522936,"STL":0.8742579601,"BLK":0.0,"STK":0.8742579601,"PF":2.6227738802,"Fls on:":4.1770102536,"+\/-":5.2455477604,"GW":13.0,"GP":17.0},"E. Serrano":{"TEAM":"CSB","MINS":3.7833333333,"FGM":4.9559471366,"FGA":6.9383259912,"FG%":71.4285714286,"2PM":4.9559471366,"2PA":6.9383259912,"2P%":71.4285714286,"3PM":0.0,"3PA":0.0,"3P%":0.0,"FTM":3.9647577092,"FTA":5.9471365639,"FT%":66.6666666667,"PTS":13.8766519824,"OFF":3.9647577092,"DEF":4.9559471366,"REB":8.9207048458,"AST":0.9911894273,"TO":0.0,"STL":0.9911894273,"BLK":2.9735682819,"STK":3.9647577092,"PF":4.9559471366,"Fls on:":3.9647577092,"+\/-":2.9735682819,"GW":8.0,"GP":8.0},"A. Liwag":{"TEAM":"CSB","MINS":31.6703703704,"FGM":5.5782949363,"FGA":10.1567068179,"FG%":54.9222797927,"2PM":5.5782949363,"2PA":10.0514559701,"2P%":55.497382199,"3PM":0.0,"3PA":0.1052508479,"3P%":0.0,"FTM":2.6838966203,"FTA":5.3677932406,"FT%":50.0,"PTS":13.8404864928,"OFF":3.2101508595,"DEF":7.4728101976,"REB":10.6829610572,"AST":2.2102678049,"TO":1.9471406853,"STL":0.5262542393,"BLK":1.1577593264,"STK":1.6840135657,"PF":2.157642381,"Fls on:":5.4730440884,"+\/-":8.9463220676,"GW":14.0,"GP":18.0},"J. Sanchez":{"TEAM":"CSB","MINS":24.5074074074,"FGM":4.6924588182,"FGA":9.8609641832,"FG%":47.5862068966,"2PM":4.3524255705,"2PA":7.6167447484,"2P%":57.1428571429,"3PM":0.3400332477,"3PA":2.2442194348,"3P%":15.1515151515,"FTM":3.0602992293,"FTA":4.4884388696,"FT%":68.1818181818,"PTS":12.7852501133,"OFF":2.8562792806,"DEF":4.4884388696,"REB":7.3447181502,"AST":2.8562792806,"TO":2.9922925797,"STL":1.1561130422,"BLK":0.5440531963,"STK":1.7001662385,"PF":2.7202659816,"Fls on:":3.8763790237,"+\/-":7.2087048511,"GW":14.0,"GP":18.0},"W. Ynot":{"TEAM":"CSB","MINS":24.0297619048,"FGM":4.4587565024,"FGA":11.5035917761,"FG%":38.7596899225,"2PM":2.6752539014,"2PA":4.9046321526,"2P%":54.5454545455,"3PM":1.7835026009,"3PA":6.5989596235,"3P%":27.027027027,"FTM":1.961852861,"FTA":2.5860787714,"FT%":75.8620689655,"PTS":12.6628684667,"OFF":1.7835026009,"DEF":4.9938072826,"REB":6.7773098836,"AST":5.3505078028,"TO":2.7644290315,"STL":1.6943274709,"BLK":0.0,"STK":1.6943274709,"PF":1.872677731,"Fls on:":1.6943274709,"+\/-":10.4334902155,"GW":11.0,"GP":14.0},"I. Torres":{"TEAM":"CSB","MINS":17.1833333333,"FGM":4.3646944714,"FGA":11.833171678,"FG%":36.8852459016,"2PM":2.2308438409,"2PA":5.1406401552,"2P%":43.3962264151,"3PM":2.1338506305,"3PA":6.6925315228,"3P%":31.884057971,"FTM":1.6488845781,"FTA":2.2308438409,"FT%":73.9130434783,"PTS":12.5121241513,"OFF":0.7759456838,"DEF":2.8128031038,"REB":3.5887487876,"AST":3.879728419,"TO":2.6188166828,"STL":1.7458777886,"BLK":0.3879728419,"STK":2.1338506305,"PF":2.3278370514,"Fls on:":2.1338506305,"+\/-":15.3249272551,"GW":14.0,"GP":18.0},"R. Ondoa":{"TEAM":"CSB","MINS":8.0239583333,"FGM":5.1408542126,"FGA":9.1133324679,"FG%":56.4102564103,"2PM":4.9071790212,"2PA":8.4123068934,"2P%":58.3333333333,"3PM":0.2336751915,"3PA":0.7010255745,"3P%":33.3333333333,"FTM":0.7010255745,"FTA":1.6357263404,"FT%":42.8571428571,"PTS":11.2164091912,"OFF":3.2714526808,"DEF":5.8418797871,"REB":9.1133324679,"AST":0.467350383,"TO":2.1030767234,"STL":0.7010255745,"BLK":0.7010255745,"STK":1.4020511489,"PF":3.0377774893,"Fls on:":1.1683759574,"+\/-":14.020511489,"GW":13.0,"GP":16.0},"M. Oli":{"TEAM":"CSB","MINS":9.4260416667,"FGM":3.7794231407,"FGA":10.5426013924,"FG%":35.8490566038,"2PM":1.5913360592,"2PA":2.7848381037,"2P%":57.1428571429,"3PM":2.1880870814,"3PA":7.7577632888,"3P%":28.2051282051,"FTM":1.1935020444,"FTA":1.5913360592,"FT%":75.0,"PTS":10.9404354072,"OFF":2.3870040889,"DEF":1.7902530666,"REB":4.1772571555,"AST":1.7902530666,"TO":0.7956680296,"STL":0.5967510222,"BLK":0.0,"STK":0.5967510222,"PF":5.1718421925,"Fls on:":1.7902530666,"+\/-":3.9783401481,"GW":12.0,"GP":16.0},"J. Eusebio":{"TEAM":"CSB","MINS":11.6092592593,"FGM":3.5890891689,"FGA":10.9108310735,"FG%":32.8947368421,"2PM":2.1534535014,"2PA":4.0197798692,"2P%":53.5714285714,"3PM":1.4356356676,"3PA":6.8910512043,"3P%":20.8333333333,"FTM":1.7227628011,"FTA":4.163343436,"FT%":41.3793103448,"PTS":10.3365768065,"OFF":2.1534535014,"DEF":6.7474876376,"REB":8.9009411389,"AST":1.7227628011,"TO":1.5791992343,"STL":0.574254267,"BLK":1.0049449673,"STK":1.5791992343,"PF":3.0148349019,"Fls on:":3.1583984687,"+\/-":9.1880682724,"GW":14.0,"GP":18.0},"A. Turco":{"TEAM":"CSB","MINS":5.2785714286,"FGM":3.247631935,"FGA":5.6833558863,"FG%":57.1428571429,"2PM":3.247631935,"2PA":5.6833558863,"2P%":57.1428571429,"3PM":0.0,"3PA":0.0,"3P%":0.0,"FTM":2.0297699594,"FTA":3.6535859269,"FT%":55.5555555556,"PTS":8.5250338295,"OFF":2.0297699594,"DEF":4.4654939107,"REB":6.4952638701,"AST":0.8119079838,"TO":0.8119079838,"STL":0.0,"BLK":2.8416779432,"STK":2.8416779432,"PF":4.0595399188,"Fls on:":3.247631935,"+\/-":-4.0595399188,"GW":11.0,"GP":14.0},"G. Carillo":{"TEAM":"CSB","MINS":4.8666666667,"FGM":4.1095890411,"FGA":10.2739726027,"FG%":40.0,"2PM":4.1095890411,"2PA":8.2191780822,"2P%":50.0,"3PM":0.0,"3PA":2.0547945205,"3P%":0.0,"FTM":0.0,"FTA":0.0,"FT%":0.0,"PTS":8.2191780822,"OFF":4.1095890411,"DEF":2.0547945205,"REB":6.1643835616,"AST":2.0547945205,"TO":0.0,"STL":0.0,"BLK":0.0,"STK":0.0,"PF":2.0547945205,"Fls on:":0.0,"+\/-":-16.4383561644,"GW":3.0,"GP":3.0},"M. Sangco":{"TEAM":"CSB","MINS":18.487037037,"FGM":2.8849043374,"FGA":7.302414104,"FG%":39.5061728395,"2PM":1.9833717319,"2PA":4.8682760693,"2P%":40.7407407407,"3PM":0.9015326054,"3PA":2.4341380347,"3P%":37.037037037,"FTM":1.3522989081,"FTA":2.7045978163,"FT%":50.0,"PTS":8.0236401883,"OFF":1.4424521687,"DEF":4.7781228088,"REB":6.2205749775,"AST":2.0735249925,"TO":0.991685866,"STL":0.991685866,"BLK":0.5409195633,"STK":1.5326054292,"PF":2.5242912952,"Fls on:":1.7129119503,"+\/-":5.2288891115,"GW":14.0,"GP":18.0},"J. Morales":{"TEAM":"CSB","MINS":11.2225490196,"FGM":2.3586966017,"FGA":9.2775399668,"FG%":25.4237288136,"2PM":0.7862322006,"2PA":2.3586966017,"2P%":33.3333333333,"3PM":1.5724644012,"3PA":6.9188433651,"3P%":22.7272727273,"FTM":0.7862322006,"FTA":1.5724644012,"FT%":50.0,"PTS":7.0760898052,"OFF":1.415217961,"DEF":3.6166681227,"REB":5.0318860837,"AST":1.2579715209,"TO":0.9434786407,"STL":0.4717393203,"BLK":0.3144928802,"STK":0.7862322006,