{"I. Galas":{"TEAM":"CSB","MINS":3.45,"FGM":5.7971014493,"FGA":14.4927536232,"FG%":40.0,"2PM":5.7971014493,"2PA":11.5942028986,"2P%":50.0,"3PM":0.0,"3PA":2.8985507246,"3P%":0.0,"FTM":8.6956521739,"FTA":11.5942028986,"FT%":75.0,"PTS":20.2898550725,"OFF":0.0,"DEF":0.0,"REB":0.0,"AST":0.0,"TO":2.8985507246,"STL":0.0,"BLK":2.8985507246,"STK":2.8985507246,"PF":2.8985507246,"Fls on:":8.6956521739,"+\/-":-55.0724637681,"GW":3.0,"GP":3.0},"G. Cometa":{"TEAM":"CSB","MINS":17.4547619048,"FGM":6.5066157414,"FGA":13.6270631565,"FG%":47.7477477477,"2PM":4.787887055,"2PA":8.4708770973,"2P%":56.5217391304,"3PM":1.7187286864,"3PA":5.1561860592,"3P%":33.3333333333,"FTM":1.2276633474,"FTA":2.0870276906,"FT%":58.8235294118,"PTS":15.9596235166,"OFF":1.8414950211,"DEF":2.0870276906,"REB":3.9285227118,"AST":3.4374573728,"TO":3.3146910381,"STL":1.4731960169,"BLK":0.0,"STK":1.4731960169,"PF":2.5780930296,"Fls on:":1.5959623517,"+\/-":8.102578093,"GW":12.0,"GP":14.0},"Z. Jarque":{"TEAM":"CSB","MINS":6.3791666667,"FGM":5.2906596995,"FGA":9.9934683214,"FG%":52.9411764706,"2PM":2.3514043109,"2PA":2.3514043109,"2P%":100.0,"3PM":2.9392553886,"3PA":7.6420640105,"3P%":38.4615384615,"FTM":1.1757021555,"FTA":1.1757021555,"FT%":100.0,"PTS":14.6962769432,"OFF":2.3514043109,"DEF":4.7028086218,"REB":7.0542129327,"AST":0.0,"TO":4.7028086218,"STL":0.0,"BLK":1.1757021555,"STK":1.1757021555,"PF":8.8177661659,"Fls on:":0.5878510777,"+\/-":-3.5271064664,"GW":8.0,"GP":8.0},"E. Serrano":{"TEAM":"CSB","MINS":4.1952380952,"FGM":5.1078320091,"FGA":7.1509648127,"FG%":71.4285714286,"2PM":5.1078320091,"2PA":7.1509648127,"2P%":71.4285714286,"3PM":0.0,"3PA":0.0,"3P%":0.0,"FTM":4.0862656073,"FTA":4.0862656073,"FT%":100.0,"PTS":14.3019296254,"OFF":4.0862656073,"DEF":5.1078320091,"REB":9.1940976163,"AST":1.0215664018,"TO":0.0,"STL":1.0215664018,"BLK":3.0646992054,"STK":4.0862656073,"PF":5.1078320091,"Fls on:":3.0646992054,"+\/-":6.1293984109,"GW":7.0,"GP":7.0},"W. Ynot":{"TEAM":"CSB","MINS":22.895,"FGM":5.2413190653,"FGA":13.1032976632,"FG%":40.0,"2PM":3.1447914392,"2PA":6.0275169251,"2P%":52.1739130435,"3PM":2.0965276261,"3PA":7.0757807381,"3P%":29.6296296296,"FTM":1.7034286962,"FTA":2.2275606028,"FT%":76.4705882353,"PTS":14.2825944529,"OFF":2.3585935794,"DEF":5.2413190653,"REB":7.5999126447,"AST":5.6344179952,"TO":3.0137584625,"STL":1.9654946495,"BLK":0.0,"STK":1.9654946495,"PF":1.9654946495,"Fls on:":1.5723957196,"+\/-":14.5446604062,"GW":9.0,"GP":10.0},"A. Liwag":{"TEAM":"CSB","MINS":31.0428571428,"FGM":5.3152323976,"FGA":9.9401748734,"FG%":53.4722222222,"2PM":5.3152323976,"2PA":9.8711458813,"2P%":53.8461538462,"3PM":0.0,"3PA":0.0690289922,"3P%":0.0,"FTM":2.7611596871,"FTA":5.7984353428,"FT%":47.619047619,"PTS":13.3916244823,"OFF":3.0372756558,"DEF":7.4551311551,"REB":10.4924068109,"AST":2.1398987575,"TO":2.0708697653,"STL":0.5522319374,"BLK":1.0354348827,"STK":1.5876668201,"PF":2.2779567418,"Fls on:":5.5223193741,"+\/-":10.561435803,"GW":12.0,"GP":14.0},"J. Ancheta":{"TEAM":"CSB","MINS":17.2576923077,"FGM":4.9476264765,"FGA":10.5638511255,"FG%":46.835443038,"2PM":4.011589035,"2PA":6.8197013595,"2P%":58.8235294118,"3PM":0.9360374415,"3PA":3.744149766,"3P%":25.0,"FTM":2.0057945175,"FTA":3.0755515935,"FT%":65.2173913043,"PTS":12.837084912,"OFF":0.4011589035,"DEF":3.6104301315,"REB":4.011589035,"AST":4.4127479385,"TO":3.3429908625,"STL":0.9360374415,"BLK":0.0,"STK":0.9360374415,"PF":2.67439269,"Fls on:":4.546467573,"+\/-":5.883663918,"GW":11.0,"GP":13.0},"J. Sanchez":{"TEAM":"CSB","MINS":23.5392857143,"FGM":4.6426945835,"FGA":9.1943559399,"FG%":50.495049505,"2PM":4.4606281293,"2PA":7.2826581702,"2P%":61.25,"3PM":0.1820664543,"3PA":1.9116977697,"3P%":9.5238095238,"FTM":3.3682294037,"FTA":4.9157942649,"FT%":68.5185185185,"PTS":12.835685025,"OFF":2.9130632681,"DEF":4.6426945835,"REB":7.5557578516,"AST":2.822030041,"TO":3.2771961766,"STL":1.3654984069,"BLK":0.728265817,"STK":2.0937642239,"PF":2.9130632681,"Fls on:":3.9144287665,"+\/-":7.4647246245,"GW":12.0,"GP":14.0},"I. Torres":{"TEAM":"CSB","MINS":17.3809523809,"FGM":4.5616438356,"FGA":12.2054794521,"FG%":37.3737373737,"2PM":2.3424657534,"2PA":5.4246575342,"2P%":43.1818181818,"3PM":2.2191780822,"3PA":6.7808219178,"3P%":32.7272727273,"FTM":1.4794520548,"FTA":2.095890411,"FT%":70.5882352941,"PTS":12.8219178082,"OFF":0.8630136986,"DEF":3.3287671233,"REB":4.1917808219,"AST":3.698630137,"TO":2.8356164384,"STL":1.9726027397,"BLK":0.3698630137,"STK":2.3424657534,"PF":2.5890410959,"Fls on:":2.2191780822,"+\/-":16.2739726027,"GW":12.0,"GP":14.0},"M. Oli":{"TEAM":"CSB","MINS":9.6555555556,"FGM":3.8837744534,"FGA":10.3567318757,"FG%":37.5,"2PM":1.5535097814,"2PA":2.8481012658,"2P%":54.5454545455,"3PM":2.330264672,"3PA":7.5086306099,"3P%":31.0344827586,"FTM":1.5535097814,"FTA":2.0713463751,"FT%":75.0,"PTS":11.6513233602,"OFF":2.5891829689,"DEF":1.8124280783,"REB":4.4016110472,"AST":1.5535097814,"TO":0.5178365938,"STL":0.5178365938,"BLK":0.0,"STK":0.5178365938,"PF":5.4372842348,"Fls on:":1.8124280783,"+\/-":7.7675489068,"GW":10.0,"GP":12.0},"R. Ondoa":{"TEAM":"CSB","MINS":9.0347222222,"FGM":5.2574942352,"FGA":9.1314373559,"FG%":57.5757575758,"2PM":4.9807840123,"2PA":8.3013066872,"2P%":60.0,"3PM":0.2767102229,"3PA":0.8301306687,"3P%":33.3333333333,"FTM":0.8301306687,"FTA":1.9369715603,"FT%":42.8571428571,"PTS":11.621829362,"OFF":3.3205226749,"DEF":3.8739431207,"REB":7.1944657955,"AST":0.2767102229,"TO":2.4903920061,"STL":0.8301306687,"BLK":0.8301306687,"STK":1.6602613374,"PF":3.043812452,"Fls on:":1.3835511145,"+\/-":15.4957724827,"GW":11.0,"GP":12.0},"J. Eusebio":{"TEAM":"CSB","MINS":12.1380952381,"FGM":3.8838760298,"FGA":11.4750882699,"FG%":33.8461538462,"2PM":2.295017654,"2PA":4.4134954884,"2P%":52.0,"3PM":1.5888583758,"3PA":7.0615927815,"3P%":22.5,"FTM":1.4123185563,"FTA":3.7073362103,"FT%":38.0952380952,"PTS":10.7689289918,"OFF":2.4715574735,"DEF":7.5912122401,"REB":10.0627697136,"AST":1.9419380149,"TO":1.2357787368,"STL":0.7061592781,"BLK":0.8826990977,"STK":1.5888583758,"PF":2.8246371126,"Fls on:":2.8246371126,"+\/-":13.4170262848,"GW":12.0,"GP":14.0},"A. Turco":{"TEAM":"CSB","MINS":6.0041666667,"FGM":3.3310201249,"FGA":5.412907703,"FG%":61.5384615385,"2PM":3.3310201249,"2PA":5.412907703,"2P%":61.5384615385,"3PM":0.0,"3PA":0.0,"3P%":0.0,"FTM":2.0818875781,"FTA":3.7473976405,"FT%":55.5555555556,"PTS":8.7439278279,"OFF":2.0818875781,"DEF":4.5801526717,"REB":6.6620402498,"AST":0.8327550312,"TO":0.8327550312,"STL":0.0,"BLK":2.9146426093,"STK":2.9146426093,"PF":4.1637751561,"Fls on:":3.3310201249,"+\/-":-2.4982650937,"GW":10.0,"GP":12.0},"G. Carillo":{"TEAM":"CSB","MINS":4.8666666667,"FGM":4.1095890411,"FGA":10.2739726027,"FG%":40.0,"2PM":4.1095890411,"2PA":8.2191780822,"2P%":50.0,"3PM":0.0,"3PA":2.0547945205,"3P%":0.0,"FTM":0.0,"FTA":0.0,"FT%":0.0,"PTS":8.2191780822,"OFF":4.1095890411,"DEF":2.0547945205,"REB":6.1643835616,"AST":2.0547945205,"TO":0.0,"STL":0.0,"BLK":0.0,"STK":0.0,"PF":2.0547945205,"Fls on:":0.0,"+\/-":-16.4383561644,"GW":3.0,"GP":3.0},"M. Sangco":{"TEAM":"CSB","MINS":18.3345238095,"FGM":3.0387637166,"FGA":7.480033764,"FG%":40.625,"2PM":2.3375105513,"2PA":5.2593987403,"2P%":44.4444444444,"3PM":0.7012531654,"3PA":2.2206350237,"3P%":31.5789473684,"FTM":1.1687552756,"FTA":2.1037594961,"FT%":55.5555555556,"PTS":7.9475358743,"OFF":1.7531329134,"DEF":5.0256476852,"REB":6.7787805987,"AST":1.6362573859,"TO":1.0518797481,"STL":1.1687552756,"BLK":0.4675021103,"STK":1.6362573859,"PF":1.9868839686,"Fls on:":1.4025063308,"+\/-":5.3762742679,"GW":12.0,"GP":14.0},"J. Morales":{"TEAM":"CSB","MINS":11.8435897436,"FGM":2.3381684347,"FGA":9.3526737389,"FG%":25.0,"2PM":0.7793894782,"2PA":2.3381684347,"2P%":33.3333333333,"3PM":1.5587789565,"3PA":7.0145053042,"3P%":22.2222222222,"FTM":0.7793894782,"FTA":1.5587789565,"FT%":50.0,"PTS":7.0145053042,"OFF":1.3639315869,"DEF":4.4814894999,"REB":5.8454210868,"AST":1.5587789565,"TO":1.1690842174,"STL":0.5845421087,"BLK":0.1948473696,"STK":0.7793894782,"PF":2.7278631738,"Fls on:":0.9742368478,"+\/-":5.4557263477,"GW":11.0,