{"K. Tagotongan":{"TEAM":"CSJL","MINS":31.9499999999,"FGM":2.0,"FGA":7.0,"FG%":28.5714285714,"2PM":1.0,"2PA":2.0,"2P%":50.0,"3PM":1.0,"3PA":5.0,"3P%":20.0,"FTM":0.0,"FTA":0.0,"FT%":0.0,"PTS":5.0,"OFF":0.0,"DEF":4.0,"REB":4.0,"AST":2.0,"TO":4.0,"STL":0.0,"BLK":0.0,"STK":0.0,"PF":8.0,"Fls on:":2.0,"+\/-":-26.0,"GW":3.0,"GP":6.0},"P. Javillonar":{"TEAM":"CSJL","MINS":239.0166666667,"FGM":34.0,"FGA":76.0,"FG%":44.7368421053,"2PM":23.0,"2PA":42.0,"2P%":54.7619047619,"3PM":11.0,"3PA":34.0,"3P%":32.3529411765,"FTM":25.0,"FTA":35.0,"FT%":71.4285714286,"PTS":104.0,"OFF":14.0,"DEF":27.0,"REB":41.0,"AST":5.0,"TO":16.0,"STL":2.0,"BLK":2.0,"STK":4.0,"PF":24.0,"Fls on:":32.0,"+\/-":-57.0,"GW":6.0,"GP":11.0},"J. Baliling":{"TEAM":"CSJL","MINS":32.55,"FGM":2.0,"FGA":15.0,"FG%":13.3333333333,"2PM":0.0,"2PA":0.0,"2P%":0.0,"3PM":2.0,"3PA":15.0,"3P%":13.3333333333,"FTM":0.0,"FTA":0.0,"FT%":0.0,"PTS":6.0,"OFF":3.0,"DEF":5.0,"REB":8.0,"AST":1.0,"TO":0.0,"STL":0.0,"BLK":0.0,"STK":0.0,"PF":4.0,"Fls on:":1.0,"+\/-":-12.0,"GW":6.0,"GP":12.0},"J. Pradella":{"TEAM":"CSJL","MINS":30.3499999999,"FGM":2.0,"FGA":6.0,"FG%":33.3333333333,"2PM":2.0,"2PA":4.0,"2P%":50.0,"3PM":0.0,"3PA":2.0,"3P%":0.0,"FTM":0.0,"FTA":4.0,"FT%":0.0,"PTS":4.0,"OFF":1.0,"DEF":6.0,"REB":7.0,"AST":1.0,"TO":1.0,"STL":0.0,"BLK":0.0,"STK":0.0,"PF":6.0,"Fls on:":4.0,"+\/-":8.0,"GW":4.0,"GP":7.0},"K. Monje":{"TEAM":"CSJL","MINS":187.0,"FGM":29.0,"FGA":64.0,"FG%":45.3125,"2PM":20.0,"2PA":39.0,"2P%":51.2820512821,"3PM":9.0,"3PA":25.0,"3P%":36.0,"FTM":17.0,"FTA":24.0,"FT%":70.8333333333,"PTS":84.0,"OFF":6.0,"DEF":18.0,"REB":24.0,"AST":9.0,"TO":13.0,"STL":3.0,"BLK":2.0,"STK":5.0,"PF":19.0,"Fls on:":17.0,"+\/-":-38.0,"GW":4.0,"GP":11.0},"N. Montecillo":{"TEAM":"CSJL","MINS":366.4333333333,"FGM":33.0,"FGA":109.0,"FG%":30.2752293578,"2PM":13.0,"2PA":33.0,"2P%":39.3939393939,"3PM":20.0,"3PA":76.0,"3P%":26.3157894737,"FTM":11.0,"FTA":15.0,"FT%":73.3333333333,"PTS":97.0,"OFF":11.0,"DEF":42.0,"REB":53.0,"AST":44.0,"TO":27.0,"STL":19.0,"BLK":0.0,"STK":19.0,"PF":36.0,"Fls on:":23.0,"+\/-":11.0,"GW":7.0,"GP":15.0},"J. Estrada":{"TEAM":"CSJL","MINS":110.6166666667,"FGM":23.0,"FGA":53.0,"FG%":43.3962264151,"2PM":20.0,"2PA":45.0,"2P%":44.4444444444,"3PM":3.0,"3PA":8.0,"3P%":37.5,"FTM":20.0,"FTA":22.0,"FT%":90.9090909091,"PTS":69.0,"OFF":3.0,"DEF":25.0,"REB":28.0,"AST":16.0,"TO":18.0,"STL":4.0,"BLK":2.0,"STK":6.0,"PF":5.0,"Fls on:":19.0,"+\/-":-4.0,"GW":1.0,"GP":3.0},"S. Estrada":{"TEAM":"CSJL","MINS":358.75,"FGM":66.0,"FGA":136.0,"FG%":48.5294117647,"2PM":65.0,"2PA":125.0,"2P%":52.0,"3PM":1.0,"3PA":11.0,"3P%":9.0909090909,"FTM":36.0,"FTA":44.0,"FT%":81.8181818182,"PTS":169.0,"OFF":17.0,"DEF":65.0,"REB":82.0,"AST":59.0,"TO":52.0,"STL":7.0,"BLK":11.0,"STK":18.0,"PF":38.0,"Fls on:":39.0,"+\/-":7.0,"GW":6.0,"GP":11.0},"I. Dimaano":{"TEAM":"CSJL","MINS":121.0,"FGM":8.0,"FGA":19.0,"FG%":42.1052631579,"2PM":7.0,"2PA":13.0,"2P%":53.8461538462,"3PM":1.0,"3PA":6.0,"3P%":16.6666666667,"FTM":7.0,"FTA":13.0,"FT%":53.8461538462,"PTS":24.0,"OFF":7.0,"DEF":16.0,"REB":23.0,"AST":3.0,"TO":4.0,"STL":1.0,"BLK":1.0,"STK":2.0,"PF":18.0,"Fls on:":9.0,"+\/-":-33.0,"GW":5.0,"GP":9.0},"C. Dimaano":{"TEAM":"CSJL","MINS":49.9833333334,"FGM":1.0,"FGA":6.0,"FG%":16.6666666667,"2PM":1.0,"2PA":6.0,"2P%":16.6666666667,"3PM":0.0,"3PA":0.0,"3P%":0.0,"FTM":4.0,"FTA":6.0,"FT%":66.6666666667,"PTS":6.0,"OFF":4.0,"DEF":10.0,"REB":14.0,"AST":4.0,"TO":4.0,"STL":0.0,"BLK":0.0,"STK":0.0,"PF":13.0,"Fls on:":6.0,"+\/-":2.0,"GW":1.0,"GP":3.0},"K. Santos":{"TEAM":"CSJL","MINS":339.8333333333,"FGM":43.0,"FGA":97.0,"FG%":44.3298969072,"2PM":41.0,"2PA":88.0,"2P%":46.5909090909,"3PM":2.0,"3PA":9.0,"3P%":22.2222222222,"FTM":26.0,"FTA":33.0,"FT%":78.7878787879,"PTS":114.0,"OFF":25.0,"DEF":67.0,"REB":92.0,"AST":16.0,"TO":29.0,"STL":8.0,"BLK":32.0,"STK":40.0,"PF":19.0,"Fls on:":33.0,"+\/-":3.0,"GW":7.0,"GP":14.0},"C. Delfino":{"TEAM":"CSJL","MINS":88.6166666666,"FGM":4.0,"FGA":22.0,"FG%":18.1818181818,"2PM":4.0,"2PA":14.0,"2P%":28.5714285714,"3PM":0.0,"3PA":8.0,"3P%":0.0,"FTM":2.0,"FTA":4.0,"FT%":50.0,"PTS":10.0,"OFF":5.0,"DEF":5.0,"REB":10.0,"AST":9.0,"TO":6.0,"STL":5.0,"BLK":2.0,"STK":7.0,"PF":17.0,"Fls on:":8.0,"+\/-":-8.0,"GW":5.0,"GP":11.0},"V. Cuajao":{"TEAM":"CSJL","MINS":492.7666666668,"FGM":63.0,"FGA":169.0,"FG%":37.2781065089,"2PM":22.0,"2PA":30.0,"2P%":73.3333333333,"3PM":41.0,"3PA":139.0,"3P%":29.4964028777,"FTM":17.0,"FTA":23.0,"FT%":73.9130434783,"PTS":184.0,"OFF":4.0,"DEF":25.0,"REB":29.0,"AST":20.0,"TO":11.0,"STL":13.0,"BLK":4.0,"STK":17.0,"PF":27.0,"Fls on:":23.0,"+\/-":-37.0,"GW":7.0,"GP":15.0},"J. Jumao-os":{"TEAM":"CSJL","MINS":115.9,"FGM":16.0,"FGA":45.0,"FG%":35.5555555556,"2PM":13.0,"2PA":30.0,"2P%":43.3333333333,"3PM":3.0,"3PA":15.0,"3P%":20.0,"FTM":8.0,"FTA":12.0,"FT%":66.6666666667,"PTS":43.0,"OFF":3.0,"DEF":16.0,"REB":19.0,"AST":6.0,"TO":8.0,"STL":4.0,"BLK":1.0,"STK":5.0,"PF":13.0,"Fls on:":9.0,"+\/-":-8.0,"GW":7.0,"GP":13.0},"M. Sarza":{"TEAM":"CSJL","MINS":6.4333333334,"FGM":0.0,"FGA":2.0,"FG%":0.0,"2PM":0.0,"2PA":2.0,"2P%":0.0,"3PM":0.0,"3PA":0.0,"3P%":0.0,"FTM":0.0,"FTA":2.0,"FT%":0.0,"PTS":0.0,"OFF":1.0,"DEF":2.0,"REB":3.0,"AST":0.0,"TO":1.0,"STL":0.0,"BLK":0.0,"STK":0.0,"PF":1.0,"Fls on:":2.0,"+\/-":-8.0,"GW":1.0,"GP":2.0},"E. Galoy":{"TEAM":"CSJL","MINS":17.2333333333,"FGM":1.0,"FGA":5.0,"FG%":20.0,"2PM":1.0,"2PA":3.0,"2P%":33.3333333333,"3PM":0.0,"3PA":2.0,"3P%":0.0,"FTM":3.0,"FTA":4.0,"FT%":75.0,"PTS":5.0,"OFF":1.0,"DEF":0.0,"REB":1.0,"AST":3.0,"TO":1.0,"STL":2.0,"BLK":0.0,"STK":2.0,"PF":2.0,"Fls on:":5.0,"+\/-":-20.0,"GW":2.0,"GP":3.0},"J. Miller":{"TEAM":"CSJL","MINS":220.7,"FGM":29.0,"FGA":63.0,"FG%":46.0317460317,"2PM":21.0,"2PA":39.0,"2P%":53.8461538462,"3PM":8.0,"3PA":24.0,"3P%":33.3333333333,"FTM":41.0,"FTA":49.0,"FT%":83.6734693878,"PTS":107.0,"OFF":10.0,"DEF":28.0,"REB":38.0,"AST":25.0,"TO":25.0,"STL":15.0,"BLK":0.0,"STK":15.0,"PF":16.0,"Fls on:":47.0,"+\/-":-3.0,"GW":7.0,"GP":14.0},"J. Nunag":{"TEAM":"CSJL","MINS":211.9166666667,"FGM":22.0,"FGA":47.0,"FG%":46.8085106383,"2PM":20.0,"2PA":40.0,"2P%":50.0,"3PM":2.0,"3PA":7.0,"3P%":28.5714285714,"FTM":6.0,"FTA":12.0,"FT%":50.0,"PTS":52.0,"OFF":11.0,"DEF":54.0,"REB":65.0,"AST":7.0,"TO":13.0,"STL":4.0,"BLK":6.0,"STK":10.0,"PF":28.0,"Fls on:":10.0,"+\/-":51.0,"GW":7.0,"GP":15.0},"R. Go":{"TEAM":"CSJL","MINS":102.5833333333,"FGM":13.0,"FGA":31.0,"FG%":41.935483871,"2PM":13.0,"2PA":25.0,"2P%":52.0,"3PM":0.0,"3PA":6.0,"3P%":0.0,"FTM":15.0,"FTA":21.0,"FT%":71.4285714286,"PTS":41.0,"OFF":9.0,"DEF":16.0,"REB":25.0,"AST":4.0,"TO":3.0,"STL":1.0,"BLK":2.0,"STK":3.0,"PF":12.0,"Fls on:":16.0,"+\/-":-8.0,"GW":4.0,"GP":10.0}}