{"J. Miller":{"TEAM":"CSJL","SP":37.8571428571,"GP":14.0,"MPG":15.7642857143,"EWA":1.3444770003,"PER":23.0646704605,"WS":1.0376100593,"OWS":0.8218277933,"DWS":0.215782266,"EFF":8.4285714286,"GmSc":6.2714285714,"TS%":63.2686849574,"EFG%":52.380952381,"PPWS":1.2653736991,"FTR":0.7777777778,"REB%":9.2929311901,"OREB%":5.4881753968,"DREB%":12.3509592108,"AR":6.0256652534,"pAST%":22.9210766818,"TOR":6.0256652534,"AST\/TO":1.0,"PPR":-3.7608040989,"USG%":22.980386942,"aSP":36.3428571429,"ORtg":109.9146692304,"DRtg":97.2687280191,"Floor%":49.3595166747,"Stop%":0.5795388886,"FFI":57.2102663851,"PIE":6.321277289,"AV":1.7048736981},"V. Cuajao":{"TEAM":"CSJL","SP":44.0,"GP":15.0,"MPG":32.8511111111,"EWA":0.5546450311,"PER":13.0824024473,"WS":1.0187432073,"OWS":1.0458184157,"DWS":-0.0270752084,"EFF":8.4666666667,"GmSc":7.12,"TS%":51.3622152747,"EFG%":49.4082840237,"PPWS":1.0272443055,"FTR":0.1360946746,"REB%":3.1763484103,"OREB%":0.9832161078,"DREB%":4.9390528777,"AR":2.1590166891,"pAST%":8.154118493,"TOR":1.187459179,"AST\/TO":1.8181818182,"PPR":0.471628188,"USG%":17.8605212769,"aSP":42.24,"ORtg":105.7671209262,"DRtg":105.4611274694,"Floor%":41.7000897854,"Stop%":0.3911601583,"FFI":46.7045121546,"PIE":6.2561094819,"AV":1.801496804},"S. Estrada":{"TEAM":"CSJL","SP":75.0909090909,"GP":11.0,"MPG":32.6136363636,"EWA":1.5183554548,"PER":19.3270228968,"WS":0.9483141848,"OWS":0.6551145739,"DWS":0.293199611,"EFF":18.0,"GmSc":10.6545454545,"TS%":54.3898043254,"EFG%":48.8970588235,"PPWS":1.0877960865,"FTR":0.3235294118,"REB%":12.336540834,"OREB%":5.739675337,"DREB%":17.638694411,"AR":8.7483757451,"pAST%":37.2394814244,"TOR":7.7104328601,"AST\/TO":1.1346153846,"PPR":-3.5166951532,"USG%":26.7572034634,"aSP":72.0872727273,"ORtg":95.3873079023,"DRtg":98.5415143952,"Floor%":45.7282644842,"Stop%":0.5502720196,"FFI":48.6320915582,"PIE":9.5144998371,"AV":2.5135040999},"K. Santos":{"TEAM":"CSJL","SP":46.2857142857,"GP":14.0,"MPG":24.2738095238,"EWA":1.1779137464,"PER":17.7869640911,"WS":0.7703734395,"OWS":0.343131684,"DWS":0.4272417555,"EFF":12.2857142857,"GmSc":7.3642857143,"TS%":51.1119081779,"EFG%":45.3608247423,"PPWS":1.0222381636,"FTR":0.3402061856,"REB%":14.6114497862,"OREB%":8.9105466656,"DREB%":19.19348407,"AR":2.5045017137,"pAST%":9.4339770974,"TOR":4.5394093561,"AST\/TO":0.5517241379,"PPR":-5.3732834394,"USG%":19.1416694517,"aSP":44.4342857143,"ORtg":93.3356954066,"DRtg":95.0514399248,"Floor%":44.8300693759,"Stop%":0.6305239411,"FFI":48.8946796745,"PIE":8.1133919844,"AV":2.2616585592},"P. Javillonar":{"TEAM":"CSJL","SP":36.0,"GP":11.0,"MPG":21.7287878788,"EWA":0.4890063977,"PER":14.9322774953,"WS":0.6042051836,"OWS":0.5762676557,"DWS":0.0279375279,"EFF":7.8181818182,"GmSc":5.4181818182,"TS%":56.8927789934,"EFG%":51.9736842105,"PPWS":1.1378555799,"FTR":0.4605263158,"REB%":9.2582121697,"OREB%":7.0946367789,"DREB%":10.9971606146,"AR":1.1127795731,"pAST%":4.3279241591,"TOR":3.5608946338,"AST\/TO":0.3125,"PPR":-5.2783531952,"USG%":20.8009774194,"aSP":34.56,"ORtg":104.2209893159,"DRtg":104.0979481855,"Floor%":47.2595108795,"Stop%":0.4225055516,"FFI":53.2260721184,"PIE":3.5190615836,"AV":1.3447902252},"K. Monje":{"TEAM":"CSJL","SP":28.6363636364,"GP":11.0,"MPG":17.0,"EWA":0.4190231102,"PER":15.323938243,"WS":0.4585225351,"OWS":0.4339067877,"DWS":0.0246157474,"EFF":6.0909090909,"GmSc":4.3363636364,"TS%":56.330472103,"EFG%":52.34375,"PPWS":1.1266094421,"FTR":0.375,"REB%":6.9269346929,"OREB%":3.8863325457,"DREB%":9.3707831476,"AR":2.5601666081,"pAST%":10.228760547,"TOR":3.6980184339,"AST\/TO":0.6923076923,"PPR":-3.7283847608,"USG%":21.6756331899,"aSP":27.4909090909,"ORtg":102.8461635939,"DRtg":103.9809344137,"Floor%":46.4680517532,"Stop%":0.4251962048,"FFI":51.4152619007,"PIE":2.8673835125,"AV":1.1151590348},"J. Estrada":{"TEAM":"CSJL","SP":91.6666666667,"GP":3.0,"MPG":36.8722222222,"EWA":0.7404928904,"PER":24.2753928849,"WS":0.3978036988,"OWS":0.2619638949,"DWS":0.1358398039,"EFF":23.0,"GmSc":15.5,"TS%":55.0414805361,"EFG%":46.2264150943,"PPWS":1.1008296107,"FTR":0.4150943396,"REB%":13.6618314192,"OREB%":3.2849669401,"DREB%":22.0021150193,"AR":7.6942579393,"pAST%":34.6306953786,"TOR":8.6560401817,"AST\/TO":0.8888888889,"PPR":-6.6030585704,"USG%":33.7639282649,"aSP":88.0,"ORtg":96.1431192402,"DRtg":95.2829863901,"Floor%":43.8766232997,"Stop%":0.6251996854,"FFI":48.2099644747,"PIE":4.0078201369,"AV":1.1400332638},"R. Go":{"TEAM":"CSJL","SP":21.3,"GP":10.0,"MPG":10.2583333333,"EWA":0.3455493618,"PER":17.5906341236,"WS":0.3807095676,"OWS":0.3321122596,"DWS":0.0485973079,"EFF":4.6,"GmSc":3.06,"TS%":50.944333996,"EFG%":41.935483871,"PPWS":1.0188866799,"FTR":0.6774193548,"REB%":13.1532980053,"OREB%":10.6266412257,"DREB%":15.1840688749,"AR":2.074199429,"pAST%":7.8161434627,"TOR":1.5556495718,"AST\/TO":1.3333333333,"PPR":-0.3236430081,"USG%":19.5126621473,"aSP":20.448,"ORtg":111.6046980622,"DRtg":101.26696137,"Floor%":55.4427742262,"Stop%":0.4876021945,"FFI":53.6718997232,"PIE":1.8572825024,"AV":0.8411028006},"J. Nunag":{"TEAM":"CSJL","SP":25.4666666667,"GP":15.0,"MPG":14.1277777778,"EWA":0.0372629987,"PER":11.173434341,"WS":0.3548296939,"OWS":0.0840315249,"DWS":0.2707981691,"EFF":6.0,"GmSc":2.5533333333,"TS%":49.7322111706,"EFG%":48.9361702128,"PPWS":0.9946442234,"FTR":0.2553191489,"REB%":16.5546384569,"OREB%":6.2872088451,"DREB%":24.8069650608,"AR":1.7571152654,"pAST%":6.3305410623,"TOR":3.2632140644,"AST\/TO":0.5384615385,"PPR":-3.9166785589,"USG%":14.2601035193,"aSP":24.448,"ORtg":89.4863043962,"DRtg":94.8876774595,"Floor%":43.5171026317,"Stop%":0.6342895491,"FFI":48.8458935721,"PIE":3.48647768,"AV":1.3914339235},"N. Montecillo":{"TEAM":"CSJL","SP":42.0,"GP":15.0,"MPG":24.4288888889,"EWA":-0.1068902359,"PER":10.2336740446,"WS":0.318317816,"OWS":0.0645024437,"DWS":0.2538153722,"EFF":7.0666666667,"GmSc":4.0666666667,"TS%":41.955017301,"EFG%":39.4495412844,"PPWS":0.839100346,"FTR":0.1376146789,"REB%":7.8064279247,"OREB%":3.6360347705,"DREB%":11.1583327028,"AR":6.3874134605,"pAST%":22.4214454467,"TOR":3.9195491689,"AST\/TO":1.6296296296,"PPR":0.6342290096,"USG%":18.0149142347,"aSP":40.32,"ORtg":86.6013519959,"DRtg":99.5301324102,"Floor%":35.4613096485,"Stop%":0.5275394115,"FFI":42.5913563591,"PIE":4.2033235582,"AV":1.5731136672},"I. Dimaano":{"TEAM":"CSJL","SP":20.3333333333,"GP":9.0,"MPG":13.4444444444,"EWA":-0.2126343305,"PER":7.2878098823,"WS":0.1530707328,"OWS":0.1204983855,"DWS":0.0325723473,"EFF":3.4444444444,"GmSc":1.5333333333,"TS%":48.5436893204,"EFG%":44.7368421053,"PPWS":0.9708737864,"FTR":0.6842105263,"REB%":10.2592100943,"OREB%":7.0071753476,"DREB%":12.872995031,"AR":1.3188737072,"pAST%":4.4314717213,"TOR":1.7584982763,"AST\/TO":0.75,"PPR":-1.6462997645,"USG%":10.9876979408,"aSP":19.52,"ORtg":99.1163402431,"DRtg":102.8896493038,"Floor%":49.1559386025,"Stop%":0.4502895739,"FFI":54.1197052373,"PIE":0.5865102639,"AV":0.6256075419},"J. Jumao-os":{"TEAM":"CSJL","SP":20.2307692308,"GP":13.0,"MPG":8.9153846154,"EWA":-0.0467723927,"PER":10.0088480641,"WS":0.0524129459,"OWS":-0.0229246679,"DWS":0.0753376139,"EFF":2.4615384615,"GmSc":1.4538461538,"TS%":42.7605409706,"EFG%":38.8888888889,"PPWS":0.8552108194,"FTR":0.2666666667,"REB%":8.8479288768,"OREB%":3.1352208199,"DREB%":13.4394512403,"AR":2.7538174042,"pAST%":10.6181459868,"TOR":3.6717565389,"AST\/TO":0.75,"PPR":-3.4374852719,"USG%":23.2778976193,"aSP":19.4215384615,"ORtg":83.6791616674,"DRtg":99.8684229764,"Floor%":39.3133515388,"Stop%":0.5197606468,"FFI":44.2646605848,"PIE":1.1078527208,"AV":0.6406829831},"E. Galoy":{"TEAM":"CSJL","SP":20.3333333333,"GP":3.0,"MPG":5.7444444444,"EWA":0.0377343724,"PER":15.2211269928,"WS":0.0319226001,"OWS":0.0167183353,"DWS":0.0152042648,"EFF":1.6666666667,"GmSc":1.5,"TS%":36.9822485207,"EFG%":20.0,"PPWS":0.7396449704,"FTR":0.8,"REB%":3.1318587707,"OREB%":7.0284737529,"DREB%":0.0,"AR":9.2601770931,"pAST%":30.6711669221,"TOR":3.0867256977,"AST\/TO":3.0,"PPR":5.7795630031,"USG%":20.8449126465,"aSP":19.52,"ORtg":92.0441588537,"DRtg":98.0260265004,"Floor%":44.4924727476,"Stop%":0.562125318,