{"J. Estrada":{"TEAM":"CSJL","MINS":35.3138888889,"FGM":5.8050814127,"FGA":14.5834972076,"FG%":39.8058252427,"2PM":4.6723826005,"2PA":11.4685754739,"2P%":40.7407407407,"3PM":1.1326988122,"3PA":3.1149217337,"3P%":36.3636363636,"FTM":3.6812711398,"FTA":3.9644458428,"FT%":92.8571428571,"PTS":16.4241327775,"OFF":0.7079367576,"DEF":5.8050814127,"REB":6.5130181704,"AST":5.6634940612,"TO":4.2476205459,"STL":1.4158735153,"BLK":0.7079367576,"STK":2.1238102729,"PF":2.2653976245,"Fls on:":4.2476205459,"+\/-":0.4247620546,"GW":2.0,"GP":6.0},"P. Javillonar":{"TEAM":"CSJL","MINS":23.1773809524,"FGM":4.900097591,"FGA":10.4473778828,"FG%":46.9026548673,"2PM":3.143458832,"2PA":5.4548256202,"2P%":57.6271186441,"3PM":1.7566387591,"3PA":4.9925522626,"3P%":35.1851851852,"FTM":2.6811854743,"FTA":3.8830962042,"FT%":69.0476190476,"PTS":14.2380194155,"OFF":1.571729416,"DEF":3.7906415327,"REB":5.3623709487,"AST":0.5547280292,"TO":2.0340027736,"STL":0.2773640146,"BLK":0.1849093431,"STK":0.4622733576,"PF":3.328368175,"Fls on:":3.4208228466,"+\/-":-2.7736401459,"GW":7.0,"GP":14.0},"S. Estrada":{"TEAM":"CSJL","MINS":32.6136363636,"FGM":5.5191637631,"FGA":11.3728222997,"FG%":48.5294117647,"2PM":5.4355400697,"2PA":10.4529616725,"2P%":52.0,"3PM":0.0836236934,"3PA":0.9198606272,"3P%":9.0909090909,"FTM":3.0104529617,"FTA":3.6794425087,"FT%":81.8181818182,"PTS":14.1324041812,"OFF":1.4216027875,"DEF":5.4355400697,"REB":6.8571428571,"AST":4.9337979094,"TO":4.3484320557,"STL":0.5853658537,"BLK":0.9198606272,"STK":1.5052264808,"PF":3.1777003484,"Fls on:":3.2613240418,"+\/-":0.5853658537,"GW":6.0,"GP":11.0},"K. Monje":{"TEAM":"CSJL","MINS":19.2654761905,"FGM":5.1164802571,"FGA":10.4554161775,"FG%":48.9361702128,"2PM":3.4480627819,"2PA":6.3399864055,"2P%":54.3859649123,"3PM":1.6684174751,"3PA":4.115429772,"3P%":40.5405405405,"FTM":2.2245566335,"FTA":3.0031514552,"FT%":74.0740740741,"PTS":14.1259346228,"OFF":0.7785948217,"DEF":2.8919236236,"REB":3.6705184453,"AST":1.2235061484,"TO":1.6684174751,"STL":0.7785948217,"BLK":0.2224556634,"STK":1.0010504851,"PF":2.7806957919,"Fls on:":2.1133288018,"+\/-":-3.6705184453,"GW":5.0,"GP":14.0},"J. Miller":{"TEAM":"CSJL","MINS":15.2480392157,"FGM":3.8191988684,"FGA":8.9114640262,"FG%":42.8571428571,"2PM":2.893332476,"2PA":5.555198354,"2P%":52.0833333333,"3PM":0.9258663923,"3PA":3.3562656722,"3P%":27.5862068966,"FTM":5.0922651578,"FTA":6.1338648492,"FT%":83.0188679245,"PTS":13.656529287,"OFF":1.6202661866,"DEF":3.8191988684,"REB":5.439465055,"AST":3.5877322703,"TO":3.7034655693,"STL":1.9674660837,"BLK":0.0,"STK":1.9674660837,"PF":2.3146659808,"Fls on:":6.7125313444,"+\/-":-0.2314665981,"GW":8.0,"GP":17.0},"R. Go":{"TEAM":"CSJL","MINS":10.2583333333,"FGM":3.8017871649,"FGA":9.0658001625,"FG%":41.935483871,"2PM":3.8017871649,"2PA":7.3111291633,"2P%":52.0,"3PM":0.0,"3PA":1.7546709992,"3P%":0.0,"FTM":4.386677498,"FTA":6.1413484972,"FT%":71.4285714286,"PTS":11.9902518278,"OFF":2.6320064988,"DEF":4.6791226645,"REB":7.3111291633,"AST":1.1697806661,"TO":0.8773354996,"STL":0.2924451665,"BLK":0.5848903331,"STK":0.8773354996,"PF":3.5093419984,"Fls on:":4.6791226645,"+\/-":-2.3395613323,"GW":4.0,"GP":10.0},"V. Cuajao":{"TEAM":"CSJL","MINS":32.8481481482,"FGM":3.5516969219,"FGA":9.9954899087,"FG%":35.5329949239,"2PM":1.2684631864,"2PA":1.8773255158,"2P%":67.5675675676,"3PM":2.2832337355,"3PA":8.1181643928,"3P%":28.125,"FTM":1.0147705491,"FTA":1.3192017138,"FT%":76.9230769231,"PTS":10.4013981283,"OFF":0.2536926373,"DEF":1.8265869884,"REB":2.0802796257,"AST":1.3699402413,"TO":0.6596008569,"STL":0.9640320216,"BLK":0.3044311647,"STK":1.2684631864,"PF":1.674371406,"Fls on:":1.4714172962,"+\/-":-1.5221558237,"GW":8.0,"GP":18.0},"K. Santos":{"TEAM":"CSJL","MINS":22.5510416667,"FGM":3.74151231,"FGA":8.3976165181,"FG%":44.5544554455,"2PM":3.575222874,"2PA":7.6493140561,"2P%":46.7391304348,"3PM":0.166289436,"3PA":0.748302462,"3P%":22.2222222222,"FTM":2.161762668,"FTA":2.743775694,"FT%":78.7878787879,"PTS":9.8110767241,"OFF":2.161762668,"DEF":5.9864196961,"REB":8.1481823641,"AST":1.330315488,"TO":2.49434154,"STL":0.748302462,"BLK":2.826920412,"STK":3.575222874,"PF":1.995473232,"Fls on:":2.91006513,"+\/-":0.997736616,"GW":8.0,"GP":16.0},"J. Jumao-os":{"TEAM":"CSJL","MINS":8.9645833333,"FGM":3.5556588427,"FGA":10.666976528,"FG%":33.3333333333,"2PM":2.9281896351,"2PA":7.3204740878,"2P%":40.0,"3PM":0.6274692075,"3PA":3.3465024402,"3P%":18.75,"FTM":1.8824076226,"FTA":2.9281896351,"FT%":64.2857142857,"PTS":9.6211945155,"OFF":0.83662561,"DEF":3.9739716477,"REB":4.8105972577,"AST":2.0915640251,"TO":1.6732512201,"STL":1.2549384151,"BLK":0.2091564025,"STK":1.4640948176,"PF":3.7648152452,"Fls on:":2.0915640251,"+\/-":-2.9281896351,"GW":8.0,"GP":16.0},"E. Galoy":{"TEAM":"CSJL","MINS":5.7444444444,"FGM":1.7408123791,"FGA":8.7040618956,"FG%":20.0,"2PM":1.7408123791,"2PA":5.2224371373,"2P%":33.3333333333,"3PM":0.0,"3PA":3.4816247582,"3P%":0.0,"FTM":5.2224371373,"FTA":6.9632495165,"FT%":75.0,"PTS":8.7040618956,"OFF":1.7408123791,"DEF":0.0,"REB":1.7408123791,"AST":5.2224371373,"TO":1.7408123791,"STL":3.4816247582,"BLK":0.0,"STK":3.4816247582,"PF":3.4816247582,"Fls on:":8.7040618956,"+\/-":-34.8162475823,"GW":2.0,"GP":3.0},"N. Montecillo":{"TEAM":"CSJL","MINS":25.2953703704,"FGM":2.9649694352,"FGA":9.0266847249,"FG%":32.8467153285,"2PM":1.3836524031,"2PA":3.0967458545,"2P%":44.6808510638,"3PM":1.5813170321,"3PA":5.9299388704,"3P%":26.6666666667,"FTM":0.8565467257,"FTA":1.1859877741,"FT%":72.2222222222,"PTS":8.3678026282,"OFF":1.0542113547,"DEF":3.2285222739,"REB":4.2827336286,"AST":3.4261869029,"TO":2.1084227095,"STL":1.5813170321,"BLK":0.0,"STK":1.5813170321,"PF":2.8331930159,"Fls on:":1.7789816611,"+\/-":-0.395329258,"GW":8.0,"GP":18.0},"J. Nunag":{"TEAM":"CSJL","MINS":13.3342592593,"FGM":3.2497743212,"FGA":6.4995486425,"FG%":50.0,"2PM":2.9997916811,"2PA":5.6246094021,"2P%":53.3333333333,"3PM":0.2499826401,"3PA":0.8749392403,"3P%":28.5714285714,"FTM":0.8749392403,"FTA":1.7498784807,"FT%":50.0,"PTS":7.6244705229,"OFF":1.6248871606,"DEF":7.1245052427,"REB":8.7493924033,"AST":0.9999305604,"TO":1.7498784807,"STL":0.4999652802,"BLK":0.7499479203,"STK":1.2499132005,"PF":3.9997222415,"Fls on:":1.3749045205,"+\/-":2.2498437608,"GW":8.0,"GP":18.0},"I. Dimaano":{"TEAM":"CSJL","MINS":13.4444444444,"FGM":1.9834710744,"FGA":4.7107438017,"FG%":42.1052631579,"2PM":1.7355371901,"2PA":3.2231404959,"2P%":53.8461538462,"3PM":0.2479338843,"3PA":1.4876033058,"3P%":16.6666666667,"FTM":1.7355371901,"FTA":3.2231404959,"FT%":53.8461538462,"PTS":5.9504132231,"OFF":1.7355371901,"DEF":3.9669421488,"REB":5.7024793388,"AST":0.7438016529,"TO":0.9917355372,"STL":0.2479338843,"BLK":0.2479338843,"STK":0.4958677686,"PF":4.4628099174,"Fls on:":2.2314049587,"+\/-":-8.1818181818,"GW":5.0,"GP":9.0},"J. Baliling":{"TEAM":"CSJL","MINS":2.7125,"FGM":1.8433179724,"FGA":13.8248847926,"FG%":13.3333333333,"2PM":0.0,"2PA":0.0,"2P%":0.0,"3PM":1.8433179724,"3PA":13.8248847926,"3P%":13.3333333333,"FTM":0.0,"FTA":0.0,"FT%":0.0,"PTS":5.5299539171,"OFF":2.7649769585,"DEF":4.6082949309,"REB":7.3732718894,"AST":0.9216589862,"TO":0.0,"STL":0.0,"BLK":0.0,"STK":0.0,"PF":3.6866359447,"Fls on:":0.9216589862,"+\/-":-11.0599078341,"GW":6.0,"GP":12.0},"K. Tagotongan":{"TEAM":"CSJL","MINS":5.325,"FGM":1.8779342723,"FGA":6.5727699531,"FG%":28.5714285714,"2PM":0.9389671362,"2PA":1.8779342723,"2P%":50.0,"3PM":0.9389671362,"3PA":4.6948356808,"3P%":20.0,"FTM":0.0,"FTA":0.0,"FT%":0.0,"PTS":4.6948356808,"OFF":0.0,"DEF":3.7558685446,"REB":3.7558685446,"AST":1.8779342723,"TO":3.7558685446,"STL":0.0,"BLK":0.0,"STK":0.0,"PF":7.5117370892,"Fls on:":1.8779342723,"+\/-":-24.41314554,"GW":3.0,"GP":6.0},"J. Pradella":{"TEAM":"CSJL","MINS":4.325,"FGM":1.7341040462,"FGA":6.936416185,"FG%":25.0,"2PM":1.7341040462,"2PA":4.3352601156,"2P%":40.0,"3PM":0.0,"3PA":2.6011560694,"3P%":0.0,"FTM":0.0,"FTA":3.4682080925,"FT%":0.0,"PTS":3.4682080925,"OFF":0.8670520231,"DEF":5.2023121387,"REB":6.0693641619,"AST":1.7341040462,"TO":0.8670520231,"STL":0.0,"BLK":0.0,"STK":0.0,