{"K. Tagotongan":{"TEAM":"CSJL","MINS":3.3458333333,"FGM":0.0,"FGA":0.0,"FG%":0.0,"2PM":0.0,"2PA":0.0,"2P%":0.0,"3PM":0.0,"3PA":0.0,"3P%":0.0,"FTM":0.0,"FTA":0.0,"FT%":0.0,"PTS":0.0,"OFF":0.0,"DEF":0.25,"REB":0.25,"AST":0.25,"TO":0.5,"STL":0.0,"BLK":0.0,"STK":0.0,"PF":0.25,"Fls on:":0.5,"+\/-":-3.0,"GP":4.0},"K. Monje":{"TEAM":"CSJL","MINS":15.3851851852,"FGM":2.2222222222,"FGA":5.4444444444,"FG%":40.8163265306,"2PM":1.4444444444,"2PA":3.3333333333,"2P%":43.3333333333,"3PM":0.7777777778,"3PA":2.1111111111,"3P%":36.8421052632,"FTM":1.7777777778,"FTA":2.3333333333,"FT%":76.1904761905,"PTS":7.0,"OFF":0.3333333333,"DEF":1.8888888889,"REB":2.2222222222,"AST":0.7777777778,"TO":1.3333333333,"STL":0.2222222222,"BLK":0.1111111111,"STK":0.3333333333,"PF":1.8888888889,"Fls on:":1.6666666667,"+\/-":-2.8888888889,"GP":9.0},"K. Santos":{"TEAM":"CSJL","MINS":24.0984848485,"FGM":3.1818181818,"FGA":7.4545454545,"FG%":42.6829268293,"2PM":3.0,"2PA":6.6363636364,"2P%":45.2054794521,"3PM":0.1818181818,"3PA":0.8181818182,"3P%":22.2222222222,"FTM":1.9090909091,"FTA":2.2727272727,"FT%":84.0,"PTS":8.4545454545,"OFF":2.0,"DEF":4.5454545455,"REB":6.5454545455,"AST":1.2727272727,"TO":1.9090909091,"STL":0.7272727273,"BLK":2.5454545455,"STK":3.2727272727,"PF":1.2727272727,"Fls on:":2.3636363636,"+\/-":1.1818181818,"GP":11.0},"J. Pradella":{"TEAM":"CSJL","MINS":4.3357142857,"FGM":0.2857142857,"FGA":0.8571428571,"FG%":33.3333333333,"2PM":0.2857142857,"2PA":0.5714285714,"2P%":50.0,"3PM":0.0,"3PA":0.2857142857,"3P%":0.0,"FTM":0.0,"FTA":0.5714285714,"FT%":0.0,"PTS":0.5714285714,"OFF":0.1428571429,"DEF":0.8571428571,"REB":1.0,"AST":0.1428571429,"TO":0.1428571429,"STL":0.0,"BLK":0.0,"STK":0.0,"PF":0.8571428571,"Fls on:":0.5714285714,"+\/-":1.1428571429,"GP":7.0},"C. Delfino":{"TEAM":"CSJL","MINS":8.1074074074,"FGM":0.3333333333,"FGA":2.0,"FG%":16.6666666667,"2PM":0.3333333333,"2PA":1.3333333333,"2P%":25.0,"3PM":0.0,"3PA":0.6666666667,"3P%":0.0,"FTM":0.2222222222,"FTA":0.4444444444,"FT%":50.0,"PTS":0.8888888889,"OFF":0.5555555556,"DEF":0.4444444444,"REB":1.0,"AST":0.8888888889,"TO":0.4444444444,"STL":0.5555555556,"BLK":0.2222222222,"STK":0.7777777778,"PF":1.6666666667,"Fls on:":0.8888888889,"+\/-":-1.5555555556,"GP":9.0},"N. Montecillo":{"TEAM":"CSJL","MINS":24.2015151515,"FGM":2.2727272727,"FGA":7.4545454545,"FG%":30.487804878,"2PM":0.8181818182,"2PA":2.0,"2P%":40.9090909091,"3PM":1.4545454545,"3PA":5.4545454545,"3P%":26.6666666667,"FTM":1.0,"FTA":1.3636363636,"FT%":73.3333333333,"PTS":7.0,"OFF":1.0,"DEF":2.9090909091,"REB":3.9090909091,"AST":2.7272727273,"TO":1.6363636364,"STL":1.0,"BLK":0.0,"STK":1.0,"PF":2.1818181818,"Fls on:":1.7272727273,"+\/-":3.7272727273,"GP":11.0},"I. Dimaano":{"TEAM":"CSJL","MINS":13.8583333333,"FGM":0.75,"FGA":2.0,"FG%":37.5,"2PM":0.625,"2PA":1.25,"2P%":50.0,"3PM":0.125,"3PA":0.75,"3P%":16.6666666667,"FTM":0.75,"FTA":1.125,"FT%":66.6666666667,"PTS":2.375,"OFF":0.75,"DEF":1.875,"REB":2.625,"AST":0.375,"TO":0.375,"STL":0.125,"BLK":0.125,"STK":0.25,"PF":1.875,"Fls on:":0.875,"+\/-":-4.25,"GP":8.0},"J. Nunag":{"TEAM":"CSJL","MINS":14.1515151515,"FGM":1.3636363636,"FGA":3.2727272727,"FG%":41.6666666667,"2PM":1.1818181818,"2PA":2.7272727273,"2P%":43.3333333333,"3PM":0.1818181818,"3PA":0.5454545455,"3P%":33.3333333333,"FTM":0.2727272727,"FTA":0.7272727273,"FT%":37.5,"PTS":3.1818181818,"OFF":0.6363636364,"DEF":3.9090909091,"REB":4.5454545455,"AST":0.5454545455,"TO":0.8181818182,"STL":0.2727272727,"BLK":0.3636363636,"STK":0.6363636364,"PF":1.8181818182,"Fls on:":0.5454545455,"+\/-":5.4545454545,"GP":11.0},"J. Miller":{"TEAM":"CSJL","MINS":14.7483333333,"FGM":2.1,"FGA":4.4,"FG%":47.7272727273,"2PM":1.6,"2PA":2.8,"2P%":57.1428571429,"3PM":0.5,"3PA":1.6,"3P%":31.25,"FTM":1.8,"FTA":2.1,"FT%":85.7142857143,"PTS":6.5,"OFF":0.7,"DEF":1.8,"REB":2.5,"AST":1.6,"TO":1.8,"STL":1.1,"BLK":0.0,"STK":1.1,"PF":1.0,"Fls on:":2.2,"+\/-":-2.4,"GP":10.0},"P. Javillonar":{"TEAM":"CSJL","MINS":23.4166666667,"FGM":3.875,"FGA":7.875,"FG%":49.2063492063,"2PM":2.5,"2PA":3.75,"2P%":66.6666666667,"3PM":1.375,"3PA":4.125,"3P%":33.3333333333,"FTM":2.25,"FTA":3.125,"FT%":72.0,"PTS":11.375,"OFF":1.25,"DEF":3.125,"REB":4.375,"AST":0.5,"TO":1.75,"STL":0.25,"BLK":0.25,"STK":0.5,"PF":2.125,"Fls on:":3.125,"+\/-":-6.0,"GP":8.0},"R. Go":{"TEAM":"CSJL","MINS":8.9595238095,"FGM":1.2857142857,"FGA":2.8571428571,"FG%":45.0,"2PM":1.2857142857,"2PA":2.2857142857,"2P%":56.25,"3PM":0.0,"3PA":0.5714285714,"3P%":0.0,"FTM":1.1428571429,"FTA":1.4285714286,"FT%":80.0,"PTS":3.7142857143,"OFF":1.0,"DEF":0.7142857143,"REB":1.7142857143,"AST":0.4285714286,"TO":0.1428571429,"STL":0.0,"BLK":0.1428571429,"STK":0.1428571429,"PF":1.2857142857,"Fls on:":1.0,"+\/-":-1.5714285714,"GP":7.0},"S. Estrada":{"TEAM":"CSJL","MINS":32.6136363636,"FGM":6.0,"FGA":12.3636363636,"FG%":48.5294117647,"2PM":5.9090909091,"2PA":11.3636363636,"2P%":52.0,"3PM":0.0909090909,"3PA":1.0,"3P%":9.0909090909,"FTM":3.2727272727,"FTA":4.0,"FT%":81.8181818182,"PTS":15.3636363636,"OFF":1.5454545455,"DEF":5.9090909091,"REB":7.4545454545,"AST":5.3636363636,"TO":4.7272727273,"STL":0.6363636364,"BLK":1.0,"STK":1.6363636364,"PF":3.4545454545,"Fls on:":3.5454545455,"+\/-":0.6363636364,"GP":11.0},"E. Galoy":{"TEAM":"CSJL","MINS":5.7444444444,"FGM":0.3333333333,"FGA":1.6666666667,"FG%":20.0,"2PM":0.3333333333,"2PA":1.0,"2P%":33.3333333333,"3PM":0.0,"3PA":0.6666666667,"3P%":0.0,"FTM":1.0,"FTA":1.3333333333,"FT%":75.0,"PTS":1.6666666667,"OFF":0.3333333333,"DEF":0.0,"REB":0.3333333333,"AST":1.0,"TO":0.3333333333,"STL":0.6666666667,"BLK":0.0,"STK":0.6666666667,"PF":0.6666666667,"Fls on:":1.6666666667,"+\/-":-6.6666666667,"GP":3.0},"V. Cuajao":{"TEAM":"CSJL","MINS":32.0606060606,"FGM":3.5454545455,"FGA":10.4545454545,"FG%":33.9130434783,"2PM":1.0,"2PA":1.3636363636,"2P%":73.3333333333,"3PM":2.5454545455,"3PA":9.0909090909,"3P%":28.0,"FTM":0.8181818182,"FTA":1.0,"FT%":81.8181818182,"PTS":10.4545454545,"OFF":0.3636363636,"DEF":1.9090909091,"REB":2.2727272727,"AST":1.4545454545,"TO":0.5454545455,"STL":0.7272727273,"BLK":0.0909090909,"STK":0.8181818182,"PF":1.6363636364,"Fls on:":1.0,"+\/-":-1.1818181818,"GP":11.0},"J. Jumao-os":{"TEAM":"CSJL","MINS":7.9351851852,"FGM":1.1111111111,"FGA":3.0,"FG%":37.037037037,"2PM":0.7777777778,"2PA":1.4444444444,"2P%":53.8461538462,"3PM":0.3333333333,"3PA":1.5555555556,"3P%":21.4285714286,"FTM":0.5555555556,"FTA":0.6666666667,"FT%":83.3333333333,"PTS":3.1111111111,"OFF":0.0,"DEF":0.8888888889,"REB":0.8888888889,"AST":0.2222222222,"TO":0.5555555556,"STL":0.4444444444,"BLK":0.1111111111,"STK":0.5555555556,"PF":1.2222222222,"Fls on:":0.5555555556,"+\/-":-0.5555555556,"GP":9.0},"J. Baliling":{"TEAM":"CSJL","MINS":2.3366666667,"FGM":0.1,"FGA":0.9,"FG%":11.1111111111,"2PM":0.0,"2PA":0.0,"2P%":0.0,"3PM":0.1,"3PA":0.9,"3P%":11.1111111111,"FTM":0.0,"FTA":0.0,"FT%":0.0,"PTS":0.3,"OFF":0.2,"DEF":0.4,"REB":0.6,"AST":0.1,"TO":0.0,"STL":0.0,"BLK":0.0,"STK":0.0,"PF":0.4,"Fls on:":0.1,"+\/-":-0.7,"GP":10.0}}