{"V. Cuajao":{"TEAM":"CSJL","SP":45.6428571429,"GP":14.0,"MPG":32.8928571429,"EWA":0.7190287898,"PER":13.9584318514,"WS":1.089908858,"OWS":1.1078967843,"DWS":-0.0179879262,"EFF":9.1428571429,"GmSc":7.6857142857,"TS%":53.1333495264,"EFG%":51.2903225806,"PPWS":1.0626669905,"FTR":0.1419354839,"REB%":3.3211981861,"OREB%":1.0630613441,"DREB%":5.1414164163,"AR":2.3082676574,"pAST%":8.589929959,"TOR":1.1541338287,"AST\/TO":2.0,"PPR":0.7198806964,"USG%":17.5592034029,"aSP":43.6923076923,"ORtg":109.3404250221,"DRtg":105.6972323468,"Floor%":43.1868598034,"Stop%":0.3933463638,"FFI":47.569240102,"PIE":6.9095909247,"AV":1.8121251276},"J. Miller":{"TEAM":"CSJL","SP":39.0,"GP":13.0,"MPG":15.8256410256,"EWA":1.2664157738,"PER":23.1927918273,"WS":0.951952966,"OWS":0.7501438822,"DWS":0.2018090838,"EFF":8.6153846154,"GmSc":6.3538461538,"TS%":63.9888494678,"EFG%":55.0,"PPWS":1.2797769894,"FTR":0.7166666667,"REB%":9.5579385351,"OREB%":5.3538452778,"DREB%":12.9467354609,"AR":6.2000099196,"pAST%":23.5697809891,"TOR":6.2000099196,"AST\/TO":1.0,"PPR":-3.8672009671,"USG%":23.1572175591,"aSP":37.3333333333,"ORtg":109.6647943756,"DRtg":97.5610954862,"Floor%":49.4740406389,"Stop%":0.5808079104,"FFI":57.2707665756,"PIE":6.3595737367,"AV":1.6394350745},"S. Estrada":{"TEAM":"CSJL","SP":75.0909090909,"GP":11.0,"MPG":32.6136363636,"EWA":1.4925043546,"PER":19.1821846765,"WS":0.9400871911,"OWS":0.656041134,"DWS":0.2840460571,"EFF":18.0,"GmSc":10.6545454545,"TS%":54.3898043254,"EFG%":48.8970588235,"PPWS":1.0877960865,"FTR":0.3235294118,"REB%":12.4849939976,"OREB%":5.7994255974,"DREB%":17.8740356423,"AR":8.7406938142,"pAST%":36.3909536612,"TOR":7.7036623447,"AST\/TO":1.1346153846,"PPR":-3.5114124894,"USG%":26.7561939494,"aSP":71.8818958819,"ORtg":95.7463600079,"DRtg":99.0699651892,"Floor%":45.8743399294,"Stop%":0.5460426339,"FFI":48.6457342392,"PIE":10.0378136817,"AV":2.5135040999},"K. Santos":{"TEAM":"CSJL","SP":46.2857142857,"GP":14.0,"MPG":24.2738095238,"EWA":1.1591947193,"PER":17.6762473343,"WS":0.7597346399,"OWS":0.3418026037,"DWS":0.4179320362,"EFF":12.2857142857,"GmSc":7.3642857143,"TS%":51.1119081779,"EFG%":45.3608247423,"PPWS":1.0222381636,"FTR":0.3402061856,"REB%":14.7872783248,"OREB%":9.0033058292,"DREB%":19.4495698136,"AR":2.5023025159,"pAST%":9.2432576558,"TOR":4.53542331,"AST\/TO":0.5517241379,"PPR":-5.3652118697,"USG%":19.1409472618,"aSP":44.3076923077,"ORtg":93.6414535662,"DRtg":95.5757802063,"Floor%":44.9653059672,"Stop%":0.6265507832,"FFI":48.9142280188,"PIE":8.5596424888,"AV":2.2616585592},"P. Javillonar":{"TEAM":"CSJL","SP":38.5,"GP":10.0,"MPG":22.0333333333,"EWA":0.5501045053,"PER":15.8383512359,"WS":0.5840233238,"OWS":0.5531286505,"DWS":0.0308946734,"EFF":8.3,"GmSc":5.89,"TS%":57.1297989031,"EFG%":52.7397260274,"PPWS":1.1425959781,"FTR":0.4520547945,"REB%":9.6683151324,"OREB%":7.2208964483,"DREB%":11.6411079335,"AR":1.2060785812,"pAST%":4.6681242918,"TOR":3.6182357436,"AST\/TO":0.3333333333,"PPR":-5.2659654117,"USG%":21.5387082535,"aSP":36.8547008547,"ORtg":104.7897086625,"DRtg":104.2671719148,"Floor%":47.4805249661,"Stop%":0.4262958268,"FFI":53.4163326825,"PIE":3.815744242,"AV":1.309451069},"K. Monje":{"TEAM":"CSJL","SP":28.2,"GP":10.0,"MPG":16.2133333333,"EWA":0.3392393697,"PER":15.0256196535,"WS":0.3957738316,"OWS":0.3734030622,"DWS":0.0223707695,"EFF":5.9,"GmSc":4.07,"TS%":57.257584771,"EFG%":52.5862068966,"PPWS":1.1451516954,"FTR":0.3620689655,"REB%":6.7378925254,"OREB%":2.2645239209,"DREB%":10.3437444528,"AR":2.2946240112,"pAST%":9.0790978991,"TOR":3.933641162,"AST\/TO":0.5833333333,"PPR":-4.4982183398,"USG%":22.623688698,"aSP":26.9948717949,"ORtg":102.6250601096,"DRtg":104.2850419204,"Floor%":45.4625382657,"Stop%":0.425884091,"FFI":50.9350117351,"PIE":2.5782055689,"AV":1.013723966},"R. Go":{"TEAM":"CSJL","SP":21.3,"GP":10.0,"MPG":10.2583333333,"EWA":0.339389404,"PER":17.4699369808,"WS":0.376638123,"OWS":0.3301874574,"DWS":0.0464506656,"EFF":4.6,"GmSc":3.06,"TS%":50.944333996,"EFG%":41.935483871,"PPWS":1.0188866799,"FTR":0.6774193548,"REB%":13.3115797091,"OREB%":10.7372650055,"DREB%":15.3866596893,"AR":2.0723780787,"pAST%":7.6580704281,"TOR":1.5542835591,"AST\/TO":1.3333333333,"PPR":-0.3231568423,"USG%":19.5119259603,"aSP":20.3897435897,"ORtg":111.8940248987,"DRtg":101.773724325,"Floor%":55.5721842834,"Stop%":0.4837463773,"FFI":53.6943659823,"PIE":1.9594362324,"AV":0.8411028006},"J. Estrada":{"TEAM":"CSJL","SP":102.5,"GP":2.0,"MPG":38.125,"EWA":0.6792914796,"PER":28.7265688382,"WS":0.3497903315,"OWS":0.2863579667,"DWS":0.0634323648,"EFF":24.5,"GmSc":19.1,"TS%":56.3407181054,"EFG%":47.7272727273,"PPWS":1.1268143621,"FTR":0.4318181818,"REB%":10.0289296046,"OREB%":4.8151450717,"DREB%":14.2316092113,"AR":6.9702115162,"pAST%":35.103510351,"TOR":8.3642538195,"AST\/TO":0.8333333333,"PPR":-6.9561717651,"USG%":39.0721624878,"aSP":98.1196581197,"ORtg":101.0072911583,"DRtg":98.7498293128,"Floor%":46.7101895495,"Stop%":0.5534187594,"FFI":49.4401473777,"PIE":2.99071846,"AV":0.8819171037},"N. Montecillo":{"TEAM":"CSJL","SP":42.9285714286,"GP":14.0,"MPG":24.5738095238,"EWA":-0.1057715287,"PER":10.2020343784,"WS":0.3071896266,"OWS":0.0836467357,"DWS":0.2235428909,"EFF":7.2142857143,"GmSc":4.1071428571,"TS%":42.3572744015,"EFG%":39.7058823529,"PPWS":0.847145488,"FTR":0.1470588235,"REB%":8.09722203,"OREB%":3.9130926547,"DREB%":11.4699266529,"AR":6.4883545337,"pAST%":22.3678005633,"TOR":4.0166004256,"AST\/TO":1.6153846154,"PPR":0.5781504789,"USG%":18.1107233889,"aSP":41.094017094,"ORtg":87.4632272413,"DRtg":100.2026172262,"Floor%":35.8387694492,"Stop%":0.5199456414,"FFI":42.8667037186,"PIE":4.1595049845,"AV":1.5171262948},"J. Nunag":{"TEAM":"CSJL","SP":24.6428571429,"GP":14.0,"MPG":13.6154761905,"EWA":-0.1178319672,"PER":9.5774945143,"WS":0.2318311438,"OWS":0.0027652505,"DWS":0.2290658933,"EFF":5.3571428571,"GmSc":2.1071428571,"TS%":46.3780918728,"EFG%":45.0,"PPWS":0.9275618375,"FTR":0.3,"REB%":16.9066489934,"OREB%":6.4204741054,"DREB%":25.3592486502,"AR":1.9517445467,"pAST%":6.7170348597,"TOR":3.3458477944,"AST\/TO":0.5833333333,"PPR":-3.8260617303,"USG%":13.9102008078,"aSP":23.5897435897,"ORtg":85.5456002112,"DRtg":95.7999658184,"Floor%":41.3976758712,"Stop%":0.6213854102,"FFI":47.9476328725,"PIE":2.9219663114,"AV":1.213603032},"I. Dimaano":{"TEAM":"CSJL","SP":20.3333333333,"GP":9.0,"MPG":13.4444444444,"EWA":-0.2161684539,"PER":7.2291025432,"WS":0.1502218495,"OWS":0.1198616582,"DWS":0.0303601913,"EFF":3.4444444444,"GmSc":1.5333333333,"TS%":48.5436893204,"EFG%":44.7368421053,"PPWS":0.9708737864,"FTR":0.6842105263,"REB%":10.3826654629,"OREB%":7.0801203361,"DREB%":13.0447507421,"AR":1.3177156069,"pAST%":4.3513835168,"TOR":1.7569541425,"AST\/TO":0.75,"PPR":-1.6438267472,"USG%":10.9872833894,"aSP":19.4643874644,"ORtg":99.4118559717,"DRtg":103.3842082727,"Floor%":49.2864918794,"Stop%":0.4466398466,"FFI":54.1346802684,"PIE":0.6187693365,"AV":0.6256075419},"C. Dimaano":{"TEAM":"CSJL","SP":26.0,"GP":2.0,"MPG":17.4333333333,"EWA":-0.1114427665,"PER":4.3955269434,"WS":0.04508019,"OWS":0.0300148214,"DWS":0.0150653686,"EFF":6.0,"GmSc":1.0,"TS%":69.4444444444,"EFG%":50.0,"PPWS":1.3888888889,"FTR":1.0,"REB%":12.5327377605,"OREB%":7.020168484,"DREB%":16.9762590322,"AR":6.0972691561,"pAST%":18.8932129766,"TOR":4.5729518671,"AST\/TO":1.3333333333,"PPR":-0.9507793327,"USG%":7.8065322324,"aSP":24.8888888889,"ORtg":98.910730264,"DRtg":101.9390331229,"Floor%":44.1709020896,"Stop%":0.4799375619,"FFI":60.26079573,"PIE":0.0687521485,"AV":0.3070199805},"J. Jumao-os":{"TEAM":"CSJL","SP":21.0833333333,"GP":12.0,"MPG":9.3597222222,"EWA":-0.0697522779,"PER":9.5717250757,"WS":0.0433492036,"OWS":-0.026170704,"DWS":0.0695199076,"EFF":2.5,"GmSc":1.4666666667,"TS%":43.358714044,"EFG%":39.2857142857,"PPWS":0.8671742809,"FTR":0.2857142857,"REB%":8.7537611869,"OREB%":3.2689254642,"DREB%":13.1749272501,"AR":2.3659829119,"pAST%":8.8618102936,"TOR":3.785572659,"AST\/TO":0.625,"PPR":-4.1321301524,"USG%":22.7832192391,"aSP":20.1823361823,"ORtg":83.6720418747,"DRtg":100.4483604012,"Floor%":39.2342731391,