{"J. Estrada":{"TEAM":"CSJL","SP":80.0,"GP":17.0,"MPG":33.5666666667,"EWA":2.6726511356,"PER":20.2341517305,"WS":1.6945460705,"OWS":1.087016891,"DWS":0.6075291794,"EFF":18.8823529412,"GmSc":11.6235294118,"TS%":52.6451898921,"EFG%":46.6527196653,"PPWS":1.0529037978,"FTR":0.3012552301,"REB%":12.1359887426,"OREB%":4.6627389784,"DREB%":18.1852947279,"AR":9.1925689361,"pAST%":38.5474057395,"hAST%":21.9181721573,"TOR":7.6140469976,"hTO%":18.1544456252,"AST\/TO":1.2073170732,"STL\/TO":0.2073170732,"PPR":-2.7900064366,"USG%":28.6112978906,"STL%":null,"BLK%":60.5129508206,"aSP":77.3154362416,"ORtg":95.359086653,"DRtg":96.6792705105,"Floor%":44.353921018,"Stop%":0.5805699559,"FFI":47.2089523643,"PIE":13.3369185265,"AV":3.6112660045,"DRE\/100":4.9961482894,"DRE\/75":3.747111217,"POS":63.3504023985},"V. Cuajao":{"TEAM":"CSJL","SP":44.1666666667,"GP":18.0,"MPG":32.8481481482,"EWA":0.4716948218,"PER":12.4235177446,"WS":1.1302313116,"OWS":1.0173755058,"DWS":0.1128558059,"EFF":8.4444444444,"GmSc":6.8277777778,"TS%":49.1748224909,"EFG%":46.9543147208,"PPWS":0.9834964498,"FTR":0.1319796954,"REB%":3.75165413,"OREB%":1.0227327639,"DREB%":5.9606101899,"AR":2.419575656,"pAST%":8.7953010108,"hAST%":10.8678151666,"TOR":1.1649808714,"hTO%":5.2326517469,"AST\/TO":2.0769230769,"STL\/TO":1.4615384615,"PPR":0.8414512661,"USG%":17.3375026764,"STL%":null,"BLK%":21.900465211,"aSP":42.6845637584,"ORtg":102.349928019,"DRtg":103.6344642604,"Floor%":40.4287220027,"Stop%":0.4194327868,"FFI":45.6747226547,"PIE":6.1037913418,"AV":2.0614053376,"DRE\/100":1.8301565431,"DRE\/75":1.3726174073,"POS":61.994341705},"J. Miller-Aquinginoc":{"TEAM":"CSJL","SP":35.8823529412,"GP":17.0,"MPG":15.2480392157,"EWA":1.2515151299,"PER":20.5244123106,"WS":0.974662923,"OWS":0.7042778752,"DWS":0.2703850478,"EFF":7.5294117647,"GmSc":5.4176470588,"TS%":58.8118022329,"EFG%":48.0519480519,"PPWS":1.1762360447,"FTR":0.6883116883,"REB%":9.8097348486,"OREB%":6.5319172565,"DREB%":12.4630011255,"AR":6.3366192188,"pAST%":23.4364891777,"hAST%":18.9811413177,"TOR":6.5410262903,"hTO%":19.5934361989,"AST\/TO":0.96875,"STL\/TO":0.53125,"PPR":-4.3504792387,"USG%":23.6306917337,"STL%":null,"BLK%":0.0,"aSP":34.6782471378,"ORtg":102.7080193068,"DRtg":96.8509847326,"Floor%":46.4582044684,"Stop%":0.5765916995,"FFI":54.2165814242,"PIE":5.4315676257,"AV":1.8121251276,"DRE\/100":7.2072502071,"DRE\/75":5.4054376553,"POS":28.7776391291},"P. Javillonar":{"TEAM":"CSJL","SP":39.0714285714,"GP":14.0,"MPG":23.1773809524,"EWA":0.8510454146,"PER":16.0917693259,"WS":0.9241401695,"OWS":0.8244227566,"DWS":0.0997174128,"EFF":9.1428571429,"GmSc":6.2357142857,"TS%":58.5640401582,"EFG%":55.3097345133,"PPWS":1.1712808032,"FTR":0.3716814159,"REB%":9.6707004521,"OREB%":6.336246834,"DREB%":12.3698113967,"AR":0.9797554628,"pAST%":3.8990067128,"hAST%":3.7622272385,"TOR":3.5924366969,"hTO%":13.7948332079,"AST\/TO":0.2727272727,"STL\/TO":0.1363636364,"PPR":-5.5197889169,"USG%":21.8964273208,"STL%":null,"BLK%":13.3021881594,"aSP":37.7603068073,"ORtg":104.7643176906,"DRtg":102.7076205245,"Floor%":46.7871079347,"Stop%":0.4409058013,"FFI":53.0682552368,"PIE":4.4366765259,"AV":1.8121251276,"DRE\/100":3.1762273819,"DRE\/75":2.3821705364,"POS":43.7426934422},"K. Monje":{"TEAM":"CSJL","SP":32.5714285714,"GP":14.0,"MPG":19.2654761905,"EWA":0.9324493736,"PER":17.7688595721,"WS":0.883890235,"OWS":0.7915041663,"DWS":0.0923860687,"EFF":7.8571428571,"GmSc":5.7571428571,"TS%":59.9735549679,"EFG%":56.914893617,"PPWS":1.1994710994,"FTR":0.2872340426,"REB%":6.619550331,"OREB%":3.1388157045,"DREB%":9.4370700812,"AR":2.1609451292,"pAST%":8.7324456442,"hAST%":8.3409159842,"TOR":2.946743358,"hTO%":11.3739763421,"AST\/TO":0.7333333333,"STL\/TO":0.4666666667,"PPR":-2.828402141,"USG%":20.7472496007,"STL%":null,"BLK%":16.0032318652,"aSP":31.4784276127,"ORtg":109.3346402256,"DRtg":102.4272854592,"Floor%":48.5136361028,"Stop%":0.4474005734,"FFI":51.9655453865,"PIE":4.3291207314,"AV":1.6174289759,"DRE\/100":3.9810965676,"DRE\/75":2.9858224257,"POS":36.3597518093},"K. Santos":{"TEAM":"CSJL","SP":43.125,"GP":16.0,"MPG":22.5510416667,"EWA":1.1647795088,"PER":17.308632674,"WS":0.826055293,"OWS":0.3263568423,"DWS":0.4996984507,"EFF":11.375,"GmSc":6.66875,"TS%":51.0734072022,"EFG%":45.5445544554,"PPWS":1.021468144,"FTR":0.3267326733,"REB%":14.6947370158,"OREB%":8.7148982017,"DREB%":19.5351847287,"AR":2.349590787,"pAST%":8.6462699965,"hAST%":9.9058940069,"TOR":4.4054827255,"hTO%":18.573551263,"AST\/TO":0.5333333333,"STL\/TO":0.3,"PPR":-5.3316607598,"USG%":18.6702425575,"STL%":null,"BLK%":203.3657499963,"aSP":41.677852349,"ORtg":92.8046261578,"DRtg":94.1301195137,"Floor%":44.567131474,"Stop%":0.6396284077,"FFI":48.7604208401,"PIE":6.8835708524,"AV":2.3595775,"DRE\/100":4.3692809271,"DRE\/75":3.2769606954,"POS":42.5606027037},"N. Montecillo":{"TEAM":"CSJL","SP":43.1111111111,"GP":18.0,"MPG":25.2953703704,"EWA":0.081592049,"PER":11.1801889201,"WS":0.5619024905,"OWS":0.2200363754,"DWS":0.3418661152,"EFF":7.7222222222,"GmSc":4.6777777778,"TS%":43.8172784985,"EFG%":41.6058394161,"PPWS":0.87634557,"FTR":0.1313868613,"REB%":7.7236421044,"OREB%":4.2499321389,"DREB%":10.5354756638,"AR":6.0512993,"pAST%":21.1983100814,"hAST%":22.7153590774,"TOR":3.7238764923,"hTO%":13.9786825092,"AST\/TO":1.625,"STL\/TO":0.75,"PPR":0.5827704795,"USG%":17.9877667399,"STL%":null,"BLK%":0.0,"aSP":41.6644295302,"ORtg":89.366116667,"DRtg":99.1772742024,"Floor%":37.1280703301,"Stop%":0.5226964792,"FFI":43.5321559908,"PIE":4.732454961,"AV":1.9277104669,"DRE\/100":2.9843841823,"DRE\/75":2.2382881368,"POS":47.739976915},"J. Nunag":{"TEAM":"CSJL","SP":23.7777777778,"GP":18.0,"MPG":13.3342592593,"EWA":0.0868612809,"PER":11.5474127127,"WS":0.472202373,"OWS":0.1787275562,"DWS":0.2934748168,"EFF":5.6666666667,"GmSc":2.5222222222,"TS%":52.4415405777,"EFG%":51.9230769231,"PPWS":1.0488308116,"FTR":0.2692307692,"REB%":15.7789817005,"OREB%":6.5505461832,"DREB%":23.2490425134,"AR":1.7660680143,"pAST%":6.2976872378,"hAST%":9.9800399202,"TOR":3.090619025,"hTO%":17.4650698603,"AST\/TO":0.5714285714,"STL\/TO":0.2857142857,"PPR":-3.592965549,"USG%":13.9177486406,"STL%":null,"BLK%":53.9504828709,"aSP":22.9798657718,"ORtg":93.6775973909,"DRtg":95.4210668817,"Floor%":45.7252226586,"Stop%":0.6097198801,"FFI":50.3451467881,"PIE":3.2535627857,"AV":1.5283781985,"DRE\/100":6.9446317611,"DRE\/75":5.2084738208,"POS":25.1657603702},"R. Go":{"TEAM":"CSJL","SP":21.3,"GP":10.0,"MPG":10.2583333333,"EWA":0.3391366404,"PER":17.4649843757,"WS":0.3844172947,"OWS":0.3258539534,"DWS":0.0585633414,"EFF":4.6,"GmSc":3.06,"TS%":50.944333996,"EFG%":41.935483871,"PPWS":1.0188866799,"FTR":0.6774193548,"REB%":13.1851639473,"OREB%":10.6106322597,"DREB%":15.2691475473,"AR":2.0660556843,"pAST%":7.6327894046,"hAST%":8.467400508,"TOR":1.5495417632,"hTO%":6.350550381,"AST\/TO":1.3333333333,"STL\/TO":0.3333333333,"PPR":-0.3233287313,"USG%":19.5129415024,"STL%":null,"BLK%":42.0764096303,"aSP":20.5852348993,"ORtg":111.2750026683,"DRtg":100.6096142311,"Floor%":55.2238713305,"Stop%":0.4895121819,"FFI":53.6702248821,"PIE":1.5326700726,"AV":0.8411028006,"DRE\/100":5.6834057737,"DRE\/75":4.2625543303,"POS":19.3605624013},"J. Jumao-as":{"TEAM":"CSJL","SP":19.75,"GP":16.0,"MPG":8.9645833333,"EWA":-0.1032515657,"PER":9.3730863562,"WS":0.088055392,"OWS":-0.028453327,"DWS":0.116508719,"EFF":2.4375,"GmSc":1.38125,"TS%":40.2379286214,"EFG%":36.2745098039,"PPWS":0.8047585724,"FTR":0.2745098039,"REB%":8.6756111281,"OREB%":3.3727601703,"DREB%":12.9680634145,"AR":3.6941008415,"pAST%":13.4316921829,"hAST%":13.3049494412,"TOR":2.9552806732,"hTO%":10.643959553,"AST\/TO":1.25,"STL\/TO":0.75,"PPR":-0.9249771514,"USG%":21.0302699996,"STL%":null,"BLK%":15.0464967043,"aSP":19.0872483221,"ORtg":83.6496156629,"DRtg":98.6881164397,"Floor%":39.4778837514,"Stop%":0.5340292328,"FFI":43.5631828462,"PIE":0.9948910998,"AV":0.7431545832,"DRE\/100":1.6572457202,"DRE\/75":1.2429342901,"POS":16.9188667776},"C. Dimaano":{"TEAM":"CSJL","SP":17.8,"GP":15.0,"MPG":12.6244444444,"EWA":-0.6490176578,"PER":3.9311134012,