{"J. Nunag":{"TEAM":"CSJL","MINS":163.7833333333,"FGM":16.0,"FGA":38.0,"FG%":42.1052631579,"2PM":14.0,"2PA":32.0,"2P%":43.75,"3PM":2.0,"3PA":6.0,"3P%":33.3333333333,"FTM":3.0,"FTA":8.0,"FT%":37.5,"PTS":37.0,"OFF":7.0,"DEF":45.0,"REB":52.0,"AST":6.0,"TO":10.0,"STL":3.0,"BLK":4.0,"STK":7.0,"PF":20.0,"Fls on:":6.0,"+\/-":64.0,"GW":6.0,"GP":12.0},"J. Pradella":{"TEAM":"CSJL","MINS":30.3499999999,"FGM":2.0,"FGA":6.0,"FG%":33.3333333333,"2PM":2.0,"2PA":4.0,"2P%":50.0,"3PM":0.0,"3PA":2.0,"3P%":0.0,"FTM":0.0,"FTA":4.0,"FT%":0.0,"PTS":4.0,"OFF":1.0,"DEF":6.0,"REB":7.0,"AST":1.0,"TO":1.0,"STL":0.0,"BLK":0.0,"STK":0.0,"PF":6.0,"Fls on:":4.0,"+\/-":8.0,"GW":4.0,"GP":7.0},"R. Go":{"TEAM":"CSJL","MINS":72.7833333333,"FGM":10.0,"FGA":23.0,"FG%":43.4782608696,"2PM":10.0,"2PA":19.0,"2P%":52.6315789474,"3PM":0.0,"3PA":4.0,"3P%":0.0,"FTM":12.0,"FTA":15.0,"FT%":80.0,"PTS":32.0,"OFF":8.0,"DEF":5.0,"REB":13.0,"AST":4.0,"TO":1.0,"STL":1.0,"BLK":2.0,"STK":3.0,"PF":10.0,"Fls on:":11.0,"+\/-":-7.0,"GW":3.0,"GP":8.0},"C. Delfino":{"TEAM":"CSJL","MINS":83.9666666666,"FGM":4.0,"FGA":21.0,"FG%":19.0476190476,"2PM":4.0,"2PA":14.0,"2P%":28.5714285714,"3PM":0.0,"3PA":7.0,"3P%":0.0,"FTM":2.0,"FTA":4.0,"FT%":50.0,"PTS":10.0,"OFF":5.0,"DEF":4.0,"REB":9.0,"AST":9.0,"TO":4.0,"STL":5.0,"BLK":2.0,"STK":7.0,"PF":16.0,"Fls on:":8.0,"+\/-":-9.0,"GW":5.0,"GP":10.0},"I. Dimaano":{"TEAM":"CSJL","MINS":121.0,"FGM":8.0,"FGA":19.0,"FG%":42.1052631579,"2PM":7.0,"2PA":13.0,"2P%":53.8461538462,"3PM":1.0,"3PA":6.0,"3P%":16.6666666667,"FTM":7.0,"FTA":13.0,"FT%":53.8461538462,"PTS":24.0,"OFF":7.0,"DEF":16.0,"REB":23.0,"AST":3.0,"TO":4.0,"STL":1.0,"BLK":1.0,"STK":2.0,"PF":18.0,"Fls on:":9.0,"+\/-":-33.0,"GW":5.0,"GP":9.0},"K. Monje":{"TEAM":"CSJL","MINS":162.1333333333,"FGM":26.0,"FGA":58.0,"FG%":44.8275862069,"2PM":17.0,"2PA":34.0,"2P%":50.0,"3PM":9.0,"3PA":24.0,"3P%":37.5,"FTM":16.0,"FTA":21.0,"FT%":76.1904761905,"PTS":77.0,"OFF":3.0,"DEF":17.0,"REB":20.0,"AST":7.0,"TO":12.0,"STL":2.0,"BLK":2.0,"STK":4.0,"PF":19.0,"Fls on:":16.0,"+\/-":-37.0,"GW":4.0,"GP":10.0},"J. Miller":{"TEAM":"CSJL","MINS":162.0666666666,"FGM":24.0,"FGA":47.0,"FG%":51.0638297872,"2PM":17.0,"2PA":29.0,"2P%":58.6206896552,"3PM":7.0,"3PA":18.0,"3P%":38.8888888889,"FTM":24.0,"FTA":29.0,"FT%":82.7586206897,"PTS":79.0,"OFF":7.0,"DEF":22.0,"REB":29.0,"AST":18.0,"TO":20.0,"STL":12.0,"BLK":0.0,"STK":12.0,"PF":12.0,"Fls on:":30.0,"+\/-":-14.0,"GW":6.0,"GP":11.0},"N. Montecillo":{"TEAM":"CSJL","MINS":294.6,"FGM":28.0,"FGA":90.0,"FG%":31.1111111111,"2PM":11.0,"2PA":27.0,"2P%":40.7407407407,"3PM":17.0,"3PA":63.0,"3P%":26.9841269841,"FTM":11.0,"FTA":15.0,"FT%":73.3333333333,"PTS":84.0,"OFF":11.0,"DEF":32.0,"REB":43.0,"AST":34.0,"TO":19.0,"STL":14.0,"BLK":0.0,"STK":14.0,"PF":27.0,"Fls on:":19.0,"+\/-":24.0,"GW":6.0,"GP":12.0},"K. Tagotongan":{"TEAM":"CSJL","MINS":27.3666666666,"FGM":2.0,"FGA":6.0,"FG%":33.3333333333,"2PM":1.0,"2PA":2.0,"2P%":50.0,"3PM":1.0,"3PA":4.0,"3P%":25.0,"FTM":0.0,"FTA":0.0,"FT%":0.0,"PTS":5.0,"OFF":0.0,"DEF":2.0,"REB":2.0,"AST":1.0,"TO":4.0,"STL":0.0,"BLK":0.0,"STK":0.0,"PF":6.0,"Fls on:":2.0,"+\/-":-24.0,"GW":2.0,"GP":5.0},"S. Estrada":{"TEAM":"CSJL","MINS":358.75,"FGM":66.0,"FGA":136.0,"FG%":48.5294117647,"2PM":65.0,"2PA":125.0,"2P%":52.0,"3PM":1.0,"3PA":11.0,"3P%":9.0909090909,"FTM":36.0,"FTA":44.0,"FT%":81.8181818182,"PTS":169.0,"OFF":17.0,"DEF":65.0,"REB":82.0,"AST":59.0,"TO":52.0,"STL":7.0,"BLK":11.0,"STK":18.0,"PF":38.0,"Fls on:":39.0,"+\/-":7.0,"GW":6.0,"GP":11.0},"P. Javillonar":{"TEAM":"CSJL","MINS":187.3333333334,"FGM":31.0,"FGA":63.0,"FG%":49.2063492063,"2PM":20.0,"2PA":30.0,"2P%":66.6666666667,"3PM":11.0,"3PA":33.0,"3P%":33.3333333333,"FTM":18.0,"FTA":25.0,"FT%":72.0,"PTS":91.0,"OFF":10.0,"DEF":25.0,"REB":35.0,"AST":4.0,"TO":14.0,"STL":2.0,"BLK":2.0,"STK":4.0,"PF":17.0,"Fls on:":25.0,"+\/-":-48.0,"GW":5.0,"GP":8.0},"V. Cuajao":{"TEAM":"CSJL","MINS":386.6000000001,"FGM":44.0,"FGA":125.0,"FG%":35.2,"2PM":15.0,"2PA":19.0,"2P%":78.9473684211,"3PM":29.0,"3PA":106.0,"3P%":27.358490566,"FTM":11.0,"FTA":13.0,"FT%":84.6153846154,"PTS":128.0,"OFF":4.0,"DEF":23.0,"REB":27.0,"AST":18.0,"TO":7.0,"STL":12.0,"BLK":1.0,"STK":13.0,"PF":21.0,"Fls on:":16.0,"+\/-":-23.0,"GW":6.0,"GP":12.0},"E. Galoy":{"TEAM":"CSJL","MINS":17.2333333333,"FGM":1.0,"FGA":5.0,"FG%":20.0,"2PM":1.0,"2PA":3.0,"2P%":33.3333333333,"3PM":0.0,"3PA":2.0,"3P%":0.0,"FTM":3.0,"FTA":4.0,"FT%":75.0,"PTS":5.0,"OFF":1.0,"DEF":0.0,"REB":1.0,"AST":3.0,"TO":1.0,"STL":2.0,"BLK":0.0,"STK":2.0,"PF":2.0,"Fls on:":5.0,"+\/-":-20.0,"GW":2.0,"GP":3.0},"M. Sarza":{"TEAM":"CSJL","MINS":0.4666666667,"FGM":0.0,"FGA":0.0,"FG%":0.0,"2PM":0.0,"2PA":0.0,"2P%":0.0,"3PM":0.0,"3PA":0.0,"3P%":0.0,"FTM":0.0,"FTA":0.0,"FT%":0.0,"PTS":0.0,"OFF":0.0,"DEF":0.0,"REB":0.0,"AST":0.0,"TO":0.0,"STL":0.0,"BLK":0.0,"STK":0.0,"PF":0.0,"Fls on:":0.0,"+\/-":2.0,"GW":0.0,"GP":1.0},"J. Jumao-os":{"TEAM":"CSJL","MINS":89.5333333333,"FGM":11.0,"FGA":32.0,"FG%":34.375,"2PM":8.0,"2PA":18.0,"2P%":44.4444444444,"3PM":3.0,"3PA":14.0,"3P%":21.4285714286,"FTM":7.0,"FTA":10.0,"FT%":70.0,"PTS":32.0,"OFF":2.0,"DEF":11.0,"REB":13.0,"AST":5.0,"TO":7.0,"STL":4.0,"BLK":1.0,"STK":5.0,"PF":12.0,"Fls on:":8.0,"+\/-":-5.0,"GW":6.0,"GP":10.0},"K. Santos":{"TEAM":"CSJL","MINS":292.55,"FGM":37.0,"FGA":88.0,"FG%":42.0454545455,"2PM":35.0,"2PA":79.0,"2P%":44.3037974684,"3PM":2.0,"3PA":9.0,"3P%":22.2222222222,"FTM":23.0,"FTA":27.0,"FT%":85.1851851852,"PTS":99.0,"OFF":22.0,"DEF":56.0,"REB":78.0,"AST":16.0,"TO":26.0,"STL":8.0,"BLK":29.0,"STK":37.0,"PF":15.0,"Fls on:":28.0,"+\/-":-3.0,"GW":6.0,"GP":12.0},"J. Baliling":{"TEAM":"CSJL","MINS":23.3666666666,"FGM":1.0,"FGA":9.0,"FG%":11.1111111111,"2PM":0.0,"2PA":0.0,"2P%":0.0,"3PM":1.0,"3PA":9.0,"3P%":11.1111111111,"FTM":0.0,"FTA":0.0,"FT%":0.0,"PTS":3.0,"OFF":2.0,"DEF":4.0,"REB":6.0,"AST":1.0,"TO":0.0,"STL":0.0,"BLK":0.0,"STK":0.0,"PF":4.0,"Fls on:":1.0,"+\/-":-7.0,"GW":5.0,"GP":10.0}}