{"K. Tagotongan":{"TEAM":"CSJL","MINS":5.325,"FGM":1.8779342723,"FGA":6.5727699531,"FG%":28.5714285714,"2PM":0.9389671362,"2PA":1.8779342723,"2P%":50.0,"3PM":0.9389671362,"3PA":4.6948356808,"3P%":20.0,"FTM":0.0,"FTA":0.0,"FT%":0.0,"PTS":4.6948356808,"OFF":0.0,"DEF":3.7558685446,"REB":3.7558685446,"AST":1.8779342723,"TO":3.7558685446,"STL":0.0,"BLK":0.0,"STK":0.0,"PF":7.5117370892,"Fls on:":1.8779342723,"+\/-":-24.41314554,"GW":3.0,"GP":6.0},"J. Baliling":{"TEAM":"CSJL","MINS":2.2575757576,"FGM":1.2080536913,"FGA":10.8724832215,"FG%":11.1111111111,"2PM":0.0,"2PA":0.0,"2P%":0.0,"3PM":1.2080536913,"3PA":10.8724832215,"3P%":11.1111111111,"FTM":0.0,"FTA":0.0,"FT%":0.0,"PTS":3.6241610738,"OFF":2.4161073826,"DEF":4.8322147651,"REB":7.2483221477,"AST":1.2080536913,"TO":0.0,"STL":0.0,"BLK":0.0,"STK":0.0,"PF":4.8322147651,"Fls on:":1.2080536913,"+\/-":-15.7046979866,"GW":6.0,"GP":11.0},"V. Cuajao":{"TEAM":"CSJL","MINS":33.1525641026,"FGM":3.8980625701,"FGA":10.0235894659,"FG%":38.8888888889,"2PM":1.3921652036,"2PA":1.8098147647,"2P%":76.9230769231,"3PM":2.5058973665,"3PA":8.2137747013,"3P%":30.5084745763,"FTM":0.9745156425,"FTA":1.2529486832,"FT%":77.7777777778,"PTS":11.2765381492,"OFF":0.2784330407,"DEF":1.6009899841,"REB":1.8794230249,"AST":1.3225569434,"TO":0.5568660814,"STL":0.8352991222,"BLK":0.2088247805,"STK":1.0441239027,"PF":1.4617734638,"Fls on:":1.2529486832,"+\/-":-0.4872578213,"GW":7.0,"GP":13.0},"S. Estrada":{"TEAM":"CSJL","MINS":32.6136363636,"FGM":5.5191637631,"FGA":11.3728222997,"FG%":48.5294117647,"2PM":5.4355400697,"2PA":10.4529616725,"2P%":52.0,"3PM":0.0836236934,"3PA":0.9198606272,"3P%":9.0909090909,"FTM":3.0104529617,"FTA":3.6794425087,"FT%":81.8181818182,"PTS":14.1324041812,"OFF":1.4216027875,"DEF":5.4355400697,"REB":6.8571428571,"AST":4.9337979094,"TO":4.3484320557,"STL":0.5853658537,"BLK":0.9198606272,"STK":1.5052264808,"PF":3.1777003484,"Fls on:":3.2613240418,"+\/-":0.5853658537,"GW":6.0,"GP":11.0},"J. Estrada":{"TEAM":"CSJL","MINS":44.0,"FGM":7.5,"FGA":15.6818181818,"FG%":47.8260869565,"2PM":6.1363636364,"2PA":12.2727272727,"2P%":50.0,"3PM":1.3636363636,"3PA":3.4090909091,"3P%":40.0,"FTM":4.0909090909,"FTA":4.0909090909,"FT%":100.0,"PTS":20.4545454545,"OFF":1.3636363636,"DEF":3.4090909091,"REB":4.7727272727,"AST":3.4090909091,"TO":4.0909090909,"STL":0.6818181818,"BLK":0.0,"STK":0.6818181818,"PF":1.3636363636,"Fls on:":4.7727272727,"+\/-":-1.3636363636,"GW":1.0,"GP":1.0},"R. Go":{"TEAM":"CSJL","MINS":8.3444444444,"FGM":3.9946737683,"FGA":9.1877496671,"FG%":43.4782608696,"2PM":3.9946737683,"2PA":7.5898801598,"2P%":52.6315789474,"3PM":0.0,"3PA":1.5978695073,"3P%":0.0,"FTM":4.793608522,"FTA":5.9920106525,"FT%":80.0,"PTS":12.7829560586,"OFF":3.1957390146,"DEF":2.396804261,"REB":5.5925432756,"AST":1.5978695073,"TO":0.7989347537,"STL":0.3994673768,"BLK":0.7989347537,"STK":1.1984021305,"PF":3.9946737683,"Fls on:":4.793608522,"+\/-":-3.5952063915,"GW":4.0,"GP":9.0},"J. Miller":{"TEAM":"CSJL","MINS":15.1319444444,"FGM":4.1303350161,"FGA":8.5910968334,"FG%":48.0769230769,"2PM":2.8086278109,"2PA":5.1216154199,"2P%":54.8387096774,"3PM":1.3217072051,"3PA":3.4694814135,"3P%":38.0952380952,"FTM":4.4607618173,"FTA":5.4520422212,"FT%":81.8181818182,"PTS":14.0431390546,"OFF":1.3217072051,"DEF":4.1303350161,"REB":5.4520422212,"AST":3.6346948141,"TO":3.4694814135,"STL":2.1477742084,"BLK":0.0,"STK":2.1477742084,"PF":2.1477742084,"Fls on:":5.6172556218,"+\/-":0.1652134006,"GW":7.0,"GP":12.0},"K. Santos":{"TEAM":"CSJL","MINS":24.8769230769,"FGM":3.9888682746,"FGA":8.9981447124,"FG%":44.3298969072,"2PM":3.8033395176,"2PA":8.1632653061,"2P%":46.5909090909,"3PM":0.185528757,"3PA":0.8348794063,"3P%":22.2222222222,"FTM":2.2263450835,"FTA":2.6901669759,"FT%":82.7586206897,"PTS":10.3896103896,"OFF":2.319109462,"DEF":5.9369202226,"REB":8.2560296846,"AST":1.4842300557,"TO":2.5046382189,"STL":0.7421150278,"BLK":2.9684601113,"STK":3.7105751391,"PF":1.5769944341,"Fls on:":2.7829313544,"+\/-":0.3710575139,"GW":7.0,"GP":13.0},"P. Javillonar":{"TEAM":"CSJL","MINS":23.8981481482,"FGM":4.6028671058,"FGA":9.9031383185,"FG%":46.4788732394,"2PM":3.0685780705,"2PA":5.1607903913,"2P%":59.4594594595,"3PM":1.5342890353,"3PA":4.7423479272,"3P%":32.3529411765,"FTM":3.0685780705,"FTA":4.323905463,"FT%":70.9677419355,"PTS":13.8086013173,"OFF":1.813250678,"DEF":3.6265013561,"REB":5.4397520341,"AST":0.6974041069,"TO":2.0922123208,"STL":0.2789616428,"BLK":0.2789616428,"STK":0.5579232855,"PF":2.7896164277,"Fls on:":4.0449438202,"+\/-":-6.5555986052,"GW":6.0,"GP":9.0},"J. Nunag":{"TEAM":"CSJL","MINS":13.1846153846,"FGM":2.8004667445,"FGA":6.8261376896,"FG%":41.0256410256,"2PM":2.4504084014,"2PA":5.7759626604,"2P%":42.4242424242,"3PM":0.3500583431,"3PA":1.0501750292,"3P%":33.3333333333,"FTM":0.8751458576,"FTA":1.7502917153,"FT%":50.0,"PTS":6.8261376896,"OFF":1.2252042007,"DEF":8.0513418903,"REB":9.276546091,"AST":1.0501750292,"TO":1.9253208868,"STL":0.5250875146,"BLK":0.7001166861,"STK":1.2252042007,"PF":3.6756126021,"Fls on:":1.4002333722,"+\/-":9.6266044341,"GW":7.0,"GP":13.0},"J. Pradella":{"TEAM":"CSJL","MINS":4.3357142857,"FGM":1.9769357496,"FGA":5.9308072488,"FG%":33.3333333333,"2PM":1.9769357496,"2PA":3.9538714992,"2P%":50.0,"3PM":0.0,"3PA":1.9769357496,"3P%":0.0,"FTM":0.0,"FTA":3.9538714992,"FT%":0.0,"PTS":3.9538714992,"OFF":0.9884678748,"DEF":5.9308072488,"REB":6.9192751236,"AST":0.9884678748,"TO":0.9884678748,"STL":0.0,"BLK":0.0,"STK":0.0,"PF":5.9308072488,"Fls on:":3.9538714992,"+\/-":7.9077429984,"GW":4.0,"GP":7.0},"N. Montecillo":{"TEAM":"CSJL","MINS":25.2461538462,"FGM":2.6508226691,"FGA":8.957952468,"FG%":29.5918367347,"2PM":1.0968921389,"2PA":2.6508226691,"2P%":41.3793103448,"3PM":1.5539305302,"3PA":6.3071297989,"3P%":24.6376811594,"FTM":1.0054844607,"FTA":1.3711151737,"FT%":73.3333333333,"PTS":7.8610603291,"OFF":1.0054844607,"DEF":3.3820840951,"REB":4.3875685558,"AST":3.6563071298,"TO":2.1023765996,"STL":1.4625228519,"BLK":0.0,"STK":1.4625228519,"PF":2.9250457038,"Fls on:":1.9195612431,"+\/-":2.1023765996,"GW":7.0,"GP":13.0},"M. Sarza":{"TEAM":"CSJL","MINS":3.2166666667,"FGM":0.0,"FGA":9.3264248704,"FG%":0.0,"2PM":0.0,"2PA":9.3264248704,"2P%":0.0,"3PM":0.0,"3PA":0.0,"3P%":0.0,"FTM":0.0,"FTA":9.3264248704,"FT%":0.0,"PTS":0.0,"OFF":4.6632124352,"DEF":9.3264248704,"REB":13.9896373056,"AST":0.0,"TO":4.6632124352,"STL":0.0,"BLK":0.0,"STK":0.0,"PF":4.6632124352,"Fls on:":9.3264248704,"+\/-":-37.3056994815,"GW":1.0,"GP":2.0},"C. Delfino":{"TEAM":"CSJL","MINS":8.3966666667,"FGM":1.429138547,"FGA":7.502977372,"FG%":19.0476190476,"2PM":1.429138547,"2PA":5.0019849147,"2P%":28.5714285714,"3PM":0.0,"3PA":2.5009924573,"3P%":0.0,"FTM":0.7145692735,"FTA":1.429138547,"FT%":50.0,"PTS":3.5728463676,"OFF":1.7864231838,"DEF":1.429138547,"REB":3.2155617308,"AST":3.2155617308,"TO":1.429138547,"STL":1.7864231838,"BLK":0.7145692735,"STK":2.5009924573,"PF":5.7165541882,"Fls on:":2.8582770941,"+\/-":-3.2155617308,"GW":5.0,"GP":10.0},"J. Jumao-os":{"TEAM":"CSJL","MINS":8.85,"FGM":3.6979969183,"FGA":10.7858243451,"FG%":34.2857142857,"2PM":2.7734976888,"2PA":6.4714946071,"2P%":42.8571428571,"3PM":0.9244992296,"3PA":4.3143297381,"3P%":21.4285714286,"FTM":2.157164869,"FTA":3.0816640986,"FT%":70.0,"PTS":10.4776579353,"OFF":0.6163328197,"DEF":4.0061633282,"REB":4.6224961479,"AST":1.5408320493,"TO":2.4653312789,"STL":1.2326656394,"BLK":0.3081664099,"STK":1.5408320493,"PF":3.6979969183,"Fls on:":2.4653312789,"+\/-":-4.0061633282,"GW":7.0,"GP":11.0},"K. Monje":{"TEAM":"CSJL","MINS":16.2133333333,"FGM":4.8108552632,"FGA":10.7319078947,"FG%":44.8275862069,"2PM":3.1455592105,"2PA":6.2911184211,"2P%":50.0,"3PM":1.6652960526,"3PA":4.4407894737,"3P%":37.5,"FTM":2.9605263158,"FTA":3.8856907895,"FT%":76.1904761905,"PTS":14.2475328947,"OFF":0.5550986842,"DEF":3.1455592105,"REB":3.7006578947,"AST":1.2952302632,"TO":2.2203947368,"STL":0.3700657895,"BLK":0.3700657895,"STK":0.7401315789,"PF":3.515625,"Fls on:":2.9605263158,"+\/-":-6.8462171053,"GW":4.0,"GP":10.0},"C. Dimaano":{"TEAM":"CSJL","MINS":20.05,