{"J. Bacud":{"TEAM":"EAC","MINS":8.8883333333,"FGM":0.8,"FGA":1.7,"FG%":47.0588235294,"2PM":0.7,"2PA":1.5,"2P%":46.6666666667,"3PM":0.1,"3PA":0.2,"3P%":50.0,"FTM":0.2,"FTA":0.5,"FT%":40.0,"PTS":1.9,"OFF":1.3,"DEF":1.7,"REB":3.0,"AST":0.4,"TO":0.3,"STL":0.3,"BLK":0.1,"STK":0.4,"PF":0.9,"Fls on:":0.7,"+\/-":-0.5,"GW":5.0,"GP":10.0},"K. Jacob":{"TEAM":"EAC","MINS":14.119047619,"FGM":1.5714285714,"FGA":2.7142857143,"FG%":57.8947368421,"2PM":1.5714285714,"2PA":2.7142857143,"2P%":57.8947368421,"3PM":0.0,"3PA":0.0,"3P%":0.0,"FTM":1.0,"FTA":2.0,"FT%":50.0,"PTS":4.1428571429,"OFF":0.7142857143,"DEF":2.2857142857,"REB":3.0,"AST":0.2857142857,"TO":0.4285714286,"STL":0.5714285714,"BLK":0.0,"STK":0.5714285714,"PF":0.8571428571,"Fls on:":1.7142857143,"+\/-":6.7142857143,"GW":4.0,"GP":7.0},"E. Umpad":{"TEAM":"EAC","MINS":8.68,"FGM":0.6,"FGA":1.1,"FG%":54.5454545455,"2PM":0.6,"2PA":1.1,"2P%":54.5454545455,"3PM":0.0,"3PA":0.0,"3P%":0.0,"FTM":0.0,"FTA":0.4,"FT%":0.0,"PTS":1.2,"OFF":1.0,"DEF":1.0,"REB":2.0,"AST":0.2,"TO":1.2,"STL":0.0,"BLK":0.4,"STK":0.4,"PF":1.4,"Fls on:":0.8,"+\/-":-2.0,"GW":4.0,"GP":10.0},"N. Lucero":{"TEAM":"EAC","MINS":12.8560606061,"FGM":1.3636363636,"FGA":6.0909090909,"FG%":22.3880597015,"2PM":1.3636363636,"2PA":5.0909090909,"2P%":26.7857142857,"3PM":0.0,"3PA":1.0,"3P%":0.0,"FTM":1.7272727273,"FTA":2.4545454545,"FT%":70.3703703704,"PTS":4.4545454545,"OFF":0.1818181818,"DEF":1.2727272727,"REB":1.4545454545,"AST":3.6363636364,"TO":2.2727272727,"STL":0.6363636364,"BLK":0.0909090909,"STK":0.7272727273,"PF":2.8181818182,"Fls on:":2.1818181818,"+\/-":-3.5454545455,"GW":6.0,"GP":11.0},"D. Ednilag":{"TEAM":"EAC","MINS":4.7,"FGM":1.0,"FGA":1.0,"FG%":100.0,"2PM":1.0,"2PA":1.0,"2P%":100.0,"3PM":0.0,"3PA":0.0,"3P%":0.0,"FTM":0.5,"FTA":2.5,"FT%":20.0,"PTS":2.5,"OFF":1.0,"DEF":1.0,"REB":2.0,"AST":0.0,"TO":1.0,"STL":0.5,"BLK":0.5,"STK":1.0,"PF":1.5,"Fls on:":1.5,"+\/-":-2.0,"GW":0.0,"GP":2.0},"G. Loristo":{"TEAM":"EAC","MINS":14.725,"FGM":1.5833333333,"FGA":2.4166666667,"FG%":65.5172413793,"2PM":1.3333333333,"2PA":1.9166666667,"2P%":69.5652173913,"3PM":0.25,"3PA":0.5,"3P%":50.0,"FTM":0.9166666667,"FTA":1.9166666667,"FT%":47.8260869565,"PTS":4.3333333333,"OFF":0.5,"DEF":1.8333333333,"REB":2.3333333333,"AST":0.3333333333,"TO":1.0,"STL":0.1666666667,"BLK":1.0833333333,"STK":1.25,"PF":2.0,"Fls on:":1.5,"+\/-":-1.3333333333,"GW":6.0,"GP":12.0},"G. Quinal":{"TEAM":"EAC","MINS":14.6222222222,"FGM":2.5833333333,"FGA":7.4166666667,"FG%":34.8314606742,"2PM":1.1666666667,"2PA":2.6666666667,"2P%":43.75,"3PM":1.4166666667,"3PA":4.75,"3P%":29.8245614035,"FTM":0.75,"FTA":1.0833333333,"FT%":69.2307692308,"PTS":7.3333333333,"OFF":0.75,"DEF":1.0833333333,"REB":1.8333333333,"AST":0.9166666667,"TO":0.8333333333,"STL":0.5833333333,"BLK":0.0,"STK":0.5833333333,"PF":1.5833333333,"Fls on:":0.75,"+\/-":2.0833333333,"GW":6.0,"GP":12.0},"N. Ochavo":{"TEAM":"EAC","MINS":15.2611111111,"FGM":1.0833333333,"FGA":4.4166666667,"FG%":24.5283018868,"2PM":0.5833333333,"2PA":2.4166666667,"2P%":24.1379310345,"3PM":0.5,"3PA":2.0,"3P%":25.0,"FTM":2.0,"FTA":2.75,"FT%":72.7272727273,"PTS":4.6666666667,"OFF":1.4166666667,"DEF":1.3333333333,"REB":2.75,"AST":4.1666666667,"TO":1.3333333333,"STL":1.0833333333,"BLK":0.0,"STK":1.0833333333,"PF":1.4166666667,"Fls on:":2.9166666667,"+\/-":4.1666666667,"GW":6.0,"GP":12.0},"J. Manacho":{"TEAM":"EAC","MINS":4.3944444445,"FGM":0.4444444444,"FGA":1.2222222222,"FG%":36.3636363636,"2PM":0.4444444444,"2PA":1.2222222222,"2P%":36.3636363636,"3PM":0.0,"3PA":0.0,"3P%":0.0,"FTM":0.3333333333,"FTA":0.7777777778,"FT%":42.8571428571,"PTS":1.2222222222,"OFF":0.1111111111,"DEF":1.2222222222,"REB":1.3333333333,"AST":0.2222222222,"TO":0.2222222222,"STL":0.0,"BLK":0.1111111111,"STK":0.1111111111,"PF":0.3333333333,"Fls on:":0.6666666667,"+\/-":-1.2222222222,"GW":5.0,"GP":9.0},"J. Luciano":{"TEAM":"EAC","MINS":14.4277777778,"FGM":1.4166666667,"FGA":3.4166666667,"FG%":41.4634146341,"2PM":0.9166666667,"2PA":2.25,"2P%":40.7407407407,"3PM":0.5,"3PA":1.1666666667,"3P%":42.8571428571,"FTM":0.4166666667,"FTA":0.8333333333,"FT%":50.0,"PTS":3.75,"OFF":0.6666666667,"DEF":2.0833333333,"REB":2.75,"AST":0.5833333333,"TO":0.6666666667,"STL":0.0833333333,"BLK":0.0,"STK":0.0833333333,"PF":1.25,"Fls on:":1.0,"+\/-":-6.1666666667,"GW":6.0,"GP":12.0},"K. Gurtiza":{"TEAM":"EAC","MINS":28.1430555556,"FGM":5.0833333333,"FGA":16.0833333333,"FG%":31.6062176166,"2PM":2.5,"2PA":8.4166666667,"2P%":29.702970297,"3PM":2.5833333333,"3PA":7.6666666667,"3P%":33.6956521739,"FTM":3.8333333333,"FTA":5.4166666667,"FT%":70.7692307692,"PTS":16.5833333333,"OFF":1.6666666667,"DEF":2.25,"REB":3.9166666667,"AST":2.9166666667,"TO":1.5,"STL":1.0,"BLK":0.5,"STK":1.5,"PF":1.5833333333,"Fls on:":3.75,"+\/-":1.25,"GW":6.0,"GP":12.0},"R. Postanes":{"TEAM":"EAC","MINS":3.0375,"FGM":0.0,"FGA":0.25,"FG%":0.0,"2PM":0.0,"2PA":0.25,"2P%":0.0,"3PM":0.0,"3PA":0.0,"3P%":0.0,"FTM":0.25,"FTA":1.0,"FT%":25.0,"PTS":0.25,"OFF":0.25,"DEF":0.25,"REB":0.5,"AST":0.0,"TO":0.25,"STL":0.25,"BLK":0.0,"STK":0.25,"PF":0.25,"Fls on:":0.5,"+\/-":-2.5,"GW":0.0,"GP":4.0},"H. Pagsanjan":{"TEAM":"EAC","MINS":24.6222222222,"FGM":4.0833333333,"FGA":8.5833333333,"FG%":47.572815534,"2PM":3.5833333333,"2PA":6.5833333333,"2P%":54.4303797468,"3PM":0.5,"3PA":2.0,"3P%":25.0,"FTM":2.0,"FTA":3.5,"FT%":57.1428571429,"PTS":10.6666666667,"OFF":1.25,"DEF":4.1666666667,"REB":5.4166666667,"AST":1.3333333333,"TO":1.0833333333,"STL":0.8333333333,"BLK":0.4166666667,"STK":1.25,"PF":2.8333333333,"Fls on:":2.8333333333,"+\/-":2.5,"GW":6.0,"GP":12.0},"P. Bagay":{"TEAM":"EAC","MINS":8.9958333333,"FGM":2.25,"FGA":3.9166666667,"FG%":57.4468085106,"2PM":1.9166666667,"2PA":3.1666666667,"2P%":60.5263157895,"3PM":0.3333333333,"3PA":0.75,"3P%":44.4444444444,"FTM":0.9166666667,"FTA":1.6666666667,"FT%":55.0,"PTS":5.75,"OFF":1.1666666667,"DEF":0.6666666667,"REB":1.8333333333,"AST":0.25,"TO":0.25,"STL":0.0833333333,"BLK":0.0,"STK":0.0833333333,"PF":0.75,"Fls on:":1.1666666667,"+\/-":-0.4166666667,"GW":6.0,"GP":12.0},"J. Devera":{"TEAM":"EAC","MINS":3.0972222222,"FGM":0.0,"FGA":0.3333333333,"FG%":0.0,"2PM":0.0,"2PA":0.3333333333,"2P%":0.0,"3PM":0.0,"3PA":0.0,"3P%":0.0,"FTM":0.1666666667,"FTA":0.3333333333,"FT%":50.0,"PTS":0.1666666667,"OFF":0.0,"DEF":0.3333333333,"REB":0.3333333333,"AST":0.1666666667,"TO":0.1666666667,"STL":0.8333333333,"BLK":0.0,"STK":0.8333333333,"PF":1.0,"Fls on:":0.3333333333,"+\/-":-1.6666666667,"GW":2.0,"GP":6.0},"B. Angeles":{"TEAM":"EAC","MINS":4.8083333333,"FGM":0.4,"FGA":0.6,"FG%":66.6666666667,"2PM":0.3,"2PA":0.3,"2P%":100.0,"3PM":0.1,"3PA":0.3,"3P%":33.3333333333,"FTM":0.0,"FTA":0.2,"FT%":0.0,"PTS":0.9,"OFF":0.2,"DEF":0.9,"REB":1.1,"AST":0.5,"TO":0.5,"STL":0.0,"BLK":0.0,"STK":0.0,"PF":0.8,"Fls on:":0.2,"+\/-":-2.3,"GW":6.0,"GP":10.0},"W. Oftana":{"TEAM":"EAC","MINS":21.6083333333,"FGM":3.1666666667,"FGA":8.3333333333,"FG%":38.0,"2PM":1.4166666667,"2PA":3.4166666667,"2P%":41.4634146341,"3PM":1.75,"3PA":4.9166666667,"3P%":35.593220339,"FTM":0.9166666667,"FTA":1.75,"FT%":52.380952381,"PTS":9.0,"OFF":1.5,"DEF":5.0,"REB":6.5,"AST":1.0833333333,"TO":0.75,"STL":1.9166666667,"BLK":1.0833333333,"STK":3.0,"PF":2.75,"Fls on:":1.8333333333,"+\/-":4.75,"GW":6.0,"GP":12.0},"A. Doromal":{"TEAM":"EAC","MINS":17.1,"FGM":1.5,"FGA":7.4,"FG%":20.2702702703,"2PM":0.9,"2PA":4.2,"2P%":21.4285714286,"3PM":0.6,"3PA":3.2,"3P%":18.75,"FTM":0.7,"FTA":1.3,"FT%":53.8461538462,"PTS":4.3,"OFF":0.2,"DEF":1.7,"REB":1.9,"AST":2.2,"TO":1.5,"STL":0.4,"BLK":0.1,"STK":0.5,"PF":1.4,"Fls on:":1.1,"+\/-":-0.9,"GW":5.0,"GP":10.0}}