{"K. Gurtiza":{"TEAM":"EAC","SP":63.6666666667,"GP":12.0,"MPG":28.1430555556,"EWA":1.3946926999,"PER":19.120840922,"WS":0.7186332346,"OWS":0.5669659314,"DWS":0.1516673032,"EFF":10.8333333333,"GmSc":9.825,"TS%":44.9007220217,"EFG%":39.6373056995,"PPWS":0.8888888889,"FTR":0.3367875648,"REB%":6.7768483003,"OREB%":5.6875845014,"DREB%":7.8971705374,"AR":5.209580912,"pAST%":21.6285203416,"TOR":2.6792130404,"AST\/TO":1.9444444444,"PPR":1.5273407423,"USG%":29.6785556971,"aSP":63.0103092784,"ORtg":98.8553585255,"DRtg":100.4647143923,"Floor%":42.4618968835,"Stop%":0.4516057419,"FFI":46.3744493915,"PIE":8.5589519651,"AV":1.8333197604},"W. Oftana":{"TEAM":"EAC","SP":51.9166666667,"GP":12.0,"MPG":21.6083333333,"EWA":1.3932818819,"PER":21.6202182126,"WS":0.830024933,"OWS":0.3696678855,"DWS":0.4603570474,"EFF":12.8333333333,"GmSc":8.2333333333,"TS%":49.4324423288,"EFG%":48.5,"PPWS":0.982041373,"FTR":0.21,"REB%":14.6478703088,"OREB%":6.6668448565,"DREB%":22.8564606417,"AR":2.5201597602,"pAST%":9.7682273108,"TOR":1.7447259879,"AST\/TO":1.4444444444,"PPR":-0.1243271366,"USG%":19.075254758,"aSP":51.381443299,"ORtg":103.2511689498,"DRtg":85.2912451896,"Floor%":43.3694180803,"Stop%":0.8004842439,"FFI":48.4471874743,"PIE":9.2139737991,"AV":2.0817148769},"H. Pagsanjan":{"TEAM":"EAC","SP":48.0833333333,"GP":12.0,"MPG":24.6222222222,"EWA":0.9630187624,"PER":17.3712219512,"WS":0.7225859219,"OWS":0.4666259321,"DWS":0.2559599898,"EFF":11.5833333333,"GmSc":7.6583333333,"TS%":52.6835693118,"EFG%":50.4854368932,"PPWS":1.0410736072,"FTR":0.4077669903,"REB%":10.7124119221,"OREB%":4.8756567895,"DREB%":16.7155918445,"AR":2.7220664781,"pAST%":10.9628778496,"TOR":2.2116790134,"AST\/TO":1.2307692308,"PPR":-0.7637619099,"USG%":19.0395925566,"aSP":47.587628866,"ORtg":104.9841511091,"DRtg":95.6917793399,"Floor%":51.0726582475,"Stop%":0.5613482411,"FFI":51.7328912162,"PIE":8.2969432314,"AV":1.9277104669},"P. Bagay":{"TEAM":"EAC","SP":23.75,"GP":12.0,"MPG":8.9958333333,"EWA":0.8484376212,"PER":26.61768058,"WS":0.3860625679,"OWS":0.3715525214,"DWS":0.0145100466,"EFF":5.25,"GmSc":4.3333333333,"TS%":61.8279569892,"EFG%":61.7021276596,"PPWS":1.2212389381,"FTR":0.4255319149,"REB%":9.9239012558,"OREB%":12.4553446544,"DREB%":7.3202782083,"AR":1.3969660295,"pAST%":6.7835330319,"TOR":1.3969660295,"AST\/TO":1.0,"PPR":-0.8959155124,"USG%":22.7857391858,"aSP":23.5051546392,"ORtg":122.6888040621,"DRtg":104.0648492846,"Floor%":59.4376755522,"Stop%":0.3688290445,"FFI":58.2056572107,"PIE":4.1048034934,"AV":1.0648443168},"N. Ochavo":{"TEAM":"EAC","SP":42.0,"GP":12.0,"MPG":15.2611111111,"EWA":0.7286940297,"PER":18.8178613013,"WS":0.4132462732,"OWS":0.2698140557,"DWS":0.1434322175,"EFF":7.25,"GmSc":5.2,"TS%":41.4691943128,"EFG%":30.1886792453,"PPWS":0.81543502,"FTR":0.6226415094,"REB%":8.7746325674,"OREB%":8.9152162395,"DREB%":8.6300403996,"AR":13.724288577,"pAST%":46.3691815441,"TOR":4.3917723446,"AST\/TO":3.125,"PPR":9.1538626456,"USG%":19.077942164,"aSP":41.5670103093,"ORtg":100.7009125877,"DRtg":96.6422449943,"Floor%":44.8937725982,"Stop%":0.5394945022,"FFI":47.1001945014,"PIE":5.3711790393,"AV":1.3565010827},"G. Quinal":{"TEAM":"EAC","SP":31.0,"GP":12.0,"MPG":14.6222222222,"EWA":0.288980925,"PER":14.1303248053,"WS":0.2377831555,"OWS":0.1609424979,"DWS":0.0768406576,"EFF":4.6666666667,"GmSc":3.65,"TS%":46.4527027027,"EFG%":44.3820224719,"PPWS":0.9246125558,"FTR":0.1460674157,"REB%":6.1053484455,"OREB%":4.9260435162,"DREB%":7.3182791772,"AR":3.1512676895,"pAST%":12.9760099884,"TOR":2.8647888086,"AST\/TO":1.1,"PPR":-1.4698188384,"USG%":24.9656829101,"aSP":30.6804123711,"ORtg":94.3923449084,"DRtg":100.5925581864,"Floor%":38.8907822628,"Stop%":0.4486662723,"FFI":45.2128317258,"PIE":2.8384279476,"AV":0.9748139276},"J. Bacud":{"TEAM":"EAC","SP":20.0,"GP":10.0,"MPG":8.8883333333,"EWA":0.1772032927,"PER":14.8272599104,"WS":0.1926682795,"OWS":0.1091599731,"DWS":0.0835083064,"EFF":4.2,"GmSc":2.32,"TS%":49.4791666667,"EFG%":50.0,"PPWS":0.9806451613,"FTR":0.2941176471,"REB%":16.4355151715,"OREB%":14.0466699961,"DREB%":18.8924740586,"AR":2.2621786294,"pAST%":7.8981652372,"TOR":1.6966339721,"AST\/TO":1.3333333333,"PPR":-0.3627004672,"USG%":10.4481905313,"aSP":19.793814433,"ORtg":109.3966118773,"DRtg":94.8539119707,"Floor%":52.2391017336,"Stop%":0.5806130452,"FFI":51.7969402121,"PIE":2.2707423581,"AV":0.7856293018},"K. Jacob":{"TEAM":"EAC","SP":25.8571428571,"GP":7.0,"MPG":14.119047619,"EWA":0.1734962993,"PER":14.3484407585,"WS":0.2057043794,"OWS":0.1253600026,"DWS":0.0803443768,"EFF":5.4285714286,"GmSc":3.6571428571,"TS%":57.6311605723,"EFG%":57.8947368421,"PPWS":1.1306042885,"FTR":0.7368421053,"REB%":10.3466141124,"OREB%":4.8586646186,"DREB%":15.9910428179,"AR":1.0172174225,"pAST%":3.6893819334,"TOR":1.5258261337,"AST\/TO":0.6666666667,"PPR":-1.6309288291,"USG%":11.9189404533,"aSP":25.5905743741,"ORtg":110.1504091496,"DRtg":96.3022778054,"Floor%":57.1511383207,"Stop%":0.547311254,"FFI":59.8008027061,"PIE":2.576419214,"AV":0.7288168465},"G. Loristo":{"TEAM":"EAC","SP":24.0,"GP":12.0,"MPG":14.725,"EWA":0.1197243402,"PER":12.1818897786,"WS":0.2475727927,"OWS":0.1346937012,"DWS":0.1128790915,"EFF":5.4166666667,"GmSc":3.1333333333,"TS%":66.4621676892,"EFG%":70.6896551724,"PPWS":1.3024420789,"FTR":0.7931034483,"REB%":7.7162072171,"OREB%":3.2611070954,"DREB%":12.2983366701,"AR":1.1379172449,"pAST%":4.0989668068,"TOR":3.4137517348,"AST\/TO":0.3333333333,"PPR":-5.1084592113,"USG%":12.1021557606,"aSP":23.7525773196,"ORtg":99.971990735,"DRtg":98.2941955517,"Floor%":49.612745551,"Stop%":0.5015117556,"FFI":64.9711972785,"PIE":2.7510917031,"AV":1.0900984516},"D. Ednilag":{"TEAM":"EAC","SP":11.0,"GP":2.0,"MPG":4.7,"EWA":0.0475450831,"PER":20.9865550095,"WS":0.0023621809,"OWS":-0.0177583257,"DWS":0.0201205065,"EFF":2.5,"GmSc":1.65,"TS%":59.5238095238,"EFG%":100.0,"PPWS":1.1428571429,"FTR":2.5,"REB%":20.7211826028,"OREB%":20.4339582894,"DREB%":21.0165966113,"AR":0.0,"pAST%":0.0,"TOR":10.6952115521,"AST\/TO":0.0,"PPR":-20.5774637378,"USG%":27.591307316,"aSP":10.8865979381,"ORtg":70.3374851825,"DRtg":81.1143491451,"Floor%":38.2407234287,"Stop%":0.8965222175,"FFI":103.9129887699,"PIE":0.0436681223,"AV":0.1592238821},"J. Devera":{"TEAM":"EAC","SP":9.8333333333,"GP":6.0,"MPG":3.0972222222,"EWA":-0.030050484,"PER":7.5696965338,"WS":0.0211400508,"OWS":-0.0323144056,"DWS":0.0534544564,"EFF":0.8333333333,"GmSc":0.35,"TS%":17.3611111111,"EFG%":0.0,"PPWS":0.3389830508,"FTR":1.0,"REB%":5.2406937166,"OREB%":0.0,"DREB%":10.630816582,"AR":2.7049772715,"pAST%":8.1558295965,"TOR":2.7049772715,"AST\/TO":1.0,"PPR":-1.7347816963,"USG%":8.7340676445,"aSP":9.7319587629,"ORtg":41.5121717537,"DRtg":72.6941726943,"Floor%":22.577430519,"Stop%":1.0901245182,"FFI":39.3237556821,"PIE":-0.0873362445,"AV":0.1592238821},"J. Manacho":{"TEAM":"EAC","SP":14.3333333333,"GP":9.0,"MPG":4.3944444445,"EWA":-0.0407152847,"PER":8.7507782002,"WS":0.0235902187,"OWS":-0.0176060835,"DWS":0.0411963023,"EFF":1.4444444444,"GmSc":0.6888888889,"TS%":39.0625,"EFG%":36.3636363636,"PPWS":0.7678883072,"FTR":0.6363636364,"REB%":14.7746485309,"OREB%":2.4283085704,"DREB%":27.4730226246,"AR":2.5419718986,"pAST%":9.0518850317,"TOR":2.5419718986,"AST\/TO":1.0,"PPR":-1.6302415435,"USG%":17.0077944758,"aSP":14.1855670103,"ORtg":79.5518561427,"DRtg":93.6858461884,"Floor%":41.8180309711,"Stop%":0.607469991,"FFI":48.9410778303,"PIE":0.7860262009,"AV":0.3260154782},"R. Postanes":{"TEAM":"EAC","SP":2.25,"GP":4.0,"MPG":3.0375,"EWA":-0.0708419284,"PER":-0.8995288883,"WS":-0.0237418401,"OWS":-0.034209014,"DWS":0.010467174,"EFF":-0.25,"GmSc":-0.075,"TS%":18.115942029,"EFG%":0.0,"PPWS":0.3448275862,"FTR":4.0,"REB%":8.0156015007,"OREB%":7.9044941531,"DREB%":8.1298768785,"AR":0.0,"pAST%":0.0,"TOR":4.1372423288,"AST\/TO":0.0,"PPR":-7.9600065488,"USG%":12.9455351888,"aSP":2.2268041237,"ORtg":40.534866393,"DRtg":95.7466342648,"Floor%":25.0336185278,"Stop%":0.5600869801,"FFI":85.5465882484,"PIE":-0.2183406114,"AV":null},"B. Angeles":{"TEAM":"EAC","SP":14.5,"GP":10.0,"MPG":4.8083333333,"EWA":-0.1037131364,