{"K. Gurtiza":{"TEAM":"EAC","MINS":28.1756410256,"FGM":5.0,"FGA":16.2307692308,"FG%":30.8056872038,"2PM":2.4615384615,"2PA":8.4615384615,"2P%":29.0909090909,"3PM":2.5384615385,"3PA":7.7692307692,"3P%":32.6732673267,"FTM":3.5384615385,"FTA":5.1538461538,"FT%":68.6567164179,"PTS":16.0769230769,"OFF":1.6923076923,"DEF":2.3076923077,"REB":4.0,"AST":3.0,"TO":1.4615384615,"STL":1.0769230769,"BLK":0.4615384615,"STK":1.5384615385,"PF":1.5384615385,"Fls on:":3.6923076923,"+\/-":0.3076923077,"GW":6.0,"GP":13.0},"H. Pagsanjan":{"TEAM":"EAC","MINS":24.2217948718,"FGM":4.0769230769,"FGA":8.6153846154,"FG%":47.3214285714,"2PM":3.5384615385,"2PA":6.4615384615,"2P%":54.7619047619,"3PM":0.5384615385,"3PA":2.1538461538,"3P%":25.0,"FTM":2.3846153846,"FTA":3.9230769231,"FT%":60.7843137255,"PTS":11.0769230769,"OFF":1.1538461538,"DEF":4.3076923077,"REB":5.4615384615,"AST":1.3846153846,"TO":1.0769230769,"STL":0.9230769231,"BLK":0.3846153846,"STK":1.3076923077,"PF":3.0,"Fls on:":3.0,"+\/-":2.1538461538,"GW":6.0,"GP":13.0},"W. Oftana":{"TEAM":"EAC","MINS":20.9230769231,"FGM":3.0,"FGA":8.0,"FG%":37.5,"2PM":1.3846153846,"2PA":3.3076923077,"2P%":41.8604651163,"3PM":1.6153846154,"3PA":4.6923076923,"3P%":34.4262295082,"FTM":0.9230769231,"FTA":1.7692307692,"FT%":52.1739130435,"PTS":8.5384615385,"OFF":1.4615384615,"DEF":4.7692307692,"REB":6.2307692308,"AST":1.0769230769,"TO":0.7692307692,"STL":1.8461538462,"BLK":1.0,"STK":2.8461538462,"PF":2.8461538462,"Fls on:":1.7692307692,"+\/-":4.5384615385,"GW":6.0,"GP":13.0},"G. Quinal":{"TEAM":"EAC","MINS":14.7884615384,"FGM":2.6923076923,"FGA":7.6153846154,"FG%":35.3535353535,"2PM":1.1538461538,"2PA":2.6923076923,"2P%":42.8571428571,"3PM":1.5384615385,"3PA":4.9230769231,"3P%":31.25,"FTM":0.7692307692,"FTA":1.0769230769,"FT%":71.4285714286,"PTS":7.6923076923,"OFF":0.9230769231,"DEF":1.2307692308,"REB":2.1538461538,"AST":0.8461538462,"TO":0.8461538462,"STL":0.5384615385,"BLK":0.0,"STK":0.5384615385,"PF":1.6923076923,"Fls on:":0.8461538462,"+\/-":2.4615384615,"GW":6.0,"GP":13.0},"P. Bagay":{"TEAM":"EAC","MINS":9.3205128205,"FGM":2.1538461538,"FGA":3.7692307692,"FG%":57.1428571429,"2PM":1.8461538462,"2PA":3.0,"2P%":61.5384615385,"3PM":0.3076923077,"3PA":0.7692307692,"3P%":40.0,"FTM":0.9230769231,"FTA":1.6923076923,"FT%":54.5454545455,"PTS":5.5384615385,"OFF":1.1538461538,"DEF":0.6923076923,"REB":1.8461538462,"AST":0.3076923077,"TO":0.2307692308,"STL":0.0769230769,"BLK":0.0,"STK":0.0769230769,"PF":0.8461538462,"Fls on:":1.1538461538,"+\/-":-0.3076923077,"GW":6.0,"GP":13.0},"N. Ochavo":{"TEAM":"EAC","MINS":15.0346153846,"FGM":1.0769230769,"FGA":4.3076923077,"FG%":25.0,"2PM":0.5384615385,"2PA":2.3076923077,"2P%":23.3333333333,"3PM":0.5384615385,"3PA":2.0,"3P%":26.9230769231,"FTM":1.8461538462,"FTA":2.5384615385,"FT%":72.7272727273,"PTS":4.5384615385,"OFF":1.4615384615,"DEF":1.4615384615,"REB":2.9230769231,"AST":4.0,"TO":1.3846153846,"STL":1.0,"BLK":0.0,"STK":1.0,"PF":1.3846153846,"Fls on:":2.6923076923,"+\/-":4.2307692308,"GW":6.0,"GP":13.0},"N. Lucero":{"TEAM":"EAC","MINS":12.7958333333,"FGM":1.4166666667,"FGA":6.4166666667,"FG%":22.0779220779,"2PM":1.4166666667,"2PA":5.4166666667,"2P%":26.1538461538,"3PM":0.0,"3PA":1.0,"3P%":0.0,"FTM":1.6666666667,"FTA":2.4166666667,"FT%":68.9655172414,"PTS":4.5,"OFF":0.1666666667,"DEF":1.3333333333,"REB":1.5,"AST":3.5833333333,"TO":2.3333333333,"STL":0.6666666667,"BLK":0.0833333333,"STK":0.75,"PF":2.9166666667,"Fls on:":2.25,"+\/-":-3.25,"GW":6.0,"GP":12.0},"A. Doromal":{"TEAM":"EAC","MINS":16.7924242424,"FGM":1.5454545455,"FGA":7.3636363636,"FG%":20.987654321,"2PM":0.9090909091,"2PA":4.2727272727,"2P%":21.2765957447,"3PM":0.6363636364,"3PA":3.0909090909,"3P%":20.5882352941,"FTM":0.6363636364,"FTA":1.5454545455,"FT%":41.1764705882,"PTS":4.3636363636,"OFF":0.2727272727,"DEF":1.8181818182,"REB":2.0909090909,"AST":2.0909090909,"TO":1.5454545455,"STL":0.3636363636,"BLK":0.0909090909,"STK":0.4545454545,"PF":1.3636363636,"Fls on:":1.1818181818,"+\/-":-1.3636363636,"GW":5.0,"GP":11.0},"G. Loristo":{"TEAM":"EAC","MINS":15.5141025641,"FGM":1.6153846154,"FGA":2.6153846154,"FG%":61.7647058824,"2PM":1.3846153846,"2PA":2.0769230769,"2P%":66.6666666667,"3PM":0.2307692308,"3PA":0.5384615385,"3P%":42.8571428571,"FTM":0.8461538462,"FTA":1.7692307692,"FT%":47.8260869565,"PTS":4.3076923077,"OFF":0.4615384615,"DEF":2.2307692308,"REB":2.6923076923,"AST":0.3076923077,"TO":1.0,"STL":0.1538461538,"BLK":1.1538461538,"STK":1.3076923077,"PF":2.0,"Fls on:":1.6153846154,"+\/-":-1.4615384615,"GW":6.0,"GP":13.0},"K. Jacob":{"TEAM":"EAC","MINS":14.119047619,"FGM":1.5714285714,"FGA":2.7142857143,"FG%":57.8947368421,"2PM":1.5714285714,"2PA":2.7142857143,"2P%":57.8947368421,"3PM":0.0,"3PA":0.0,"3P%":0.0,"FTM":1.0,"FTA":2.0,"FT%":50.0,"PTS":4.1428571429,"OFF":0.7142857143,"DEF":2.2857142857,"REB":3.0,"AST":0.2857142857,"TO":0.4285714286,"STL":0.5714285714,"BLK":0.0,"STK":0.5714285714,"PF":0.8571428571,"Fls on:":1.7142857143,"+\/-":6.7142857143,"GW":4.0,"GP":7.0},"J. Luciano":{"TEAM":"EAC","MINS":14.2615384616,"FGM":1.3076923077,"FGA":3.1538461538,"FG%":41.4634146341,"2PM":0.8461538462,"2PA":2.0769230769,"2P%":40.7407407407,"3PM":0.4615384615,"3PA":1.0769230769,"3P%":42.8571428571,"FTM":0.3846153846,"FTA":0.7692307692,"FT%":50.0,"PTS":3.4615384615,"OFF":0.6153846154,"DEF":2.0769230769,"REB":2.6923076923,"AST":0.5384615385,"TO":0.6153846154,"STL":0.0769230769,"BLK":0.0,"STK":0.0769230769,"PF":1.3076923077,"Fls on:":0.9230769231,"+\/-":-5.9230769231,"GW":6.0,"GP":13.0},"J. Bacud":{"TEAM":"EAC","MINS":9.7924242424,"FGM":0.9090909091,"FGA":1.9090909091,"FG%":47.619047619,"2PM":0.8181818182,"2PA":1.7272727273,"2P%":47.3684210526,"3PM":0.0909090909,"3PA":0.1818181818,"3P%":50.0,"FTM":0.1818181818,"FTA":0.6363636364,"FT%":28.5714285714,"PTS":2.0909090909,"OFF":1.3636363636,"DEF":1.6363636364,"REB":3.0,"AST":0.3636363636,"TO":0.2727272727,"STL":0.2727272727,"BLK":0.0909090909,"STK":0.3636363636,"PF":0.8181818182,"Fls on:":0.7272727273,"+\/-":-0.1818181818,"GW":5.0,"GP":11.0},"D. Ednilag":{"TEAM":"EAC","MINS":4.95,"FGM":0.6666666667,"FGA":0.6666666667,"FG%":100.0,"2PM":0.6666666667,"2PA":0.6666666667,"2P%":100.0,"3PM":0.0,"3PA":0.0,"3P%":0.0,"FTM":0.3333333333,"FTA":1.6666666667,"FT%":20.0,"PTS":1.6666666667,"OFF":1.0,"DEF":0.6666666667,"REB":1.6666666667,"AST":0.0,"TO":0.6666666667,"STL":0.3333333333,"BLK":0.3333333333,"STK":0.6666666667,"PF":2.0,"Fls on:":1.3333333333,"+\/-":1.0,"GW":0.0,"GP":3.0},"J. Manacho":{"TEAM":"EAC","MINS":4.3944444445,"FGM":0.4444444444,"FGA":1.2222222222,"FG%":36.3636363636,"2PM":0.4444444444,"2PA":1.2222222222,"2P%":36.3636363636,"3PM":0.0,"3PA":0.0,"3P%":0.0,"FTM":0.3333333333,"FTA":0.7777777778,"FT%":42.8571428571,"PTS":1.2222222222,"OFF":0.1111111111,"DEF":1.2222222222,"REB":1.3333333333,"AST":0.2222222222,"TO":0.2222222222,"STL":0.0,"BLK":0.1111111111,"STK":0.1111111111,"PF":0.3333333333,"Fls on:":0.6666666667,"+\/-":-1.2222222222,"GW":5.0,"GP":9.0},"E. Umpad":{"TEAM":"EAC","MINS":8.3818181818,"FGM":0.5454545455,"FGA":1.0909090909,"FG%":50.0,"2PM":0.5454545455,"2PA":1.0909090909,"2P%":50.0,"3PM":0.0,"3PA":0.0,"3P%":0.0,"FTM":0.0,"FTA":0.3636363636,"FT%":0.0,"PTS":1.0909090909,"OFF":0.9090909091,"DEF":0.9090909091,"REB":1.8181818182,"AST":0.1818181818,"TO":1.0909090909,"STL":0.0,"BLK":0.3636363636,"STK":0.3636363636,"PF":1.2727272727,"Fls on:":0.8181818182,"+\/-":-3.0,"GW":4.0,"GP":11.0},"B. Angeles":{"TEAM":"EAC","MINS":4.7424242424,"FGM":0.3636363636,"FGA":0.5454545455,"FG%":66.6666666667,"2PM":0.2727272727,"2PA":0.2727272727,"2P%":100.0,"3PM":0.0909090909,"3PA":0.2727272727,"3P%":33.3333333333,"FTM":0.0,"FTA":0.1818181818,"FT%":0.0,"PTS":0.8181818182,"OFF":0.1818181818,"DEF":0.9090909091,"REB":1.0909090909,"AST":0.5454545455,"TO":0.4545454545,"STL":0.0,"BLK":0.0,"STK":0.0,"PF":0.8181818182,"Fls on:":0.1818181818,"+\/-":-2.7272727273,"GW":6.0,"GP":11.0},"R. Postanes":{"TEAM":"EAC","MINS":3.0375,"FGM":0.0,"FGA":0.25,"FG%":0.0,"2PM":0.0,"2PA":0.25,"2P%":0.0,"3PM":0.0,"3PA":0.0,"3P%":0.0,"FTM":0.25,"FTA":1.0,"FT%":25.0,