{"K. Gurtiza":{"TEAM":"EAC","MINS":28.0583333333,"FGM":5.2696338411,"FGA":17.2599601171,"FG%":30.5309734513,"2PM":2.673002673,"2PA":9.0882090882,"2P%":29.4117647059,"3PM":2.5966311681,"3PA":8.1717510289,"3P%":31.7757009346,"FTM":3.5130892274,"FTA":5.2696338411,"FT%":66.6666666667,"PTS":16.6489880776,"OFF":1.8329161186,"DEF":2.673002673,"REB":4.5059187916,"AST":3.0548601977,"TO":1.5274300989,"STL":1.0692010692,"BLK":0.6109720395,"STK":1.6801731087,"PF":1.7565446137,"Fls on:":3.7422037422,"+\/-":0.0763715049,"GW":7.0,"GP":14.0},"P. Bagay":{"TEAM":"EAC","MINS":9.5773809524,"FGM":6.2647607209,"FGA":12.3057799876,"FG%":50.9090909091,"2PM":5.3697949037,"2PA":9.3971410814,"2P%":57.1428571429,"3PM":0.8949658173,"3PA":2.9086389062,"3P%":30.7692307692,"FTM":2.6848974518,"FTA":4.922311995,"FT%":54.5454545455,"PTS":16.109384711,"OFF":3.5798632691,"DEF":2.4611559975,"REB":6.0410192666,"AST":1.1187072716,"TO":1.1187072716,"STL":0.2237414543,"BLK":0.0,"STK":0.2237414543,"PF":3.1323803605,"Fls on:":3.3561218148,"+\/-":0.0,"GW":7.0,"GP":14.0},"G. Quinal":{"TEAM":"EAC","MINS":14.7023809524,"FGM":5.3927125506,"FGA":15.8866396761,"FG%":33.9449541284,"2PM":2.1862348178,"2PA":5.5384615385,"2P%":39.4736842105,"3PM":3.2064777328,"3PA":10.3481781377,"3P%":30.985915493,"FTM":1.4574898785,"FTA":2.04048583,"FT%":71.4285714286,"PTS":15.4493927126,"OFF":2.04048583,"DEF":2.6234817814,"REB":4.6639676113,"AST":1.7489878543,"TO":1.7489878543,"STL":1.1659919028,"BLK":0.0,"STK":1.1659919028,"PF":3.3522267207,"Fls on:":1.7489878543,"+\/-":6.5587044534,"GW":7.0,"GP":14.0},"H. Pagsanjan":{"TEAM":"EAC","MINS":24.3880952381,"FGM":5.0961632334,"FGA":10.8952455335,"FG%":46.7741935484,"2PM":4.3053792834,"2PA":7.9957043835,"2P%":53.8461538462,"3PM":0.79078395,"3PA":2.8995411501,"3P%":27.2727272727,"FTM":2.8116762667,"FTA":4.5689739334,"FT%":61.5384615385,"PTS":13.7947866836,"OFF":1.4937030167,"DEF":5.0082983501,"REB":6.5020013668,"AST":2.0208923167,"TO":1.2301083667,"STL":1.1422434834,"BLK":0.4393244167,"STK":1.5815679,"PF":3.5145953334,"Fls on:":3.5145953334,"+\/-":2.9874060334,"GW":7.0,"GP":14.0},"W. Oftana":{"TEAM":"EAC","MINS":21.1178571429,"FGM":4.2617960426,"FGA":11.2633181126,"FG%":37.8378378378,"2PM":1.9279553526,"2PA":4.5662100457,"2P%":42.2222222222,"3PM":2.33384069,"3PA":6.697108067,"3P%":34.8484848485,"FTM":1.2176560122,"FTA":2.33384069,"FT%":52.1739130435,"PTS":12.0750887874,"OFF":2.029426687,"DEF":7.00152207,"REB":9.030948757,"AST":1.5220700152,"TO":1.0147133435,"STL":2.4353120244,"BLK":1.3191273465,"STK":3.7544393709,"PF":4.0588533739,"Fls on:":2.33384069,"+\/-":6.2912227296,"GW":7.0,"GP":14.0},"D. Ednilag":{"TEAM":"EAC","MINS":5.1708333333,"FGM":4.3513295729,"FGA":4.3513295729,"FG%":100.0,"2PM":4.3513295729,"2PA":4.3513295729,"2P%":100.0,"3PM":0.0,"3PA":0.0,"3P%":0.0,"FTM":2.900886382,"FTA":8.7026591459,"FT%":33.3333333333,"PTS":11.6035455278,"OFF":4.3513295729,"DEF":4.3513295729,"REB":8.7026591459,"AST":0.0,"TO":2.900886382,"STL":1.450443191,"BLK":1.450443191,"STK":2.900886382,"PF":11.6035455278,"Fls on:":7.2522159549,"+\/-":2.900886382,"GW":1.0,"GP":4.0},"N. Lucero":{"TEAM":"EAC","MINS":12.2948717949,"FGM":3.3785192909,"FGA":15.015641293,"FG%":22.5,"2PM":3.3785192909,"2PA":12.7632950991,"2P%":26.4705882353,"3PM":0.0,"3PA":2.252346194,"3P%":0.0,"FTM":3.7539103233,"FTA":5.4431699687,"FT%":68.9655172414,"PTS":10.5109489051,"OFF":0.7507820647,"DEF":3.1908237748,"REB":3.9416058394,"AST":8.2586027112,"TO":5.4431699687,"STL":1.5015641293,"BLK":0.1876955162,"STK":1.6892596455,"PF":6.7570385819,"Fls on:":5.0677789364,"+\/-":-7.6955161627,"GW":7.0,"GP":13.0},"N. Ochavo":{"TEAM":"EAC","MINS":15.4083333333,"FGM":2.5032836282,"FGA":8.9005640114,"FG%":28.125,"2PM":1.2516418141,"2PA":4.8674959438,"2P%":25.7142857143,"3PM":1.2516418141,"3PA":4.0330680677,"3P%":31.0344827586,"FTM":3.3377115043,"FTA":4.8674959438,"FT%":68.5714285714,"PTS":9.5959205748,"OFF":3.0595688789,"DEF":2.6423549409,"REB":5.7019238198,"AST":7.6489221973,"TO":2.6423549409,"STL":1.9469983775,"BLK":0.0,"STK":1.9469983775,"PF":2.6423549409,"Fls on:":5.2847098818,"+\/-":9.7349918875,"GW":7.0,"GP":14.0},"G. Loristo":{"TEAM":"EAC","MINS":15.6595238095,"FGM":3.2841721149,"FGA":5.199939182,"FG%":63.1578947368,"2PM":2.8736506006,"2PA":4.2420556485,"2P%":67.7419354839,"3PM":0.4105215144,"3PA":0.9578835335,"3P%":42.8571428571,"FTM":1.9157670671,"FTA":3.5578531245,"FT%":53.8461538462,"PTS":8.8946328113,"OFF":0.9578835335,"DEF":4.6525771628,"REB":5.6104606964,"AST":0.8210430287,"TO":1.9157670671,"STL":0.4105215144,"BLK":2.3262885814,"STK":2.7368100958,"PF":3.9683746389,"Fls on:":3.4210126197,"+\/-":-0.6842025239,"GW":7.0,"GP":14.0},"K. Jacob":{"TEAM":"EAC","MINS":14.5458333333,"FGM":3.351475222,"FGA":5.9295330851,"FG%":56.5217391304,"2PM":3.351475222,"2PA":5.9295330851,"2P%":56.5217391304,"3PM":0.0,"3PA":0.0,"3P%":0.0,"FTM":1.8046405042,"FTA":4.1248925809,"FT%":43.75,"PTS":8.5075909482,"OFF":1.5468347178,"DEF":4.3826983672,"REB":5.9295330851,"AST":0.7734173589,"TO":0.7734173589,"STL":1.2890289315,"BLK":0.0,"STK":1.2890289315,"PF":1.8046405042,"Fls on:":4.1248925809,"+\/-":13.9215124606,"GW":5.0,"GP":8.0},"J. Manacho":{"TEAM":"EAC","MINS":4.3944444445,"FGM":3.0341340076,"FGA":8.3438685208,"FG%":36.3636363636,"2PM":3.0341340076,"2PA":8.3438685208,"2P%":36.3636363636,"3PM":0.0,"3PA":0.0,"3P%":0.0,"FTM":2.2756005057,"FTA":5.3097345133,"FT%":42.8571428571,"PTS":8.3438685208,"OFF":0.7585335019,"DEF":8.3438685208,"REB":9.1024020227,"AST":1.5170670038,"TO":1.5170670038,"STL":0.0,"BLK":0.7585335019,"STK":0.7585335019,"PF":2.2756005057,"Fls on:":4.5512010114,"+\/-":-8.3438685208,"GW":5.0,"GP":9.0},"A. Doromal":{"TEAM":"EAC","MINS":16.6458333333,"FGM":2.703379224,"FGA":13.0663329162,"FG%":20.6896551724,"2PM":1.6520650814,"2PA":7.6595744681,"2P%":21.568627451,"3PM":1.0513141427,"3PA":5.4067584481,"3P%":19.4444444444,"FTM":1.0513141427,"FTA":2.5531914894,"FT%":41.1764705882,"PTS":7.5093867334,"OFF":0.6007509387,"DEF":3.153942428,"REB":3.7546933667,"AST":3.9048811014,"TO":2.703379224,"STL":0.901126408,"BLK":0.1501877347,"STK":1.0513141427,"PF":2.25281602,"Fls on:":2.1026282854,"+\/-":-3.0037546934,"GW":6.0,"GP":12.0},"J. Luciano":{"TEAM":"EAC","MINS":13.9404761905,"FGM":2.6131511529,"FGA":6.4560204953,"FG%":40.4761904762,"2PM":1.6908625107,"2PA":4.1502988898,"2P%":40.7407407407,"3PM":0.9222886422,"3PA":2.3057216055,"3P%":40.0,"FTM":0.7685738685,"FTA":1.537147737,"FT%":50.0,"PTS":6.9171648164,"OFF":1.3834329633,"DEF":4.3040136635,"REB":5.6874466268,"AST":1.2297181896,"TO":1.537147737,"STL":0.1537147737,"BLK":0.0,"STK":0.1537147737,"PF":2.7668659266,"Fls on:":1.9982920581,"+\/-":-12.1434671221,"GW":7.0,"GP":14.0},"J. Bacud":{"TEAM":"EAC","MINS":9.3430555556,"FGM":2.9433625688,"FGA":6.1543035528,"FG%":47.8260869565,"2PM":2.6757841534,"2PA":5.6191467222,"2P%":47.619047619,"3PM":0.2675784153,"3PA":0.5351568307,"3P%":50.0,"FTM":0.5351568307,"FTA":1.8730489074,"FT%":28.5714285714,"PTS":6.6894603835,"OFF":4.0136762301,"DEF":5.3515683068,"REB":9.3652445369,"AST":1.0703136614,"TO":0.802735246,"STL":0.802735246,"BLK":0.2675784153,"STK":1.0703136614,"PF":2.4082057381,"Fls on:":2.1406273227,"+\/-":-0.2675784153,"GW":6.0,"GP":12.0},"B. Angeles":{"TEAM":"EAC","MINS":4.7424242424,"FGM":2.3003194888,"FGA":3.4504792332,"FG%":66.6666666667,"2PM":1.7252396166,"2PA":1.7252396166,"2P%":100.0,"3PM":0.5750798722,"3PA":1.7252396166,"3P%":33.3333333333,"FTM":0.0,"FTA":1.1501597444,"FT%":0.0,"PTS":5.1757188498,"OFF":1.1501597444,"DEF":5.750798722,"REB":6.9009584664,"AST":3.4504792332,"TO":2.875399361,"STL":0.0,"BLK":0.0,"STK":0.0,"PF":5.1757188498,"Fls on:":1.1501597444,"+\/-":-17.2523961661,"GW":6.0,"GP":11.0},"E. Umpad":{"TEAM":"EAC","MINS":8.3818181818,"FGM":1.9522776573,"FGA":3.9045553145,"FG%":50.0,"2PM":1.9522776573,"2PA":3.9045553145,"2P%":50.0,"3PM":0.0,"3PA":0.0,"3P%":0.0,"FTM":0.0,"FTA":1.3015184382,"FT%":0.0,"PTS":3.9045553145,"OFF":3.2537960955,"DEF":3.2537960955,"REB":6.5075921909,"AST":0.6507592191,"TO":3.9045553145,"STL":0.0,"BLK":1.3015184382,