{"H. Pagsanjan":{"TEAM":"EAC","SP":50.5,"GP":14.0,"MPG":24.3880952381,"EWA":1.4717465846,"PER":19.4840944108,"WS":1.5244777118,"OWS":1.013235132,"DWS":0.5112425798,"EFF":12.2857142857,"GmSc":8.3571428571,"TS%":53.4449891068,"EFG%":50.4032258065,"PPWS":1.0688997821,"FTR":0.4193548387,"REB%":10.3862899978,"OREB%":4.6807665249,"DREB%":16.318849872,"AR":3.4012091188,"pAST%":13.8894332,"TOR":2.0703012027,"AST\/TO":1.6428571429,"PPR":0.3811619554,"USG%":19.7377221072,"aSP":50.0530973451,"ORtg":108.725052449,"DRtg":93.5197360408,"Floor%":52.0905935928,"Stop%":0.5779172186,"FFI":51.8701909075,"PIE":9.3980582524,"AV":2.2616585592},"W. Oftana":{"TEAM":"EAC","SP":49.5,"GP":14.0,"MPG":21.1178571429,"EWA":1.4706515232,"PER":20.8183411524,"WS":1.4159902235,"OWS":0.6144401919,"DWS":0.8015500316,"EFF":12.1428571429,"GmSc":7.5714285714,"TS%":49.1248348745,"EFG%":48.1981981982,"PPWS":0.9824966975,"FTR":0.2072072072,"REB%":14.4260278419,"OREB%":6.3595456358,"DREB%":22.8134946341,"AR":2.5616794979,"pAST%":9.893708302,"TOR":1.7077863319,"AST\/TO":1.5,"PPR":0.0,"USG%":18.5777000994,"aSP":49.0619469027,"ORtg":102.8957752947,"DRtg":84.1929433251,"Floor%":43.2488928147,"Stop%":0.7920717422,"FFI":48.2323499316,"PIE":8.8155339806,"AV":2.2419059846},"K. Gurtiza":{"TEAM":"EAC","SP":62.2142857143,"GP":14.0,"MPG":28.0583333333,"EWA":1.3440125999,"PER":17.6971657497,"WS":1.0832824626,"OWS":0.7234885497,"DWS":0.359793913,"EFF":9.9285714286,"GmSc":8.85,"TS%":42.5183335934,"EFG%":38.0530973451,"PPWS":0.8503666719,"FTR":0.3053097345,"REB%":7.1977498368,"OREB%":5.7437471272,"DREB%":8.7096107857,"AR":5.1414012885,"pAST%":21.2491557535,"TOR":2.5707006443,"AST\/TO":2.0,"PPR":1.6565157238,"USG%":29.4704093637,"aSP":61.6637168142,"ORtg":94.9882130077,"DRtg":97.9872497554,"Floor%":41.0478992698,"Stop%":0.4753376609,"FFI":45.3069592201,"PIE":7.7669902913,"AV":1.9277104669},"N. Ochavo":{"TEAM":"EAC","SP":41.5714285714,"GP":14.0,"MPG":15.4083333333,"EWA":0.9245900829,"PER":19.4351250867,"WS":0.7823562243,"OWS":0.512247742,"DWS":0.2701084823,"EFF":7.3571428571,"GmSc":5.2857142857,"TS%":43.4508816121,"EFG%":35.15625,"PPWS":0.8690176322,"FTR":0.546875,"REB%":9.1082469839,"OREB%":9.5876673133,"DREB%":8.6097493749,"AR":12.8733152733,"pAST%":44.6190331466,"TOR":4.4471452762,"AST\/TO":2.8947368421,"PPR":7.9936962529,"USG%":19.107870452,"aSP":41.203539823,"ORtg":101.5841846282,"DRtg":95.4038208953,"Floor%":44.9345337495,"Stop%":0.534656335,"FFI":48.0713721436,"PIE":5.6699029126,"AV":1.5396025573},"G. Loristo":{"TEAM":"EAC","SP":26.6428571429,"GP":14.0,"MPG":15.6595238095,"EWA":0.3156756961,"PER":13.7142138472,"WS":0.6051706324,"OWS":0.3018426066,"DWS":0.3033280259,"EFF":6.5714285714,"GmSc":3.7,"TS%":65.7362459547,"EFG%":67.1052631579,"PPWS":1.3147249191,"FTR":0.6842105263,"REB%":8.9621438887,"OREB%":3.0016871683,"DREB%":15.1597814129,"AR":1.3818346545,"pAST%":5.0180343318,"TOR":3.2242808605,"AST\/TO":0.4285714286,"PPR":-4.4521536143,"USG%":12.1215310337,"aSP":26.407079646,"ORtg":102.5824827014,"DRtg":94.3938383734,"Floor%":50.7745072504,"Stop%":0.5578467641,"FFI":61.8995303764,"PIE":3.9611650485,"AV":1.4145606597},"P. Bagay":{"TEAM":"EAC","SP":23.0,"GP":14.0,"MPG":9.5773809524,"EWA":0.6646248914,"PER":20.783177365,"WS":0.5582057043,"OWS":0.5031458862,"DWS":0.0550598182,"EFF":4.5,"GmSc":3.5071428571,"TS%":55.6586270872,"EFG%":54.5454545455,"PPWS":1.1131725417,"FTR":0.4,"REB%":9.6499176863,"OREB%":11.2180962121,"DREB%":8.0193375928,"AR":1.8828105496,"pAST%":8.3602554934,"TOR":1.8828105496,"AST\/TO":1.0,"PPR":-1.2132510595,"USG%":21.7687872267,"aSP":22.796460177,"ORtg":112.5158547325,"DRtg":101.8699056154,"Floor%":54.5011182954,"Stop%":0.3861871521,"FFI":54.5910984232,"PIE":3.1844660194,"AV":1.0648443168},"G. Quinal":{"TEAM":"EAC","SP":32.0714285714,"GP":14.0,"MPG":14.7023809524,"EWA":0.4280444211,"PER":14.9999317563,"WS":0.4847974627,"OWS":0.2998070066,"DWS":0.1849904561,"EFF":5.0,"GmSc":3.8071428571,"TS%":46.0229246266,"EFG%":44.0366972477,"PPWS":0.9204584925,"FTR":0.128440367,"REB%":7.4502168516,"OREB%":6.3942012974,"DREB%":8.5482537859,"AR":2.9435875377,"pAST%":12.2707528958,"TOR":2.9435875377,"AST\/TO":1.0,"PPR":-1.8967976888,"USG%":25.8782975781,"aSP":31.7876106195,"ORtg":94.1880881132,"DRtg":98.1193702804,"Floor%":38.1592898355,"Stop%":0.4723040127,"FFI":45.0842277787,"PIE":3.1067961165,"AV":1.1524026155},"K. Jacob":{"TEAM":"EAC","SP":27.0,"GP":8.0,"MPG":14.5458333333,"EWA":0.1946287443,"PER":14.1818199038,"WS":0.3568966783,"OWS":0.2046556966,"DWS":0.1522409817,"EFF":5.25,"GmSc":3.6375,"TS%":54.9267643142,"EFG%":56.5217391304,"PPWS":1.0985352863,"FTR":0.6956521739,"REB%":9.4718297797,"OREB%":4.8472635362,"DREB%":14.2804185553,"AR":1.3016795363,"pAST%":4.7464809767,"TOR":1.3016795363,"AST\/TO":1.0,"PPR":-0.8387801295,"USG%":11.8935727968,"aSP":26.7610619469,"ORtg":108.0069773267,"DRtg":94.9724276553,"Floor%":56.1851576574,"Stop%":0.5445616493,"FFI":58.687511084,"PIE":2.4854368932,"AV":0.7856293018},"J. Bacud":{"TEAM":"EAC","SP":19.75,"GP":12.0,"MPG":9.3430555556,"EWA":0.1920616273,"PER":14.2632335742,"WS":0.3358111967,"OWS":0.1838416358,"DWS":0.1519695609,"EFF":4.0,"GmSc":2.3083333333,"TS%":47.9294478528,"EFG%":50.0,"PPWS":0.9585889571,"FTR":0.3043478261,"REB%":14.9600315617,"OREB%":12.577521187,"DREB%":17.4373477125,"AR":1.8013629697,"pAST%":6.4080450264,"TOR":1.3510222272,"AST\/TO":1.3333333333,"PPR":-0.2901919065,"USG%":10.8648845387,"aSP":19.5752212389,"ORtg":106.4815782903,"DRtg":94.6099585046,"Floor%":51.4875363115,"Stop%":0.5528843826,"FFI":51.7429660719,"PIE":2.4077669903,"AV":0.8683836407},"J. Luciano":{"TEAM":"EAC","SP":21.0714285714,"GP":14.0,"MPG":13.9404761905,"EWA":-0.3316972809,"PER":7.4038862443,"WS":0.2378965928,"OWS":0.0854558702,"DWS":0.1524407226,"EFF":3.6428571429,"GmSc":1.75,"TS%":48.4913793103,"EFG%":47.619047619,"PPWS":0.9698275862,"FTR":0.2380952381,"REB%":9.0851211313,"OREB%":4.3352169953,"DREB%":14.0240352935,"AR":2.0696445255,"pAST%":7.2196784155,"TOR":2.5870556569,"AST\/TO":0.8,"PPR":-2.3338764617,"USG%":12.1052663569,"aSP":20.8849557522,"ORtg":90.5757530724,"DRtg":99.0234582069,"Floor%":40.4999318552,"Stop%":0.4515450525,"FFI":47.8393271039,"PIE":2.213592233,"AV":0.908779114},"D. Ednilag":{"TEAM":"EAC","SP":11.75,"GP":4.0,"MPG":5.1708333333,"EWA":0.0454901124,"PER":15.2407151901,"WS":0.0662329795,"OWS":0.0272605292,"DWS":0.0389724503,"EFF":2.5,"GmSc":1.25,"TS%":70.9219858156,"EFG%":100.0,"PPWS":1.4184397163,"FTR":2.0,"REB%":13.9016183698,"OREB%":13.635614025,"DREB%":14.1782076627,"AR":0.0,"pAST%":0.0,"TOR":4.882259749,"AST\/TO":0.0,"PPR":-9.4381351559,"USG%":15.4729712292,"aSP":11.6460176991,"ORtg":97.8700277455,"DRtg":90.546803702,"Floor%":52.7648664172,"Stop%":0.646179367,"FFI":96.5065578678,"PIE":0.0,"AV":0.2677815834},"B. Angeles":{"TEAM":"EAC","SP":13.7272727273,"GP":11.0,"MPG":4.7424242424,"EWA":-0.1032282153,"PER":6.8425805847,"WS":0.0640248794,"OWS":0.0065712559,"DWS":0.0574536235,"EFF":1.6363636364,"GmSc":0.5090909091,"TS%":65.4069767442,"EFG%":75.0,"PPWS":1.3081395349,"FTR":0.3333333333,"REB%":11.0235836402,"OREB%":3.6042166145,"DREB%":18.738184994,"AR":5.8072373947,"pAST%":19.8924205379,"TOR":4.8393644956,"AST\/TO":1.2,"PPR":-1.8710424486,"USG%":9.5394699442,"aSP":13.6057924377,"ORtg":86.8081184861,"DRtg":96.5625389086,"Floor%":38.3453518354,"Stop%":0.5080507577,"FFI":59.511002199,"PIE":0.6213592233,"AV":0.4161358043},"J. Manacho":{"TEAM":"EAC","SP":14.3333333333,"GP":9.0,"MPG":4.3944444445,"EWA":-0.0375314337,"PER":8.9125870634,"WS":0.0437440269,"OWS":-0.024364703,"DWS":0.06810873,"EFF":1.4444444444,"GmSc":0.6888888889,"TS%":39.0625,"EFG%":36.3636363636,"PPWS":0.78125,"FTR":0.6363636364,"REB%":14.5401672119,"OREB%":2.3769907297,"DREB%":27.1873455264,"AR":2.5532593125,"pAST%":9.1324200913,"TOR":2.5532593125,"AST\/TO":1.0,"PPR":-1.6452768266,"USG%":17.0310116929,"aSP":14.2064896755,"ORtg":79.5097130041,"DRtg":91.7927736605,"Floor%":41.8096816931,"Stop%":0.6175703788,"FFI":48.9279924087,"PIE":0.6990291262,"AV":0.3260154782},"J. Devera":{"TEAM":"EAC",