{"J. Manacho":{"TEAM":"EAC","MINS":39.5500000001,"FGM":4.0,"FGA":11.0,"FG%":36.3636363636,"2PM":4.0,"2PA":11.0,"2P%":36.3636363636,"3PM":0.0,"3PA":0.0,"3P%":0.0,"FTM":3.0,"FTA":7.0,"FT%":42.8571428571,"PTS":11.0,"OFF":1.0,"DEF":11.0,"REB":12.0,"AST":2.0,"TO":2.0,"STL":0.0,"BLK":1.0,"STK":1.0,"PF":3.0,"Fls on:":6.0,"+\/-":-11.0,"GW":5.0,"GP":9.0},"R. Postanes":{"TEAM":"EAC","MINS":23.95,"FGM":1.0,"FGA":5.0,"FG%":20.0,"2PM":1.0,"2PA":5.0,"2P%":20.0,"3PM":0.0,"3PA":0.0,"3P%":0.0,"FTM":1.0,"FTA":4.0,"FT%":25.0,"PTS":3.0,"OFF":2.0,"DEF":4.0,"REB":6.0,"AST":0.0,"TO":2.0,"STL":1.0,"BLK":0.0,"STK":1.0,"PF":2.0,"Fls on:":2.0,"+\/-":-16.0,"GW":1.0,"GP":6.0},"G. Loristo":{"TEAM":"EAC","MINS":292.4833333332,"FGM":34.0,"FGA":56.0,"FG%":60.7142857143,"2PM":30.0,"2PA":47.0,"2P%":63.829787234,"3PM":4.0,"3PA":9.0,"3P%":44.4444444444,"FTM":15.0,"FTA":29.0,"FT%":51.724137931,"PTS":87.0,"OFF":15.0,"DEF":44.0,"REB":59.0,"AST":6.0,"TO":15.0,"STL":3.0,"BLK":21.0,"STK":24.0,"PF":36.0,"Fls on:":34.0,"+\/-":1.0,"GW":9.0,"GP":18.0},"P. Bagay":{"TEAM":"EAC","MINS":182.4166666667,"FGM":37.0,"FGA":77.0,"FG%":48.0519480519,"2PM":33.0,"2PA":64.0,"2P%":51.5625,"3PM":4.0,"3PA":13.0,"3P%":30.7692307692,"FTM":14.0,"FTA":30.0,"FT%":46.6666666667,"PTS":92.0,"OFF":21.0,"DEF":18.0,"REB":39.0,"AST":9.0,"TO":7.0,"STL":5.0,"BLK":0.0,"STK":5.0,"PF":20.0,"Fls on:":22.0,"+\/-":-31.0,"GW":9.0,"GP":18.0},"N. Ochavo":{"TEAM":"EAC","MINS":277.7666666667,"FGM":20.0,"FGA":82.0,"FG%":24.3902439024,"2PM":11.0,"2PA":41.0,"2P%":26.8292682927,"3PM":9.0,"3PA":41.0,"3P%":21.9512195122,"FTM":26.0,"FTA":37.0,"FT%":70.2702702703,"PTS":75.0,"OFF":26.0,"DEF":27.0,"REB":53.0,"AST":67.0,"TO":22.0,"STL":14.0,"BLK":0.0,"STK":14.0,"PF":23.0,"Fls on:":42.0,"+\/-":79.0,"GW":9.0,"GP":18.0},"G. Quinal":{"TEAM":"EAC","MINS":253.5166666663,"FGM":42.0,"FGA":126.0,"FG%":33.3333333333,"2PM":17.0,"2PA":42.0,"2P%":40.4761904762,"3PM":25.0,"3PA":84.0,"3P%":29.7619047619,"FTM":11.0,"FTA":17.0,"FT%":64.7058823529,"PTS":120.0,"OFF":14.0,"DEF":24.0,"REB":38.0,"AST":14.0,"TO":13.0,"STL":8.0,"BLK":1.0,"STK":9.0,"PF":30.0,"Fls on:":14.0,"+\/-":9.0,"GW":9.0,"GP":18.0},"D. Ednilag":{"TEAM":"EAC","MINS":30.6,"FGM":5.0,"FGA":5.0,"FG%":100.0,"2PM":5.0,"2PA":5.0,"2P%":100.0,"3PM":0.0,"3PA":0.0,"3P%":0.0,"FTM":2.0,"FTA":6.0,"FT%":33.3333333333,"PTS":12.0,"OFF":4.0,"DEF":3.0,"REB":7.0,"AST":0.0,"TO":3.0,"STL":1.0,"BLK":1.0,"STK":2.0,"PF":11.0,"Fls on:":5.0,"+\/-":-3.0,"GW":1.0,"GP":5.0},"J. Devera":{"TEAM":"EAC","MINS":18.5833333332,"FGM":0.0,"FGA":2.0,"FG%":0.0,"2PM":0.0,"2PA":2.0,"2P%":0.0,"3PM":0.0,"3PA":0.0,"3P%":0.0,"FTM":1.0,"FTA":2.0,"FT%":50.0,"PTS":1.0,"OFF":0.0,"DEF":2.0,"REB":2.0,"AST":1.0,"TO":1.0,"STL":5.0,"BLK":0.0,"STK":5.0,"PF":6.0,"Fls on:":2.0,"+\/-":-10.0,"GW":2.0,"GP":6.0},"N. Lucero":{"TEAM":"EAC","MINS":205.7999999999,"FGM":24.0,"FGA":98.0,"FG%":24.4897959184,"2PM":24.0,"2PA":81.0,"2P%":29.6296296296,"3PM":0.0,"3PA":17.0,"3P%":0.0,"FTM":26.0,"FTA":38.0,"FT%":68.4210526316,"PTS":74.0,"OFF":4.0,"DEF":20.0,"REB":24.0,"AST":49.0,"TO":37.0,"STL":9.0,"BLK":1.0,"STK":10.0,"PF":39.0,"Fls on:":33.0,"+\/-":-71.0,"GW":9.0,"GP":17.0},"B. Angeles":{"TEAM":"EAC","MINS":54.8166666667,"FGM":4.0,"FGA":6.0,"FG%":66.6666666667,"2PM":3.0,"2PA":3.0,"2P%":100.0,"3PM":1.0,"3PA":3.0,"3P%":33.3333333333,"FTM":0.0,"FTA":2.0,"FT%":0.0,"PTS":9.0,"OFF":2.0,"DEF":10.0,"REB":12.0,"AST":6.0,"TO":6.0,"STL":0.0,"BLK":0.0,"STK":0.0,"PF":9.0,"Fls on:":3.0,"+\/-":-28.0,"GW":7.0,"GP":12.0},"A. Doromal":{"TEAM":"EAC","MINS":250.2499999999,"FGM":23.0,"FGA":105.0,"FG%":21.9047619048,"2PM":15.0,"2PA":60.0,"2P%":25.0,"3PM":8.0,"3PA":45.0,"3P%":17.7777777778,"FTM":8.0,"FTA":18.0,"FT%":44.4444444444,"PTS":62.0,"OFF":5.0,"DEF":26.0,"REB":31.0,"AST":35.0,"TO":24.0,"STL":10.0,"BLK":2.0,"STK":12.0,"PF":16.0,"Fls on:":14.0,"+\/-":-7.0,"GW":8.0,"GP":16.0},"E. Umpad":{"TEAM":"EAC","MINS":120.5499999998,"FGM":8.0,"FGA":17.0,"FG%":47.0588235294,"2PM":8.0,"2PA":17.0,"2P%":47.0588235294,"3PM":0.0,"3PA":0.0,"3P%":0.0,"FTM":1.0,"FTA":6.0,"FT%":16.6666666667,"PTS":17.0,"OFF":14.0,"DEF":12.0,"REB":26.0,"AST":3.0,"TO":16.0,"STL":0.0,"BLK":4.0,"STK":4.0,"PF":20.0,"Fls on:":10.0,"+\/-":-44.0,"GW":6.0,"GP":15.0},"H. Pagsanjan":{"TEAM":"EAC","MINS":440.0500000002,"FGM":80.0,"FGA":169.0,"FG%":47.3372781065,"2PM":67.0,"2PA":119.0,"2P%":56.3025210084,"3PM":13.0,"3PA":50.0,"3P%":26.0,"FTM":44.0,"FTA":76.0,"FT%":57.8947368421,"PTS":217.0,"OFF":23.0,"DEF":74.0,"REB":97.0,"AST":28.0,"TO":18.0,"STL":20.0,"BLK":10.0,"STK":30.0,"PF":51.0,"Fls on:":55.0,"+\/-":45.0,"GW":9.0,"GP":18.0},"K. Gurtiza":{"TEAM":"EAC","MINS":509.0833333333,"FGM":87.0,"FGA":287.0,"FG%":30.3135888502,"2PM":49.0,"2PA":154.0,"2P%":31.8181818182,"3PM":38.0,"3PA":133.0,"3P%":28.5714285714,"FTM":61.0,"FTA":90.0,"FT%":67.7777777778,"PTS":273.0,"OFF":29.0,"DEF":55.0,"REB":84.0,"AST":55.0,"TO":27.0,"STL":18.0,"BLK":14.0,"STK":32.0,"PF":27.0,"Fls on:":63.0,"+\/-":4.0,"GW":9.0,"GP":18.0},"K. Jacob":{"TEAM":"EAC","MINS":153.1166666666,"FGM":19.0,"FGA":35.0,"FG%":54.2857142857,"2PM":19.0,"2PA":35.0,"2P%":54.2857142857,"3PM":0.0,"3PA":0.0,"3P%":0.0,"FTM":8.0,"FTA":18.0,"FT%":44.4444444444,"PTS":46.0,"OFF":11.0,"DEF":20.0,"REB":31.0,"AST":4.0,"TO":3.0,"STL":5.0,"BLK":0.0,"STK":5.0,"PF":15.0,"Fls on:":22.0,"+\/-":51.0,"GW":7.0,"GP":12.0},"W. Oftana":{"TEAM":"EAC","MINS":377.9833333333,"FGM":48.0,"FGA":134.0,"FG%":35.8208955224,"2PM":23.0,"2PA":54.0,"2P%":42.5925925926,"3PM":25.0,"3PA":80.0,"3P%":31.25,"FTM":15.0,"FTA":29.0,"FT%":51.724137931,"PTS":136.0,"OFF":21.0,"DEF":93.0,"REB":114.0,"AST":21.0,"TO":13.0,"STL":27.0,"BLK":14.0,"STK":41.0,"PF":48.0,"Fls on:":29.0,"+\/-":55.0,"GW":9.0,"GP":18.0},"J. Bacud":{"TEAM":"EAC","MINS":134.1000000001,"FGM":13.0,"FGA":26.0,"FG%":50.0,"2PM":11.0,"2PA":23.0,"2P%":47.8260869565,"3PM":2.0,"3PA":3.0,"3P%":66.6666666667,"FTM":3.0,"FTA":11.0,"FT%":27.2727272727,"PTS":31.0,"OFF":16.0,"DEF":23.0,"REB":39.0,"AST":4.0,"TO":4.0,"STL":3.0,"BLK":2.0,"STK":5.0,"PF":9.0,"Fls on:":10.0,"+\/-":-11.0,"GW":7.0,"GP":15.0},"J. Luciano":{"TEAM":"EAC","MINS":258.3333333335,"FGM":23.0,"FGA":55.0,"FG%":41.8181818182,"2PM":17.0,"2PA":39.0,"2P%":43.5897435897,"3PM":6.0,"3PA":16.0,"3P%":37.5,"FTM":5.0,"FTA":10.0,"FT%":50.0,"PTS":57.0,"OFF":13.0,"DEF":35.0,"REB":48.0,"AST":10.0,"TO":16.0,"STL":1.0,"BLK":0.0,"STK":1.0,"PF":25.0,"Fls on:":14.0,"+\/-":-94.0,"GW":9.0,"GP":18.0}}