{"H. Pagsanjan":{"TEAM":"EAC","SP":48.9230769231,"GP":13.0,"MPG":24.2217948718,"EWA":1.2439138896,"PER":18.7602961461,"WS":1.3107378434,"OWS":0.8442787423,"DWS":0.4664591011,"EFF":12.0769230769,"GmSc":8.0461538462,"TS%":53.5554894377,"EFG%":50.4464285714,"PPWS":1.0711097888,"FTR":0.4553571429,"REB%":10.8404007996,"OREB%":4.5306635308,"DREB%":17.2903544523,"AR":2.872112926,"pAST%":11.7859839914,"TOR":2.2338656091,"AST\/TO":1.2857142857,"PPR":-0.6178691242,"USG%":19.7210798415,"aSP":48.4571428571,"ORtg":106.8782038434,"DRtg":93.9654012471,"Floor%":51.8221025696,"Stop%":0.5878967238,"FFI":52.3565948753,"PIE":8.9440993789,"AV":2.1120560753},"W. Oftana":{"TEAM":"EAC","SP":49.3846153846,"GP":13.0,"MPG":20.9230769231,"EWA":1.3842643274,"PER":21.0493062429,"WS":1.256513949,"OWS":0.5272756439,"DWS":0.7292383051,"EFF":12.0769230769,"GmSc":7.6461538462,"TS%":48.6330178759,"EFG%":47.5961538462,"PPWS":0.9726603575,"FTR":0.2211538462,"REB%":14.3170248869,"OREB%":6.6436221228,"DREB%":22.1609477124,"AR":2.586055328,"pAST%":10.0932423339,"TOR":1.8471823771,"AST\/TO":1.4,"PPR":-0.2384273154,"USG%":19.0898397512,"aSP":48.9142857143,"ORtg":101.5250304858,"DRtg":84.7169952857,"Floor%":42.9362897413,"Stop%":0.8003434557,"FFI":48.222698061,"PIE":8.6128364389,"AV":2.1120560753},"K. Gurtiza":{"TEAM":"EAC","SP":62.8461538462,"GP":13.0,"MPG":28.1756410256,"EWA":1.3938417209,"PER":18.4687833434,"WS":1.0564475374,"OWS":0.7712709355,"DWS":0.2851766019,"EFF":10.3076923077,"GmSc":9.3692307692,"TS%":43.4547571524,"EFG%":38.6255924171,"PPWS":0.869095143,"FTR":0.317535545,"REB%":6.8253173773,"OREB%":5.7124938918,"DREB%":7.9628702735,"AR":5.3496593684,"pAST%":22.3745590427,"TOR":2.6062443077,"AST\/TO":2.0526315789,"PPR":1.8590756142,"USG%":29.6357656133,"aSP":62.2476190476,"ORtg":96.6359944142,"DRtg":99.3834778037,"Floor%":41.5539184991,"Stop%":0.4634371507,"FFI":45.7042078436,"PIE":8.281573499,"AV":1.8754664695},"N. Ochavo":{"TEAM":"EAC","SP":40.4615384615,"GP":13.0,"MPG":15.0346153846,"EWA":0.759766806,"PER":18.6334115118,"WS":0.6393089435,"OWS":0.3976231682,"DWS":0.2416857754,"EFF":7.1538461538,"GmSc":5.0,"TS%":41.8321043676,"EFG%":31.25,"PPWS":0.8366420874,"FTR":0.5892857143,"REB%":9.3472656788,"OREB%":9.2456649649,"DREB%":9.4511241864,"AR":13.3673817049,"pAST%":45.7368022939,"TOR":4.6271705901,"AST\/TO":2.8888888889,"PPR":8.2952455612,"USG%":18.94676857,"aSP":40.0761904762,"ORtg":99.5714885362,"DRtg":95.852704858,"Floor%":44.0438190874,"Stop%":0.5445431463,"FFI":47.0316260597,"PIE":5.4244306418,"AV":1.4260768066},"P. Bagay":{"TEAM":"EAC","SP":23.0,"GP":13.0,"MPG":9.3205128205,"EWA":0.8690790192,"PER":25.2369091766,"WS":0.6330852571,"OWS":0.6012695596,"DWS":0.0318156975,"EFF":5.1538461538,"GmSc":4.1923076923,"TS%":61.3496932515,"EFG%":61.2244897959,"PPWS":1.226993865,"FTR":0.4489795918,"REB%":9.5228018199,"OREB%":11.7741163806,"DREB%":7.2214580468,"AR":1.6586528966,"pAST%":7.8182686878,"TOR":1.2439896724,"AST\/TO":1.3333333333,"PPR":-0.2676158038,"USG%":21.2956364661,"aSP":22.780952381,"ORtg":123.4727521758,"DRtg":103.3613716893,"Floor%":59.9788827254,"Stop%":0.3720602627,"FFI":58.2683156539,"PIE":4.016563147,"AV":1.1151590348},"G. Quinal":{"TEAM":"EAC","SP":31.3076923077,"GP":13.0,"MPG":14.7884615384,"EWA":0.4268242282,"PER":15.2825055844,"WS":0.4620695573,"OWS":0.3199205274,"DWS":0.1421490298,"EFF":5.1538461538,"GmSc":3.9384615385,"TS%":47.5465956638,"EFG%":45.4545454545,"PPWS":0.9509319133,"FTR":0.1414141414,"REB%":7.0021006302,"OREB%":5.9365635778,"DREB%":8.0913162838,"AR":2.8747826644,"pAST%":12.1408336706,"TOR":2.8747826644,"AST\/TO":1.0,"PPR":-1.8553303713,"USG%":25.276659303,"aSP":31.0095238095,"ORtg":96.0622203722,"DRtg":99.6854607326,"Floor%":39.2355863001,"Stop%":0.4565002487,"FFI":45.7716473525,"PIE":3.2298136646,"AV":1.1151590348},"G. Loristo":{"TEAM":"EAC","SP":24.0769230769,"GP":13.0,"MPG":15.5141025641,"EWA":0.0862368484,"PER":11.6794466505,"WS":0.4078721291,"OWS":0.1797015579,"DWS":0.2281705712,"EFF":5.6923076923,"GmSc":3.1230769231,"TS%":63.4632819583,"EFG%":66.1764705882,"PPWS":1.2692656392,"FTR":0.6764705882,"REB%":8.3432392746,"OREB%":2.8294463627,"DREB%":13.9795609178,"AR":0.9964801717,"pAST%":3.6112019484,"TOR":3.2385605581,"AST\/TO":0.3076923077,"PPR":-4.9840983152,"USG%":11.8480699096,"aSP":23.8476190476,"ORtg":97.0439251037,"DRtg":96.6639467971,"Floor%":48.1402169867,"Stop%":0.5259079675,"FFI":61.3738961918,"PIE":3.1055900621,"AV":1.2014466618},"K. Jacob":{"TEAM":"EAC","SP":25.8571428571,"GP":7.0,"MPG":14.119047619,"EWA":0.1827405115,"PER":14.5364427806,"WS":0.3124168099,"OWS":0.1861361989,"DWS":0.126280611,"EFF":5.4285714286,"GmSc":3.6571428571,"TS%":57.6311605723,"EFG%":57.8947368421,"PPWS":1.1526232114,"FTR":0.7368421053,"REB%":10.215332728,"OREB%":4.8115697632,"DREB%":15.7391793142,"AR":1.0167290521,"pAST%":3.7333554569,"TOR":1.5250935782,"AST\/TO":0.6666666667,"PPR":-1.6404442613,"USG%":11.919516176,"aSP":25.6108843537,"ORtg":110.0134036572,"DRtg":95.5354531997,"Floor%":57.094391013,"Stop%":0.551830789,"FFI":59.7915668739,"PIE":2.4430641822,"AV":0.7288168465},"J. Bacud":{"TEAM":"EAC","SP":19.4545454545,"GP":11.0,"MPG":9.7924242424,"EWA":0.1662054177,"PER":13.9214038959,"WS":0.3029656063,"OWS":0.1738459746,"DWS":0.1291196317,"EFF":4.0909090909,"GmSc":2.3727272727,"TS%":47.7574750831,"EFG%":50.0,"PPWS":0.9551495017,"FTR":0.3333333333,"REB%":14.7288113403,"OREB%":13.2442868771,"DREB%":16.246325236,"AR":1.8657599502,"pAST%":6.625270992,"TOR":1.3993199626,"AST\/TO":1.3333333333,"PPR":-0.3010315479,"USG%":10.5170799242,"aSP":19.2692640693,"ORtg":106.8121318672,"DRtg":96.1446056724,"Floor%":51.556759443,"Stop%":0.5378378423,"FFI":52.2990273848,"PIE":2.3188405797,"AV":0.8273515609},"J. Luciano":{"TEAM":"EAC","SP":21.0769230769,"GP":13.0,"MPG":14.2615384616,"EWA":-0.2475340073,"PER":8.1363788848,"WS":0.262182618,"OWS":0.1318388734,"DWS":0.1303437446,"EFF":3.9230769231,"GmSc":1.9923076923,"TS%":49.5594713656,"EFG%":48.7804878049,"PPWS":0.9911894273,"FTR":0.243902439,"REB%":9.0760102896,"OREB%":4.1039350875,"DREB%":14.1585760518,"AR":1.8969985146,"pAST%":6.7224953903,"TOR":2.1679983024,"AST\/TO":0.875,"PPR":-1.7489813861,"USG%":12.049275852,"aSP":20.8761904762,"ORtg":94.4869507146,"DRtg":99.9657385121,"Floor%":42.276003422,"Stop%":0.4500619393,"FFI":48.4495191492,"PIE":2.4844720497,"AV":0.908779114},"B. Angeles":{"TEAM":"EAC","SP":13.7272727273,"GP":11.0,"MPG":4.7424242424,"EWA":-0.1049559302,"PER":6.7760111251,"WS":0.058829621,"OWS":0.0062021519,"DWS":0.0526274691,"EFF":1.6363636364,"GmSc":0.5090909091,"TS%":65.4069767442,"EFG%":75.0,"PPWS":1.3081395349,"FTR":0.3333333333,"REB%":11.0592283116,"OREB%":3.6463397694,"DREB%":18.6368477103,"AR":5.7787890853,"pAST%":19.9453350077,"TOR":4.8156575711,"AST\/TO":1.2,"PPR":-1.8647606012,"USG%":9.5269255937,"aSP":13.5965367965,"ORtg":87.011852238,"DRtg":97.6083098896,"Floor%":38.4472324105,"Stop%":0.5042148397,"FFI":59.5253535611,"PIE":0.6625258799,"AV":0.4161358043},"J. Manacho":{"TEAM":"EAC","SP":14.3333333333,"GP":9.0,"MPG":4.3944444445,"EWA":-0.0386800746,"PER":8.8542111284,"WS":0.0382652187,"OWS":-0.0258514799,"DWS":0.0641166986,"EFF":1.4444444444,"GmSc":0.6888888889,"TS%":39.0625,"EFG%":36.3636363636,"PPWS":0.78125,"FTR":0.6363636364,"REB%":14.5871827287,"OREB%":2.4047710658,"DREB%":27.0403146509,"AR":2.5407514871,"pAST%":9.1577886993,"TOR":2.5407514871,"AST\/TO":1.0,"PPR":-1.6397529658,"USG%":17.0086160063,"aSP":14.1968253968,"ORtg":79.4364981025,"DRtg":92.887770687,"Floor%":41.7660688791,"Stop%":0.6126511617,"FFI":48.9366754323,"PIE":0.7453416149,"AV":0.3260154782},"J. Devera":{"TEAM":"EAC","SP":9.8333333333,"GP":6.0,"MPG":3.0972222222,"EWA":-0.0292538406,"PER":7.6558626189,"WS":0.0330901135,"OWS":-0.0478874214,"DWS":0.0809775349,"EFF":0.8333333333,"GmSc":0.35,"TS%":17.3611111111,"EFG%":0.0,"PPWS":0.3472222222,"FTR":1.0,"REB%":5.1741979993,"OREB%":0.0,"DREB%":10.4633781765,"AR":2.7036786005,"pAST%":8.2364784479,"TOR":2.7036786005,"AST\/TO":1.0,"PPR":-1.7449030439,"USG%":8.7344895277,"aSP":9.7396825397,