{"K. Gurtiza":{"TEAM":"EAC","SP":60.1818181818,"GP":11.0,"MPG":28.0378787879,"EWA":1.0527277319,"PER":17.6807924594,"WS":0.63797596,"OWS":0.464151765,"DWS":0.173824195,"EFF":9.9090909091,"GmSc":8.9,"TS%":44.0303092361,"EFG%":39.5348837209,"PPWS":0.8723215418,"FTR":0.3081395349,"REB%":6.6813492703,"OREB%":5.6337004538,"DREB%":7.7642329124,"AR":5.0874102541,"pAST%":21.6452707032,"TOR":2.7898701393,"AST\/TO":1.8235294118,"PPR":1.1593047181,"USG%":28.8288234044,"aSP":59.5056179775,"ORtg":96.3942062045,"DRtg":99.5515369682,"Floor%":41.789081766,"Stop%":0.4456374286,"FFI":45.8653190676,"PIE":8.0808080808,"AV":1.6063884716},"W. Oftana":{"TEAM":"EAC","SP":48.1818181818,"GP":11.0,"MPG":21.2015151515,"EWA":1.0107167396,"PER":19.5309582504,"WS":0.7333021576,"OWS":0.2528492413,"DWS":0.4804529163,"EFF":11.4545454545,"GmSc":7.1727272727,"TS%":47.2187629722,"EFG%":46.5909090909,"PPWS":0.9379026024,"FTR":0.2159090909,"REB%":14.0950929079,"OREB%":6.2085582612,"DREB%":22.2468697513,"AR":2.1702677779,"pAST%":8.4826588402,"TOR":1.9532410001,"AST\/TO":1.1111111111,"PPR":-0.9756211655,"USG%":18.9186450702,"aSP":47.6404494382,"ORtg":97.5917116254,"DRtg":84.1215065153,"Floor%":41.0180106036,"Stop%":0.8016282731,"FFI":47.6284014022,"PIE":8.1313131313,"AV":1.7908475376},"P. Bagay":{"TEAM":"EAC","SP":23.6363636364,"GP":11.0,"MPG":9.2606060606,"EWA":0.8098853134,"PER":26.8003941097,"WS":0.403641033,"OWS":0.3760234357,"DWS":0.0276175973,"EFF":5.3636363636,"GmSc":4.4454545455,"TS%":61.1313868613,"EFG%":60.8695652174,"PPWS":1.2072072072,"FTR":0.4347826087,"REB%":10.1143953082,"OREB%":12.3188549818,"DREB%":7.8357946141,"AR":0.9937355045,"pAST%":5.0672213408,"TOR":1.4906032567,"AST\/TO":0.6666666667,"PPR":-1.5954406985,"USG%":23.7612670094,"aSP":23.3707865169,"ORtg":120.0867174074,"DRtg":102.5672679848,"Floor%":58.2964417597,"Stop%":0.3760605969,"FFI":57.9606853996,"PIE":4.3939393939,"AV":1.013723966},"N. Ochavo":{"TEAM":"EAC","SP":42.0909090909,"GP":11.0,"MPG":15.3772727273,"EWA":0.7254755746,"PER":19.4407857225,"WS":0.4435182501,"OWS":0.2688908034,"DWS":0.1746274467,"EFF":7.3636363636,"GmSc":5.3636363636,"TS%":40.4456654457,"EFG%":28.431372549,"PPWS":0.7949006374,"FTR":0.6470588235,"REB%":9.2817678118,"OREB%":9.7014355945,"DREB%":8.8479856417,"AR":13.4652188959,"pAST%":46.529838348,"TOR":4.1891792121,"AST\/TO":3.2142857143,"PPR":9.223844918,"USG%":19.6869401322,"aSP":41.6179775281,"ORtg":99.7613177827,"DRtg":94.7181012803,"Floor%":44.9951054449,"Stop%":0.557151068,"FFI":46.9714236884,"PIE":5.7070707071,"AV":1.2857142857},"H. Pagsanjan":{"TEAM":"EAC","SP":45.0,"GP":11.0,"MPG":24.2575757576,"EWA":0.7143392651,"PER":16.2009691053,"WS":0.6899902376,"OWS":0.4185476248,"DWS":0.2714426128,"EFF":10.6363636364,"GmSc":6.9545454545,"TS%":51.5084621045,"EFG%":48.3695652174,"PPWS":1.0177192185,"FTR":0.4130434783,"REB%":10.2967618777,"OREB%":4.7028633135,"DREB%":16.0787960439,"AR":2.4659040676,"pAST%":10.0391616967,"TOR":2.2762191393,"AST\/TO":1.0833333333,"PPR":-1.2181553466,"USG%":18.9458021019,"aSP":44.4943820225,"ORtg":102.8164789771,"DRtg":94.8738766499,"Floor%":50.0354207221,"Stop%":0.5535571279,"FFI":50.9149961387,"PIE":7.7272727273,"AV":1.6940261168},"J. Bacud":{"TEAM":"EAC","SP":21.2222222222,"GP":9.0,"MPG":8.9611111111,"EWA":0.1996377138,"PER":15.7954718508,"WS":0.223594033,"OWS":0.1282816219,"DWS":0.0953124111,"EFF":4.4444444444,"GmSc":2.4777777778,"TS%":49.3827160494,"EFG%":50.0,"PPWS":0.9770992366,"FTR":0.3571428571,"REB%":17.641940381,"OREB%":15.5595870321,"DREB%":19.7943280354,"AR":2.510316761,"pAST%":8.9219032725,"TOR":1.2551583805,"AST\/TO":2.0,"PPR":0.8060618764,"USG%":9.4501971228,"aSP":20.9837702871,"ORtg":115.1472620954,"DRtg":93.1774739375,"Floor%":57.015555311,"Stop%":0.5926953419,"FFI":53.1552706684,"PIE":2.5757575758,"AV":0.7574006941},"K. Jacob":{"TEAM":"EAC","SP":29.0,"GP":6.0,"MPG":13.5972222222,"EWA":0.1684805118,"PER":14.9709192492,"WS":0.1905085333,"OWS":0.1125460802,"DWS":0.0779624531,"EFF":5.0,"GmSc":3.6333333333,"TS%":59.8526703499,"EFG%":62.5,"PPWS":1.1724915445,"FTR":0.8125,"REB%":9.0207477198,"OREB%":4.7327943206,"DREB%":13.4529147982,"AR":0.6203995305,"pAST%":2.3566378633,"TOR":1.8611985914,"AST\/TO":0.3333333333,"PPR":-2.7889411581,"USG%":12.6888093462,"aSP":28.6741573034,"ORtg":108.2724853305,"DRtg":95.5095969787,"Floor%":56.8252889984,"Stop%":0.5388902342,"FFI":62.6687592163,"PIE":2.3232323232,"AV":0.6104100091},"G. Quinal":{"TEAM":"EAC","SP":29.8181818182,"GP":11.0,"MPG":14.8878787879,"EWA":0.1310867272,"PER":12.4289008041,"WS":0.1885983919,"OWS":0.0896549318,"DWS":0.0989434601,"EFF":4.1818181818,"GmSc":3.2,"TS%":43.769895407,"EFG%":42.2619047619,"PPWS":0.8722741433,"FTR":0.1071428571,"REB%":5.9917986415,"OREB%":4.7154545491,"DREB%":7.3110691047,"AR":3.0906327108,"pAST%":12.9446009863,"TOR":2.7815694397,"AST\/TO":1.1111111111,"PPR":-1.3893615885,"USG%":24.7936775494,"aSP":29.4831460674,"ORtg":90.1536149096,"DRtg":99.1332173862,"Floor%":37.0730032002,"Stop%":0.4552886047,"FFI":43.7596033118,"PIE":2.4242424242,"AV":0.8411028006},"G. Loristo":{"TEAM":"EAC","SP":24.2727272727,"GP":11.0,"MPG":15.5484848485,"EWA":0.1245176143,"PER":12.2833428456,"WS":0.2771127236,"OWS":0.1355240974,"DWS":0.1415886262,"EFF":5.8181818182,"GmSc":3.3181818182,"TS%":66.5760869565,"EFG%":69.6428571429,"PPWS":1.3066666667,"FTR":0.7142857143,"REB%":8.0321164326,"OREB%":3.3863323231,"DREB%":12.8341488866,"AR":1.1837285916,"pAST%":4.3514895295,"TOR":3.5511857747,"AST\/TO":0.3333333333,"PPR":-5.3213279941,"USG%":11.9484869454,"aSP":24.0,"ORtg":98.9322821822,"DRtg":96.82704293,"Floor%":48.6638862292,"Stop%":0.5084950449,"FFI":63.3608985924,"PIE":3.2828282828,"AV":1.0774960475},"D. Ednilag":{"TEAM":"EAC","SP":48.5,"GP":2.0,"MPG":4.7,"EWA":0.0480073657,"PER":21.0854047929,"WS":0.0026723271,"OWS":-0.0206287812,"DWS":0.0233011082,"EFF":2.5,"GmSc":1.65,"TS%":59.5238095238,"EFG%":100.0,"PPWS":1.1428571429,"FTR":2.5,"REB%":20.8778061883,"OREB%":20.538145567,"DREB%":21.2288903731,"AR":0.0,"pAST%":0.0,"TOR":10.7689918499,"AST\/TO":0.0,"PPR":-20.7475181898,"USG%":27.6208912047,"aSP":47.9550561798,"ORtg":69.4501898176,"DRtg":79.8041508331,"Floor%":37.8973030912,"Stop%":0.9012352765,"FFI":103.9153811509,"PIE":0.0505050505,"AV":0.1592238821},"J. Manacho":{"TEAM":"EAC","SP":16.125,"GP":8.0,"MPG":4.2354166667,"EWA":0.0019927586,"PER":10.9382128344,"WS":0.031946536,"OWS":-0.0192931481,"DWS":0.0512396841,"EFF":1.625,"GmSc":0.825,"TS%":39.0625,"EFG%":36.3636363636,"PPWS":0.7678883072,"FTR":0.6363636364,"REB%":17.3759213332,"OREB%":2.8488721347,"DREB%":32.3915484196,"AR":2.987560946,"pAST%":11.2506794652,"TOR":2.987560946,"AST\/TO":1.0,"PPR":-1.9186096506,"USG%":19.8734729259,"aSP":15.9438202247,"ORtg":79.4526687304,"DRtg":89.770464332,"Floor%":41.8212064278,"Stop%":0.6712994789,"FFI":48.9137932813,"PIE":1.0101010101,"AV":0.3260154782},"J. Devera":{"TEAM":"EAC","SP":17.3333333333,"GP":6.0,"MPG":3.0972222222,"EWA":-0.0300296178,"PER":7.5719534433,"WS":0.0252717315,"OWS":-0.0359925195,"DWS":0.061264251,"EFF":0.8333333333,"GmSc":0.35,"TS%":17.3611111111,"EFG%":0.0,"PPWS":0.3389830508,"FTR":1.0,"REB%":5.2803061391,"OREB%":0.0,"DREB%":10.7382010498,"AR":2.7236374006,"pAST%":8.3727931262,"TOR":2.7236374006,"AST\/TO":1.0,"PPR":-1.7491181254,"USG%":8.7434324666,"aSP":17.138576779,"ORtg":41.2992303716,"DRtg":71.3711670066,"Floor%":22.535162684,"Stop%":1.0957951669,"FFI":39.3190906498,"PIE":-0.101010101,"AV":0.1592238821},"R. Postanes":{"TEAM":"EAC","SP":21.0,"GP":4.0,"MPG":3.0375,"EWA":-0.07085626,"PER":-0.9018998002,"WS":-0.0255962733,"OWS":-0.038343369,"DWS":0.0127470957,"EFF":-0.25,"GmSc":-0.075,"TS%":18.115942029,"EFG%":0.0,"PPWS":0.3448275862,"FTR":4.0,"REB%":8.076188402,"OREB%":7.9447970506,"DREB%":8.2119987451,"AR":0.0,"pAST%":0.0,"TOR":4.1657828555,"AST\/TO":0.0,"PPR":-8.0257889294,"USG%":12.9594156211,"aSP":20.7640449438,"ORtg":40.0258865806,"DRtg":94.5452792092,"Floor%":24.8634619276,"Stop%":0.5611382977,"FFI":85.5475136962,"PIE":-0.2525252525,"AV":null},"B. Angeles":{"TEAM":"EAC","SP":14.2222222222,