{"J. Devera":{"TEAM":"EAC","MINS":18.5833333332,"FGM":0.0,"FGA":2.0,"FG%":0.0,"2PM":0.0,"2PA":2.0,"2P%":0.0,"3PM":0.0,"3PA":0.0,"3P%":0.0,"FTM":1.0,"FTA":2.0,"FT%":50.0,"PTS":1.0,"OFF":0.0,"DEF":2.0,"REB":2.0,"AST":1.0,"TO":1.0,"STL":5.0,"BLK":0.0,"STK":5.0,"PF":6.0,"Fls on:":2.0,"+\/-":-10.0,"GW":2.0,"GP":6.0},"J. Luciano":{"TEAM":"EAC","MINS":195.1666666669,"FGM":17.0,"FGA":42.0,"FG%":40.4761904762,"2PM":11.0,"2PA":27.0,"2P%":40.7407407407,"3PM":6.0,"3PA":15.0,"3P%":40.0,"FTM":5.0,"FTA":10.0,"FT%":50.0,"PTS":45.0,"OFF":9.0,"DEF":28.0,"REB":37.0,"AST":8.0,"TO":10.0,"STL":1.0,"BLK":0.0,"STK":1.0,"PF":18.0,"Fls on:":13.0,"+\/-":-79.0,"GW":7.0,"GP":14.0},"N. Ochavo":{"TEAM":"EAC","MINS":215.7166666667,"FGM":18.0,"FGA":64.0,"FG%":28.125,"2PM":9.0,"2PA":35.0,"2P%":25.7142857143,"3PM":9.0,"3PA":29.0,"3P%":31.0344827586,"FTM":24.0,"FTA":35.0,"FT%":68.5714285714,"PTS":69.0,"OFF":22.0,"DEF":19.0,"REB":41.0,"AST":55.0,"TO":19.0,"STL":14.0,"BLK":0.0,"STK":14.0,"PF":19.0,"Fls on:":38.0,"+\/-":70.0,"GW":7.0,"GP":14.0},"J. Manacho":{"TEAM":"EAC","MINS":39.5500000001,"FGM":4.0,"FGA":11.0,"FG%":36.3636363636,"2PM":4.0,"2PA":11.0,"2P%":36.3636363636,"3PM":0.0,"3PA":0.0,"3P%":0.0,"FTM":3.0,"FTA":7.0,"FT%":42.8571428571,"PTS":11.0,"OFF":1.0,"DEF":11.0,"REB":12.0,"AST":2.0,"TO":2.0,"STL":0.0,"BLK":1.0,"STK":1.0,"PF":3.0,"Fls on:":6.0,"+\/-":-11.0,"GW":5.0,"GP":9.0},"P. Bagay":{"TEAM":"EAC","MINS":134.0833333333,"FGM":28.0,"FGA":55.0,"FG%":50.9090909091,"2PM":24.0,"2PA":42.0,"2P%":57.1428571429,"3PM":4.0,"3PA":13.0,"3P%":30.7692307692,"FTM":12.0,"FTA":22.0,"FT%":54.5454545455,"PTS":72.0,"OFF":16.0,"DEF":11.0,"REB":27.0,"AST":5.0,"TO":5.0,"STL":1.0,"BLK":0.0,"STK":1.0,"PF":14.0,"Fls on:":15.0,"+\/-":0.0,"GW":7.0,"GP":14.0},"N. Lucero":{"TEAM":"EAC","MINS":159.8333333333,"FGM":18.0,"FGA":80.0,"FG%":22.5,"2PM":18.0,"2PA":68.0,"2P%":26.4705882353,"3PM":0.0,"3PA":12.0,"3P%":0.0,"FTM":20.0,"FTA":29.0,"FT%":68.9655172414,"PTS":56.0,"OFF":4.0,"DEF":17.0,"REB":21.0,"AST":44.0,"TO":29.0,"STL":8.0,"BLK":1.0,"STK":9.0,"PF":36.0,"Fls on:":27.0,"+\/-":-41.0,"GW":7.0,"GP":13.0},"B. Angeles":{"TEAM":"EAC","MINS":52.1666666667,"FGM":4.0,"FGA":6.0,"FG%":66.6666666667,"2PM":3.0,"2PA":3.0,"2P%":100.0,"3PM":1.0,"3PA":3.0,"3P%":33.3333333333,"FTM":0.0,"FTA":2.0,"FT%":0.0,"PTS":9.0,"OFF":2.0,"DEF":10.0,"REB":12.0,"AST":6.0,"TO":5.0,"STL":0.0,"BLK":0.0,"STK":0.0,"PF":9.0,"Fls on:":2.0,"+\/-":-30.0,"GW":6.0,"GP":11.0},"G. Quinal":{"TEAM":"EAC","MINS":205.8333333331,"FGM":37.0,"FGA":109.0,"FG%":33.9449541284,"2PM":15.0,"2PA":38.0,"2P%":39.4736842105,"3PM":22.0,"3PA":71.0,"3P%":30.985915493,"FTM":10.0,"FTA":14.0,"FT%":71.4285714286,"PTS":106.0,"OFF":14.0,"DEF":18.0,"REB":32.0,"AST":12.0,"TO":12.0,"STL":8.0,"BLK":0.0,"STK":8.0,"PF":23.0,"Fls on:":12.0,"+\/-":45.0,"GW":7.0,"GP":14.0},"R. Postanes":{"TEAM":"EAC","MINS":12.15,"FGM":0.0,"FGA":1.0,"FG%":0.0,"2PM":0.0,"2PA":1.0,"2P%":0.0,"3PM":0.0,"3PA":0.0,"3P%":0.0,"FTM":1.0,"FTA":4.0,"FT%":25.0,"PTS":1.0,"OFF":1.0,"DEF":1.0,"REB":2.0,"AST":0.0,"TO":1.0,"STL":1.0,"BLK":0.0,"STK":1.0,"PF":1.0,"Fls on:":2.0,"+\/-":-10.0,"GW":0.0,"GP":4.0},"J. Bacud":{"TEAM":"EAC","MINS":112.1166666667,"FGM":11.0,"FGA":23.0,"FG%":47.8260869565,"2PM":10.0,"2PA":21.0,"2P%":47.619047619,"3PM":1.0,"3PA":2.0,"3P%":50.0,"FTM":2.0,"FTA":7.0,"FT%":28.5714285714,"PTS":25.0,"OFF":15.0,"DEF":20.0,"REB":35.0,"AST":4.0,"TO":3.0,"STL":3.0,"BLK":1.0,"STK":4.0,"PF":9.0,"Fls on:":8.0,"+\/-":-1.0,"GW":6.0,"GP":12.0},"G. Loristo":{"TEAM":"EAC","MINS":219.2333333333,"FGM":24.0,"FGA":38.0,"FG%":63.1578947368,"2PM":21.0,"2PA":31.0,"2P%":67.7419354839,"3PM":3.0,"3PA":7.0,"3P%":42.8571428571,"FTM":14.0,"FTA":26.0,"FT%":53.8461538462,"PTS":65.0,"OFF":7.0,"DEF":34.0,"REB":41.0,"AST":6.0,"TO":14.0,"STL":3.0,"BLK":17.0,"STK":20.0,"PF":29.0,"Fls on:":25.0,"+\/-":-5.0,"GW":7.0,"GP":14.0},"D. Ednilag":{"TEAM":"EAC","MINS":20.6833333333,"FGM":3.0,"FGA":3.0,"FG%":100.0,"2PM":3.0,"2PA":3.0,"2P%":100.0,"3PM":0.0,"3PA":0.0,"3P%":0.0,"FTM":2.0,"FTA":6.0,"FT%":33.3333333333,"PTS":8.0,"OFF":3.0,"DEF":3.0,"REB":6.0,"AST":0.0,"TO":2.0,"STL":1.0,"BLK":1.0,"STK":2.0,"PF":8.0,"Fls on:":5.0,"+\/-":2.0,"GW":1.0,"GP":4.0},"E. Umpad":{"TEAM":"EAC","MINS":92.1999999998,"FGM":6.0,"FGA":12.0,"FG%":50.0,"2PM":6.0,"2PA":12.0,"2P%":50.0,"3PM":0.0,"3PA":0.0,"3P%":0.0,"FTM":0.0,"FTA":4.0,"FT%":0.0,"PTS":12.0,"OFF":10.0,"DEF":10.0,"REB":20.0,"AST":2.0,"TO":12.0,"STL":0.0,"BLK":4.0,"STK":4.0,"PF":14.0,"Fls on:":9.0,"+\/-":-33.0,"GW":4.0,"GP":11.0},"A. Doromal":{"TEAM":"EAC","MINS":199.7499999999,"FGM":18.0,"FGA":87.0,"FG%":20.6896551724,"2PM":11.0,"2PA":51.0,"2P%":21.568627451,"3PM":7.0,"3PA":36.0,"3P%":19.4444444444,"FTM":7.0,"FTA":17.0,"FT%":41.1764705882,"PTS":50.0,"OFF":4.0,"DEF":21.0,"REB":25.0,"AST":26.0,"TO":18.0,"STL":6.0,"BLK":1.0,"STK":7.0,"PF":15.0,"Fls on:":14.0,"+\/-":-20.0,"GW":6.0,"GP":12.0},"K. Gurtiza":{"TEAM":"EAC","MINS":392.8166666666,"FGM":69.0,"FGA":226.0,"FG%":30.5309734513,"2PM":35.0,"2PA":119.0,"2P%":29.4117647059,"3PM":34.0,"3PA":107.0,"3P%":31.7757009346,"FTM":46.0,"FTA":69.0,"FT%":66.6666666667,"PTS":218.0,"OFF":24.0,"DEF":35.0,"REB":59.0,"AST":40.0,"TO":20.0,"STL":14.0,"BLK":8.0,"STK":22.0,"PF":23.0,"Fls on:":49.0,"+\/-":1.0,"GW":7.0,"GP":14.0},"H. Pagsanjan":{"TEAM":"EAC","MINS":341.4333333335,"FGM":58.0,"FGA":124.0,"FG%":46.7741935484,"2PM":49.0,"2PA":91.0,"2P%":53.8461538462,"3PM":9.0,"3PA":33.0,"3P%":27.2727272727,"FTM":32.0,"FTA":52.0,"FT%":61.5384615385,"PTS":157.0,"OFF":17.0,"DEF":57.0,"REB":74.0,"AST":23.0,"TO":14.0,"STL":13.0,"BLK":5.0,"STK":18.0,"PF":40.0,"Fls on:":40.0,"+\/-":34.0,"GW":7.0,"GP":14.0},"W. Oftana":{"TEAM":"EAC","MINS":295.65,"FGM":42.0,"FGA":111.0,"FG%":37.8378378378,"2PM":19.0,"2PA":45.0,"2P%":42.2222222222,"3PM":23.0,"3PA":66.0,"3P%":34.8484848485,"FTM":12.0,"FTA":23.0,"FT%":52.1739130435,"PTS":119.0,"OFF":20.0,"DEF":69.0,"REB":89.0,"AST":15.0,"TO":10.0,"STL":24.0,"BLK":13.0,"STK":37.0,"PF":40.0,"Fls on:":23.0,"+\/-":62.0,"GW":7.0,"GP":14.0},"K. Jacob":{"TEAM":"EAC","MINS":116.3666666666,"FGM":13.0,"FGA":23.0,"FG%":56.5217391304,"2PM":13.0,"2PA":23.0,"2P%":56.5217391304,"3PM":0.0,"3PA":0.0,"3P%":0.0,"FTM":7.0,"FTA":16.0,"FT%":43.75,"PTS":33.0,"OFF":6.0,"DEF":17.0,"REB":23.0,"AST":3.0,"TO":3.0,"STL":5.0,"BLK":0.0,"STK":5.0,"PF":7.0,"Fls on:":16.0,"+\/-":54.0,"GW":5.0,"GP":8.0}}