{"J. Manacho":{"TEAM":"EAC","MINS":4.2354166667,"FGM":0.5,"FGA":1.375,"FG%":36.3636363636,"2PM":0.5,"2PA":1.375,"2P%":36.3636363636,"3PM":0.0,"3PA":0.0,"3P%":0.0,"FTM":0.375,"FTA":0.875,"FT%":42.8571428571,"PTS":1.375,"OFF":0.125,"DEF":1.375,"REB":1.5,"AST":0.25,"TO":0.25,"STL":0.0,"BLK":0.125,"STK":0.125,"PF":0.25,"Fls on:":0.625,"+\/-":-0.375,"GP":8.0},"J. Luciano":{"TEAM":"EAC","MINS":14.2924242424,"FGM":1.3636363636,"FGA":3.4545454545,"FG%":39.4736842105,"2PM":0.9090909091,"2PA":2.2727272727,"2P%":40.0,"3PM":0.4545454545,"3PA":1.1818181818,"3P%":38.4615384615,"FTM":0.4545454545,"FTA":0.9090909091,"FT%":50.0,"PTS":3.6363636364,"OFF":0.6363636364,"DEF":2.0909090909,"REB":2.7272727273,"AST":0.6363636364,"TO":0.7272727273,"STL":0.0909090909,"BLK":0.0,"STK":0.0909090909,"PF":1.2727272727,"Fls on:":1.0909090909,"+\/-":-7.3636363636,"GP":11.0},"K. Gurtiza":{"TEAM":"EAC","MINS":28.0378787879,"FGM":5.0,"FGA":15.6363636364,"FG%":31.976744186,"2PM":2.6363636364,"2PA":8.2727272727,"2P%":31.8681318681,"3PM":2.3636363636,"3PA":7.3636363636,"3P%":32.0987654321,"FTM":3.2727272727,"FTA":4.8181818182,"FT%":67.9245283019,"PTS":15.6363636364,"OFF":1.6363636364,"DEF":2.1818181818,"REB":3.8181818182,"AST":2.8181818182,"TO":1.5454545455,"STL":1.0,"BLK":0.3636363636,"STK":1.3636363636,"PF":1.6363636364,"Fls on:":3.3636363636,"+\/-":0.8181818182,"GP":11.0},"N. Lucero":{"TEAM":"EAC","MINS":12.9533333333,"FGM":1.1,"FGA":5.9,"FG%":18.6440677966,"2PM":1.1,"2PA":4.9,"2P%":22.4489795918,"3PM":0.0,"3PA":1.0,"3P%":0.0,"FTM":1.8,"FTA":2.4,"FT%":75.0,"PTS":4.0,"OFF":0.2,"DEF":1.3,"REB":1.5,"AST":3.8,"TO":2.4,"STL":0.7,"BLK":0.1,"STK":0.8,"PF":2.6,"Fls on:":2.2,"+\/-":-3.0,"GP":10.0},"B. Angeles":{"TEAM":"EAC","MINS":4.9222222222,"FGM":0.4444444444,"FGA":0.6666666667,"FG%":66.6666666667,"2PM":0.3333333333,"2PA":0.3333333333,"2P%":100.0,"3PM":0.1111111111,"3PA":0.3333333333,"3P%":33.3333333333,"FTM":0.0,"FTA":0.2222222222,"FT%":0.0,"PTS":1.0,"OFF":0.2222222222,"DEF":0.8888888889,"REB":1.1111111111,"AST":0.5555555556,"TO":0.5555555556,"STL":0.0,"BLK":0.0,"STK":0.0,"PF":0.8888888889,"Fls on:":0.2222222222,"+\/-":-2.5555555556,"GP":9.0},"N. Ochavo":{"TEAM":"EAC","MINS":15.3772727273,"FGM":1.0909090909,"FGA":4.6363636364,"FG%":23.5294117647,"2PM":0.6363636364,"2PA":2.6363636364,"2P%":24.1379310345,"3PM":0.4545454545,"3PA":2.0,"3P%":22.7272727273,"FTM":2.1818181818,"FTA":3.0,"FT%":72.7272727273,"PTS":4.8181818182,"OFF":1.5454545455,"DEF":1.3636363636,"REB":2.9090909091,"AST":4.0909090909,"TO":1.2727272727,"STL":1.1818181818,"BLK":0.0,"STK":1.1818181818,"PF":1.4545454545,"Fls on:":3.0909090909,"+\/-":3.6363636364,"GP":11.0},"P. Bagay":{"TEAM":"EAC","MINS":9.2606060606,"FGM":2.3636363636,"FGA":4.1818181818,"FG%":56.5217391304,"2PM":2.0,"2PA":3.3636363636,"2P%":59.4594594595,"3PM":0.3636363636,"3PA":0.8181818182,"3P%":44.4444444444,"FTM":1.0,"FTA":1.8181818182,"FT%":55.0,"PTS":6.0909090909,"OFF":1.1818181818,"DEF":0.7272727273,"REB":1.9090909091,"AST":0.1818181818,"TO":0.2727272727,"STL":0.0909090909,"BLK":0.0,"STK":0.0909090909,"PF":0.8181818182,"Fls on:":1.2727272727,"+\/-":0.5454545455,"GP":11.0},"R. Postanes":{"TEAM":"EAC","MINS":3.0375,"FGM":0.0,"FGA":0.25,"FG%":0.0,"2PM":0.0,"2PA":0.25,"2P%":0.0,"3PM":0.0,"3PA":0.0,"3P%":0.0,"FTM":0.25,"FTA":1.0,"FT%":25.0,"PTS":0.25,"OFF":0.25,"DEF":0.25,"REB":0.5,"AST":0.0,"TO":0.25,"STL":0.25,"BLK":0.0,"STK":0.25,"PF":0.25,"Fls on:":0.5,"+\/-":-2.5,"GP":4.0},"W. Oftana":{"TEAM":"EAC","MINS":21.2015151515,"FGM":2.9090909091,"FGA":8.0,"FG%":36.3636363636,"2PM":1.2727272727,"2PA":3.2727272727,"2P%":38.8888888889,"3PM":1.6363636364,"3PA":4.7272727273,"3P%":34.6153846154,"FTM":0.8181818182,"FTA":1.7272727273,"FT%":47.3684210526,"PTS":8.2727272727,"OFF":1.3636363636,"DEF":4.7272727273,"REB":6.0909090909,"AST":0.9090909091,"TO":0.8181818182,"STL":1.9090909091,"BLK":1.0909090909,"STK":3.0,"PF":2.9090909091,"Fls on:":1.8181818182,"+\/-":4.0909090909,"GP":11.0},"A. Doromal":{"TEAM":"EAC","MINS":17.2555555555,"FGM":1.5555555556,"FGA":7.5555555556,"FG%":20.5882352941,"2PM":0.8888888889,"2PA":4.1111111111,"2P%":21.6216216216,"3PM":0.6666666667,"3PA":3.4444444444,"3P%":19.3548387097,"FTM":0.7777777778,"FTA":1.4444444444,"FT%":53.8461538462,"PTS":4.5555555556,"OFF":0.2222222222,"DEF":1.6666666667,"REB":1.8888888889,"AST":2.1111111111,"TO":1.5555555556,"STL":0.3333333333,"BLK":0.1111111111,"STK":0.4444444444,"PF":1.2222222222,"Fls on:":1.1111111111,"+\/-":-1.5555555556,"GP":9.0},"K. Jacob":{"TEAM":"EAC","MINS":13.5972222222,"FGM":1.6666666667,"FGA":2.6666666667,"FG%":62.5,"2PM":1.6666666667,"2PA":2.6666666667,"2P%":62.5,"3PM":0.0,"3PA":0.0,"3P%":0.0,"FTM":1.0,"FTA":2.1666666667,"FT%":46.1538461538,"PTS":4.3333333333,"OFF":0.6666666667,"DEF":1.8333333333,"REB":2.5,"AST":0.1666666667,"TO":0.5,"STL":0.6666666667,"BLK":0.0,"STK":0.6666666667,"PF":0.8333333333,"Fls on:":1.5,"+\/-":6.0,"GP":6.0},"J. Devera":{"TEAM":"EAC","MINS":3.0972222222,"FGM":0.0,"FGA":0.3333333333,"FG%":0.0,"2PM":0.0,"2PA":0.3333333333,"2P%":0.0,"3PM":0.0,"3PA":0.0,"3P%":0.0,"FTM":0.1666666667,"FTA":0.3333333333,"FT%":50.0,"PTS":0.1666666667,"OFF":0.0,"DEF":0.3333333333,"REB":0.3333333333,"AST":0.1666666667,"TO":0.1666666667,"STL":0.8333333333,"BLK":0.0,"STK":0.8333333333,"PF":1.0,"Fls on:":0.3333333333,"+\/-":-1.6666666667,"GP":6.0},"E. Umpad":{"TEAM":"EAC","MINS":8.68,"FGM":0.6,"FGA":1.1,"FG%":54.5454545455,"2PM":0.6,"2PA":1.1,"2P%":54.5454545455,"3PM":0.0,"3PA":0.0,"3P%":0.0,"FTM":0.0,"FTA":0.4,"FT%":0.0,"PTS":1.2,"OFF":1.0,"DEF":1.0,"REB":2.0,"AST":0.2,"TO":1.2,"STL":0.0,"BLK":0.4,"STK":0.4,"PF":1.4,"Fls on:":0.8,"+\/-":-2.0,"GP":10.0},"J. Bacud":{"TEAM":"EAC","MINS":8.9611111111,"FGM":0.7777777778,"FGA":1.5555555556,"FG%":50.0,"2PM":0.7777777778,"2PA":1.4444444444,"2P%":53.8461538462,"3PM":0.0,"3PA":0.1111111111,"3P%":0.0,"FTM":0.2222222222,"FTA":0.5555555556,"FT%":40.0,"PTS":1.7777777778,"OFF":1.4444444444,"DEF":1.7777777778,"REB":3.2222222222,"AST":0.4444444444,"TO":0.2222222222,"STL":0.3333333333,"BLK":0.0,"STK":0.3333333333,"PF":0.8888888889,"Fls on:":0.7777777778,"+\/-":-0.8888888889,"GP":9.0},"D. Ednilag":{"TEAM":"EAC","MINS":4.7,"FGM":1.0,"FGA":1.0,"FG%":100.0,"2PM":1.0,"2PA":1.0,"2P%":100.0,"3PM":0.0,"3PA":0.0,"3P%":0.0,"FTM":0.5,"FTA":2.5,"FT%":20.0,"PTS":2.5,"OFF":1.0,"DEF":1.0,"REB":2.0,"AST":0.0,"TO":1.0,"STL":0.5,"BLK":0.5,"STK":1.0,"PF":1.5,"Fls on:":1.5,"+\/-":-2.0,"GP":2.0},"H. Pagsanjan":{"TEAM":"EAC","MINS":24.2575757576,"FGM":3.8181818182,"FGA":8.3636363636,"FG%":45.652173913,"2PM":3.3636363636,"2PA":6.4545454545,"2P%":52.1126760563,"3PM":0.4545454545,"3PA":1.9090909091,"3P%":23.8095238095,"FTM":2.0909090909,"FTA":3.4545454545,"FT%":60.5263157895,"PTS":10.1818181818,"OFF":1.1818181818,"DEF":3.9090909091,"REB":5.0909090909,"AST":1.1818181818,"TO":1.0909090909,"STL":0.8181818182,"BLK":0.3636363636,"STK":1.1818181818,"PF":2.9090909091,"Fls on:":2.6363636364,"+\/-":1.1818181818,"GP":11.0},"G. Quinal":{"TEAM":"EAC","MINS":14.8878787879,"FGM":2.5454545455,"FGA":7.6363636364,"FG%":33.3333333333,"2PM":1.1818181818,"2PA":2.6363636364,"2P%":44.8275862069,"3PM":1.3636363636,"3PA":5.0,"3P%":27.2727272727,"FTM":0.5454545455,"FTA":0.8181818182,"FT%":66.6666666667,"PTS":7.0,"OFF":0.7272727273,"DEF":1.0909090909,"REB":1.8181818182,"AST":0.9090909091,"TO":0.8181818182,"STL":0.6363636364,"BLK":0.0,"STK":0.6363636364,"PF":1.6363636364,"Fls on:":0.7272727273,"+\/-":2.2727272727,"GP":11.0},"G. Loristo":{"TEAM":"EAC","MINS":15.5484848485,"FGM":1.6363636364,"FGA":2.5454545455,"FG%":64.2857142857,"2PM":1.3636363636,"2PA":2.0,"2P%":68.1818181818,"3PM":0.2727272727,"3PA":0.5454545455,"3P%":50.0,"FTM":0.9090909091,"FTA":1.8181818182,"FT%":50.0,"PTS":4.4545454545,"OFF":0.5454545455,"DEF":2.0,"REB":2.5454545455,"AST":0.3636363636,"TO":1.0909090909,"STL":0.1818181818,"BLK":1.1818181818,"STK":1.3636363636,"PF":2.0,"Fls on:":1.4545454545,"+\/-":-0.7272727273,"GP":11.0}}