{"J. Bacud":{"TEAM":"EAC","MINS":8.8883333333,"FGM":2.7001687605,"FGA":5.7378586162,"FG%":47.0588235294,"2PM":2.3626476655,"2PA":5.062816426,"2P%":46.6666666667,"3PM":0.3375210951,"3PA":0.6750421901,"3P%":50.0,"FTM":0.6750421901,"FTA":1.6876054753,"FT%":40.0,"PTS":6.4129008063,"OFF":4.3877742359,"DEF":5.7378586162,"REB":10.125632852,"AST":1.3500843803,"TO":1.0125632852,"STL":1.0125632852,"BLK":0.3375210951,"STK":1.3500843803,"PF":3.0376898556,"Fls on:":2.3626476655,"+\/-":-1.6876054753,"GW":5.0,"GP":10.0},"K. Jacob":{"TEAM":"EAC","MINS":14.119047619,"FGM":3.3389544688,"FGA":5.7672849916,"FG%":57.8947368421,"2PM":3.3389544688,"2PA":5.7672849916,"2P%":57.8947368421,"3PM":0.0,"3PA":0.0,"3P%":0.0,"FTM":2.1247892074,"FTA":4.2495784148,"FT%":50.0,"PTS":8.802698145,"OFF":1.5177065767,"DEF":4.8566610455,"REB":6.3743676223,"AST":0.6070826307,"TO":0.910623946,"STL":1.2141652614,"BLK":0.0,"STK":1.2141652614,"PF":1.8212478921,"Fls on:":3.6424957841,"+\/-":14.2664418213,"GW":4.0,"GP":7.0},"E. Umpad":{"TEAM":"EAC","MINS":8.68,"FGM":2.0737327189,"FGA":3.801843318,"FG%":54.5454545455,"2PM":2.0737327189,"2PA":3.801843318,"2P%":54.5454545455,"3PM":0.0,"3PA":0.0,"3P%":0.0,"FTM":0.0,"FTA":1.3824884793,"FT%":0.0,"PTS":4.1474654378,"OFF":3.4562211982,"DEF":3.4562211982,"REB":6.9124423963,"AST":0.6912442396,"TO":4.1474654378,"STL":0.0,"BLK":1.3824884793,"STK":1.3824884793,"PF":4.8387096774,"Fls on:":2.7649769585,"+\/-":-6.9124423963,"GW":4.0,"GP":10.0},"N. Lucero":{"TEAM":"EAC","MINS":12.8560606061,"FGM":3.1820860342,"FGA":14.2133176193,"FG%":22.3880597015,"2PM":3.1820860342,"2PA":11.8797878609,"2P%":26.7857142857,"3PM":0.0,"3PA":2.3335297584,"3P%":0.0,"FTM":4.03064231,"FTA":5.7277548615,"FT%":70.3703703704,"PTS":10.3948143783,"OFF":0.4242781379,"DEF":2.9699469652,"REB":3.3942251031,"AST":8.4855627578,"TO":5.3034767236,"STL":1.4849734826,"BLK":0.2121390689,"STK":1.6971125516,"PF":6.5763111373,"Fls on:":5.0913376547,"+\/-":-8.2734236889,"GW":6.0,"GP":11.0},"D. Ednilag":{"TEAM":"EAC","MINS":4.7,"FGM":6.3829787234,"FGA":6.3829787234,"FG%":100.0,"2PM":6.3829787234,"2PA":6.3829787234,"2P%":100.0,"3PM":0.0,"3PA":0.0,"3P%":0.0,"FTM":3.1914893617,"FTA":15.9574468085,"FT%":20.0,"PTS":15.9574468085,"OFF":6.3829787234,"DEF":6.3829787234,"REB":12.7659574468,"AST":0.0,"TO":6.3829787234,"STL":3.1914893617,"BLK":3.1914893617,"STK":6.3829787234,"PF":9.5744680851,"Fls on:":9.5744680851,"+\/-":-12.7659574468,"GW":0.0,"GP":2.0},"G. Loristo":{"TEAM":"EAC","MINS":14.725,"FGM":3.2258064516,"FGA":4.9235993209,"FG%":65.5172413793,"2PM":2.7164685908,"2PA":3.9049235993,"2P%":69.5652173913,"3PM":0.5093378608,"3PA":1.0186757216,"3P%":50.0,"FTM":1.8675721562,"FTA":3.9049235993,"FT%":47.8260869565,"PTS":8.8285229202,"OFF":1.0186757216,"DEF":3.7351443124,"REB":4.753820034,"AST":0.6791171477,"TO":2.0373514431,"STL":0.3395585739,"BLK":2.2071307301,"STK":2.5466893039,"PF":4.0747028862,"Fls on:":3.0560271647,"+\/-":-2.7164685908,"GW":6.0,"GP":12.0},"G. Quinal":{"TEAM":"EAC","MINS":14.6222222222,"FGM":5.3001519757,"FGA":15.2165653496,"FG%":34.8314606742,"2PM":2.3936170213,"2PA":5.4711246201,"2P%":43.75,"3PM":2.9065349544,"3PA":9.7454407295,"3P%":29.8245614035,"FTM":1.5387537994,"FTA":2.2226443769,"FT%":69.2307692308,"PTS":15.0455927052,"OFF":1.5387537994,"DEF":2.2226443769,"REB":3.7613981763,"AST":1.8806990881,"TO":1.7097264438,"STL":1.1968085106,"BLK":0.0,"STK":1.1968085106,"PF":3.2484802432,"Fls on:":1.5387537994,"+\/-":4.2743161094,"GW":6.0,"GP":12.0},"N. Ochavo":{"TEAM":"EAC","MINS":15.2611111111,"FGM":2.1295959228,"FGA":8.6821987623,"FG%":24.5283018868,"2PM":1.1467054969,"2PA":4.7506370586,"2P%":24.1379310345,"3PM":0.9828904259,"3PA":3.9315617037,"3P%":25.0,"FTM":3.9315617037,"FTA":5.4058973426,"FT%":72.7272727273,"PTS":9.1736439752,"OFF":2.7848562068,"DEF":2.6210411358,"REB":5.4058973426,"AST":8.1907535493,"TO":2.6210411358,"STL":2.1295959228,"BLK":0.0,"STK":2.1295959228,"PF":2.7848562068,"Fls on:":5.7335274845,"+\/-":8.1907535493,"GW":6.0,"GP":12.0},"J. Manacho":{"TEAM":"EAC","MINS":4.3944444445,"FGM":3.0341340076,"FGA":8.3438685208,"FG%":36.3636363636,"2PM":3.0341340076,"2PA":8.3438685208,"2P%":36.3636363636,"3PM":0.0,"3PA":0.0,"3P%":0.0,"FTM":2.2756005057,"FTA":5.3097345133,"FT%":42.8571428571,"PTS":8.3438685208,"OFF":0.7585335019,"DEF":8.3438685208,"REB":9.1024020227,"AST":1.5170670038,"TO":1.5170670038,"STL":0.0,"BLK":0.7585335019,"STK":0.7585335019,"PF":2.2756005057,"Fls on:":4.5512010114,"+\/-":-8.3438685208,"GW":5.0,"GP":9.0},"J. Luciano":{"TEAM":"EAC","MINS":14.4277777778,"FGM":2.9457065845,"FGA":7.1043511744,"FG%":41.4634146341,"2PM":1.906045437,"2PA":4.6784751636,"2P%":40.7407407407,"3PM":1.0396611475,"3PA":2.4258760108,"3P%":42.8571428571,"FTM":0.8663842896,"FTA":1.7327685791,"FT%":50.0,"PTS":7.7974586061,"OFF":1.3862148633,"DEF":4.3319214478,"REB":5.7181363111,"AST":1.2129380054,"TO":1.3862148633,"STL":0.1732768579,"BLK":0.0,"STK":0.1732768579,"PF":2.5991528687,"Fls on:":2.079322295,"+\/-":-12.8224874855,"GW":6.0,"GP":12.0},"K. Gurtiza":{"TEAM":"EAC","MINS":28.1430555556,"FGM":5.4187435227,"FGA":17.1445491783,"FG%":31.6062176166,"2PM":2.6649558308,"2PA":8.9720179638,"2P%":29.702970297,"3PM":2.7537876919,"3PA":8.1725312145,"3P%":33.6956521739,"FTM":4.0862656073,"FTA":5.7740709668,"FT%":70.7692307692,"PTS":17.6775403445,"OFF":1.7766372206,"DEF":2.3984602477,"REB":4.1750974683,"AST":3.109115136,"TO":1.5989734985,"STL":1.0659823323,"BLK":0.5329911662,"STK":1.5989734985,"PF":1.6878053595,"Fls on:":3.9974337462,"+\/-":1.3324779154,"GW":6.0,"GP":12.0},"R. Postanes":{"TEAM":"EAC","MINS":3.0375,"FGM":0.0,"FGA":2.4691358025,"FG%":0.0,"2PM":0.0,"2PA":2.4691358025,"2P%":0.0,"3PM":0.0,"3PA":0.0,"3P%":0.0,"FTM":2.4691358025,"FTA":9.8765432099,"FT%":25.0,"PTS":2.4691358025,"OFF":2.4691358025,"DEF":2.4691358025,"REB":4.9382716049,"AST":0.0,"TO":2.4691358025,"STL":2.4691358025,"BLK":0.0,"STK":2.4691358025,"PF":2.4691358025,"Fls on:":4.9382716049,"+\/-":-24.6913580247,"GW":0.0,"GP":4.0},"H. Pagsanjan":{"TEAM":"EAC","MINS":24.6222222222,"FGM":4.9751805054,"FGA":10.458032491,"FG%":47.572815534,"2PM":4.3659747292,"2PA":8.0212093863,"2P%":54.4303797468,"3PM":0.6092057762,"3PA":2.4368231047,"3P%":25.0,"FTM":2.4368231047,"FTA":4.2644404332,"FT%":57.1428571429,"PTS":12.9963898917,"OFF":1.5230144404,"DEF":5.0767148014,"REB":6.5997292419,"AST":1.6245487365,"TO":1.3199458484,"STL":1.0153429603,"BLK":0.5076714801,"STK":1.5230144404,"PF":3.452166065,"Fls on:":3.452166065,"+\/-":3.0460288809,"GW":6.0,"GP":12.0},"P. Bagay":{"TEAM":"EAC","MINS":8.9958333333,"FGM":7.5034738305,"FGA":13.0616025938,"FG%":57.4468085106,"2PM":6.3918480778,"2PA":10.5604446503,"2P%":60.5263157895,"3PM":1.1116257527,"3PA":2.5011579435,"3P%":44.4444444444,"FTM":3.0569708198,"FTA":5.5581287633,"FT%":55.0,"PTS":19.1755442335,"OFF":3.8906901343,"DEF":2.2232515053,"REB":6.1139416397,"AST":0.8337193145,"TO":0.8337193145,"STL":0.2779064382,"BLK":0.0,"STK":0.2779064382,"PF":2.5011579435,"Fls on:":3.8906901343,"+\/-":-1.3895321908,"GW":6.0,"GP":12.0},"J. Devera":{"TEAM":"EAC","MINS":3.0972222222,"FGM":0.0,"FGA":3.2286995516,"FG%":0.0,"2PM":0.0,"2PA":3.2286995516,"2P%":0.0,"3PM":0.0,"3PA":0.0,"3P%":0.0,"FTM":1.6143497758,"FTA":3.2286995516,"FT%":50.0,"PTS":1.6143497758,"OFF":0.0,"DEF":3.2286995516,"REB":3.2286995516,"AST":1.6143497758,"TO":1.6143497758,"STL":8.071748879,"BLK":0.0,"STK":8.071748879,"PF":9.6860986548,"Fls on:":3.2286995516,"+\/-":-16.143497758,"GW":2.0,"GP":6.0},"B. Angeles":{"TEAM":"EAC","MINS":4.8083333333,"FGM":2.4956672444,"FGA":3.7435008665,"FG%":66.6666666667,"2PM":1.8717504333,"2PA":1.8717504333,"2P%":100.0,"3PM":0.6239168111,"3PA":1.8717504333,"3P%":33.3333333333,"FTM":0.0,"FTA":1.2478336222,"FT%":0.0,"PTS":5.6152512998,"OFF":1.2478336222,"DEF":5.6152512998,"REB":6.863084922,"AST":3.1195840555,"TO":3.1195840555,"STL":0.0,"BLK":0.0,"STK":0.0,"PF":4.9913344887,"Fls on:":1.2478336222,"+\/-":-14.3500866551,"GW":6.0,"GP":10.0},"W. Oftana":{"TEAM":"EAC","MINS":21.6083333333,"FGM":4.3964519861,"FGA":11.5696104898,"FG%":38.0,