{"J. Guiab":{"TEAM":"JRU","SP":59.5714285714,"GP":14.0,"MPG":26.2035714286,"EWA":3.5804180719,"PER":30.4373921887,"WS":2.3596852225,"OWS":2.3722843946,"DWS":-0.0125991722,"EFF":18.2142857143,"GmSc":13.8928571429,"TS%":65.4789995281,"EFG%":59.7744360902,"PPWS":1.3095799906,"FTR":0.6240601504,"REB%":12.492392889,"OREB%":9.5952023988,"DREB%":15.6811245607,"AR":4.8978030956,"pAST%":21.0794960495,"TOR":2.7987446261,"AST\/TO":1.75,"PPR":0.9118123568,"USG%":21.9096721726,"aSP":59.5714285714,"ORtg":130.1358883357,"DRtg":105.6478946468,"Floor%":63.0303122587,"Stop%":0.4772570292,"FFI":59.490031015,"PIE":15.1788941091,"AV":3.0386861094},"S. Argente":{"TEAM":"JRU","SP":47.5,"GP":14.0,"MPG":22.2488095238,"EWA":1.5448794006,"PER":20.7890971008,"WS":1.1712508853,"OWS":1.2668538535,"DWS":-0.0956029681,"EFF":9.1428571429,"GmSc":8.0428571429,"TS%":49.1188981163,"EFG%":41.6666666667,"PPWS":0.9823779623,"FTR":0.3988095238,"REB%":6.1004856358,"OREB%":2.0546845738,"DREB%":10.553411333,"AR":5.2739616214,"pAST%":21.1419691487,"TOR":2.47216951,"AST\/TO":2.1333333333,"PPR":2.0403881102,"USG%":28.9302774805,"aSP":47.5,"ORtg":108.2633257899,"DRtg":107.7292955569,"Floor%":45.7232817271,"Stop%":0.4287062009,"FFI":47.4417040611,"PIE":7.300325262,"AV":1.8121251276},"M. Raymundo":{"TEAM":"JRU","SP":52.1428571429,"GP":14.0,"MPG":24.5666666667,"EWA":1.3717020726,"PER":18.8364406838,"WS":0.7266583336,"OWS":0.5606591913,"DWS":0.1659991422,"EFF":11.5714285714,"GmSc":7.9928571429,"TS%":44.1104891701,"EFG%":38.6206896552,"PPWS":0.8822097834,"FTR":0.3034482759,"REB%":12.5122888551,"OREB%":9.9244039542,"DREB%":15.3605898466,"AR":5.8211948793,"pAST%":22.5621543965,"TOR":3.8807965862,"AST\/TO":1.5,"PPR":0.0,"USG%":23.4731180228,"aSP":52.1428571429,"ORtg":95.7900452879,"DRtg":101.7002264821,"Floor%":46.6133845129,"Stop%":0.5693404709,"FFI":46.0146816443,"PIE":8.0954101915,"AV":2.1623050678},"M. Barrera":{"TEAM":"JRU","SP":27.3333333333,"GP":12.0,"MPG":16.1138888889,"EWA":0.7117775561,"PER":18.2187565308,"WS":0.5288553741,"OWS":0.6560425007,"DWS":-0.1271871266,"EFF":6.4166666667,"GmSc":5.0583333333,"TS%":57.1608040201,"EFG%":53.4246575342,"PPWS":1.1432160804,"FTR":0.2054794521,"REB%":4.6244349777,"OREB%":3.8614032063,"DREB%":5.4642498203,"AR":2.9203363541,"pAST%":11.9428372381,"TOR":2.1238809848,"AST\/TO":1.375,"PPR":-0.3459731389,"USG%":19.2128525837,"aSP":27.3333333333,"ORtg":114.1936010771,"DRtg":110.4081166778,"Floor%":52.5574393549,"Stop%":0.3662199285,"FFI":49.6933651896,"PIE":4.2645464402,"AV":1.2377950715},"I. Panapanaan":{"TEAM":"JRU","SP":32.4285714286,"GP":14.0,"MPG":21.2333333333,"EWA":0.2082705411,"PER":12.2282432864,"WS":0.3077160841,"OWS":0.1398596963,"DWS":0.1678563878,"EFF":7.7142857143,"GmSc":4.3357142857,"TS%":39.0341321714,"EFG%":31.7073170732,"PPWS":0.7806826434,"FTR":0.7804878049,"REB%":11.6564359507,"OREB%":9.3294460641,"DREB%":14.2175883416,"AR":4.3173334803,"pAST%":13.5914500718,"TOR":2.417706749,"AST\/TO":1.7857142857,"PPR":0.9001974337,"USG%":9.8554275733,"aSP":32.4285714286,"ORtg":91.7135806149,"DRtg":101.073960664,"Floor%":46.7408276061,"Stop%":0.5839487687,"FFI":50.651706428,"PIE":3.5778821829,"AV":1.5953226156},"V. Sarmiento":{"TEAM":"JRU","SP":23.0,"GP":12.0,"MPG":9.975,"EWA":0.1827077855,"PER":13.8880254706,"WS":0.1469583784,"OWS":0.0345105982,"DWS":0.1124477801,"EFF":4.75,"GmSc":2.2833333333,"TS%":42.6413255361,"EFG%":41.1764705882,"PPWS":0.8528265107,"FTR":0.4705882353,"REB%":19.1430005486,"OREB%":10.6934001671,"DREB%":28.4428751824,"AR":5.1464634891,"pAST%":18.3763710496,"TOR":4.2887195742,"AST\/TO":1.2,"PPR":-1.6766835243,"USG%":18.0836407357,"aSP":23.0,"ORtg":87.6480552295,"DRtg":98.2124576435,"Floor%":44.784966433,"Stop%":0.6506962853,"FFI":49.5959119046,"PIE":2.059992772,"AV":0.9878405441},"J. Medina":{"TEAM":"JRU","SP":28.125,"GP":8.0,"MPG":15.3770833333,"EWA":0.1811629606,"PER":13.7800667993,"WS":0.1038721832,"OWS":0.0844251826,"DWS":0.0194470006,"EFF":5.25,"GmSc":3.575,"TS%":45.1467268623,"EFG%":43.6170212766,"PPWS":0.9029345372,"FTR":0.2978723404,"REB%":8.1776563389,"OREB%":4.3354559003,"DREB%":12.4064932996,"AR":4.5903999973,"pAST%":17.6004106762,"TOR":3.755781816,"AST\/TO":1.2222222222,"PPR":-1.3595652205,"USG%":21.4297155266,"aSP":28.125,"ORtg":90.339225909,"DRtg":104.1785455039,"Floor%":43.5786463601,"Stop%":0.5115311172,"FFI":46.8430393431,"PIE":1.7708709794,"AV":0.7856293018},"M. De Leon":{"TEAM":"JRU","SP":17.0,"GP":1.0,"MPG":15.15,"EWA":0.0085083591,"PER":11.9488318039,"WS":0.0383028317,"OWS":0.0332950108,"DWS":0.005007821,"EFF":7.0,"GmSc":3.0,"TS%":86.2068965517,"EFG%":100.0,"PPWS":1.724137931,"FTR":3.0,"REB%":18.4449582683,"OREB%":7.0407040704,"DREB%":30.9968103729,"AR":0.0,"pAST%":0.0,"TOR":3.3885130893,"AST\/TO":0.0,"PPR":-6.6237299622,"USG%":9.2938317491,"aSP":17.0,"ORtg":119.2059664365,"DRtg":102.8616341886,"Floor%":61.2973599833,"Stop%":0.5422494353,"FFI":110.5610125417,"PIE":0.2529815685,"AV":0.2049293843},"D. Garcia":{"TEAM":"JRU","SP":13.8,"GP":5.0,"MPG":6.72,"EWA":0.0053494258,"PER":11.1400102946,"WS":-0.0134984501,"OWS":-0.0605529448,"DWS":0.0470544947,"EFF":2.2,"GmSc":1.22,"TS%":43.6827956989,"EFG%":42.8571428571,"PPWS":0.873655914,"FTR":0.1428571429,"REB%":8.3166999335,"OREB%":3.1746031746,"DREB%":13.9762403914,"AR":1.5278563483,"pAST%":6.1500615006,"TOR":6.1114253933,"AST\/TO":0.25,"PPR":-9.9553084253,"USG%":23.8304403583,"aSP":13.8,"ORtg":73.3171867865,"DRtg":94.6922072834,"Floor%":37.07239409,"Stop%":0.7328097647,"FFI":43.3927785723,"PIE":0.2891217926,"AV":0.2876240645},"S. Mosqueda":{"TEAM":"JRU","SP":14.8181818182,"GP":11.0,"MPG":7.8878787879,"EWA":-0.0126442301,"PER":10.5270890986,"WS":0.0276030539,"OWS":0.0437189732,"DWS":-0.0161159194,"EFF":1.7272727273,"GmSc":1.4181818182,"TS%":41.0798122066,"EFG%":38.7096774194,"PPWS":0.8215962441,"FTR":0.2258064516,"REB%":5.1529672119,"OREB%":3.6880522474,"DREB%":6.7652950031,"AR":2.3666218964,"pAST%":8.6053119874,"TOR":1.7749664223,"AST\/TO":1.3333333333,"PPR":-0.3855148249,"USG%":18.1240882081,"aSP":14.8181818182,"ORtg":89.8963564579,"DRtg":106.8039149118,"Floor%":42.7148983262,"Stop%":0.4502916613,"FFI":44.1648365858,"PIE":0.8673653777,"AV":0.4333570897},"J. Lozano":{"TEAM":"JRU","SP":23.4444444444,"GP":9.0,"MPG":12.3703703704,"EWA":-0.0510579969,"PER":9.8982044265,"WS":-0.0192125915,"OWS":0.0132138086,"DWS":-0.0324264002,"EFF":3.4444444444,"GmSc":2.0777777778,"TS%":38.08073115,"EFG%":35.7142857143,"PPWS":0.761614623,"FTR":0.1632653061,"REB%":9.5378106063,"OREB%":3.8323353293,"DREB%":15.8174217603,"AR":5.5332186794,"pAST%":20.7762227673,"TOR":2.7666093397,"AST\/TO":2.0,"PPR":1.8026857891,"USG%":22.2919705408,"aSP":23.4444444444,"ORtg":86.2224599434,"DRtg":107.609619772,"Floor%":40.3786542634,"Stop%":0.4314977624,"FFI":41.8095086085,"PIE":1.4094687387,"AV":0.6256075419},"R. Bernardo":{"TEAM":"JRU","SP":24.2222222222,"GP":9.0,"MPG":14.1981481481,"EWA":-0.0570455846,"PER":9.9226871656,"WS":0.0698778814,"OWS":0.0591531893,"DWS":0.0107246921,"EFF":4.1111111111,"GmSc":2.3333333333,"TS%":49.9583680266,"EFG%":43.9024390244,"PPWS":0.9991673605,"FTR":0.3902439024,"REB%":7.435240384,"OREB%":3.3389852615,"DREB%":11.9436972798,"AR":3.2139385921,"pAST%":11.6522177144,"TOR":5.2226502122,"AST\/TO":0.6153846154,"PPR":-6.0207087657,"USG%":20.2586110862,"aSP":24.2222222222,"ORtg":88.8900120536,"DRtg":104.7447839091,"Floor%":40.9180362733,"Stop%":0.498323021,"FFI":47.7767686456,"PIE":1.0119262739,"AV":0.7143844592},"C. Ferrer":{"TEAM":"JRU","SP":7.8,"GP":10.0,"MPG":4.3016666667,"EWA":-0.1506742679,"PER":3.7795828342,"WS":-0.0167241304,"OWS":0.0171871209,"DWS":-0.0339112513,"EFF":0.6,"GmSc":0.24,"TS%":42.0875420875,"EFG%":40.9090909091,"PPWS":0.8417508418,"FTR":0.1818181818,"REB%":3.8976676635,"OREB%":0.0,"DREB%":8.1875534567,"AR":2.3867945744,"pAST%":8.1637512437,"TOR":1.1933972872,"AST\/TO":2.0,"PPR":0.7776017739,"USG%":12.6983842318,"aSP":7.8,"ORtg":90.5595639223,"DRtg":111.405180251,"Floor%":41.8106745734,"Stop%":0.3429623897,"FFI":43.7925597691,"PIE":0.0,"AV":0.1825551726},