{"J. Guiab":{"TEAM":"JRU","SP":60.0909090909,"GP":11.0,"MPG":26.1409090909,"EWA":2.8242678485,"PER":30.5618827178,"WS":1.368925675,"OWS":1.3463582904,"DWS":0.0225673846,"EFF":18.9090909091,"GmSc":14.0272727273,"TS%":66.4362519201,"EFG%":62.2641509434,"PPWS":1.3093661306,"FTR":0.5188679245,"REB%":14.0506053637,"OREB%":11.196356095,"DREB%":17.090195494,"AR":4.8120450397,"pAST%":21.6228219057,"TOR":3.2080300265,"AST\/TO":1.5,"PPR":0.0,"USG%":21.5997062853,"aSP":60.0909090909,"ORtg":129.1939283821,"DRtg":104.562539478,"Floor%":62.6535834001,"Stop%":0.4844024704,"FFI":59.1259429577,"PIE":15.9648310967,"AV":2.6081238255},"S. Argente":{"TEAM":"JRU","SP":47.5454545455,"GP":11.0,"MPG":21.9378787879,"EWA":1.2113276091,"PER":20.9095165173,"WS":0.7480290738,"OWS":0.7613553635,"DWS":-0.0133262897,"EFF":9.0,"GmSc":8.0363636364,"TS%":49.5524296675,"EFG%":41.5384615385,"PPWS":0.9779179811,"FTR":0.4615384615,"REB%":6.1924426658,"OREB%":1.7788588688,"DREB%":10.8926228133,"AR":4.8844965777,"pAST%":19.7422902813,"TOR":2.9731718299,"AST\/TO":1.6428571429,"PPR":0.5517332413,"USG%":29.5934287747,"aSP":47.5454545455,"ORtg":108.6700273868,"DRtg":105.9256351933,"Floor%":46.0974670862,"Stop%":0.4524656458,"FFI":48.1509403547,"PIE":7.1263304026,"AV":1.4945384796},"M. Raymundo":{"TEAM":"JRU","SP":53.0909090909,"GP":11.0,"MPG":25.3348484849,"EWA":1.1426670675,"PER":19.0614717023,"WS":0.5237618324,"OWS":0.4020849722,"DWS":0.1216768602,"EFF":12.2727272727,"GmSc":8.4454545455,"TS%":44.7110975237,"EFG%":38.2608695652,"PPWS":0.8856926571,"FTR":0.3130434783,"REB%":13.306056219,"OREB%":10.782410318,"DREB%":15.9935752305,"AR":5.3329350297,"pAST%":20.7077361083,"TOR":3.8617805387,"AST\/TO":1.380952381,"PPR":-0.5971940674,"USG%":22.8343268108,"aSP":53.0909090909,"ORtg":98.0881817212,"DRtg":100.9114539617,"Floor%":47.1139639965,"Stop%":0.5699460433,"FFI":46.1910369289,"PIE":8.8847755669,"AV":1.8859537217},"M. Barrera":{"TEAM":"JRU","SP":23.7,"GP":10.0,"MPG":15.1466666667,"EWA":0.3971167963,"PER":16.0898377681,"WS":0.2923885209,"OWS":0.37260585,"DWS":-0.0802173291,"EFF":5.3,"GmSc":4.25,"TS%":55.3474114441,"EFG%":50.0,"PPWS":1.0984368399,"FTR":0.2452830189,"REB%":4.3847993622,"OREB%":4.959635864,"DREB%":3.7726358149,"AR":2.7067753349,"pAST%":10.5979831717,"TOR":2.0300815011,"AST\/TO":1.3333333333,"PPR":-0.4395106514,"USG%":17.9074791646,"aSP":23.7,"ORtg":115.0329266779,"DRtg":110.7618559552,"Floor%":51.7014377804,"Stop%":0.3391547958,"FFI":49.1636520805,"PIE":3.5631652013,"AV":0.9353789829},"J. Medina":{"TEAM":"JRU","SP":32.2857142857,"GP":7.0,"MPG":15.5214285714,"EWA":0.2533536207,"PER":15.5069836879,"WS":0.1151976994,"OWS":0.0862004881,"DWS":0.0289972113,"EFF":5.8571428571,"GmSc":4.1142857143,"TS%":47.7574750831,"EFG%":46.4285714286,"PPWS":0.9455292909,"FTR":0.3333333333,"REB%":8.6597377188,"OREB%":4.9386596029,"DREB%":12.6224442837,"AR":4.245140516,"pAST%":16.8655251205,"TOR":4.245140516,"AST\/TO":1.0,"PPR":-2.7572062588,"USG%":22.0483199965,"aSP":32.2857142857,"ORtg":92.8272216291,"DRtg":102.6417877188,"Floor%":44.7625732235,"Stop%":0.5294049683,"FFI":48.497875363,"PIE":2.3600185099,"AV":0.771558034},"I. Panapanaan":{"TEAM":"JRU","SP":34.5454545455,"GP":11.0,"MPG":21.8151515151,"EWA":0.1884209724,"PER":12.3982448448,"WS":0.2150692654,"OWS":0.1096056767,"DWS":0.1054635888,"EFF":7.9090909091,"GmSc":4.5818181818,"TS%":40.1475694444,"EFG%":31.25,"PPWS":0.7838983051,"FTR":1.0,"REB%":11.0707199899,"OREB%":9.3915482841,"DREB%":12.8589288195,"AR":5.3391040082,"pAST%":16.9360090859,"TOR":2.7763340843,"AST\/TO":1.9230769231,"PPR":1.5258022226,"USG%":10.3181676898,"aSP":34.5454545455,"ORtg":93.0933887854,"DRtg":100.8820998058,"Floor%":47.6272862007,"Stop%":0.5706338002,"FFI":53.6842261358,"PIE":3.609440074,"AV":1.3565010827},"S. Mosqueda":{"TEAM":"JRU","SP":16.875,"GP":8.0,"MPG":7.61875,"EWA":0.1479437302,"PER":15.6988662468,"WS":0.0824770844,"OWS":0.0789397456,"DWS":0.0035373387,"EFF":2.625,"GmSc":2.0875,"TS%":44.1384180791,"EFG%":40.7407407407,"PPWS":0.8795074758,"FTR":0.1111111111,"REB%":7.2644347104,"OREB%":5.2822185318,"DREB%":9.3753662253,"AR":2.5224747993,"pAST%":9.9889894094,"TOR":1.6816498662,"AST\/TO":1.5,"PPR":0.0,"USG%":20.8481969407,"aSP":16.875,"ORtg":99.1830880887,"DRtg":104.7709710831,"Floor%":44.5070698035,"Stop%":0.4795189956,"FFI":43.5989942028,"PIE":1.5733456733,"AV":0.4671379777},"J. Lozano":{"TEAM":"JRU","SP":32.3333333333,"GP":6.0,"MPG":14.8277777778,"EWA":0.1313527122,"PER":13.7876165393,"WS":0.0858810982,"OWS":0.0963033098,"DWS":-0.0104222116,"EFF":5.3333333333,"GmSc":3.5,"TS%":42.6774483378,"EFG%":40.243902439,"PPWS":0.8482142857,"FTR":0.1951219512,"REB%":9.9535547905,"OREB%":4.8250463771,"DREB%":15.4150832308,"AR":5.760391121,"pAST%":23.022947949,"TOR":2.8801955605,"AST\/TO":2.0,"PPR":1.8706785314,"USG%":23.3273997037,"aSP":32.3333333333,"ORtg":95.1815045567,"DRtg":106.556940029,"Floor%":44.4474859161,"Stop%":0.4376744088,"FFI":44.2693506292,"PIE":1.989819528,"AV":0.6406829831},"V. Sarmiento":{"TEAM":"JRU","SP":22.0,"GP":9.0,"MPG":9.5537037037,"EWA":0.087896365,"PER":12.8747202219,"WS":0.0652666585,"OWS":-0.016535057,"DWS":0.0818017155,"EFF":4.7777777778,"GmSc":2.0111111111,"TS%":45.6621004566,"EFG%":47.619047619,"PPWS":0.8988764045,"FTR":0.5714285714,"REB%":21.8851832482,"OREB%":11.2330334391,"DREB%":33.2290310968,"AR":4.1721801634,"pAST%":15.0617261814,"TOR":5.3642316386,"AST\/TO":0.7777777778,"PPR":-5.0325204888,"USG%":17.1959951073,"aSP":22.0,"ORtg":83.2726791238,"DRtg":95.6636362907,"Floor%":42.8007906695,"Stop%":0.6929004555,"FFI":53.5245963972,"PIE":1.8509949098,"AV":0.799617052},"D. Garcia":{"TEAM":"JRU","SP":19.8,"GP":5.0,"MPG":6.72,"EWA":0.003624744,"PER":11.0368373617,"WS":-0.004350143,"OWS":-0.0413008745,"DWS":0.0369507315,"EFF":2.2,"GmSc":1.22,"TS%":43.6827956989,"EFG%":42.8571428571,"PPWS":0.8695652174,"FTR":0.1428571429,"REB%":8.2359988021,"OREB%":3.193960511,"DREB%":13.6054421769,"AR":1.5252464189,"pAST%":6.2231274044,"TOR":6.1009856754,"AST\/TO":0.25,"PPR":-9.9064305561,"USG%":23.5491765953,"aSP":19.8,"ORtg":74.1938257611,"DRtg":94.15116423,"Floor%":37.507839024,"Stop%":0.7283371122,"FFI":43.3992599691,"PIE":0.370198982,"AV":0.2876240645},"C. Ferrer":{"TEAM":"JRU","SP":8.7777777778,"GP":9.0,"MPG":4.2777777778,"EWA":-0.0981663037,"PER":5.6949540129,"WS":0.0193264654,"OWS":0.0381149114,"DWS":-0.018788446,"EFF":0.7777777778,"GmSc":0.3777777778,"TS%":42.0875420875,"EFG%":40.9090909091,"PPWS":0.8368200837,"FTR":0.1818181818,"REB%":4.3126684636,"OREB%":0.0,"DREB%":8.905380334,"AR":2.6622482947,"pAST%":9.3951849677,"TOR":0.0,"AST\/TO":null,"PPR":3.4582448487,"USG%":12.9320901981,"aSP":8.7777777778,"ORtg":102.8061189974,"DRtg":110.337830686,"Floor%":47.4407763348,"Stop%":0.3490895498,"FFI":44.0909090909,"PIE":0.0925497455,"AV":0.2049293843},"R. Bernardo":{"TEAM":"JRU","SP":24.0,"GP":6.0,"MPG":13.4694444444,"EWA":-0.119521667,"PER":7.847363777,"WS":-0.0008182161,"OWS":-0.0015998659,"DWS":0.0007816497,"EFF":2.6666666667,"GmSc":1.8,"TS%":48.0769230769,"EFG%":39.5833333333,"PPWS":0.9461663948,"FTR":0.5833333333,"REB%":4.7938302782,"OREB%":1.3279076903,"DREB%":8.4848127744,"AR":3.1706504232,"pAST%":11.0909364363,"TOR":5.7071707617,"AST\/TO":0.5555555556,"PPR":-7.0017155706,"USG%":20.3074205741,"aSP":24.0,"ORtg":85.1631060338,"DRtg":105.264041539,"Floor%":38.8595455555,"Stop%":0.4679665386,"FFI":48.422122181,"PIE":0.5090236002,"AV":0.380952381},"K. De Jesus":{"TEAM":"JRU","SP":13.2857142857,"GP":7.0,"MPG":7.230952381,"EWA":-0.1663401648,"PER":4.2145920721,"WS":-0.0278602894,"OWS":-0.0197222043,"DWS":-0.0081380851,"EFF":1.4285714286,"GmSc":0.4571428571,"TS%":35.2664576803,"EFG%":36.3636363636,"PPWS":0.6976744186,"FTR":0.3636363636,"REB%":9.8408931356,"OREB%":4.240384847,"DREB%":15.8050707935,"AR":3.0374350811,"pAST%":10.2578316343,"TOR":2.0249567207,"AST\/TO":1.5,"PPR":0.0,"USG%":12.2209742734,"aSP":13.2857142857,"ORtg":78.9181300607,"DRtg":107.0017537879,"Floor%":40.2906386096,"Stop%":0.4272525882,"FFI":45.3418377892,"PIE":0.1388246182,"AV":0.2677815834},