{"J. Pangilinan":{"TEAM":"JRU","MINS":14.1257575758,"FGM":2.7029925989,"FGA":11.7773248954,"FG%":22.9508196721,"2PM":0.9653544996,"2PA":4.8267724981,"2P%":20.0,"3PM":1.7376380993,"3PA":6.9505523973,"3P%":25.0,"FTM":2.1237798992,"FTA":3.2822052987,"FT%":64.7058823529,"PTS":9.2674031964,"OFF":1.7376380993,"DEF":2.509921699,"REB":4.2475597983,"AST":2.1237798992,"TO":3.4752761986,"STL":1.3514962995,"BLK":0.1930708999,"STK":1.5445671994,"PF":1.7376380993,"Fls on:":2.3168507991,"+\/-":-10.4258285959,"GP":11.0},"K. De Jesus":{"TEAM":"JRU","MINS":7.230952381,"FGM":2.370760619,"FGA":6.5195917023,"FG%":36.3636363636,"2PM":2.370760619,"2PA":6.5195917023,"2P%":36.3636363636,"3PM":0.0,"3PA":0.0,"3P%":0.0,"FTM":0.5926901548,"FTA":2.370760619,"FT%":25.0,"PTS":5.3342113928,"OFF":1.1853803095,"DEF":4.1488310833,"REB":5.3342113928,"AST":1.7780704643,"TO":1.1853803095,"STL":0.0,"BLK":0.5926901548,"STK":0.5926901548,"PF":4.1488310833,"Fls on:":4.1488310833,"+\/-":4.1488310833,"GP":7.0},"M. Barrera":{"TEAM":"JRU","MINS":15.1466666667,"FGM":4.7535211268,"FGA":10.4973591549,"FG%":45.2830188679,"2PM":3.7632042253,"2PA":7.1302816901,"2P%":52.7777777778,"3PM":0.9903169014,"3PA":3.3670774648,"3P%":29.4117647059,"FTM":2.3767605634,"FTA":2.5748239437,"FT%":92.3076923077,"PTS":12.8741197183,"OFF":1.386443662,"DEF":0.9903169014,"REB":2.3767605634,"AST":1.5845070423,"TO":1.1883802817,"STL":0.3961267606,"BLK":0.3961267606,"STK":0.7922535211,"PF":1.9806338028,"Fls on:":2.3767605634,"+\/-":-11.6857394366,"GP":10.0},"M. Raymundo":{"TEAM":"JRU","MINS":25.3348484849,"FGM":4.6289097542,"FGA":12.3796423659,"FG%":37.3913043478,"2PM":4.4136116261,"2PA":11.1955026613,"2P%":39.4230769231,"3PM":0.2152981281,"3PA":1.1841397046,"3P%":18.1818181818,"FTM":3.1218228575,"FTA":3.8753663058,"FT%":80.5555555556,"PTS":12.594940494,"OFF":3.0141737934,"DEF":4.198313498,"REB":7.2124872914,"AST":3.1218228575,"TO":2.2606303451,"STL":1.7223850248,"BLK":0.6458943843,"STK":2.3682794091,"PF":2.3682794091,"Fls on:":3.4447700496,"+\/-":0.1076490641,"GP":11.0},"C. Ferrer":{"TEAM":"JRU","MINS":4.2777777778,"FGM":3.1168831169,"FGA":8.5714285715,"FG%":36.3636363636,"2PM":2.3376623377,"2PA":7.012987013,"2P%":33.3333333333,"3PM":0.7792207792,"3PA":1.5584415584,"3P%":50.0,"FTM":0.7792207792,"FTA":1.5584415584,"FT%":50.0,"PTS":7.7922077922,"OFF":0.0,"DEF":2.3376623377,"REB":2.3376623377,"AST":1.5584415584,"TO":0.0,"STL":0.0,"BLK":0.0,"STK":0.0,"PF":4.6753246753,"Fls on:":0.7792207792,"+\/-":-2.3376623377,"GP":9.0},"I. Panapanaan":{"TEAM":"JRU","MINS":21.8151515151,"FGM":1.2501736352,"FGA":4.0005556327,"FG%":31.25,"2PM":1.2501736352,"2PA":3.5004861786,"2P%":35.7142857143,"3PM":0.0,"3PA":0.5000694541,"3P%":0.0,"FTM":2.1252951799,"FTA":4.0005556327,"FT%":53.125,"PTS":4.6256424503,"OFF":2.625364634,"DEF":3.3754688151,"REB":6.0008334491,"AST":3.1254340881,"TO":1.6252257258,"STL":1.5002083623,"BLK":1.8752604528,"STK":3.3754688151,"PF":3.7505209057,"Fls on:":2.875399361,"+\/-":0.5000694541,"GP":11.0},"D. Garcia":{"TEAM":"JRU","MINS":6.72,"FGM":5.3571428572,"FGA":12.5,"FG%":42.8571428571,"2PM":5.3571428572,"2PA":9.8214285715,"2P%":54.5454545455,"3PM":0.0,"3PA":2.6785714286,"3P%":0.0,"FTM":0.8928571429,"FTA":1.7857142857,"FT%":50.0,"PTS":11.6071428572,"OFF":0.8928571429,"DEF":3.5714285714,"REB":4.4642857143,"AST":0.8928571429,"TO":3.5714285714,"STL":3.5714285714,"BLK":0.8928571429,"STK":4.4642857143,"PF":5.3571428572,"Fls on:":1.7857142857,"+\/-":2.6785714286,"GP":5.0},"P. Ramos":{"TEAM":"JRU","MINS":10.2404761905,"FGM":2.0925366194,"FGA":9.6256684492,"FG%":21.7391304348,"2PM":1.6740292955,"2PA":7.1146245059,"2P%":23.5294117647,"3PM":0.4185073239,"3PA":2.5110439433,"3P%":16.6666666667,"FTM":3.7665659149,"FTA":5.0220878865,"FT%":75.0,"PTS":8.3701464776,"OFF":0.8370146478,"DEF":0.8370146478,"REB":1.6740292955,"AST":6.2776098582,"TO":4.1850732388,"STL":0.8370146478,"BLK":0.4185073239,"STK":1.2555219716,"PF":3.7665659149,"Fls on:":4.1850732388,"+\/-":-21.3438735178,"GP":7.0},"L. Benitez":{"TEAM":"JRU","MINS":11.8354166667,"FGM":2.8516106319,"FGA":6.0200668896,"FG%":47.3684210526,"2PM":2.8516106319,"2PA":6.0200668896,"2P%":47.3684210526,"3PM":0.0,"3PA":0.0,"3P%":0.0,"FTM":0.0,"FTA":1.2673825031,"FT%":0.0,"PTS":5.7032212639,"OFF":3.4853018835,"DEF":6.0200668896,"REB":9.5053687731,"AST":0.9505368773,"TO":3.4853018835,"STL":0.9505368773,"BLK":2.5347650062,"STK":3.4853018835,"PF":8.23798627,"Fls on:":2.8516106319,"+\/-":-6.9706037669,"GP":8.0},"R. Bernardo":{"TEAM":"JRU","MINS":13.4694444444,"FGM":2.969684471,"FGA":8.9090534131,"FG%":33.3333333333,"2PM":1.8560527944,"2PA":4.4545267065,"2P%":41.6666666667,"3PM":1.1136316766,"3PA":4.4545267065,"3P%":25.0,"FTM":3.7121055888,"FTA":5.1969478243,"FT%":71.4285714286,"PTS":10.7651062075,"OFF":0.3712105589,"DEF":2.2272633533,"REB":2.5984739121,"AST":1.8560527944,"TO":3.3408950299,"STL":1.4848422355,"BLK":0.0,"STK":1.4848422355,"PF":3.7121055888,"Fls on:":2.969684471,"+\/-":12.6211590019,"GP":6.0},"R. Samontanes":{"TEAM":"JRU","MINS":5.9041666667,"FGM":0.6351446718,"FGA":6.9865913903,"FG%":9.0909090909,"2PM":0.0,"2PA":0.6351446718,"2P%":0.0,"3PM":0.6351446718,"3PA":6.3514467184,"3P%":10.0,"FTM":0.0,"FTA":0.0,"FT%":0.0,"PTS":1.9054340155,"OFF":0.6351446718,"DEF":1.9054340155,"REB":2.5405786874,"AST":3.8108680311,"TO":3.1757233592,"STL":2.5405786874,"BLK":0.0,"STK":2.5405786874,"PF":1.9054340155,"Fls on:":1.9054340155,"+\/-":1.2702893437,"GP":8.0},"W. De Leon":{"TEAM":"JRU","MINS":7.5318181818,"FGM":0.7242003621,"FGA":5.4315027157,"FG%":13.3333333333,"2PM":0.7242003621,"2PA":5.4315027157,"2P%":13.3333333333,"3PM":0.0,"3PA":0.0,"3P%":0.0,"FTM":3.2589016294,"FTA":5.0694025347,"FT%":64.2857142857,"PTS":4.7073023536,"OFF":2.1726010863,"DEF":3.2589016294,"REB":5.4315027157,"AST":1.0863005431,"TO":1.8105009052,"STL":1.4484007242,"BLK":0.0,"STK":1.4484007242,"PF":3.2589016294,"Fls on:":3.6210018105,"+\/-":-14.484007242,"GP":11.0},"S. Argente":{"TEAM":"JRU","MINS":21.9378787879,"FGM":5.221355066,"FGA":16.1613371089,"FG%":32.3076923077,"2PM":2.2377235997,"2PA":6.3402168658,"2P%":35.2941176471,"3PM":2.9836314663,"3PA":9.8211202431,"3P%":30.3797468354,"FTM":5.8429449548,"FTA":7.4590786657,"FT%":78.3333333333,"PTS":19.269286553,"OFF":0.497271911,"DEF":2.8593134885,"REB":3.3565853995,"AST":2.8593134885,"TO":1.7404516887,"STL":1.1188617998,"BLK":0.0,"STK":1.1188617998,"PF":2.4863595552,"Fls on:":5.221355066,"+\/-":2.1134056219,"GP":11.0},"J. Lozano":{"TEAM":"JRU","MINS":14.8277777778,"FGM":5.0580741851,"FGA":13.8254027726,"FG%":36.5853658537,"2PM":4.0464593481,"2PA":8.4301236418,"2P%":48.0,"3PM":1.011614837,"3PA":5.3952791308,"3P%":18.75,"FTM":1.6860247284,"FTA":2.6976395654,"FT%":62.5,"PTS":12.8137879356,"OFF":1.3488197827,"DEF":4.0464593481,"REB":5.3952791308,"AST":3.3720494567,"TO":1.6860247284,"STL":0.3372049457,"BLK":0.3372049457,"STK":0.6744098913,"PF":2.6976395654,"Fls on:":2.3604346197,"+\/-":-3.0348445111,"GP":6.0},"V. Sarmiento":{"TEAM":"JRU","MINS":9.5537037037,"FGM":3.4890482652,"FGA":7.3270013569,"FG%":47.619047619,"2PM":3.4890482652,"2PA":7.3270013569,"2P%":47.619047619,"3PM":0.0,"3PA":0.0,"3P%":0.0,"FTM":1.3956193061,"FTA":4.1868579182,"FT%":33.3333333333,"PTS":8.3737158364,"OFF":3.1401434387,"DEF":8.7226206629,"REB":11.8627641016,"AST":2.4423337856,"TO":3.1401434387,"STL":1.0467144796,"BLK":1.0467144796,"STK":2.0934289591,"PF":5.9313820508,"Fls on:":4.1868579182,"+\/-":-13.6072882342,"GP":9.0},"J. Guiab":{"TEAM":"JRU","MINS":26.1409090909,"FGM":6.6770996349,"FGA":11.0589462702,"FG%":60.3773584906,"2PM":6.2597809077,"2PA":9.3896713615,"2P%":66.6666666667,"3PM":0.4173187272,"3PA":1.6692749087,"3P%":25.0,"FTM":4.2775169536,"FTA":5.7381324987,"FT%":74.5454545455,"PTS":18.0490349505,"OFF":3.1298904538,"DEF":4.4861763172,"REB":7.616066771,"AST":2.8169014085,"TO":1.8779342723,"STL":0.8346374544,"BLK":0.1043296818,"STK":0.9389671362,"PF":2.0865936359,"Fls on:":4.9034950443,"+\/-":0.6259780908,"GP":11.0},"S. Mosqueda":{"TEAM":"JRU","MINS":7.61875,"FGM":4.9220672683,"FGA":13.2895816243,"FG%":37.037037037,