{"J. Guiab":{"TEAM":"JRU","SP":60.0833333333,"GP":12.0,"MPG":26.5361111111,"EWA":3.0969048809,"PER":30.3681382097,"WS":1.3622198065,"OWS":1.3481193261,"DWS":0.0141004804,"EFF":18.8333333333,"GmSc":14.175,"TS%":65.8990011099,"EFG%":61.2068965517,"PPWS":1.2978142077,"FTR":0.5517241379,"REB%":13.3520828591,"OREB%":10.4538649442,"DREB%":16.5041592774,"AR":4.8551932025,"pAST%":21.7420188673,"TOR":2.9131159215,"AST\/TO":1.6666666667,"PPR":0.6292427556,"USG%":21.5826730106,"aSP":60.0833333333,"ORtg":129.6857784711,"DRtg":105.1012518996,"Floor%":62.9591086897,"Stop%":0.4827918388,"FFI":59.1211146981,"PIE":15.7256378084,"AV":2.7756329513},"S. Argente":{"TEAM":"JRU","SP":47.0833333333,"GP":12.0,"MPG":21.9986111111,"EWA":1.3726680666,"PER":21.2716553335,"WS":0.7350927116,"OWS":0.7600647842,"DWS":-0.0249720726,"EFF":9.3333333333,"GmSc":8.2416666667,"TS%":50.2497621313,"EFG%":42.1428571429,"PPWS":0.9917840376,"FTR":0.4571428571,"REB%":6.3576804533,"OREB%":1.6271110601,"DREB%":11.5026062897,"AR":4.8805333527,"pAST%":19.9061755592,"TOR":2.7330986775,"AST\/TO":1.7857142857,"PPR":1.0120430237,"USG%":29.245330085,"aSP":47.0833333333,"ORtg":109.3860058054,"DRtg":106.6737131984,"Floor%":46.2731570647,"Stop%":0.446040642,"FFI":48.3564332569,"PIE":7.4445838561,"AV":1.6394350745},"M. Raymundo":{"TEAM":"JRU","SP":54.0833333333,"GP":12.0,"MPG":25.2180555556,"EWA":1.3288705099,"PER":19.646446191,"WS":0.5033842889,"OWS":0.3742007298,"DWS":0.1291835591,"EFF":12.4166666667,"GmSc":8.6666666667,"TS%":44.4718117132,"EFG%":38.7596899225,"PPWS":0.8812065752,"FTR":0.3023255814,"REB%":12.7558733055,"OREB%":9.935709895,"DREB%":15.8230583286,"AR":5.790150585,"pAST%":23.0195045164,"TOR":3.7465680256,"AST\/TO":1.5454545455,"PPR":0.2207103246,"USG%":23.5510282725,"aSP":54.0833333333,"ORtg":97.293790084,"DRtg":100.7691334023,"Floor%":47.106836347,"Stop%":0.5840410966,"FFI":46.0892596625,"PIE":8.8665830197,"AV":2.030815206},"M. Barrera":{"TEAM":"JRU","SP":23.7,"GP":10.0,"MPG":15.1466666667,"EWA":0.394711235,"PER":16.057915377,"WS":0.2500201798,"OWS":0.3248845392,"DWS":-0.0748643594,"EFF":5.3,"GmSc":4.25,"TS%":55.3474114441,"EFG%":50.0,"PPWS":1.0984368399,"FTR":0.2452830189,"REB%":4.4321875308,"OREB%":4.9626618773,"DREB%":3.855248278,"AR":2.7219284427,"pAST%":10.7449856733,"TOR":2.041446332,"AST\/TO":1.3333333333,"PPR":-0.4409592169,"USG%":18.1092914768,"aSP":23.7,"ORtg":113.8646949061,"DRtg":111.1989742418,"Floor%":51.1859127308,"Stop%":0.3402773019,"FFI":49.1614160755,"PIE":3.2204098703,"AV":0.9353789829},"J. Medina":{"TEAM":"JRU","SP":30.1428571429,"GP":7.0,"MPG":15.5214285714,"EWA":0.2510205064,"PER":15.4638216093,"WS":0.0917220916,"OWS":0.0676545536,"DWS":0.024067538,"EFF":5.8571428571,"GmSc":4.1142857143,"TS%":47.7574750831,"EFG%":46.4285714286,"PPWS":0.9455292909,"FTR":0.3333333333,"REB%":8.7533267469,"OREB%":4.941672818,"DREB%":12.8988481732,"AR":4.2689057215,"pAST%":17.1029502589,"TOR":4.2689057215,"AST\/TO":1.0,"PPR":-2.7662936238,"USG%":22.2967984337,"aSP":30.1428571429,"ORtg":91.9730218142,"DRtg":103.0945044705,"Floor%":44.3614838127,"Stop%":0.5296930692,"FFI":48.4925367047,"PIE":2.1329987453,"AV":0.771558034},"I. Panapanaan":{"TEAM":"JRU","SP":33.1666666667,"GP":12.0,"MPG":22.2569444444,"EWA":0.1230112684,"PER":11.7457509493,"WS":0.1883758541,"OWS":0.0916007899,"DWS":0.0967750642,"EFF":7.9166666667,"GmSc":4.4,"TS%":39.2948173322,"EFG%":30.303030303,"PPWS":0.7676348548,"FTR":0.9696969697,"REB%":11.5204608184,"OREB%":9.2472960663,"DREB%":13.9927348919,"AR":4.8238856645,"pAST%":15.2807844136,"TOR":2.5084205455,"AST\/TO":1.9230769231,"PPR":1.3754075193,"USG%":9.5337367214,"aSP":33.1666666667,"ORtg":92.5040244397,"DRtg":101.4999867299,"Floor%":47.270499494,"Stop%":0.566959764,"FFI":52.8890207436,"PIE":3.513174404,"AV":1.4490167616},"S. Mosqueda":{"TEAM":"JRU","SP":15.5555555556,"GP":9.0,"MPG":7.5888888889,"EWA":0.1007308695,"PER":13.7844077274,"WS":0.0394762546,"OWS":0.0435510179,"DWS":-0.0040747633,"EFF":2.1111111111,"GmSc":1.8333333333,"TS%":43.6408977556,"EFG%":41.3793103448,"PPWS":0.8662026295,"FTR":0.2413793103,"REB%":6.5527444737,"OREB%":4.7166566765,"DREB%":8.5496574794,"AR":2.2636242393,"pAST%":8.9833807456,"TOR":2.2636242393,"AST\/TO":1.0,"PPR":-1.4668511578,"USG%":21.7680185736,"aSP":15.5555555556,"ORtg":92.6682885544,"DRtg":106.2781308483,"Floor%":44.0749396272,"Stop%":0.4552860999,"FFI":45.5498390686,"PIE":1.2547051443,"AV":0.4333570897},"D. Garcia":{"TEAM":"JRU","SP":13.8,"GP":5.0,"MPG":6.72,"EWA":0.0030713545,"PER":11.0037328132,"WS":-0.0080748752,"OWS":-0.0408458059,"DWS":0.0327709307,"EFF":2.2,"GmSc":1.22,"TS%":43.6827956989,"EFG%":42.8571428571,"PPWS":0.8695652174,"FTR":0.1428571429,"REB%":8.325008325,"OREB%":3.1959092362,"DREB%":13.9033715676,"AR":1.5337850749,"pAST%":6.3131313132,"TOR":6.1351402995,"AST\/TO":0.25,"PPR":-9.9390807615,"USG%":23.8145692692,"aSP":13.8,"ORtg":73.4619478421,"DRtg":94.5593948282,"Floor%":37.1394806481,"Stop%":0.7291736505,"FFI":43.3911110581,"PIE":0.3345880385,"AV":0.2876240645},"V. Sarmiento":{"TEAM":"JRU","SP":20.0,"GP":10.0,"MPG":9.1416666667,"EWA":-0.0133634216,"PER":10.5261752707,"WS":0.0068946884,"OWS":-0.0626988011,"DWS":0.0695934895,"EFF":4.0,"GmSc":1.56,"TS%":39.6301188904,"EFG%":40.0,"PPWS":0.7817589577,"FTR":0.48,"REB%":21.4188728318,"OREB%":10.5718463412,"DREB%":33.2160038326,"AR":3.9461759301,"pAST%":14.1640671107,"TOR":5.0736547672,"AST\/TO":0.7777777778,"PPR":-4.749014195,"USG%":18.2106780267,"aSP":20.0,"ORtg":77.5700052413,"DRtg":96.9829707882,"Floor%":39.8476385482,"Stop%":0.6725304015,"FFI":49.0459555764,"PIE":1.4219991635,"AV":0.7574006941},"J. Lozano":{"TEAM":"JRU","SP":28.0,"GP":7.0,"MPG":15.6071428571,"EWA":-0.0260463394,"PER":10.3407950367,"WS":0.0054961119,"OWS":0.0226310756,"DWS":-0.0171349637,"EFF":4.5714285714,"GmSc":2.7714285714,"TS%":38.8198757764,"EFG%":36.4583333333,"PPWS":0.7722007722,"FTR":0.1666666667,"REB%":9.7294010338,"OREB%":3.9316265569,"DREB%":16.0350097713,"AR":5.6606145738,"pAST%":21.8132242672,"TOR":2.8303072869,"AST\/TO":2.0,"PPR":1.834067443,"USG%":22.314001095,"aSP":28.0,"ORtg":87.7319519686,"DRtg":107.378484923,"Floor%":41.0537600997,"Stop%":0.4295688825,"FFI":42.162081823,"PIE":1.7147636972,"AV":0.6406829831},"R. Bernardo":{"TEAM":"JRU","SP":21.2857142857,"GP":7.0,"MPG":14.3976190476,"EWA":-0.1070730429,"PER":8.6845594552,"WS":0.0153582345,"OWS":0.0055341823,"DWS":0.0098240521,"EFF":3.1428571429,"GmSc":2.1428571429,"TS%":48.3021077283,"EFG%":41.0714285714,"PPWS":0.9523809524,"FTR":0.5,"REB%":4.9958310253,"OREB%":1.0654792492,"DREB%":9.2704471904,"AR":2.556731198,"pAST%":9.0075212803,"TOR":4.6021161565,"AST\/TO":0.5555555556,"PPR":-5.6330771599,"USG%":18.1498372938,"aSP":21.2857142857,"ORtg":86.2552650816,"DRtg":104.4989323631,"Floor%":39.7766158642,"Stop%":0.4968691098,"FFI":47.9911382393,"PIE":0.878293601,"AV":0.4837240896},"C. Ferrer":{"TEAM":"JRU","SP":7.8,"GP":10.0,"MPG":4.3016666667,"EWA":-0.1517053266,"PER":3.7314055077,"WS":-0.009421832,"OWS":0.0121960766,"DWS":-0.0216179087,"EFF":0.6,"GmSc":0.24,"TS%":42.0875420875,"EFG%":40.9090909091,"PPWS":0.8368200837,"FTR":0.1818181818,"REB%":3.9015614374,"OREB%":0.0,"DREB%":8.1448654825,"AR":2.3960563432,"pAST%":8.3469551004,"TOR":1.1980281716,"AST\/TO":2.0,"PPR":0.7763342431,"USG%":12.6899270994,"aSP":7.8,"ORtg":91.0228336571,"DRtg":111.2927746208,"Floor%":42.009076037,"Stop%":0.3380850214,"FFI":43.791402048,"PIE":0.0,"AV":0.1825551726},"K. De Jesus":{"TEAM":"JRU","SP":9.0,"GP":7.0,"MPG":7.230952381,"EWA":-0.1668097299,"PER":4.1959455293,"WS":-0.0293073747,"OWS":-0.0205761616,"DWS":-0.008731213,"EFF":1.4285714286,"GmSc":0.4571428571,"TS%":35.2664576803,"EFG%":36.3636363636,"PPWS":0.6976744186,"FTR":0.3636363636,"REB%":9.9472473526,"OREB%":4.2429720251,"DREB%":16.1511672343,"AR":3.054439293,"pAST%":10.3803235201,"TOR":2.036292862,"AST\/TO":1.5,"PPR":0.0,"USG%":12.3587012562,"aSP":9.0,"ORtg":78.2050667425,"DRtg":107.5557407391,"Floor%":39.9313448106,"Stop%":0.4254261011,"FFI":45.3395211895,"PIE":0.1254705144,"AV":0.2677815834},