{"M. Raymundo":{"TEAM":"JRU","MINS":446.8333333334,"FGM":68.0,"FGA":182.0,"FG%":37.3626373626,"2PM":65.0,"2PA":163.0,"2P%":39.8773006135,"3PM":3.0,"3PA":19.0,"3P%":15.7894736842,"FTM":35.0,"FTA":47.0,"FT%":74.4680851064,"PTS":174.0,"OFF":38.0,"DEF":55.0,"REB":93.0,"AST":59.0,"TO":35.0,"STL":27.0,"BLK":9.0,"STK":36.0,"PF":42.0,"Fls on:":49.0,"+\/-":4.0,"GW":4.0,"GP":18.0},"K. De Jesus":{"TEAM":"JRU","MINS":117.1666666667,"FGM":15.0,"FGA":31.0,"FG%":48.3870967742,"2PM":15.0,"2PA":31.0,"2P%":48.3870967742,"3PM":0.0,"3PA":0.0,"3P%":0.0,"FTM":4.0,"FTA":15.0,"FT%":26.6666666667,"PTS":34.0,"OFF":8.0,"DEF":18.0,"REB":26.0,"AST":11.0,"TO":6.0,"STL":2.0,"BLK":3.0,"STK":5.0,"PF":21.0,"Fls on:":14.0,"+\/-":27.0,"GW":2.0,"GP":13.0},"M. De Leon":{"TEAM":"JRU","MINS":45.7166666667,"FGM":4.0,"FGA":12.0,"FG%":33.3333333333,"2PM":4.0,"2PA":12.0,"2P%":33.3333333333,"3PM":0.0,"3PA":0.0,"3P%":0.0,"FTM":3.0,"FTA":5.0,"FT%":60.0,"PTS":11.0,"OFF":3.0,"DEF":13.0,"REB":16.0,"AST":1.0,"TO":1.0,"STL":1.0,"BLK":0.0,"STK":1.0,"PF":8.0,"Fls on:":6.0,"+\/-":-24.0,"GW":0.0,"GP":5.0},"M. Barrera":{"TEAM":"JRU","MINS":258.0666666668,"FGM":55.0,"FGA":101.0,"FG%":54.4554455446,"2PM":46.0,"2PA":71.0,"2P%":64.7887323944,"3PM":9.0,"3PA":30.0,"3P%":30.0,"FTM":17.0,"FTA":19.0,"FT%":89.4736842105,"PTS":136.0,"OFF":9.0,"DEF":18.0,"REB":27.0,"AST":16.0,"TO":13.0,"STL":5.0,"BLK":5.0,"STK":10.0,"PF":24.0,"Fls on:":22.0,"+\/-":-93.0,"GW":4.0,"GP":16.0},"J. Pangilinan":{"TEAM":"JRU","MINS":241.2166666666,"FGM":25.0,"FGA":96.0,"FG%":26.0416666667,"2PM":7.0,"2PA":34.0,"2P%":20.5882352941,"3PM":18.0,"3PA":62.0,"3P%":29.0322580645,"FTM":14.0,"FTA":21.0,"FT%":66.6666666667,"PTS":82.0,"OFF":12.0,"DEF":21.0,"REB":33.0,"AST":20.0,"TO":29.0,"STL":12.0,"BLK":1.0,"STK":13.0,"PF":20.0,"Fls on:":17.0,"+\/-":-71.0,"GW":4.0,"GP":18.0},"P. Ramos":{"TEAM":"JRU","MINS":132.6666666666,"FGM":10.0,"FGA":36.0,"FG%":27.7777777778,"2PM":9.0,"2PA":26.0,"2P%":34.6153846154,"3PM":1.0,"3PA":10.0,"3P%":10.0,"FTM":11.0,"FTA":18.0,"FT%":61.1111111111,"PTS":32.0,"OFF":3.0,"DEF":10.0,"REB":13.0,"AST":21.0,"TO":14.0,"STL":5.0,"BLK":1.0,"STK":6.0,"PF":17.0,"Fls on:":15.0,"+\/-":-48.0,"GW":2.0,"GP":11.0},"R. Bernardo":{"TEAM":"JRU","MINS":149.9,"FGM":20.0,"FGA":49.0,"FG%":40.8163265306,"2PM":16.0,"2PA":32.0,"2P%":50.0,"3PM":4.0,"3PA":17.0,"3P%":23.5294117647,"FTM":12.0,"FTA":16.0,"FT%":75.0,"PTS":56.0,"OFF":5.0,"DEF":16.0,"REB":21.0,"AST":9.0,"TO":16.0,"STL":7.0,"BLK":0.0,"STK":7.0,"PF":27.0,"Fls on:":14.0,"+\/-":30.0,"GW":3.0,"GP":12.0},"J. Medina":{"TEAM":"JRU","MINS":123.0166666667,"FGM":19.0,"FGA":47.0,"FG%":40.4255319149,"2PM":16.0,"2PA":40.0,"2P%":40.0,"3PM":3.0,"3PA":7.0,"3P%":42.8571428571,"FTM":7.0,"FTA":14.0,"FT%":50.0,"PTS":48.0,"OFF":5.0,"DEF":13.0,"REB":18.0,"AST":11.0,"TO":9.0,"STL":5.0,"BLK":4.0,"STK":9.0,"PF":13.0,"Fls on:":12.0,"+\/-":-12.0,"GW":2.0,"GP":8.0},"L. Benitez":{"TEAM":"JRU","MINS":100.5833333334,"FGM":9.0,"FGA":19.0,"FG%":47.3684210526,"2PM":9.0,"2PA":19.0,"2P%":47.3684210526,"3PM":0.0,"3PA":0.0,"3P%":0.0,"FTM":0.0,"FTA":4.0,"FT%":0.0,"PTS":18.0,"OFF":11.0,"DEF":19.0,"REB":30.0,"AST":3.0,"TO":11.0,"STL":3.0,"BLK":8.0,"STK":11.0,"PF":30.0,"Fls on:":10.0,"+\/-":-25.0,"GW":3.0,"GP":10.0},"D. Garcia":{"TEAM":"JRU","MINS":33.5999999999,"FGM":6.0,"FGA":14.0,"FG%":42.8571428571,"2PM":6.0,"2PA":11.0,"2P%":54.5454545455,"3PM":0.0,"3PA":3.0,"3P%":0.0,"FTM":1.0,"FTA":2.0,"FT%":50.0,"PTS":13.0,"OFF":1.0,"DEF":4.0,"REB":5.0,"AST":1.0,"TO":4.0,"STL":4.0,"BLK":1.0,"STK":5.0,"PF":6.0,"Fls on:":2.0,"+\/-":3.0,"GW":1.0,"GP":5.0},"I. Panapanaan":{"TEAM":"JRU","MINS":356.4833333333,"FGM":13.0,"FGA":44.0,"FG%":29.5454545455,"2PM":13.0,"2PA":40.0,"2P%":32.5,"3PM":0.0,"3PA":4.0,"3P%":0.0,"FTM":19.0,"FTA":34.0,"FT%":55.8823529412,"PTS":45.0,"OFF":28.0,"DEF":43.0,"REB":71.0,"AST":29.0,"TO":14.0,"STL":17.0,"BLK":23.0,"STK":40.0,"PF":45.0,"Fls on:":28.0,"+\/-":-47.0,"GW":4.0,"GP":18.0},"J. Lozano":{"TEAM":"JRU","MINS":161.8833333332,"FGM":19.0,"FGA":61.0,"FG%":31.1475409836,"2PM":14.0,"2PA":31.0,"2P%":45.1612903226,"3PM":5.0,"3PA":30.0,"3P%":16.6666666667,"FTM":6.0,"FTA":10.0,"FT%":60.0,"PTS":49.0,"OFF":6.0,"DEF":21.0,"REB":27.0,"AST":18.0,"TO":8.0,"STL":3.0,"BLK":2.0,"STK":5.0,"PF":17.0,"Fls on:":14.0,"+\/-":-23.0,"GW":3.0,"GP":12.0},"S. Argente":{"TEAM":"JRU","MINS":411.4166666666,"FGM":71.0,"FGA":220.0,"FG%":32.2727272727,"2PM":32.0,"2PA":84.0,"2P%":38.0952380952,"3PM":39.0,"3PA":136.0,"3P%":28.6764705882,"FTM":64.0,"FTA":78.0,"FT%":82.0512820513,"PTS":245.0,"OFF":12.0,"DEF":34.0,"REB":46.0,"AST":45.0,"TO":24.0,"STL":13.0,"BLK":0.0,"STK":13.0,"PF":31.0,"Fls on:":58.0,"+\/-":-3.0,"GW":4.0,"GP":18.0},"C. Ferrer":{"TEAM":"JRU","MINS":63.9166666666,"FGM":5.0,"FGA":16.0,"FG%":31.25,"2PM":3.0,"2PA":13.0,"2P%":23.0769230769,"3PM":2.0,"3PA":3.0,"3P%":66.6666666667,"FTM":1.0,"FTA":2.0,"FT%":50.0,"PTS":13.0,"OFF":3.0,"DEF":3.0,"REB":6.0,"AST":3.0,"TO":3.0,"STL":0.0,"BLK":0.0,"STK":0.0,"PF":9.0,"Fls on:":2.0,"+\/-":-10.0,"GW":3.0,"GP":14.0},"W. De Leon":{"TEAM":"JRU","MINS":122.1666666667,"FGM":6.0,"FGA":27.0,"FG%":22.2222222222,"2PM":6.0,"2PA":27.0,"2P%":22.2222222222,"3PM":0.0,"3PA":0.0,"3P%":0.0,"FTM":15.0,"FTA":24.0,"FT%":62.5,"PTS":27.0,"OFF":12.0,"DEF":13.0,"REB":25.0,"AST":6.0,"TO":7.0,"STL":5.0,"BLK":0.0,"STK":5.0,"PF":12.0,"Fls on:":17.0,"+\/-":-28.0,"GW":4.0,"GP":13.0},"V. Sarmiento":{"TEAM":"JRU","MINS":158.2,"FGM":19.0,"FGA":41.0,"FG%":46.3414634146,"2PM":19.0,"2PA":40.0,"2P%":47.5,"3PM":0.0,"3PA":1.0,"3P%":0.0,"FTM":16.0,"FTA":26.0,"FT%":61.5384615385,"PTS":54.0,"OFF":13.0,"DEF":37.0,"REB":50.0,"AST":15.0,"TO":16.0,"STL":6.0,"BLK":3.0,"STK":9.0,"PF":28.0,"Fls on:":23.0,"+\/-":-56.0,"GW":4.0,"GP":16.0},"J. Guiab":{"TEAM":"JRU","MINS":497.2166666665,"FGM":103.0,"FGA":172.0,"FG%":59.8837209302,"2PM":96.0,"2PA":146.0,"2P%":65.7534246575,"3PM":7.0,"3PA":26.0,"3P%":26.9230769231,"FTM":85.0,"FTA":112.0,"FT%":75.8928571429,"PTS":298.0,"OFF":45.0,"DEF":68.0,"REB":113.0,"AST":45.0,"TO":31.0,"STL":13.0,"BLK":1.0,"STK":14.0,"PF":38.0,"Fls on:":84.0,"+\/-":-16.0,"GW":4.0,"GP":18.0},"S. Mosqueda":{"TEAM":"JRU","MINS":108.0999999999,"FGM":11.0,"FGA":39.0,"FG%":28.2051282051,"2PM":9.0,"2PA":27.0,"2P%":33.3333333333,"3PM":2.0,"3PA":12.0,"3P%":16.6666666667,"FTM":5.0,"FTA":9.0,"FT%":55.5555555556,"PTS":29.0,"OFF":3.0,"DEF":8.0,"REB":11.0,"AST":5.0,"TO":5.0,"STL":5.0,"BLK":1.0,"STK":6.0,"PF":8.0,"Fls on:":10.0,"+\/-":-18.0,"GW":4.0,"GP":14.0},"R. Samontanes":{"TEAM":"JRU","MINS":69.4166666665,"FGM":4.0,"FGA":17.0,"FG%":23.5294117647,"2PM":3.0,"2PA":4.0,"2P%":75.0,"3PM":1.0,"3PA":13.0,"3P%":7.6923076923,"FTM":0.0,"FTA":0.0,"FT%":0.0,"PTS":9.0,"OFF":2.0,"DEF":4.0,"REB":6.0,"AST":9.0,"TO":8.0,"STL":4.0,"BLK":0.0,"STK":4.0,"PF":6.0,"Fls on:":3.0,"+\/-":-10.0,"GW":3.0,"GP":12.0}}