{"J. Guiab":{"TEAM":"JRU","MINS":27.6231481481,"FGM":6.2145945765,"FGA":10.377769584,"FG%":59.8837209302,"2PM":5.7922434888,"2PA":8.8090369725,"2P%":65.7534246575,"3PM":0.4223510877,"3PA":1.5687326115,"3P%":26.9230769231,"FTM":5.1285489223,"FTA":6.7576174035,"FT%":75.8928571429,"PTS":17.980089163,"OFF":2.7151141354,"DEF":4.1028391379,"REB":6.8179532732,"AST":2.7151141354,"TO":1.8704119599,"STL":0.7843663058,"BLK":0.0603358697,"STK":0.8447021754,"PF":2.2927630476,"Fls on:":5.0682130527,"+\/-":-0.9653739148,"GW":4.0,"GP":18.0},"S. Argente":{"TEAM":"JRU","MINS":22.8564814815,"FGM":5.1772331375,"FGA":16.0421308487,"FG%":32.2727272727,"2PM":2.3334008507,"2PA":6.1251772331,"2P%":38.0952380952,"3PM":2.8438322868,"3PA":9.9169536156,"3P%":28.6764705882,"FTM":4.6668017014,"FTA":5.6876645736,"FT%":82.0512820513,"PTS":17.8651002633,"OFF":0.875025319,"DEF":2.4792384039,"REB":3.3542637229,"AST":3.2813449463,"TO":1.750050638,"STL":0.9479440956,"BLK":0.0,"STK":0.9479440956,"PF":2.2604820741,"Fls on:":4.2292890419,"+\/-":-0.2187563298,"GW":4.0,"GP":18.0},"M. Barrera":{"TEAM":"JRU","MINS":16.1291666667,"FGM":6.3936967192,"FGA":11.7411521571,"FG%":54.4554455446,"2PM":5.3474554379,"2PA":8.2536812193,"2P%":64.7887323944,"3PM":1.0462412813,"3PA":3.4874709377,"3P%":30.0,"FTM":1.9762335314,"FTA":2.2087315939,"FT%":89.4736842105,"PTS":15.8098682511,"OFF":1.0462412813,"DEF":2.0924825626,"REB":3.138723844,"AST":1.8599845001,"TO":1.5112374064,"STL":0.5812451563,"BLK":0.5812451563,"STK":1.1624903126,"PF":2.7899767502,"Fls on:":2.5574786877,"+\/-":-10.811159907,"GW":4.0,"GP":16.0},"J. Medina":{"TEAM":"JRU","MINS":15.3770833333,"FGM":4.6335184934,"FGA":11.4618615364,"FG%":40.4255319149,"2PM":3.9019103103,"2PA":9.7547757756,"2P%":40.0,"3PM":0.7316081832,"3PA":1.7070857607,"3P%":42.8571428571,"FTM":1.7070857607,"FTA":3.4141715215,"FT%":50.0,"PTS":11.7057309308,"OFF":1.219346972,"DEF":3.1703021271,"REB":4.389649099,"AST":2.6825633383,"TO":2.1948245495,"STL":1.219346972,"BLK":0.9754775776,"STK":2.1948245495,"PF":3.1703021271,"Fls on:":2.9264327327,"+\/-":-2.9264327327,"GW":2.0,"GP":8.0},"M. Raymundo":{"TEAM":"JRU","MINS":24.8240740741,"FGM":4.565460649,"FGA":12.2193211488,"FG%":37.3626373626,"2PM":4.3640432674,"2PA":10.9436777322,"2P%":39.8773006135,"3PM":0.2014173816,"3PA":1.2756434166,"3P%":15.7894736842,"FTM":2.3498694517,"FTA":3.155538978,"FT%":74.4680851064,"PTS":11.6822081313,"OFF":2.5512868333,"DEF":3.6926519955,"REB":6.2439388288,"AST":3.9612085043,"TO":2.3498694517,"STL":1.8127564342,"BLK":0.6042521447,"STK":2.4170085789,"PF":2.819843342,"Fls on:":3.2898172324,"+\/-":0.2685565088,"GW":4.0,"GP":18.0},"D. Garcia":{"TEAM":"JRU","MINS":6.72,"FGM":5.3571428572,"FGA":12.5,"FG%":42.8571428571,"2PM":5.3571428572,"2PA":9.8214285715,"2P%":54.5454545455,"3PM":0.0,"3PA":2.6785714286,"3P%":0.0,"FTM":0.8928571429,"FTA":1.7857142857,"FT%":50.0,"PTS":11.6071428572,"OFF":0.8928571429,"DEF":3.5714285714,"REB":4.4642857143,"AST":0.8928571429,"TO":3.5714285714,"STL":3.5714285714,"BLK":0.8928571429,"STK":4.4642857143,"PF":5.3571428572,"Fls on:":1.7857142857,"+\/-":2.6785714286,"GW":1.0,"GP":5.0},"R. Bernardo":{"TEAM":"JRU","MINS":12.4916666667,"FGM":4.0026684456,"FGA":9.8065376918,"FG%":40.8163265306,"2PM":3.2021347565,"2PA":6.404269513,"2P%":50.0,"3PM":0.8005336891,"3PA":3.4022681788,"3P%":23.5294117647,"FTM":2.4016010674,"FTA":3.2021347565,"FT%":75.0,"PTS":11.2074716478,"OFF":1.0006671114,"DEF":3.2021347565,"REB":4.2028018679,"AST":1.8012008005,"TO":3.2021347565,"STL":1.400933956,"BLK":0.0,"STK":1.400933956,"PF":5.4036024016,"Fls on:":2.8018679119,"+\/-":6.0040026684,"GW":3.0,"GP":12.0},"V. Sarmiento":{"TEAM":"JRU","MINS":9.8875,"FGM":3.603034134,"FGA":7.7749683944,"FG%":46.3414634146,"2PM":3.603034134,"2PA":7.585335019,"2P%":47.5,"3PM":0.0,"3PA":0.1896333755,"3P%":0.0,"FTM":3.0341340076,"FTA":4.9304677623,"FT%":61.5384615385,"PTS":10.2402022756,"OFF":2.4652338812,"DEF":7.0164348925,"REB":9.4816687737,"AST":2.8445006321,"TO":3.0341340076,"STL":1.1378002528,"BLK":0.5689001264,"STK":1.7067003793,"PF":5.3097345133,"Fls on:":4.3615676359,"+\/-":-10.6194690265,"GW":4.0,"GP":16.0},"J. Pangilinan":{"TEAM":"JRU","MINS":13.4009259259,"FGM":3.1092378912,"FGA":11.9394735024,"FG%":26.0416666667,"2PM":0.8705866095,"2PA":4.2285635321,"2P%":20.5882352941,"3PM":2.2386512817,"3PA":7.7109099703,"3P%":29.0322580645,"FTM":1.7411732191,"FTA":2.6117598286,"FT%":66.6666666667,"PTS":10.1983002833,"OFF":1.4924341878,"DEF":2.6117598286,"REB":4.1041940164,"AST":2.487390313,"TO":3.6067159538,"STL":1.4924341878,"BLK":0.1243695156,"STK":1.6168037034,"PF":2.487390313,"Fls on:":2.114281766,"+\/-":-8.8302356111,"GW":4.0,"GP":18.0},"J. Lozano":{"TEAM":"JRU","MINS":13.4902777778,"FGM":3.5210542572,"FGA":11.304437352,"FG%":31.1475409836,"2PM":2.5944610316,"2PA":5.7448779986,"2P%":45.1612903226,"3PM":0.9265932256,"3PA":5.5595593534,"3P%":16.6666666667,"FTM":1.1119118707,"FTA":1.8531864511,"FT%":60.0,"PTS":9.0806136106,"OFF":1.1119118707,"DEF":3.8916915474,"REB":5.0036034181,"AST":3.3357356121,"TO":1.4825491609,"STL":0.5559559353,"BLK":0.3706372902,"STK":0.9265932256,"PF":3.150416967,"Fls on:":2.5944610316,"+\/-":-4.2623288376,"GW":3.0,"GP":12.0},"K. De Jesus":{"TEAM":"JRU","MINS":9.0128205128,"FGM":3.8406827881,"FGA":7.9374110953,"FG%":48.3870967742,"2PM":3.8406827881,"2PA":7.9374110953,"2P%":48.3870967742,"3PM":0.0,"3PA":0.0,"3P%":0.0,"FTM":1.0241820768,"FTA":3.8406827881,"FT%":26.6666666667,"PTS":8.7055476529,"OFF":2.0483641536,"DEF":4.6088193457,"REB":6.6571834993,"AST":2.8165007112,"TO":1.5362731152,"STL":0.5120910384,"BLK":0.7681365576,"STK":1.280227596,"PF":5.3769559033,"Fls on:":3.5846372688,"+\/-":6.9132290185,"GW":2.0,"GP":13.0},"S. Mosqueda":{"TEAM":"JRU","MINS":7.7214285714,"FGM":3.0527289547,"FGA":10.8233117484,"FG%":28.2051282051,"2PM":2.4976873266,"2PA":7.4930619797,"2P%":33.3333333333,"3PM":0.5550416281,"3PA":3.3302497687,"3P%":16.6666666667,"FTM":1.3876040703,"FTA":2.4976873266,"FT%":55.5555555556,"PTS":8.0481036078,"OFF":0.8325624422,"DEF":2.2201665125,"REB":3.0527289547,"AST":1.3876040703,"TO":1.3876040703,"STL":1.3876040703,"BLK":0.2775208141,"STK":1.6651248844,"PF":2.2201665125,"Fls on:":2.7752081406,"+\/-":-4.9953746531,"GW":4.0,"GP":14.0},"P. Ramos":{"TEAM":"JRU","MINS":12.0606060606,"FGM":2.2613065327,"FGA":8.1407035176,"FG%":27.7777777778,"2PM":2.0351758794,"2PA":5.8793969849,"2P%":34.6153846154,"3PM":0.2261306533,"3PA":2.2613065327,"3P%":10.0,"FTM":2.4874371859,"FTA":4.0703517588,"FT%":61.1111111111,"PTS":7.2361809045,"OFF":0.6783919598,"DEF":2.2613065327,"REB":2.9396984925,"AST":4.7487437186,"TO":3.1658291457,"STL":1.1306532663,"BLK":0.2261306533,"STK":1.3567839196,"PF":3.8442211055,"Fls on:":3.391959799,"+\/-":-10.8542713568,"GW":2.0,"GP":11.0},"M. De Leon":{"TEAM":"JRU","MINS":9.1433333333,"FGM":2.6248632884,"FGA":7.8745898651,"FG%":33.3333333333,"2PM":2.6248632884,"2PA":7.8745898651,"2P%":33.3333333333,"3PM":0.0,"3PA":0.0,"3P%":0.0,"FTM":1.9686474663,"FTA":3.2810791105,"FT%":60.0,"PTS":7.218374043,"OFF":1.9686474663,"DEF":8.5308056872,"REB":10.4994531535,"AST":0.6562158221,"TO":0.6562158221,"STL":0.6562158221,"BLK":0.0,"STK":0.6562158221,"PF":5.2497265767,"Fls on:":3.9372949326,"+\/-":-15.7491797302,"GW":0.0,"GP":5.0},"W. De Leon":{"TEAM":"JRU","MINS":9.3974358974,"FGM":1.4733969986,"FGA":6.6302864939,"FG%":22.2222222222,"2PM":1.4733969986,"2PA":6.6302864939,"2P%":22.2222222222,"3PM":0.0,"3PA":0.0,"3P%":0.0,"FTM":3.6834924966,"FTA":5.8935879945,"FT%":62.5,"PTS":6.6302864939,"OFF":2.9467939973,"DEF":3.1923601637,"REB":6.139154161,"AST":1.4733969986,"TO":1.7189631651,"STL":1.2278308322,"BLK":0.0,"STK":1.2278308322,"PF":2.9467939973,"Fls on:":4.1746248295,"+\/-":-6.8758526603,"GW":4.0,"GP":13.0},"C. Ferrer":{"TEAM":"JRU","MINS":4.5654761905,"FGM":2.3468057366,"FGA":7.5097783572,"FG%":31.25,"2PM":1.408083442,"2PA":6.1016949153,"2P%":23.0769230769,"3PM":0.9387222947,"3PA":1.408083442,"3P%":66.6666666667,"FTM":0.4693611473,"FTA":0.9387222947,"FT%":50.0,"PTS":6.1016949153,"OFF":1.408083442,