{"J. Pangilinan":{"TEAM":"JRU","MINS":14.1257575758,"FGM":1.2727272727,"FGA":5.5454545455,"FG%":22.9508196721,"2PM":0.4545454545,"2PA":2.2727272727,"2P%":20.0,"3PM":0.8181818182,"3PA":3.2727272727,"3P%":25.0,"FTM":1.0,"FTA":1.5454545455,"FT%":64.7058823529,"PTS":4.3636363636,"OFF":0.8181818182,"DEF":1.1818181818,"REB":2.0,"AST":1.0,"TO":1.6363636364,"STL":0.6363636364,"BLK":0.0909090909,"STK":0.7272727273,"PF":0.8181818182,"Fls on:":1.0909090909,"+\/-":-4.9090909091,"GP":11.0},"K. De Jesus":{"TEAM":"JRU","MINS":7.230952381,"FGM":0.5714285714,"FGA":1.5714285714,"FG%":36.3636363636,"2PM":0.5714285714,"2PA":1.5714285714,"2P%":36.3636363636,"3PM":0.0,"3PA":0.0,"3P%":0.0,"FTM":0.1428571429,"FTA":0.5714285714,"FT%":25.0,"PTS":1.2857142857,"OFF":0.2857142857,"DEF":1.0,"REB":1.2857142857,"AST":0.4285714286,"TO":0.2857142857,"STL":0.0,"BLK":0.1428571429,"STK":0.1428571429,"PF":1.0,"Fls on:":1.0,"+\/-":1.0,"GP":7.0},"M. Barrera":{"TEAM":"JRU","MINS":15.1466666667,"FGM":2.4,"FGA":5.3,"FG%":45.2830188679,"2PM":1.9,"2PA":3.6,"2P%":52.7777777778,"3PM":0.5,"3PA":1.7,"3P%":29.4117647059,"FTM":1.2,"FTA":1.3,"FT%":92.3076923077,"PTS":6.5,"OFF":0.7,"DEF":0.5,"REB":1.2,"AST":0.8,"TO":0.6,"STL":0.2,"BLK":0.2,"STK":0.4,"PF":1.0,"Fls on:":1.2,"+\/-":-5.9,"GP":10.0},"M. Raymundo":{"TEAM":"JRU","MINS":25.3348484849,"FGM":3.9090909091,"FGA":10.4545454545,"FG%":37.3913043478,"2PM":3.7272727273,"2PA":9.4545454545,"2P%":39.4230769231,"3PM":0.1818181818,"3PA":1.0,"3P%":18.1818181818,"FTM":2.6363636364,"FTA":3.2727272727,"FT%":80.5555555556,"PTS":10.6363636364,"OFF":2.5454545455,"DEF":3.5454545455,"REB":6.0909090909,"AST":2.6363636364,"TO":1.9090909091,"STL":1.4545454545,"BLK":0.5454545455,"STK":2.0,"PF":2.0,"Fls on:":2.9090909091,"+\/-":0.0909090909,"GP":11.0},"C. Ferrer":{"TEAM":"JRU","MINS":4.2777777778,"FGM":0.4444444444,"FGA":1.2222222222,"FG%":36.3636363636,"2PM":0.3333333333,"2PA":1.0,"2P%":33.3333333333,"3PM":0.1111111111,"3PA":0.2222222222,"3P%":50.0,"FTM":0.1111111111,"FTA":0.2222222222,"FT%":50.0,"PTS":1.1111111111,"OFF":0.0,"DEF":0.3333333333,"REB":0.3333333333,"AST":0.2222222222,"TO":0.0,"STL":0.0,"BLK":0.0,"STK":0.0,"PF":0.6666666667,"Fls on:":0.1111111111,"+\/-":-0.3333333333,"GP":9.0},"I. Panapanaan":{"TEAM":"JRU","MINS":21.8151515151,"FGM":0.9090909091,"FGA":2.9090909091,"FG%":31.25,"2PM":0.9090909091,"2PA":2.5454545455,"2P%":35.7142857143,"3PM":0.0,"3PA":0.3636363636,"3P%":0.0,"FTM":1.5454545455,"FTA":2.9090909091,"FT%":53.125,"PTS":3.3636363636,"OFF":1.9090909091,"DEF":2.4545454545,"REB":4.3636363636,"AST":2.2727272727,"TO":1.1818181818,"STL":1.0909090909,"BLK":1.3636363636,"STK":2.4545454545,"PF":2.7272727273,"Fls on:":2.0909090909,"+\/-":0.3636363636,"GP":11.0},"D. Garcia":{"TEAM":"JRU","MINS":6.72,"FGM":1.2,"FGA":2.8,"FG%":42.8571428571,"2PM":1.2,"2PA":2.2,"2P%":54.5454545455,"3PM":0.0,"3PA":0.6,"3P%":0.0,"FTM":0.2,"FTA":0.4,"FT%":50.0,"PTS":2.6,"OFF":0.2,"DEF":0.8,"REB":1.0,"AST":0.2,"TO":0.8,"STL":0.8,"BLK":0.2,"STK":1.0,"PF":1.2,"Fls on:":0.4,"+\/-":0.6,"GP":5.0},"P. Ramos":{"TEAM":"JRU","MINS":10.2404761905,"FGM":0.7142857143,"FGA":3.2857142857,"FG%":21.7391304348,"2PM":0.5714285714,"2PA":2.4285714286,"2P%":23.5294117647,"3PM":0.1428571429,"3PA":0.8571428571,"3P%":16.6666666667,"FTM":1.2857142857,"FTA":1.7142857143,"FT%":75.0,"PTS":2.8571428571,"OFF":0.2857142857,"DEF":0.2857142857,"REB":0.5714285714,"AST":2.1428571429,"TO":1.4285714286,"STL":0.2857142857,"BLK":0.1428571429,"STK":0.4285714286,"PF":1.2857142857,"Fls on:":1.4285714286,"+\/-":-7.2857142857,"GP":7.0},"L. Benitez":{"TEAM":"JRU","MINS":11.8354166667,"FGM":1.125,"FGA":2.375,"FG%":47.3684210526,"2PM":1.125,"2PA":2.375,"2P%":47.3684210526,"3PM":0.0,"3PA":0.0,"3P%":0.0,"FTM":0.0,"FTA":0.5,"FT%":0.0,"PTS":2.25,"OFF":1.375,"DEF":2.375,"REB":3.75,"AST":0.375,"TO":1.375,"STL":0.375,"BLK":1.0,"STK":1.375,"PF":3.25,"Fls on:":1.125,"+\/-":-2.75,"GP":8.0},"R. Bernardo":{"TEAM":"JRU","MINS":13.4694444444,"FGM":1.3333333333,"FGA":4.0,"FG%":33.3333333333,"2PM":0.8333333333,"2PA":2.0,"2P%":41.6666666667,"3PM":0.5,"3PA":2.0,"3P%":25.0,"FTM":1.6666666667,"FTA":2.3333333333,"FT%":71.4285714286,"PTS":4.8333333333,"OFF":0.1666666667,"DEF":1.0,"REB":1.1666666667,"AST":0.8333333333,"TO":1.5,"STL":0.6666666667,"BLK":0.0,"STK":0.6666666667,"PF":1.6666666667,"Fls on:":1.3333333333,"+\/-":5.6666666667,"GP":6.0},"R. Samontanes":{"TEAM":"JRU","MINS":5.9041666667,"FGM":0.125,"FGA":1.375,"FG%":9.0909090909,"2PM":0.0,"2PA":0.125,"2P%":0.0,"3PM":0.125,"3PA":1.25,"3P%":10.0,"FTM":0.0,"FTA":0.0,"FT%":0.0,"PTS":0.375,"OFF":0.125,"DEF":0.375,"REB":0.5,"AST":0.75,"TO":0.625,"STL":0.5,"BLK":0.0,"STK":0.5,"PF":0.375,"Fls on:":0.375,"+\/-":0.25,"GP":8.0},"W. De Leon":{"TEAM":"JRU","MINS":7.5318181818,"FGM":0.1818181818,"FGA":1.3636363636,"FG%":13.3333333333,"2PM":0.1818181818,"2PA":1.3636363636,"2P%":13.3333333333,"3PM":0.0,"3PA":0.0,"3P%":0.0,"FTM":0.8181818182,"FTA":1.2727272727,"FT%":64.2857142857,"PTS":1.1818181818,"OFF":0.5454545455,"DEF":0.8181818182,"REB":1.3636363636,"AST":0.2727272727,"TO":0.4545454545,"STL":0.3636363636,"BLK":0.0,"STK":0.3636363636,"PF":0.8181818182,"Fls on:":0.9090909091,"+\/-":-3.6363636364,"GP":11.0},"S. Argente":{"TEAM":"JRU","MINS":21.9378787879,"FGM":3.8181818182,"FGA":11.8181818182,"FG%":32.3076923077,"2PM":1.6363636364,"2PA":4.6363636364,"2P%":35.2941176471,"3PM":2.1818181818,"3PA":7.1818181818,"3P%":30.3797468354,"FTM":4.2727272727,"FTA":5.4545454545,"FT%":78.3333333333,"PTS":14.0909090909,"OFF":0.3636363636,"DEF":2.0909090909,"REB":2.4545454545,"AST":2.0909090909,"TO":1.2727272727,"STL":0.8181818182,"BLK":0.0,"STK":0.8181818182,"PF":1.8181818182,"Fls on:":3.8181818182,"+\/-":1.5454545455,"GP":11.0},"J. Lozano":{"TEAM":"JRU","MINS":14.8277777778,"FGM":2.5,"FGA":6.8333333333,"FG%":36.5853658537,"2PM":2.0,"2PA":4.1666666667,"2P%":48.0,"3PM":0.5,"3PA":2.6666666667,"3P%":18.75,"FTM":0.8333333333,"FTA":1.3333333333,"FT%":62.5,"PTS":6.3333333333,"OFF":0.6666666667,"DEF":2.0,"REB":2.6666666667,"AST":1.6666666667,"TO":0.8333333333,"STL":0.1666666667,"BLK":0.1666666667,"STK":0.3333333333,"PF":1.3333333333,"Fls on:":1.1666666667,"+\/-":-1.5,"GP":6.0},"V. Sarmiento":{"TEAM":"JRU","MINS":9.5537037037,"FGM":1.1111111111,"FGA":2.3333333333,"FG%":47.619047619,"2PM":1.1111111111,"2PA":2.3333333333,"2P%":47.619047619,"3PM":0.0,"3PA":0.0,"3P%":0.0,"FTM":0.4444444444,"FTA":1.3333333333,"FT%":33.3333333333,"PTS":2.6666666667,"OFF":1.0,"DEF":2.7777777778,"REB":3.7777777778,"AST":0.7777777778,"TO":1.0,"STL":0.3333333333,"BLK":0.3333333333,"STK":0.6666666667,"PF":1.8888888889,"Fls on:":1.3333333333,"+\/-":-4.3333333333,"GP":9.0},"J. Guiab":{"TEAM":"JRU","MINS":26.1409090909,"FGM":5.8181818182,"FGA":9.6363636364,"FG%":60.3773584906,"2PM":5.4545454545,"2PA":8.1818181818,"2P%":66.6666666667,"3PM":0.3636363636,"3PA":1.4545454545,"3P%":25.0,"FTM":3.7272727273,"FTA":5.0,"FT%":74.5454545455,"PTS":15.7272727273,"OFF":2.7272727273,"DEF":3.9090909091,"REB":6.6363636364,"AST":2.4545454545,"TO":1.6363636364,"STL":0.7272727273,"BLK":0.0909090909,"STK":0.8181818182,"PF":1.8181818182,"Fls on:":4.2727272727,"+\/-":0.5454545455,"GP":11.0},"S. Mosqueda":{"TEAM":"JRU","MINS":7.61875,"FGM":1.25,"FGA":3.375,"FG%":37.037037037,"2PM":1.0,"2PA":2.5,"2P%":40.0,"3PM":0.25,"3PA":0.875,"3P%":28.5714285714,"FTM":0.375,"FTA":0.375,"FT%":100.0,"PTS":3.125,"OFF":0.375,"DEF":0.625,"REB":1.0,"AST":0.375,"TO":0.25,"STL":0.375,"BLK":0.125,"STK":0.5,"PF":0.25,"Fls on:":0.75,"+\/-":-2.5,"GP":8.0},"J. Medina":{"TEAM":"JRU","MINS":15.5214285714,"FGM":2.5714285714,"FGA":6.0,"FG%":42.8571428571,"2PM":2.1428571429,"2PA":5.1428571429,"2P%":41.6666666667,"3PM":0.4285714286,"3PA":0.8571428571,"3P%":50.0,"FTM":1.0,"FTA":2.0,"FT%":50.0,"PTS":6.5714285714,"OFF":0.7142857143,"DEF":1.7142857143,"REB":2.4285714286,"AST":1.2857142857,"TO":1.2857142857,"STL":0.7142857143,"BLK":0.5714285714,"STK":1.2857142857,"PF":1.5714285714,"Fls on:":1.5714285714,"+\/-":1.1428571429,"GP":7.0}}