{"P. Ramos":{"TEAM":"JRU","MINS":10.2404761905,"FGM":2.0925366194,"FGA":9.6256684492,"FG%":21.7391304348,"2PM":1.6740292955,"2PA":7.1146245059,"2P%":23.5294117647,"3PM":0.4185073239,"3PA":2.5110439433,"3P%":16.6666666667,"FTM":3.7665659149,"FTA":5.0220878865,"FT%":75.0,"PTS":8.3701464776,"OFF":0.8370146478,"DEF":0.8370146478,"REB":1.6740292955,"AST":6.2776098582,"TO":4.1850732388,"STL":0.8370146478,"BLK":0.4185073239,"STK":1.2555219716,"PF":3.7665659149,"Fls on:":4.1850732388,"+\/-":-21.3438735178,"GW":1.0,"GP":7.0},"J. Pangilinan":{"TEAM":"JRU","MINS":14.5472222222,"FGM":2.9215199542,"FGA":11.6860798167,"FG%":25.0,"2PM":1.0311246897,"2PA":4.6400611037,"2P%":22.2222222222,"3PM":1.8903952645,"3PA":7.046018713,"3P%":26.8292682927,"FTM":1.8903952645,"FTA":2.9215199542,"FT%":64.7058823529,"PTS":9.6238304373,"OFF":1.5466870346,"DEF":2.5778117243,"REB":4.1244987588,"AST":2.2341034944,"TO":3.608936414,"STL":1.3748329196,"BLK":0.171854115,"STK":1.5466870346,"PF":1.8903952645,"Fls on:":2.2341034944,"+\/-":-9.2801222074,"GW":3.0,"GP":12.0},"M. Barrera":{"TEAM":"JRU","MINS":15.1466666667,"FGM":4.7535211268,"FGA":10.4973591549,"FG%":45.2830188679,"2PM":3.7632042253,"2PA":7.1302816901,"2P%":52.7777777778,"3PM":0.9903169014,"3PA":3.3670774648,"3P%":29.4117647059,"FTM":2.3767605634,"FTA":2.5748239437,"FT%":92.3076923077,"PTS":12.8741197183,"OFF":1.386443662,"DEF":0.9903169014,"REB":2.3767605634,"AST":1.5845070423,"TO":1.1883802817,"STL":0.3961267606,"BLK":0.3961267606,"STK":0.7922535211,"PF":1.9806338028,"Fls on:":2.3767605634,"+\/-":-11.6857394366,"GW":3.0,"GP":10.0},"D. Garcia":{"TEAM":"JRU","MINS":6.72,"FGM":5.3571428572,"FGA":12.5,"FG%":42.8571428571,"2PM":5.3571428572,"2PA":9.8214285715,"2P%":54.5454545455,"3PM":0.0,"3PA":2.6785714286,"3P%":0.0,"FTM":0.8928571429,"FTA":1.7857142857,"FT%":50.0,"PTS":11.6071428572,"OFF":0.8928571429,"DEF":3.5714285714,"REB":4.4642857143,"AST":0.8928571429,"TO":3.5714285714,"STL":3.5714285714,"BLK":0.8928571429,"STK":4.4642857143,"PF":5.3571428572,"Fls on:":1.7857142857,"+\/-":2.6785714286,"GW":1.0,"GP":5.0},"I. Panapanaan":{"TEAM":"JRU","MINS":22.2569444444,"FGM":1.1232449298,"FGA":3.7067082683,"FG%":30.303030303,"2PM":1.1232449298,"2PA":3.2574102964,"2P%":34.4827586207,"3PM":0.0,"3PA":0.4492979719,"3P%":0.0,"FTM":1.9095163807,"FTA":3.5943837754,"FT%":53.125,"PTS":4.1560062403,"OFF":2.5834633385,"DEF":3.5943837754,"REB":6.1778471139,"AST":2.8081123245,"TO":1.4602184087,"STL":1.3478939158,"BLK":1.9095163807,"STK":3.2574102964,"PF":3.7067082683,"Fls on:":2.5834633385,"+\/-":-1.4602184087,"GW":3.0,"GP":12.0},"R. Bernardo":{"TEAM":"JRU","MINS":14.3976190476,"FGM":2.9766826526,"FGA":8.3347114272,"FG%":35.7142857143,"2PM":2.0836778568,"2PA":4.4650239788,"2P%":46.6666666667,"3PM":0.8930047958,"3PA":3.8696874483,"3P%":23.0769230769,"FTM":2.9766826526,"FTA":4.1673557136,"FT%":71.4285714286,"PTS":9.8230527534,"OFF":0.2976682653,"DEF":2.381346122,"REB":2.6790143873,"AST":1.4883413263,"TO":2.6790143873,"STL":1.7860095915,"BLK":0.0,"STK":1.7860095915,"PF":3.2743509178,"Fls on:":2.9766826526,"+\/-":12.2043988755,"GW":2.0,"GP":7.0},"M. Raymundo":{"TEAM":"JRU","MINS":25.2180555556,"FGM":4.8576306659,"FGA":12.7884562428,"FG%":37.984496124,"2PM":4.6593600264,"2PA":11.6979677259,"2P%":39.8305084746,"3PM":0.1982706394,"3PA":1.0904885168,"3P%":18.1818181818,"FTM":2.9740595913,"FTA":3.8662774687,"FT%":76.9230769231,"PTS":12.8875915625,"OFF":2.7757889519,"DEF":4.0645481082,"REB":6.8403370601,"AST":3.3706008702,"TO":2.1809770336,"STL":1.8835710745,"BLK":0.7930825577,"STK":2.6766536322,"PF":2.4783829928,"Fls on:":3.4697361899,"+\/-":-0.3965412788,"GW":3.0,"GP":12.0},"R. Samontanes":{"TEAM":"JRU","MINS":5.9314814815,"FGM":0.5619731502,"FGA":6.7436778021,"FG%":8.3333333333,"2PM":0.0,"2PA":0.5619731502,"2P%":0.0,"3PM":0.5619731502,"3PA":6.1817046519,"3P%":9.0909090909,"FTM":0.0,"FTA":0.0,"FT%":0.0,"PTS":1.6859194505,"OFF":0.5619731502,"DEF":1.6859194505,"REB":2.2478926007,"AST":4.4957852014,"TO":2.8098657509,"STL":2.2478926007,"BLK":0.0,"STK":2.2478926007,"PF":1.6859194505,"Fls on:":1.6859194505,"+\/-":0.5619731502,"GW":3.0,"GP":9.0},"L. Benitez":{"TEAM":"JRU","MINS":11.8354166667,"FGM":2.8516106319,"FGA":6.0200668896,"FG%":47.3684210526,"2PM":2.8516106319,"2PA":6.0200668896,"2P%":47.3684210526,"3PM":0.0,"3PA":0.0,"3P%":0.0,"FTM":0.0,"FTA":1.2673825031,"FT%":0.0,"PTS":5.7032212639,"OFF":3.4853018835,"DEF":6.0200668896,"REB":9.5053687731,"AST":0.9505368773,"TO":3.4853018835,"STL":0.9505368773,"BLK":2.5347650062,"STK":3.4853018835,"PF":8.23798627,"Fls on:":2.8516106319,"+\/-":-6.9706037669,"GW":2.0,"GP":8.0},"C. Ferrer":{"TEAM":"JRU","MINS":4.3016666667,"FGM":2.7896164277,"FGA":7.6714451763,"FG%":36.3636363636,"2PM":2.0922123208,"2PA":6.2766369624,"2P%":33.3333333333,"3PM":0.6974041069,"3PA":1.3948082139,"3P%":50.0,"FTM":0.6974041069,"FTA":1.3948082139,"FT%":50.0,"PTS":6.9740410694,"OFF":0.0,"DEF":2.0922123208,"REB":2.0922123208,"AST":1.3948082139,"TO":0.6974041069,"STL":0.0,"BLK":0.0,"STK":0.0,"PF":4.1844246416,"Fls on:":0.6974041069,"+\/-":-9.0662533902,"GW":3.0,"GP":10.0},"K. De Jesus":{"TEAM":"JRU","MINS":7.230952381,"FGM":2.370760619,"FGA":6.5195917023,"FG%":36.3636363636,"2PM":2.370760619,"2PA":6.5195917023,"2P%":36.3636363636,"3PM":0.0,"3PA":0.0,"3P%":0.0,"FTM":0.5926901548,"FTA":2.370760619,"FT%":25.0,"PTS":5.3342113928,"OFF":1.1853803095,"DEF":4.1488310833,"REB":5.3342113928,"AST":1.7780704643,"TO":1.1853803095,"STL":0.0,"BLK":0.5926901548,"STK":0.5926901548,"PF":4.1488310833,"Fls on:":4.1488310833,"+\/-":4.1488310833,"GW":1.0,"GP":7.0},"J. Guiab":{"TEAM":"JRU","MINS":26.5361111111,"FGM":6.5005757354,"FGA":10.9285041348,"FG%":59.4827586207,"2PM":6.1237307652,"2PA":9.3269130116,"2P%":65.6565656566,"3PM":0.3768449702,"3PA":1.6015911232,"3P%":23.5294117647,"FTM":4.522139642,"FTA":6.0295195227,"FT%":75.0,"PTS":17.9001360829,"OFF":2.9205485188,"DEF":4.2395059144,"REB":7.1600544332,"AST":2.8263372763,"TO":1.6958023658,"STL":0.9421124254,"BLK":0.0942112425,"STK":1.036323668,"PF":2.0726473359,"Fls on:":5.1816183398,"+\/-":0.8479011829,"GW":3.0,"GP":12.0},"J. Medina":{"TEAM":"JRU","MINS":15.5214285714,"FGM":4.9700874367,"FGA":11.5968706857,"FG%":42.8571428571,"2PM":4.1417395306,"2PA":9.9401748734,"2P%":41.6666666667,"3PM":0.8283479061,"3PA":1.6566958122,"3P%":50.0,"FTM":1.9328117809,"FTA":3.8656235619,"FT%":50.0,"PTS":12.7013345605,"OFF":1.3805798435,"DEF":3.3133916245,"REB":4.693971468,"AST":2.4850437184,"TO":2.4850437184,"STL":1.3805798435,"BLK":1.1044638748,"STK":2.4850437184,"PF":3.0372756558,"Fls on:":3.0372756558,"+\/-":2.2089277497,"GW":2.0,"GP":7.0},"W. De Leon":{"TEAM":"JRU","MINS":7.9402777778,"FGM":0.9445513381,"FGA":6.6118593668,"FG%":14.2857142857,"2PM":0.9445513381,"2PA":6.6118593668,"2P%":14.2857142857,"3PM":0.0,"3PA":0.0,"3P%":0.0,"FTM":3.4633549064,"FTA":5.0376071366,"FT%":68.75,"PTS":5.3524575826,"OFF":2.8336540143,"DEF":2.8336540143,"REB":5.6673080287,"AST":1.2594017842,"TO":1.5742522302,"STL":1.2594017842,"BLK":0.0,"STK":1.2594017842,"PF":2.8336540143,"Fls on:":3.7782053525,"+\/-":-12.5940178415,"GW":3.0,"GP":12.0},"S. Argente":{"TEAM":"JRU","MINS":21.9986111111,"FGM":5.2276027527,"FGA":15.9100953343,"FG%":32.8571428571,"2PM":2.272870762,"2PA":6.0231075194,"2P%":37.7358490566,"3PM":2.9547319907,"3PA":9.8869878149,"3P%":29.8850574713,"FTM":5.7958204432,"FTA":7.2731864385,"FT%":79.6875,"PTS":19.2057579393,"OFF":0.4545741524,"DEF":2.9547319907,"REB":3.4093061431,"AST":2.8410884526,"TO":1.5910095334,"STL":1.0227918429,"BLK":0.0,"STK":1.0227918429,"PF":2.3865143001,"Fls on:":5.0003156765,"+\/-":0.0,"GW":3.0,"GP":12.0},"S. Mosqueda":{"TEAM":"JRU","MINS":7.5888888889,"FGM":4.831625183,"FGA":12.7379209371,"FG%":37.9310344828,"2PM":3.953147877,"2PA":9.224011713,"2P%":42.8571428571,"3PM":0.878477306,"3PA":3.513909224,"3P%":25.0,"FTM":1.756954612,"FTA":3.074670571,"FT%":57.1428571429,"PTS":12.2986822841,"OFF":1.317715959,"DEF":2.196193265,"REB":3.513909224,"AST":1.317715959,"TO":1.317715959,"STL":1.317715959,"BLK":0.439238653,"STK":1.756954612,