{"J. Pangilinan":{"TEAM":"JRU","MINS":155.3833333334,"FGM":14.0,"FGA":61.0,"FG%":22.9508196721,"2PM":5.0,"2PA":25.0,"2P%":20.0,"3PM":9.0,"3PA":36.0,"3P%":25.0,"FTM":11.0,"FTA":17.0,"FT%":64.7058823529,"PTS":48.0,"OFF":9.0,"DEF":13.0,"REB":22.0,"AST":11.0,"TO":18.0,"STL":7.0,"BLK":1.0,"STK":8.0,"PF":9.0,"Fls on:":12.0,"+\/-":-54.0,"GP":11.0},"K. De Jesus":{"TEAM":"JRU","MINS":50.6166666667,"FGM":4.0,"FGA":11.0,"FG%":36.3636363636,"2PM":4.0,"2PA":11.0,"2P%":36.3636363636,"3PM":0.0,"3PA":0.0,"3P%":0.0,"FTM":1.0,"FTA":4.0,"FT%":25.0,"PTS":9.0,"OFF":2.0,"DEF":7.0,"REB":9.0,"AST":3.0,"TO":2.0,"STL":0.0,"BLK":1.0,"STK":1.0,"PF":7.0,"Fls on:":7.0,"+\/-":7.0,"GP":7.0},"M. Barrera":{"TEAM":"JRU","MINS":151.4666666668,"FGM":24.0,"FGA":53.0,"FG%":45.2830188679,"2PM":19.0,"2PA":36.0,"2P%":52.7777777778,"3PM":5.0,"3PA":17.0,"3P%":29.4117647059,"FTM":12.0,"FTA":13.0,"FT%":92.3076923077,"PTS":65.0,"OFF":7.0,"DEF":5.0,"REB":12.0,"AST":8.0,"TO":6.0,"STL":2.0,"BLK":2.0,"STK":4.0,"PF":10.0,"Fls on:":12.0,"+\/-":-59.0,"GP":10.0},"M. Raymundo":{"TEAM":"JRU","MINS":278.6833333335,"FGM":43.0,"FGA":115.0,"FG%":37.3913043478,"2PM":41.0,"2PA":104.0,"2P%":39.4230769231,"3PM":2.0,"3PA":11.0,"3P%":18.1818181818,"FTM":29.0,"FTA":36.0,"FT%":80.5555555556,"PTS":117.0,"OFF":28.0,"DEF":39.0,"REB":67.0,"AST":29.0,"TO":21.0,"STL":16.0,"BLK":6.0,"STK":22.0,"PF":22.0,"Fls on:":32.0,"+\/-":1.0,"GP":11.0},"C. Ferrer":{"TEAM":"JRU","MINS":38.4999999999,"FGM":4.0,"FGA":11.0,"FG%":36.3636363636,"2PM":3.0,"2PA":9.0,"2P%":33.3333333333,"3PM":1.0,"3PA":2.0,"3P%":50.0,"FTM":1.0,"FTA":2.0,"FT%":50.0,"PTS":10.0,"OFF":0.0,"DEF":3.0,"REB":3.0,"AST":2.0,"TO":0.0,"STL":0.0,"BLK":0.0,"STK":0.0,"PF":6.0,"Fls on:":1.0,"+\/-":-3.0,"GP":9.0},"I. Panapanaan":{"TEAM":"JRU","MINS":239.9666666666,"FGM":10.0,"FGA":32.0,"FG%":31.25,"2PM":10.0,"2PA":28.0,"2P%":35.7142857143,"3PM":0.0,"3PA":4.0,"3P%":0.0,"FTM":17.0,"FTA":32.0,"FT%":53.125,"PTS":37.0,"OFF":21.0,"DEF":27.0,"REB":48.0,"AST":25.0,"TO":13.0,"STL":12.0,"BLK":15.0,"STK":27.0,"PF":30.0,"Fls on:":23.0,"+\/-":4.0,"GP":11.0},"D. Garcia":{"TEAM":"JRU","MINS":33.5999999999,"FGM":6.0,"FGA":14.0,"FG%":42.8571428571,"2PM":6.0,"2PA":11.0,"2P%":54.5454545455,"3PM":0.0,"3PA":3.0,"3P%":0.0,"FTM":1.0,"FTA":2.0,"FT%":50.0,"PTS":13.0,"OFF":1.0,"DEF":4.0,"REB":5.0,"AST":1.0,"TO":4.0,"STL":4.0,"BLK":1.0,"STK":5.0,"PF":6.0,"Fls on:":2.0,"+\/-":3.0,"GP":5.0},"P. Ramos":{"TEAM":"JRU","MINS":71.6833333333,"FGM":5.0,"FGA":23.0,"FG%":21.7391304348,"2PM":4.0,"2PA":17.0,"2P%":23.5294117647,"3PM":1.0,"3PA":6.0,"3P%":16.6666666667,"FTM":9.0,"FTA":12.0,"FT%":75.0,"PTS":20.0,"OFF":2.0,"DEF":2.0,"REB":4.0,"AST":15.0,"TO":10.0,"STL":2.0,"BLK":1.0,"STK":3.0,"PF":9.0,"Fls on:":10.0,"+\/-":-51.0,"GP":7.0},"L. Benitez":{"TEAM":"JRU","MINS":94.6833333334,"FGM":9.0,"FGA":19.0,"FG%":47.3684210526,"2PM":9.0,"2PA":19.0,"2P%":47.3684210526,"3PM":0.0,"3PA":0.0,"3P%":0.0,"FTM":0.0,"FTA":4.0,"FT%":0.0,"PTS":18.0,"OFF":11.0,"DEF":19.0,"REB":30.0,"AST":3.0,"TO":11.0,"STL":3.0,"BLK":8.0,"STK":11.0,"PF":26.0,"Fls on:":9.0,"+\/-":-22.0,"GP":8.0},"R. Bernardo":{"TEAM":"JRU","MINS":80.8166666666,"FGM":8.0,"FGA":24.0,"FG%":33.3333333333,"2PM":5.0,"2PA":12.0,"2P%":41.6666666667,"3PM":3.0,"3PA":12.0,"3P%":25.0,"FTM":10.0,"FTA":14.0,"FT%":71.4285714286,"PTS":29.0,"OFF":1.0,"DEF":6.0,"REB":7.0,"AST":5.0,"TO":9.0,"STL":4.0,"BLK":0.0,"STK":4.0,"PF":10.0,"Fls on:":8.0,"+\/-":34.0,"GP":6.0},"R. Samontanes":{"TEAM":"JRU","MINS":47.2333333332,"FGM":1.0,"FGA":11.0,"FG%":9.0909090909,"2PM":0.0,"2PA":1.0,"2P%":0.0,"3PM":1.0,"3PA":10.0,"3P%":10.0,"FTM":0.0,"FTA":0.0,"FT%":0.0,"PTS":3.0,"OFF":1.0,"DEF":3.0,"REB":4.0,"AST":6.0,"TO":5.0,"STL":4.0,"BLK":0.0,"STK":4.0,"PF":3.0,"Fls on:":3.0,"+\/-":2.0,"GP":8.0},"W. De Leon":{"TEAM":"JRU","MINS":82.8500000001,"FGM":2.0,"FGA":15.0,"FG%":13.3333333333,"2PM":2.0,"2PA":15.0,"2P%":13.3333333333,"3PM":0.0,"3PA":0.0,"3P%":0.0,"FTM":9.0,"FTA":14.0,"FT%":64.2857142857,"PTS":13.0,"OFF":6.0,"DEF":9.0,"REB":15.0,"AST":3.0,"TO":5.0,"STL":4.0,"BLK":0.0,"STK":4.0,"PF":9.0,"Fls on:":10.0,"+\/-":-40.0,"GP":11.0},"S. Argente":{"TEAM":"JRU","MINS":241.3166666665,"FGM":42.0,"FGA":130.0,"FG%":32.3076923077,"2PM":18.0,"2PA":51.0,"2P%":35.2941176471,"3PM":24.0,"3PA":79.0,"3P%":30.3797468354,"FTM":47.0,"FTA":60.0,"FT%":78.3333333333,"PTS":155.0,"OFF":4.0,"DEF":23.0,"REB":27.0,"AST":23.0,"TO":14.0,"STL":9.0,"BLK":0.0,"STK":9.0,"PF":20.0,"Fls on:":42.0,"+\/-":17.0,"GP":11.0},"J. Lozano":{"TEAM":"JRU","MINS":88.9666666666,"FGM":15.0,"FGA":41.0,"FG%":36.5853658537,"2PM":12.0,"2PA":25.0,"2P%":48.0,"3PM":3.0,"3PA":16.0,"3P%":18.75,"FTM":5.0,"FTA":8.0,"FT%":62.5,"PTS":38.0,"OFF":4.0,"DEF":12.0,"REB":16.0,"AST":10.0,"TO":5.0,"STL":1.0,"BLK":1.0,"STK":2.0,"PF":8.0,"Fls on:":7.0,"+\/-":-9.0,"GP":6.0},"V. Sarmiento":{"TEAM":"JRU","MINS":85.9833333333,"FGM":10.0,"FGA":21.0,"FG%":47.619047619,"2PM":10.0,"2PA":21.0,"2P%":47.619047619,"3PM":0.0,"3PA":0.0,"3P%":0.0,"FTM":4.0,"FTA":12.0,"FT%":33.3333333333,"PTS":24.0,"OFF":9.0,"DEF":25.0,"REB":34.0,"AST":7.0,"TO":9.0,"STL":3.0,"BLK":3.0,"STK":6.0,"PF":17.0,"Fls on:":12.0,"+\/-":-39.0,"GP":9.0},"J. Guiab":{"TEAM":"JRU","MINS":287.5499999998,"FGM":64.0,"FGA":106.0,"FG%":60.3773584906,"2PM":60.0,"2PA":90.0,"2P%":66.6666666667,"3PM":4.0,"3PA":16.0,"3P%":25.0,"FTM":41.0,"FTA":55.0,"FT%":74.5454545455,"PTS":173.0,"OFF":30.0,"DEF":43.0,"REB":73.0,"AST":27.0,"TO":18.0,"STL":8.0,"BLK":1.0,"STK":9.0,"PF":20.0,"Fls on:":47.0,"+\/-":6.0,"GP":11.0},"S. Mosqueda":{"TEAM":"JRU","MINS":60.9499999999,"FGM":10.0,"FGA":27.0,"FG%":37.037037037,"2PM":8.0,"2PA":20.0,"2P%":40.0,"3PM":2.0,"3PA":7.0,"3P%":28.5714285714,"FTM":3.0,"FTA":3.0,"FT%":100.0,"PTS":25.0,"OFF":3.0,"DEF":5.0,"REB":8.0,"AST":3.0,"TO":2.0,"STL":3.0,"BLK":1.0,"STK":4.0,"PF":2.0,"Fls on:":6.0,"+\/-":-20.0,"GP":8.0},"J. Medina":{"TEAM":"JRU","MINS":108.65,"FGM":18.0,"FGA":42.0,"FG%":42.8571428571,"2PM":15.0,"2PA":36.0,"2P%":41.6666666667,"3PM":3.0,"3PA":6.0,"3P%":50.0,"FTM":7.0,"FTA":14.0,"FT%":50.0,"PTS":46.0,"OFF":5.0,"DEF":12.0,"REB":17.0,"AST":9.0,"TO":9.0,"STL":5.0,"BLK":4.0,"STK":9.0,"PF":11.0,"Fls on:":11.0,"+\/-":8.0,"GP":7.0}}