{"J. Guiab":{"TEAM":"JRU","MINS":26.2035714286,"FGM":5.5,"FGA":9.5,"FG%":57.8947368421,"2PM":5.1428571429,"2PA":8.0,"2P%":64.2857142857,"3PM":0.3571428571,"3PA":1.5,"3P%":23.8095238095,"FTM":4.5,"FTA":5.9285714286,"FT%":75.9036144578,"PTS":15.8571428571,"OFF":2.3571428571,"DEF":3.5,"REB":5.8571428571,"AST":2.5,"TO":1.4285714286,"STL":0.7857142857,"BLK":0.0714285714,"STK":0.8571428571,"PF":2.0,"Fls on:":4.7857142857,"+\/-":0.4285714286,"GW":4.0,"GP":14.0},"S. Argente":{"TEAM":"JRU","MINS":22.2488095238,"FGM":3.9285714286,"FGA":12.0,"FG%":32.7380952381,"2PM":1.7857142857,"2PA":4.5,"2P%":39.6825396825,"3PM":2.1428571429,"3PA":7.5,"3P%":28.5714285714,"FTM":3.8571428571,"FTA":4.7857142857,"FT%":80.5970149254,"PTS":13.8571428571,"OFF":0.4285714286,"DEF":2.0,"REB":2.4285714286,"AST":2.2857142857,"TO":1.0714285714,"STL":0.6428571429,"BLK":0.0,"STK":0.6428571429,"PF":1.7142857143,"Fls on:":3.5714285714,"+\/-":-0.2142857143,"GW":4.0,"GP":14.0},"M. Raymundo":{"TEAM":"JRU","MINS":24.5666666667,"FGM":3.9285714286,"FGA":10.3571428571,"FG%":37.9310344828,"2PM":3.7857142857,"2PA":9.4285714286,"2P%":40.1515151515,"3PM":0.1428571429,"3PA":0.9285714286,"3P%":15.3846153846,"FTM":2.3571428571,"FTA":3.1428571429,"FT%":75.0,"PTS":10.3571428571,"OFF":2.2857142857,"DEF":3.2142857143,"REB":5.5,"AST":2.7857142857,"TO":1.8571428571,"STL":1.4285714286,"BLK":0.5714285714,"STK":2.0,"PF":2.1428571429,"Fls on:":2.8571428571,"+\/-":-0.2142857143,"GW":4.0,"GP":14.0},"M. Barrera":{"TEAM":"JRU","MINS":16.1138888889,"FGM":3.0,"FGA":6.0833333333,"FG%":49.3150684932,"2PM":2.5,"2PA":4.25,"2P%":58.8235294118,"3PM":0.5,"3PA":1.8333333333,"3P%":27.2727272727,"FTM":1.0833333333,"FTA":1.25,"FT%":86.6666666667,"PTS":7.5833333333,"OFF":0.5833333333,"DEF":0.75,"REB":1.3333333333,"AST":0.9166666667,"TO":0.6666666667,"STL":0.25,"BLK":0.25,"STK":0.5,"PF":1.0833333333,"Fls on:":1.25,"+\/-":-5.0833333333,"GW":4.0,"GP":12.0},"J. Medina":{"TEAM":"JRU","MINS":15.3770833333,"FGM":2.375,"FGA":5.875,"FG%":40.4255319149,"2PM":2.0,"2PA":5.0,"2P%":40.0,"3PM":0.375,"3PA":0.875,"3P%":42.8571428571,"FTM":0.875,"FTA":1.75,"FT%":50.0,"PTS":6.0,"OFF":0.625,"DEF":1.625,"REB":2.25,"AST":1.375,"TO":1.125,"STL":0.625,"BLK":0.5,"STK":1.125,"PF":1.625,"Fls on:":1.5,"+\/-":-1.5,"GW":2.0,"GP":8.0},"R. Bernardo":{"TEAM":"JRU","MINS":14.1981481481,"FGM":1.7777777778,"FGA":4.5555555556,"FG%":39.0243902439,"2PM":1.3333333333,"2PA":2.6666666667,"2P%":50.0,"3PM":0.4444444444,"3PA":1.8888888889,"3P%":23.5294117647,"FTM":1.3333333333,"FTA":1.7777777778,"FT%":75.0,"PTS":5.3333333333,"OFF":0.4444444444,"DEF":1.4444444444,"REB":1.8888888889,"AST":0.8888888889,"TO":1.4444444444,"STL":0.6666666667,"BLK":0.0,"STK":0.6666666667,"PF":2.3333333333,"Fls on:":1.5555555556,"+\/-":4.0,"GW":3.0,"GP":9.0},"J. Lozano":{"TEAM":"JRU","MINS":12.3703703704,"FGM":1.7777777778,"FGA":5.4444444444,"FG%":32.6530612245,"2PM":1.4444444444,"2PA":3.1111111111,"2P%":46.4285714286,"3PM":0.3333333333,"3PA":2.3333333333,"3P%":14.2857142857,"FTM":0.5555555556,"FTA":0.8888888889,"FT%":62.5,"PTS":4.4444444444,"OFF":0.4444444444,"DEF":1.6666666667,"REB":2.1111111111,"AST":1.3333333333,"TO":0.6666666667,"STL":0.1111111111,"BLK":0.1111111111,"STK":0.2222222222,"PF":1.0,"Fls on:":1.0,"+\/-":-3.0,"GW":3.0,"GP":9.0},"J. Pangilinan":{"TEAM":"JRU","MINS":13.1095238095,"FGM":1.2857142857,"FGA":5.2142857143,"FG%":24.6575342466,"2PM":0.4285714286,"2PA":1.9285714286,"2P%":22.2222222222,"3PM":0.8571428571,"3PA":3.2857142857,"3P%":26.0869565217,"FTM":0.7857142857,"FTA":1.2142857143,"FT%":64.7058823529,"PTS":4.2142857143,"OFF":0.6428571429,"DEF":1.0714285714,"REB":1.7142857143,"AST":0.9285714286,"TO":1.6428571429,"STL":0.6428571429,"BLK":0.0714285714,"STK":0.7142857143,"PF":0.8571428571,"Fls on:":0.9285714286,"+\/-":-4.4285714286,"GW":4.0,"GP":14.0},"M. De Leon":{"TEAM":"JRU","MINS":15.15,"FGM":1.0,"FGA":1.0,"FG%":100.0,"2PM":1.0,"2PA":1.0,"2P%":100.0,"3PM":0.0,"3PA":0.0,"3P%":0.0,"FTM":2.0,"FTA":3.0,"FT%":66.6666666667,"PTS":4.0,"OFF":1.0,"DEF":4.0,"REB":5.0,"AST":0.0,"TO":1.0,"STL":0.0,"BLK":0.0,"STK":0.0,"PF":3.0,"Fls on:":3.0,"+\/-":-11.0,"GW":0.0,"GP":1.0},"P. Ramos":{"TEAM":"JRU","MINS":12.0851851852,"FGM":1.0,"FGA":3.4444444444,"FG%":29.0322580645,"2PM":0.8888888889,"2PA":2.6666666667,"2P%":33.3333333333,"3PM":0.1111111111,"3PA":0.7777777778,"3P%":14.2857142857,"FTM":1.1111111111,"FTA":1.7777777778,"FT%":62.5,"PTS":3.2222222222,"OFF":0.3333333333,"DEF":0.8888888889,"REB":1.2222222222,"AST":2.0,"TO":1.3333333333,"STL":0.3333333333,"BLK":0.1111111111,"STK":0.4444444444,"PF":1.3333333333,"Fls on:":1.4444444444,"+\/-":-5.3333333333,"GW":2.0,"GP":9.0},"I. Panapanaan":{"TEAM":"JRU","MINS":21.2333333333,"FGM":0.9285714286,"FGA":2.9285714286,"FG%":31.7073170732,"2PM":0.9285714286,"2PA":2.6428571429,"2P%":35.1351351351,"3PM":0.0,"3PA":0.2857142857,"3P%":0.0,"FTM":1.2142857143,"FTA":2.2857142857,"FT%":53.125,"PTS":3.0714285714,"OFF":1.8571428571,"DEF":2.5714285714,"REB":4.4285714286,"AST":1.7857142857,"TO":1.0,"STL":1.0,"BLK":1.5,"STK":2.5,"PF":2.5,"Fls on:":1.7857142857,"+\/-":-1.7857142857,"GW":4.0,"GP":14.0},"V. Sarmiento":{"TEAM":"JRU","MINS":9.975,"FGM":1.1666666667,"FGA":2.8333333333,"FG%":41.1764705882,"2PM":1.1666666667,"2PA":2.75,"2P%":42.4242424242,"3PM":0.0,"3PA":0.0833333333,"3P%":0.0,"FTM":0.5833333333,"FTA":1.3333333333,"FT%":43.75,"PTS":2.9166666667,"OFF":1.0,"DEF":2.4166666667,"REB":3.4166666667,"AST":1.0,"TO":0.8333333333,"STL":0.4166666667,"BLK":0.25,"STK":0.6666666667,"PF":1.75,"Fls on:":1.25,"+\/-":-4.3333333333,"GW":4.0,"GP":12.0},"D. Garcia":{"TEAM":"JRU","MINS":6.72,"FGM":1.2,"FGA":2.8,"FG%":42.8571428571,"2PM":1.2,"2PA":2.2,"2P%":54.5454545455,"3PM":0.0,"3PA":0.6,"3P%":0.0,"FTM":0.2,"FTA":0.4,"FT%":50.0,"PTS":2.6,"OFF":0.2,"DEF":0.8,"REB":1.0,"AST":0.2,"TO":0.8,"STL":0.8,"BLK":0.2,"STK":1.0,"PF":1.2,"Fls on:":0.4,"+\/-":0.6,"GW":1.0,"GP":5.0},"S. Mosqueda":{"TEAM":"JRU","MINS":7.8878787879,"FGM":1.0,"FGA":2.8181818182,"FG%":35.4838709677,"2PM":0.8181818182,"2PA":2.0909090909,"2P%":39.1304347826,"3PM":0.1818181818,"3PA":0.7272727273,"3P%":25.0,"FTM":0.3636363636,"FTA":0.6363636364,"FT%":57.1428571429,"PTS":2.5454545455,"OFF":0.2727272727,"DEF":0.4545454545,"REB":0.7272727273,"AST":0.3636363636,"TO":0.2727272727,"STL":0.3636363636,"BLK":0.0909090909,"STK":0.4545454545,"PF":0.4545454545,"Fls on:":0.7272727273,"+\/-":-1.4545454545,"GW":4.0,"GP":11.0},"W. De Leon":{"TEAM":"JRU","MINS":9.3974358974,"FGM":0.4615384615,"FGA":2.0769230769,"FG%":22.2222222222,"2PM":0.4615384615,"2PA":2.0769230769,"2P%":22.2222222222,"3PM":0.0,"3PA":0.0,"3P%":0.0,"FTM":1.1538461538,"FTA":1.8461538462,"FT%":62.5,"PTS":2.0769230769,"OFF":0.9230769231,"DEF":1.0,"REB":1.9230769231,"AST":0.4615384615,"TO":0.5384615385,"STL":0.3846153846,"BLK":0.0,"STK":0.3846153846,"PF":0.9230769231,"Fls on:":1.3076923077,"+\/-":-2.1538461538,"GW":4.0,"GP":13.0},"L. Benitez":{"TEAM":"JRU","MINS":10.9,"FGM":1.0,"FGA":2.1111111111,"FG%":47.3684210526,"2PM":1.0,"2PA":2.1111111111,"2P%":47.3684210526,"3PM":0.0,"3PA":0.0,"3P%":0.0,"FTM":0.0,"FTA":0.4444444444,"FT%":0.0,"PTS":2.0,"OFF":1.2222222222,"DEF":2.1111111111,"REB":3.3333333333,"AST":0.3333333333,"TO":1.2222222222,"STL":0.3333333333,"BLK":0.8888888889,"STK":1.2222222222,"PF":3.2222222222,"Fls on:":1.1111111111,"+\/-":-3.0,"GW":3.0,"GP":9.0},"K. De Jesus":{"TEAM":"JRU","MINS":6.5981481482,"FGM":0.5555555556,"FGA":1.5555555556,"FG%":35.7142857143,"2PM":0.5555555556,"2PA":1.5555555556,"2P%":35.7142857143,"3PM":0.0,"3PA":0.0,"3P%":0.0,"FTM":0.1111111111,"FTA":0.6666666667,"FT%":16.6666666667,"PTS":1.2222222222,"OFF":0.2222222222,"DEF":1.0,"REB":1.2222222222,"AST":0.3333333333,"TO":0.3333333333,"STL":0.0,"BLK":0.1111111111,"STK":0.1111111111,"PF":1.1111111111,"Fls on:":0.8888888889,"+\/-":0.7777777778,"GW":2.0,"GP":9.0},"C. Ferrer":{"TEAM":"JRU","MINS":4.3016666667,"FGM":0.4,"FGA":1.1,"FG%":36.3636363636,"2PM":0.3,"2PA":0.9,"2P%":33.3333333333,"3PM":0.1,"3PA":0.2,"3P%":50.0,"FTM":0.1,"FTA":0.2,"FT%":50.0,"PTS":1.0,"OFF":0.0,"DEF":0.3,"REB":0.3,"AST":0.2,"TO":0.1,