{"League":{"TEAM":"League","MINS":20.5029269957,"FGM":4.2641330861,"FGA":10.6395416674,"FG%":40.0781652007,"2PM":3.1211820974,"2PA":6.5157178513,"2P%":47.9023519528,"3PM":1.1429509887,"3PA":4.1238238161,"3P%":27.7158055155,"FTM":2.3485135094,"FTA":3.534807241,"FT%":66.4396485952,"PTS":12.0197306702,"OFF":1.670125913,"DEF":4.0645104924,"REB":5.7346364054,"AST":2.5744649202,"TO":1.9539074709,"STL":1.1447040619,"BLK":0.4550196457,"STK":1.5997237076,"PF":2.7380709965,"Fls on:":3.140286192,"+\/-":1.0629304398,"GW":7.7423225218,"GP":15.1596805049}}