{"League":{"TEAM":"League","SP":41.1758217032,"GP":12.1153843876,"MPG":20.526692824,"EWA":0.7022470706,"PER":16.4958356661,"WS":0.704382072,"OWS":0.4755424874,"DWS":0.2288395846,"EFF":8.4017854999,"GmSc":5.6909136734,"TS%":48.9201042523,"EFG%":45.076320571,"PPWS":0.978402085,"FTR":0.3315385439,"REB%":10.1164576974,"OREB%":6.0437198548,"DREB%":14.1891955399,"AR":4.3818456929,"pAST%":16.0043982392,"TOR":3.4106326112,"AST\/TO":1.2847603927,"PPR":-0.9377873789,"USG%":20.8776877894,"aSP":40.3713207463,"ORtg":99.7192697912,"DRtg":98.2192667801,"Floor%":45.7268654678,"Stop%":0.5349482856,"FFI":48.3596922049,"PIE":5.0804311632,"AV":1.5260272744}}