PLAYER,TEAM,MINS,FGM,FGA,FG%,2PM,2PA,2P%,3PM,3PA,3P%,FTM,FTA,FT%,PTS,OFF,DEF,REB,AST,TO,STL,BLK,STK,PF,Fls on:,+/-,GW,GP
League,League,20.50089210889042,4.248738296368255,10.740751247879775,39.5571799245,3.088543110991284,6.581950672263185,46.9244341804,1.1601951853769708,4.158800575604802,27.8973507933,2.3241598111428163,3.5129397950772985,66.1599670568,11.981831589256295,1.7162328698196525,4.048608376980297,5.76484124678816,2.5059204482131245,1.9539101096773925,1.1339760145526208,0.46988963996025196,1.6038656545010832,2.7595203312749246,3.132017165191311,0.9559625448416046,6.2661910865,12.4125739794
