PLAYER,TEAM,MINS,FGM,FGA,FG%,2PM,2PA,2P%,3PM,3PA,3P%,FTM,FTA,FT%,PTS,OFF,DEF,REB,AST,TO,STL,BLK,STK,PF,Fls on:,+/-,GW,GP
League,League,20.52669282400408,4.259210719643813,10.737592506802836,39.6663471532,3.0974089189948777,6.592205452357087,46.985928175,1.1618018006609991,4.145387054445748,28.0263769196,2.3579967335988283,3.5599257845766004,66.2372441529,12.038219973547456,1.7216550449667758,4.042030516326037,5.763685561292812,2.5189343324756344,1.9606257686440827,1.1345456252604311,0.4648582173370731,1.5994038425975043,2.7695594370647716,3.1518370222777903,0.947344528096136,6.0747041806,12.1153843876
