,TEAM,MINS,FGM,FGA,FG%,2PM,2PA,2P%,3PM,3PA,3P%,FTM,FTA,FT%,PTS,OFF,DEF,REB,AST,TO,STL,BLK,STK,PF,Fls on:,+/-,GW,GP
League,League,314.03023488406984,44.75922755064011,111.6414927597146,40.091928586959305,32.841144831746995,68.66546219534271,47.827748888253275,11.918082718893118,42.97603056437188,27.731930013968025,24.727627515417883,37.061705431026034,66.72015555635296,126.16416533559122,17.404094655021876,42.755389210766566,60.159483865788445,27.27918048500937,20.684441287269767,11.955920455618688,4.799217367381651,16.75513782300034,28.628689777004514,32.95365979068743,10.879829804549896,7.775855186047522,15.25356311361317
