PLAYER,TEAM,SP,GP,MPG,EWA,PER,WS,OWS,DWS,EFF,GmSc,TS%,EFG%,PPWS,FTR,REB%,OREB%,DREB%,AR,pAST%,TOR,AST/TO,PPR,USG%,aSP,ORtg,DRtg,Floor%,Stop%,FFI,PIE,AV
League,League,41.175821703171074,12.1153843876,20.52669282400408,0.7022470706102213,16.495835666139328,0.704382071997025,0.47554248737144855,0.22883958462557644,8.401785499920429,5.690913673437166,48.920104252349574,45.07632057100179,0.9784020850469914,0.33153854388879056,10.116457697368293,6.043719854821641,14.189195539914945,4.381845692921747,16.00439823923233,3.41063261118085,1.2847603927075093,-0.9377873788677559,20.87768778942403,40.37132074627075,99.7192697911847,98.21926678010641,45.72686546781727,0.5349482856336523,48.35969220490169,5.080431163161728,1.5260272744394432
