PLAYER,TEAM,SP,GP,MPG,EWA,PER,WS,OWS,DWS,EFF,GmSc,TS%,EFG%,PPWS,FTR,REB%,OREB%,DREB%,AR,pAST%,hAST%,TOR,hTO%,AST/TO,STL/TO,PPR,USG%,STL%,BLK%,aSP,ORtg,DRtg,Floor%,Stop%,FFI,PIE,AV,DRE/100,DRE/75,POS
League,League,41.63876457405632,15.2535631136,20.587336384645255,0.9130452047691637,16.66408970130965,0.9042752747223237,0.6087165141601862,0.2955587605621375,8.552571102622247,5.78681481673153,49.30265856291373,45.429586846547544,0.9860531712582745,0.3319707083348712,10.158082609672979,5.877451729686877,14.438713489659083,4.539474113472962,16.635825847857646,15.50726465670344,3.442056693271286,11.758384952017911,1.3188260734772224,0.5780151510759342,-0.7955670143955177,20.89336609434344,1.9895609195731327,36.29036056031427,41.01218945734685,99.7353497305667,97.83752211132786,45.79826261549204,0.5393580004391572,48.46637153626165,5.0250256056050935,1.8381531924445729,4.805229425511284,3.603922069133463,39.396212560483576
