PLAYER,TEAM,SP,GP,MPG,EWA,PER,WS,OWS,DWS,EFF,GmSc,TS%,EFG%,PPWS,FTR,REB%,OREB%,DREB%,AR,pAST%,hAST%,TOR,hTO%,AST/TO,STL/TO,PPR,USG%,STL%,BLK%,aSP,ORtg,DRtg,Floor%,Stop%,FFI,PIE,AV,DRE/100,DRE/75,POS
League,League,41.24263560040514,16.5990885442,20.424151669463807,0.9671926963204673,16.5543051124553,0.9628903267648209,0.6428462440600768,0.32004408270474405,8.434129268020436,5.705210677434468,49.06865929384525,45.22522755862228,0.981373185876905,0.3334866514121423,10.120767112394702,5.921943104263706,14.319591120494417,4.555574237739893,16.68850737025674,15.54184984019607,3.4506924476503995,11.772422326430595,1.320191325900926,0.5884494952472253,-0.7916770410738346,20.91315171243167,2.03055822907329,36.22421748268343,40.622021384803965,99.41597123611602,97.7807279461355,45.747765766906525,0.5403639346218693,48.414106303571195,5.352763992065031,1.9380906048420534,4.713499694965209,3.5351247712239067,39.09006966629411
