{"League":{"TEAM":"League","MINS":20.5873363846,"FGM":4.2759475915,"FGA":10.6653576973,"FG%":40.091928587,"2PM":3.1373868994,"2PA":6.5597628414,"2P%":47.8277488883,"3PM":1.1385606921,"3PA":4.1055948559,"3P%":27.731930014,"FTM":2.3622847199,"FTA":3.5405863494,"FT%":66.7201555564,"PTS":12.0527405951,"OFF":1.6626514955,"DEF":4.0845165014,"REB":5.7471679969,"AST":2.606040195,"TO":1.9760302343,"STL":1.1421754144,"BLK":0.4584798055,"STK":1.60065522,"PF":2.73496179,"Fls on:":3.1481357013,"+\/-":1.0393741044,"GW":7.775855186,"GP":15.2535631136}}