,TEAM,MINS,FGM,FGA,FG%,2PM,2PA,2P%,3PM,3PA,3P%,FTM,FTA,FT%,PTS,OFF,DEF,REB,AST,TO,STL,BLK,STK,PF,Fls on:,+/-,GW,GP
League,League,339.0223020015986,48.2265637047329,120.55285832514599,40.00449626392091,35.639082102198536,74.84233429050572,47.61888099837047,12.587481602534357,45.71052403464027,27.537381966995902,26.626458224409024,40.20276904097886,66.2304086498832,135.66706723640917,18.93417562473851,45.78390038131801,64.71807600605652,29.55927747803451,22.39014671437021,13.175470532575309,5.171719411390742,18.34718994396605,31.31246264618808,35.759739821286615,9.935610923599159,8.328505966116825,16.599088544161763
