PLAYER,TEAM,MINS,FGM,FGA,FG%,2PM,2PA,2P%,3PM,3PA,3P%,FTM,FTA,FT%,PTS,OFF,DEF,REB,AST,TO,STL,BLK,STK,PF,Fls on:,+/-,GW,GP
League,League,20.60628012800322,4.25806575001428,10.739311606250212,39.6493360667,3.106407416025802,6.622408280067881,46.9075189063,1.1516583339884785,4.116903326169516,27.9738979213,2.3234693794371997,3.493109026557387,66.5157990138,11.991259213441426,1.723117602347878,4.034150096006225,5.757267698354102,2.514167186364394,1.9471471510581648,1.1528074234501702,0.4723021251184093,1.6251095485685791,2.7530723807701514,3.115857184629199,1.0157610045088208,5.6960653596,11.362216863
