PLAYER,TEAM,MINS,FGM,FGA,FG%,2PM,2PA,2P%,3PM,3PA,3P%,FTM,FTA,FT%,PTS,OFF,DEF,REB,AST,TO,STL,BLK,STK,PF,Fls on:,+/-,GW,GP
League,League,20.50089210889042,2.903430847091882,7.339832750040448,39.5571799245,2.110596303069636,4.497862019936877,46.9244341804,0.7928345440222465,2.8419707300955146,27.8973507933,1.5882449844019337,2.400613324130244,66.1599670568,8.187941222607945,1.172810163263469,2.7666694509207677,3.93947961417618,1.7124534914093195,1.3352300116322158,0.7749173309470943,0.321105227063683,1.096022558002721,1.8857542861252257,2.1403048662259962,0.6532694997312686,6.2661910865,12.4125739794
