,TEAM,MINS,FGM,FGA,FG%,2PM,2PA,2P%,3PM,3PA,3P%,FTM,FTA,FT%,PTS,OFF,DEF,REB,AST,TO,STL,BLK,STK,PF,Fls on:,+/-,GW,GP
League,League,254.4688399452745,36.039050183598796,91.1062170062643,39.55717992452789,26.197932752538335,55.83004507164033,46.924434180415794,9.84111743106046,35.27617193462398,27.897350793330517,19.714208366332986,29.797790481676337,66.15996705680548,101.63342616459103,14.557592915256743,34.341489236086844,48.899082151343585,21.255955648354675,16.573641298869664,9.61871869825033,3.9857423860610424,13.604461084311373,23.407064583483912,26.566692490460476,8.108755993949366,6.266191086471315,12.412573979408148
