PLAYER,TEAM,MINS,FGM,FGA,FG%,2PM,2PA,2P%,3PM,3PA,3P%,FTM,FTA,FT%,PTS,OFF,DEF,REB,AST,TO,STL,BLK,STK,PF,Fls on:,+/-,GW,GP
League,League,20.424151669463807,4.2675567436096635,10.667692739977714,40.0044962639,3.1536935970098927,6.622779727052894,47.6188809984,1.113863146599771,4.04491301292482,27.537381967,2.356168729950486,3.557533130148789,66.2304086499,12.005145363778432,1.675480537378686,4.051406067771075,5.726886605158611,2.615693183322833,1.981298567870706,1.1658941421975673,0.45764417687561976,1.6235383190731871,2.7708321070321995,3.164370568854013,0.8791997634025661,8.3285059661,16.5990885442
