PLAYER,TEAM,SP,GP,MPG,EWA,PER,WS,OWS,DWS,EFF,GmSc,TS%,EFG%,PPWS,FTR,REB%,OREB%,DREB%,AR,pAST%,TOR,AST/TO,PPR,USG%,aSP,ORtg,DRtg,Floor%,Stop%,FFI,PIE,AV
League,League,41.08369663179645,12.4125739794,20.50089210889042,0.7175251099230885,16.487591644051292,0.7204821076950965,0.4864127782286923,0.2340693294664042,8.351896631895132,5.646327957881609,48.760368949421895,44.95808326265774,0.9752073789884379,0.3270664885541179,10.10181914499832,6.014762009718411,14.188876280319544,4.366955605138174,15.98293734267725,3.404991850988777,1.2825157287439766,-0.9443215917843655,20.873815490362777,40.30317735209047,99.38390714894078,97.88415084115749,45.55997192395497,0.536612532853159,48.240935072571354,5.048702267093378,1.547091235028772
