PLAYER,TEAM,SP,GP,MPG,EWA,PER,WS,OWS,DWS,EFF,GmSc,TS%,EFG%,PPWS,FTR,REB%,OREB%,DREB%,AR,pAST%,TOR,AST/TO,PPR,USG%,aSP,ORtg,DRtg,Floor%,Stop%,FFI,PIE,AV
League,League,41.28822491435314,11.362216863,20.60628012800322,0.6597116418035553,16.483534258843026,0.43323014043683494,0.291767095272245,0.14146304516458993,8.441548792554496,5.715150913470114,48.83914192942334,45.01121761096143,0.967151032848753,0.3252637743116067,10.125352757661016,6.060921423436729,14.1897840918853,4.386672983657364,15.981020631934792,3.3973467830926825,1.2912055388305326,-0.9034523116063403,20.866917322579468,40.484952056097235,99.7732600844916,98.29287352929862,45.74170583373564,0.5352402613048529,48.24629124797285,5.2300112529818135,1.4594681174950164
