{"League":{"TEAM":"League","MINS":339.0223020016,"FGM":48.2265637047,"FGA":120.5528583251,"FG%":40.0044962639,"2PM":35.6390821022,"2PA":74.8423342905,"2P%":47.6188809984,"3PM":12.5874816025,"3PA":45.7105240346,"3P%":27.537381967,"FTM":26.6264582244,"FTA":40.202769041,"FT%":66.2304086499,"PTS":135.6670672364,"OFF":18.9341756247,"DEF":45.7839003813,"REB":64.7180760061,"AST":29.559277478,"TO":22.3901467144,"STL":13.1754705326,"BLK":5.1717194114,"STK":18.347189944,"PF":31.3124626462,"Fls on:":35.7597398213,"+\/-":9.9356109236,"GW":8.3285059661,"GP":16.5990885442}}