,TEAM,MINS,FGM,FGA,FG%,2PM,2PA,2P%,3PM,3PA,3P%,FTM,FTA,FT%,PTS,OFF,DEF,REB,AST,TO,STL,BLK,STK,PF,Fls on:,+/-,GW,GP
League,League,234.1330235541113,33.231793618074775,83.81424990867907,39.64933606669858,24.24375202350837,51.6841491274351,46.90751890629316,8.988041594566404,32.13010078124398,27.973897921332362,18.13336369811929,27.261739266404934,66.51579901384105,93.58499252883524,13.447957805923599,31.484258648287646,44.93221645421124,19.621652168778706,15.196381659409735,8.997009587616287,3.686050819492559,12.683060407108846,21.48617201910956,24.31750212002033,7.927439839764478,5.6960653595534945,11.36221686296723
