PLAYER,TEAM,MINS,FGM,FGA,FG%,2PM,2PA,2P%,3PM,3PA,3P%,FTM,FTA,FT%,PTS,OFF,DEF,REB,AST,TO,STL,BLK,STK,PF,Fls on:,+/-,GW,GP
League,League,20.44661441450464,4.256103300523893,10.734117998246374,39.6502376927,3.107565258288221,6.620249952432524,46.9403010553,1.1485380422356715,4.11386804581385,27.9186894049,2.3406196527509167,3.526844840618727,66.3658243706,12.001364296021384,1.728599949796572,4.045855395803577,5.77445534558716,2.5374169204849295,1.9506477727811704,1.1622130428207083,0.4660606588042969,1.628273701612016,2.7640467739040924,3.1366842297291955,1.0724586955697633,5.6944684256,11.2958474531
