PLAYER,TEAM,MINS,FGM,FGA,FG%,2PM,2PA,2P%,3PM,3PA,3P%,FTM,FTA,FT%,PTS,OFF,DEF,REB,AST,TO,STL,BLK,STK,PF,Fls on:,+/-,GW,GP
League,League,20.424151669463807,2.905374206317561,7.262619149484759,40.0044962639,2.147050544811564,4.508821920625947,47.6188809984,0.7583236615059974,2.753797228858811,27.537381967,1.604091583311888,2.421986540643373,66.2304086499,8.173163657459032,1.140675620488567,2.7582177334247464,3.898893353919338,1.7807771432322712,1.3488780817560908,0.7937466263594172,0.3115664693051526,1.1053130956645698,1.8863965068215205,2.154319481222061,0.5985636438496901,8.3285059661,16.5990885442
