{"League":{"TEAM":"League","MINS":310.8178226702,"FGM":44.1789520461,"FGA":110.2319725089,"FG%":40.0781652007,"2PM":32.3373007889,"2PA":67.5067078559,"2P%":47.9023519528,"3PM":11.8416512572,"3PA":42.7252646529,"3P%":27.7158055155,"FTM":24.3319951839,"FTA":36.622703007,"FT%":66.4396485952,"PTS":124.5315505333,"OFF":17.3034966624,"DEF":42.1107433824,"REB":59.4142400447,"AST":26.672986035,"TO":20.2436421935,"STL":11.8598141373,"BLK":4.7142738521,"STK":16.5740879894,"PF":28.368042182,"Fls on:":32.5352305582,"+\/-":11.0125908315,"GW":7.7423225218,"GP":15.1596805049}}