PLAYER,TEAM,MINS,FGM,FGA,FG%,2PM,2PA,2P%,3PM,3PA,3P%,FTM,FTA,FT%,PTS,OFF,DEF,REB,AST,TO,STL,BLK,STK,PF,Fls on:,+/-,GW,GP
League,League,20.502926995706513,2.914240312110814,7.271391535809094,40.0781652007,2.1331122894343157,4.453042914333194,47.9023519528,0.7811280226764985,2.8183486214693043,27.7158055155,1.6050467010855056,2.4157964935450056,66.4396485952,8.214655347983632,1.1414156556140522,2.7778120633075822,3.919227718915038,1.7594688770900284,1.3353607410760888,0.782326127088668,0.3109744859448868,1.0933006130335547,1.8712823250351955,2.146168617978708,0.7264395069500605,7.7423225218,15.1596805049
