PLAYER,TEAM,MINS,FGM,FGA,FG%,2PM,2PA,2P%,3PM,3PA,3P%,FTM,FTA,FT%,PTS,OFF,DEF,REB,AST,TO,STL,BLK,STK,PF,Fls on:,+/-,GP
League,League,20.391234653112804,4.245441920047098,10.753558189482884,39.4794155129,3.1147493255184617,6.646841871805939,46.8605901207,1.130692594542999,4.106716317691309,27.5327660123,2.3729200622883133,3.5726614811397486,66.4188329855,11.994496496939872,1.7705379120717497,4.073434768551996,5.843972680623746,2.508032765380078,1.9613665687463624,1.148076424554324,0.4740541918529337,1.6221306164072578,2.7616883398219136,3.139431661148338,0.9467785929672893,10.2428899501
