{"League":{"TEAM":"League","SP":41.1839701077,"GP":11.2958474531,"MPG":20.4466144145,"EWA":0.6499511823,"PER":16.4763538434,"WS":0.4447758111,"OWS":0.297465085,"DWS":0.1473107262,"EFF":8.4012566482,"GmSc":5.6893320678,"TS%":48.8419051777,"EFG%":45.0001790779,"PPWS":0.9671212137,"FTR":0.3285640088,"REB%":10.13923057,"OREB%":6.0704161364,"DREB%":14.2080450037,"AR":4.4260589238,"pAST%":16.1023948104,"TOR":3.4025476508,"AST\/TO":1.3008073297,"PPR":-0.8634549749,"USG%":20.8852924522,"aSP":40.5197125253,"ORtg":99.8032953844,"DRtg":98.262514447,"Floor%":45.7806891083,"Stop%":0.5377487566,"FFI":48.291978078,"PIE":5.3428121021,"AV":1.4478647952}}