PLAYER,TEAM,MINS,FGM,FGA,FG%,2PM,2PA,2P%,3PM,3PA,3P%,FTM,FTA,FT%,PTS,OFF,DEF,REB,AST,TO,STL,BLK,STK,PF,Fls on:,+/-,GP
League,League,20.391234653112804,2.885660079928071,7.309277613254945,39.4794155129,2.1171194794090593,4.517910410337681,46.8605901207,0.7685406005287742,2.791367202927028,27.5327660123,1.612892326773335,2.428365953268605,66.4188329855,8.152753087168014,1.2034484675762485,2.7687454736563994,3.972193941232648,1.7047294878853527,1.333156198135926,0.7803565257597993,0.3222183421454975,1.102574867905297,1.877141165869139,2.133896255996249,0.6435328151246658,10.2428899501
