{"League":{"TEAM":"League","MINS":20.4466144145,"FGM":2.9007634365,"FGA":7.3158790597,"FG%":39.6502376927,"2PM":2.1179729535,"2PA":4.5120566035,"2P%":46.9403010553,"3PM":0.782790483,"3PA":2.8038224562,"3P%":27.9186894049,"FTM":1.595258251,"FTA":2.4037345519,"FT%":66.3658243706,"PTS":8.179575607,"OFF":1.1781338883,"DEF":2.7574681752,"REB":3.9356020635,"AST":1.7293861794,"TO":1.329471429,"STL":0.7921107318,"BLK":0.3176454195,"STK":1.1097561513,"PF":1.8838466203,"Fls on:":2.1378190995,"+\/-":0.7309383141,"GW":5.6944684256,"GP":11.2958474531}}