PLAYER,TEAM,SP,GP,MPG,EWA,PER,WS,OWS,DWS,EFF,GmSc,TS%,EFG%,PPWS,FTR,REB%,OREB%,DREB%,AR,pAST%,TOR,AST/TO,PPR,USG%,aSP,ORtg,DRtg,Floor%,Stop%,FFI,PIE,AV
League,League,41.555886105331474,10.2428899501,20.391234653112804,0.5923840899333659,16.520768617968688,0.4463841172448644,0.3000390236613416,0.14634509358352274,8.360004026233241,5.65257825096078,48.65712563831177,44.73671070124127,0.9633690820238979,0.33223063642635575,10.157121977496269,6.154570023340658,14.159673931651879,4.368565467571182,15.971456541764898,3.4163661574714124,1.2787169952545514,-0.9644824171988124,20.858685369001893,40.81381671059341,99.706394350953,98.08959293852531,45.81345904109092,0.5368459335002679,48.25496629219212,5.384086769348466,1.3404556519305766
