,TEAM,MINS,FGM,FGA,FG%,2PM,2PA,2P%,3PM,3PA,3P%,FTM,FTA,FT%,PTS,OFF,DEF,REB,AST,TO,STL,BLK,STK,PF,Fls on:,+/-,GP
League,League,208.86517249849985,29.557498632146476,74.86812620734253,39.47941551293652,21.685421838768576,46.276459137453074,46.860590120685885,7.872076793377898,28.59166706988945,27.532766012332893,16.52067860452826,24.873485217870552,66.41883298549111,83.5077526621991,12.326790213980885,28.359955186494535,40.68674540047542,17.461356539087543,13.655372223814833,7.993106015208473,3.3004470184503374,11.29355303365881,19.227350382813782,21.8572645150729,6.5916358046494725,10.242889950087337
