PLAYER,TEAM,SP,GP,MPG,EWA,PER,WS,OWS,DWS,EFF,GmSc,TS%,EFG%,PPWS,FTR,REB%,OREB%,DREB%,AR,pAST%,TOR,AST/TO,PPR,USG%,aSP,ORtg,DRtg,Floor%,Stop%,FFI,PIE,AV
League,League,41.18397010769029,11.2958474531,20.44661441450464,0.6499511823034401,16.476353843434083,0.44477581112978615,0.29746508495425855,0.1473107261755276,8.401256648154906,5.689332067773551,48.84190517773372,45.00017907787918,0.9671212136784616,0.3285640088170174,10.139230569991614,6.070416136357263,14.208045003671582,4.426058923839958,16.102394810381742,3.402547650835654,1.3008073296939524,-0.8634549748596131,20.885292452219318,40.519712525308194,99.80329538436547,98.26251444697823,45.780689108291135,0.5377487566394473,48.291978077969475,5.342812102102805,1.4478647951881065
