PLAYER,TEAM,MINS,FGM,FGA,FG%,2PM,2PA,2P%,3PM,3PA,3P%,FTM,FTA,FT%,PTS,OFF,DEF,REB,AST,TO,STL,BLK,STK,PF,Fls on:,+/-,GW,GP
League,League,20.587336384645255,2.9343457143264384,7.319043552529769,40.091928587,2.1530146489130138,4.501601473958449,47.8277488883,0.7813310654134243,2.81744207857132,27.731930014,1.621105005515267,2.4297080724670796,66.7201555564,8.271127499588124,1.1409855209162636,2.802977172768211,3.9439626936844747,1.7883808708719355,1.356039971333508,0.783811648895343,0.3146292660710232,1.0984409149663663,1.876852612323399,2.160390955560979,0.7132648105543025,7.775855186,15.2535631136
