,TEAM,MINS,FGM,FGA,FG%,2PM,2PA,2P%,3PM,3PA,3P%,FTM,FTA,FT%,PTS,OFF,DEF,REB,AST,TO,STL,BLK,STK,PF,Fls on:,+/-,GW,GP
League,League,230.9618373585707,32.766581275886615,82.63905384325868,39.65023769274382,23.92429939217947,50.9675030928957,46.9403010553096,8.842281883707143,31.671550750362982,27.91868940489377,18.019793851863646,27.15221881555601,66.36582437063954,92.39523828734403,13.308020682050511,31.14793986337572,44.45596054542623,19.534882470012306,15.017506454736314,8.947561992361866,3.588074202571323,12.53563619493319,21.279644048195937,24.14847843042368,8.256567694042324,5.694468425582315,11.295847453068705
