PLAYER,TEAM,MINS,FGM,FGA,FG%,2PM,2PA,2P%,3PM,3PA,3P%,FTM,FTA,FT%,PTS,OFF,DEF,REB,AST,TO,STL,BLK,STK,PF,Fls on:,+/-,GW,GP
League,League,20.60628012800322,2.924763188275013,7.376575444676936,39.6493360667,2.1337167135444775,4.548773338036225,46.9075189063,0.791046474730536,2.827802106631909,27.9738979213,1.5959353633840248,2.3993327706299383,66.5157990138,8.236508214655785,1.1835681335824544,2.7709608985571776,3.9545290321396322,1.726921111028613,1.337448654838265,0.7918357567085279,0.3244129965080389,1.1162487532165666,1.8910193563606161,2.140207532844024,0.6977018600670234,5.6960653596,11.362216863
