{"League":{"TEAM":"League","SP":41.6387645741,"GP":15.2535631136,"MPG":20.5873363846,"EWA":0.9130452048,"PER":16.6640897013,"WS":0.9042752747,"OWS":0.6087165142,"DWS":0.2955587606,"EFF":8.5525711026,"GmSc":5.7868148167,"TS%":49.3026585629,"EFG%":45.4295868465,"PPWS":0.9860531713,"FTR":0.3319707083,"REB%":10.1580826097,"OREB%":5.8774517297,"DREB%":14.4387134897,"AR":4.5394741135,"pAST%":16.6358258479,"hAST%":15.5072646567,"TOR":3.4420566933,"hTO%":11.758384952,"AST\/TO":1.3188260735,"STL\/TO":0.5780151511,"PPR":-0.7955670144,"USG%":20.8933660943,"STL%":1.9895609196,"BLK%":36.2903605603,"aSP":41.0121894573,"ORtg":99.7353497306,"DRtg":97.8375221113,"Floor%":45.7982626155,"Stop%":0.5393580004,"FFI":48.4663715363,"PIE":5.0250256056,"AV":1.8381531924,"DRE\/100":4.8052294255,"DRE\/75":3.6039220691,"POS":39.3962125605}}