PLAYER,TEAM,MINS,FGM,FGA,FG%,2PM,2PA,2P%,3PM,3PA,3P%,FTM,FTA,FT%,PTS,OFF,DEF,REB,AST,TO,STL,BLK,STK,PF,Fls on:,+/-,GW,GP
League,League,20.52669282400408,2.9142503371611306,7.3469087685489916,39.6663471532,2.1193187143512797,4.510539211775293,46.985928175,0.7949316228181049,2.836369556773698,28.0263769196,1.6133958210196042,2.4357834352085197,66.2372441529,8.236828118159972,1.1779961418976646,2.7656506264625054,3.94364676836017,1.7235130428855034,1.341505429859466,0.7762823181512838,0.31806672779974093,1.0943490459510248,1.8949965274150078,2.15655967958733,0.6481950042243495,6.0747041806,12.1153843876
