{"League":{"TEAM":"League","MINS":20.606280128,"FGM":2.9247631883,"FGA":7.3765754447,"FG%":39.6493360667,"2PM":2.1337167135,"2PA":4.548773338,"2P%":46.9075189063,"3PM":0.7910464747,"3PA":2.8278021066,"3P%":27.9738979213,"FTM":1.5959353634,"FTA":2.3993327706,"FT%":66.5157990138,"PTS":8.2365082147,"OFF":1.1835681336,"DEF":2.7709608986,"REB":3.9545290321,"AST":1.726921111,"TO":1.3374486548,"STL":0.7918357567,"BLK":0.3244129965,"STK":1.1162487532,"PF":1.8910193564,"Fls on:":2.1402075328,"+\/-":0.6977018601,"GW":5.6960653596,"GP":11.362216863}}