,TEAM,MINS,FGM,FGA,FG%,2PM,2PA,2P%,3PM,3PA,3P%,FTM,FTA,FT%,PTS,OFF,DEF,REB,AST,TO,STL,BLK,STK,PF,Fls on:,+/-,GW,GP
League,League,310.8178226701818,44.17895204607372,110.23197250885576,40.07816520068575,32.33730078888412,67.50670785593795,47.902351952776655,11.841651257189596,42.72526465291782,27.715805515509892,24.33199518394,36.622703007027404,66.4396485952198,124.53155053327703,17.303496662382802,42.110743382366174,59.41424004474898,26.67298603497587,20.24364219354309,11.859814137299715,4.714273852068191,16.574087989367904,28.36804218204625,32.535230558168266,11.012590831507717,7.742322521834499,15.159680504856004
