{"League":{"TEAM":"League","SP":41.2882249144,"GP":11.362216863,"MPG":20.606280128,"EWA":0.6597116418,"PER":16.4835342588,"WS":0.4332301404,"OWS":0.2917670953,"DWS":0.1414630452,"EFF":8.4415487926,"GmSc":5.7151509135,"TS%":48.8391419294,"EFG%":45.011217611,"PPWS":0.9671510328,"FTR":0.3252637743,"REB%":10.1253527577,"OREB%":6.0609214234,"DREB%":14.1897840919,"AR":4.3866729837,"pAST%":15.9810206319,"TOR":3.3973467831,"AST\/TO":1.2912055388,"PPR":-0.9034523116,"USG%":20.8669173226,"aSP":40.4849520561,"ORtg":99.7732600845,"DRtg":98.2928735293,"Floor%":45.7417058337,"Stop%":0.5352402613,"FFI":48.246291248,"PIE":5.230011253,"AV":1.4594681175}}