PLAYER,TEAM,MINS,FGM,FGA,FG%,2PM,2PA,2P%,3PM,3PA,3P%,FTM,FTA,FT%,PTS,OFF,DEF,REB,AST,TO,STL,BLK,STK,PF,Fls on:,+/-,GW,GP
League,League,20.502926995706513,4.264133086053149,10.639541667389908,40.0781652007,3.1211820973868862,6.515717851308302,47.9023519528,1.142950988666262,4.123823816071955,27.7158055155,2.3485135094442113,3.534807241011335,66.4396485952,12.019730670216772,1.6701259130265758,4.06451049241303,5.734636405429953,2.5744649202406213,1.9539074709026543,1.144704061891983,0.45501964574620124,1.5997237076381843,2.7380709965368233,3.140286191959032,1.062930439788694,7.7423225218,15.1596805049
