{"League":{"TEAM":"League","MINS":20.5008921089,"FGM":2.9034308471,"FGA":7.33983275,"FG%":39.5571799245,"2PM":2.1105963031,"2PA":4.4978620199,"2P%":46.9244341804,"3PM":0.792834544,"3PA":2.8419707301,"3P%":27.8973507933,"FTM":1.5882449844,"FTA":2.4006133241,"FT%":66.1599670568,"PTS":8.1879412226,"OFF":1.1728101633,"DEF":2.7666694509,"REB":3.9394796142,"AST":1.7124534914,"TO":1.3352300116,"STL":0.7749173309,"BLK":0.3211052271,"STK":1.096022558,"PF":1.8857542861,"Fls on:":2.1403048662,"+\/-":0.6532694997,"GW":6.2661910865,"GP":12.4125739794}}