{"G. Montano":{"TEAM":"LPU","MINS":20.9651515152,"FGM":5.0733540507,"FGA":11.4475681145,"FG%":44.3181818182,"2PM":2.7318060273,"2PA":5.203440052,"2P%":52.5,"3PM":2.3415480234,"3PA":6.2441280624,"3P%":37.5,"FTM":1.4309460143,"FTA":2.0813760208,"FT%":68.75,"PTS":13.9192021392,"OFF":1.1707740117,"DEF":2.9919780299,"REB":4.1627520416,"AST":2.0813760208,"TO":1.8212040182,"STL":1.0406880104,"BLK":0.6504300065,"STK":1.6911180169,"PF":4.1627520416,"Fls on:":2.8618920286,"+\/-":3.3822360338,"GP":11.0},"G. Aviles":{"TEAM":"LPU","MINS":20.1515151515,"FGM":1.8947368421,"FGA":5.6842105263,"FG%":33.3333333333,"2PM":1.7593984962,"2PA":5.1428571429,"2P%":34.2105263158,"3PM":0.1353383459,"3PA":0.5413533835,"3P%":25.0,"FTM":0.6766917293,"FTA":1.8947368421,"FT%":35.7142857143,"PTS":4.6015037594,"OFF":2.030075188,"DEF":4.7368421053,"REB":6.7669172932,"AST":1.2180451128,"TO":0.6766917293,"STL":0.4060150376,"BLK":0.4060150376,"STK":0.8120300752,"PF":3.3834586466,"Fls on:":1.7593984962,"+\/-":0.6766917293,"GP":11.0},"L. Pallingayan":{"TEAM":"LPU","MINS":3.5,"FGM":2.4489795918,"FGA":3.6734693878,"FG%":66.6666666667,"2PM":2.4489795918,"2PA":3.6734693878,"2P%":66.6666666667,"3PM":0.0,"3PA":0.0,"3P%":0.0,"FTM":1.2244897959,"FTA":2.4489795918,"FT%":50.0,"PTS":6.1224489796,"OFF":0.0,"DEF":3.6734693878,"REB":3.6734693878,"AST":4.8979591837,"TO":3.6734693878,"STL":1.2244897959,"BLK":0.0,"STK":1.2244897959,"PF":2.4489795918,"Fls on:":1.2244897959,"+\/-":-6.1224489796,"GP":7.0},"M. Guadana":{"TEAM":"LPU","MINS":25.0952380952,"FGM":6.4895635674,"FGA":14.6869070209,"FG%":44.1860465116,"2PM":5.1233396584,"2PA":8.880455408,"2P%":57.6923076923,"3PM":1.3662239089,"3PA":5.8064516129,"3P%":23.5294117647,"FTM":3.9278937381,"FTA":5.6356736243,"FT%":69.696969697,"PTS":18.2732447818,"OFF":1.0246679317,"DEF":3.5863377609,"REB":4.6110056926,"AST":2.3908918406,"TO":1.1954459203,"STL":1.1954459203,"BLK":0.3415559772,"STK":1.5370018975,"PF":1.5370018975,"Fls on:":4.440227704,"+\/-":0.1707779886,"GP":7.0},"M. Versoza":{"TEAM":"LPU","MINS":15.05,"FGM":3.9867109635,"FGA":5.9800664452,"FG%":66.6666666667,"2PM":3.9867109635,"2PA":5.9800664452,"2P%":66.6666666667,"3PM":0.0,"3PA":0.0,"3P%":0.0,"FTM":0.9966777409,"FTA":1.9933554817,"FT%":50.0,"PTS":8.9700996678,"OFF":2.9900332226,"DEF":2.9900332226,"REB":5.9800664452,"AST":0.0,"TO":3.9867109635,"STL":0.9966777409,"BLK":0.0,"STK":0.9966777409,"PF":6.976744186,"Fls on:":1.9933554817,"+\/-":0.9966777409,"GP":2.0},"S. Penafiel":{"TEAM":"LPU","MINS":14.4181818182,"FGM":3.7831021438,"FGA":10.025220681,"FG%":37.7358490566,"2PM":3.7831021438,"2PA":7.7553593947,"2P%":48.7804878049,"3PM":0.0,"3PA":2.2698612863,"3P%":0.0,"FTM":2.2698612863,"FTA":3.2156368222,"FT%":70.5882352941,"PTS":9.8360655738,"OFF":1.3240857503,"DEF":1.5132408575,"REB":2.8373266078,"AST":2.4590163934,"TO":1.1349306431,"STL":0.7566204288,"BLK":0.1891551072,"STK":0.9457755359,"PF":2.2698612863,"Fls on:":2.0807061791,"+\/-":-10.7818411097,"GP":11.0},"D. Paulo":{"TEAM":"LPU","MINS":5.06,"FGM":3.557312253,"FGA":10.6719367589,"FG%":33.3333333333,"2PM":2.371541502,"2PA":5.9288537549,"2P%":40.0,"3PM":1.185770751,"3PA":4.743083004,"3P%":25.0,"FTM":0.0,"FTA":2.371541502,"FT%":0.0,"PTS":8.3003952569,"OFF":2.371541502,"DEF":0.0,"REB":2.371541502,"AST":3.557312253,"TO":1.185770751,"STL":1.185770751,"BLK":0.0,"STK":1.185770751,"PF":4.743083004,"Fls on:":1.185770751,"+\/-":-9.4861660079,"GP":5.0},"N. Moralejo":{"TEAM":"LPU","MINS":8.705,"FGM":3.7909247559,"FGA":6.8925904653,"FG%":55.0,"2PM":2.4124066628,"2PA":4.1355542792,"2P%":58.3333333333,"3PM":1.3785180931,"3PA":2.7570361861,"3P%":50.0,"FTM":2.4124066628,"FTA":3.1016657094,"FT%":77.7777777778,"PTS":11.3727742677,"OFF":1.0338885698,"DEF":2.7570361861,"REB":3.7909247559,"AST":2.0677771396,"TO":1.3785180931,"STL":0.6892590465,"BLK":0.0,"STK":0.6892590465,"PF":2.7570361861,"Fls on:":3.1016657094,"+\/-":0.6892590465,"GP":10.0},"O. Gordon":{"TEAM":"LPU","MINS":6.5533333333,"FGM":1.8311291963,"FGA":8.6978636826,"FG%":21.0526315789,"2PM":0.9155645982,"2PA":4.5778229908,"2P%":20.0,"3PM":0.9155645982,"3PA":4.1200406918,"3P%":22.2222222222,"FTM":1.3733468973,"FTA":2.7466937945,"FT%":50.0,"PTS":5.9511698881,"OFF":0.9155645982,"DEF":4.1200406918,"REB":5.0356052899,"AST":1.3733468973,"TO":2.2889114954,"STL":1.8311291963,"BLK":0.0,"STK":1.8311291963,"PF":4.5778229908,"Fls on:":3.2044760936,"+\/-":-7.7822990844,"GP":10.0},"R. Villegas":{"TEAM":"LPU","MINS":20.7484848485,"FGM":4.6005549876,"FGA":11.3042208266,"FG%":40.6976744186,"2PM":3.1546662772,"2PA":7.2294435519,"2P%":43.6363636364,"3PM":1.4458887104,"3PA":4.0747772747,"3P%":35.4838709677,"FTM":4.0747772747,"FTA":4.9948882722,"FT%":81.5789473684,"PTS":14.7217759603,"OFF":1.840221995,"DEF":2.2345552797,"REB":4.0747772747,"AST":2.7603329926,"TO":1.9716664233,"STL":2.2345552797,"BLK":0.1314444282,"STK":2.3659997079,"PF":1.3144442822,"Fls on:":3.5489995619,"+\/-":5.3892215569,"GP":11.0},"R. Colian":{"TEAM":"LPU","MINS":1.5166666667,"FGM":0.0,"FGA":0.0,"FG%":0.0,"2PM":0.0,"2PA":0.0,"2P%":0.0,"3PM":0.0,"3PA":0.0,"3P%":0.0,"FTM":0.0,"FTA":0.0,"FT%":0.0,"PTS":0.0,"OFF":0.0,"DEF":0.0,"REB":0.0,"AST":0.0,"TO":0.0,"STL":0.0,"BLK":0.0,"STK":0.0,"PF":19.7802197798,"Fls on:":0.0,"+\/-":-197.8021977979,"GP":1.0},"V. Cunanan":{"TEAM":"LPU","MINS":26.7333333333,"FGM":2.5504420766,"FGA":7.855361596,"FG%":32.4675324675,"2PM":1.9383359782,"2PA":3.4686012242,"2P%":55.8823529412,"3PM":0.6121060984,"3PA":4.3867603718,"3P%":13.9534883721,"FTM":1.7343006121,"FTA":2.3464067105,"FT%":73.9130434783,"PTS":7.4472908638,"OFF":1.1221945137,"DEF":3.6726365903,"REB":4.7948311041,"AST":5.5089548855,"TO":1.3262298798,"STL":2.1423713444,"BLK":0.1020176831,"STK":2.2443890274,"PF":2.3464067105,"Fls on:":3.060530492,"+\/-":0.4080707323,"GP":11.0},"D. Culanay":{"TEAM":"LPU","MINS":1.8708333334,"FGM":8.0178173719,"FGA":16.0356347437,"FG%":50.0,"2PM":8.0178173719,"2PA":8.0178173719,"2P%":100.0,"3PM":0.0,"3PA":8.0178173719,"3P%":0.0,"FTM":0.0,"FTA":0.0,"FT%":0.0,"PTS":16.0356347437,"OFF":0.0,"DEF":0.0,"REB":0.0,"AST":0.0,"TO":0.0,"STL":4.0089086859,"BLK":0.0,"STK":4.0089086859,"PF":4.0089086859,"Fls on:":0.0,"+\/-":-24.0534521156,"GP":4.0},"J. Daileg":{"TEAM":"LPU","MINS":16.0303030303,"FGM":3.9130434783,"FGA":9.0170132325,"FG%":43.3962264151,"2PM":2.2117202268,"2PA":4.4234404537,"2P%":50.0,"3PM":1.7013232514,"3PA":4.5935727788,"3P%":37.037037037,"FTM":1.8714555766,"FTA":2.381852552,"FT%":78.5714285714,"PTS":11.3988657845,"OFF":1.3610586011,"DEF":5.6143667297,"REB":6.9754253308,"AST":1.5311909263,"TO":0.8506616257,"STL":0.6805293006,"BLK":0.5103969754,"STK":1.190926276,"PF":1.5311909263,"Fls on:":2.5519848771,"+\/-":6.9754253308,"GP":11.0},"J. Bravo":{"TEAM":"LPU","MINS":20.7541666667,"FGM":3.9751054005,"FGA":14.4549287292,"FG%":27.5,"2PM":2.8909857458,"2PA":6.8660911464,"2P%":42.1052631579,"3PM":1.0841196547,"3PA":7.5888375828,"3P%":14.2857142857,"FTM":4.3364786187,"FTA":5.7819714917,"FT%":75.0,"PTS":13.3708090745,"OFF":3.2523589641,"DEF":6.1433447099,"REB":9.395703674,"AST":0.7227464365,"TO":2.1682393094,"STL":0.0,"BLK":0.3613732182,"STK":0.3613732182,"PF":4.3364786187,"Fls on:":3.9751054005,"+\/-":-6.8660911464,"GP":4.0},"J. Barba":{"TEAM":"LPU","MINS":27.2666666667,"FGM":7.0015559013,"FGA":16.3036230273,"FG%":42.9447852761,"2PM":4.7010446766,"2PA":9.1020226717,"2P%":51.6483516484,"3PM":2.3005112247,"3PA":7.2016003556,"3P%":31.9444444444,"FTM":3.9008668593,"FTA":5.0011113581,"FT%":78.0,"PTS":20.2044898866,"OFF":1.7003778617,"DEF":5.8012891754,"REB":7.5016670371,"AST":3.3007334963,"TO":2.7006001334,"STL":1.0002222716,"BLK":0.0,"STK":1.0002222716,"PF":2.6005779062,"Fls on:":4.2009335408,"+\/-":0.9002000445,"GP":11.0},"J. Panelo":{"TEAM":"LPU","MINS":6.6712121212,"FGM":2.0440608676,"FGA":6.9498069498,"FG%":29.4117647059,"2PM":1.6352486941,"2PA":5.7233704293,"2P%":28.5714285714,"3PM":0.4088121735,"3PA":1.2264365206,"3P%":33.3333333333,"FTM":2.4528730411,"FTA":4.0881217352,"FT%":60.0,"PTS":6.9498069498,"OFF":2.4528730411,"DEF":4.4969339087,"REB":6.9498069498,