{"J. Barba":{"TEAM":"LPU","SP":67.7142857143,"GP":14.0,"MPG":26.5833333333,"EWA":2.6469015216,"PER":25.1154018589,"WS":1.4868475652,"OWS":1.2908330753,"DWS":0.1960144899,"EFF":16.0714285714,"GmSc":11.5785714286,"TS%":54.7115210707,"EFG%":50.2590673575,"PPWS":1.0942304214,"FTR":0.3316062176,"REB%":12.5979572088,"OREB%":5.8691623001,"DREB%":19.503162471,"AR":5.9136996866,"pAST%":25.0078223842,"TOR":5.5011159875,"AST\/TO":1.075,"PPR":-2.9866709374,"USG%":30.9509495512,"aSP":66.5263157895,"ORtg":102.4981113926,"DRtg":100.9424009927,"Floor%":45.742183918,"Stop%":0.5674319309,"FFI":49.8762736704,"PIE":11.0670731707,"AV":2.7664166759},"R. Villegas":{"TEAM":"LPU","SP":49.2142857143,"GP":14.0,"MPG":23.2107142857,"EWA":2.1329799565,"PER":24.0136904523,"WS":1.4336241403,"OWS":1.382850899,"DWS":0.0507732414,"EFF":11.7142857143,"GmSc":9.7642857143,"TS%":58.5034013605,"EFG%":52.0,"PPWS":1.1700680272,"FTR":0.4,"REB%":6.1604813936,"OREB%":4.8014124576,"DREB%":7.5551813503,"AR":4.5678279736,"pAST%":17.3160808042,"TOR":2.9927148793,"AST\/TO":1.5263157895,"PPR":0.100607276,"USG%":22.5318233071,"aSP":48.350877193,"ORtg":114.6215098088,"DRtg":103.8139947329,"Floor%":50.4204137746,"Stop%":0.500970521,"FFI":52.0121037717,"PIE":8.5365853659,"AV":2.1822956717},"G. Montano":{"TEAM":"LPU","SP":38.0714285714,"GP":14.0,"MPG":20.3738095238,"EWA":0.8758862658,"PER":16.9922498337,"WS":0.736548496,"OWS":0.7294784405,"DWS":0.0070700555,"EFF":8.5,"GmSc":5.8428571429,"TS%":56.7981683691,"EFG%":53.8834951456,"PPWS":1.1359633674,"FTR":0.2330097087,"REB%":6.6489002637,"OREB%":3.6466494755,"DREB%":9.7298617467,"AR":3.7683158818,"pAST%":13.985039007,"TOR":3.409428655,"AST\/TO":1.1052631579,"PPR":-1.719241609,"USG%":20.4982605123,"aSP":37.4035087719,"ORtg":104.80291441,"DRtg":104.8330844944,"Floor%":45.0669639941,"Stop%":0.477384266,"FFI":49.9255164207,"PIE":4.512195122,"AV":1.7156983212},"V. Cunanan":{"TEAM":"LPU","SP":55.1538461538,"GP":13.0,"MPG":27.241025641,"EWA":0.8204983159,"PER":15.4770075724,"WS":0.7183901769,"OWS":0.4912084005,"DWS":0.2271817764,"EFF":11.3076923077,"GmSc":7.2769230769,"TS%":41.9950228121,"EFG%":36.4705882353,"PPWS":0.8399004562,"FTR":0.3058823529,"REB%":8.0329404494,"OREB%":3.2308751429,"DREB%":12.9609025992,"AR":9.6835874437,"pAST%":31.0840933657,"TOR":2.7460919616,"AST\/TO":3.5263157895,"PPR":7.1083671216,"USG%":14.3778616695,"aSP":54.1862348178,"ORtg":98.3931494296,"DRtg":100.0522444632,"Floor%":44.8089250514,"Stop%":0.5880340994,"FFI":44.1361226264,"PIE":6.8597560976,"AV":2.0103362615},"J. Daileg":{"TEAM":"LPU","SP":31.5714285714,"GP":14.0,"MPG":17.2642857143,"EWA":0.6679023867,"PER":16.3743392526,"WS":0.6456069566,"OWS":0.6008880792,"DWS":0.0447188774,"EFF":7.4285714286,"GmSc":4.85,"TS%":51.5292553191,"EFG%":48.1481481481,"PPWS":1.0305851064,"FTR":0.2592592593,"REB%":11.9876383932,"OREB%":5.1641505274,"DREB%":18.9900191992,"AR":2.1176375673,"pAST%":7.4503570943,"TOR":1.2705825404,"AST\/TO":1.6666666667,"PPR":0.2705199365,"USG%":17.5623955383,"aSP":31.0175438596,"ORtg":107.8254398255,"DRtg":103.5909812696,"Floor%":46.5762423407,"Stop%":0.5061320413,"FFI":48.8633326185,"PIE":4.7865853659,"AV":1.5507997051},"M. Guadana":{"TEAM":"LPU","SP":52.8888888889,"GP":9.0,"MPG":25.8240740741,"EWA":1.045161617,"PER":19.8588304775,"WS":0.5817444077,"OWS":0.5385168119,"DWS":0.0432275958,"EFF":10.8888888889,"GmSc":8.9555555556,"TS%":48.2918263091,"EFG%":43.5779816514,"PPWS":0.9658365262,"FTR":0.3394495413,"REB%":7.4798737316,"OREB%":3.5802801936,"DREB%":11.4817038043,"AR":4.8448874866,"pAST%":18.669789878,"TOR":2.8628880603,"AST\/TO":1.6923076923,"PPR":0.7033130368,"USG%":26.2419976816,"aSP":51.9610136452,"ORtg":99.0948340214,"DRtg":103.5834332329,"Floor%":45.3551133966,"Stop%":0.5063067363,"FFI":47.5232698035,"PIE":5.0,"AV":1.4832018621},"N. Moralejo":{"TEAM":"LPU","SP":17.6153846154,"GP":13.0,"MPG":8.4974358974,"EWA":0.3158354001,"PER":16.5667937916,"WS":0.2978415792,"OWS":0.2987568202,"DWS":-0.000915241,"EFF":3.2307692308,"GmSc":2.4307692308,"TS%":59.5238095238,"EFG%":55.0,"PPWS":1.1904761905,"FTR":0.4,"REB%":5.7226553567,"OREB%":2.8247778722,"DREB%":8.6965071573,"AR":3.7066964394,"pAST%":12.909460143,"TOR":2.7800223296,"AST\/TO":1.3333333333,"PPR":-0.591895009,"USG%":16.4821259828,"aSP":17.30634278,"ORtg":110.6169442564,"DRtg":105.0894578888,"Floor%":48.9931351783,"Stop%":0.471450649,"FFI":52.8699499921,"PIE":1.9817073171,"AV":0.7856293018},"J. Bravo":{"TEAM":"LPU","SP":44.4,"GP":5.0,"MPG":21.8166666667,"EWA":0.268653977,"PER":15.7702932971,"WS":0.2257815292,"OWS":0.1946463975,"DWS":0.0311351317,"EFF":10.0,"GmSc":5.9,"TS%":46.8099861304,"EFG%":38.5416666667,"PPWS":0.9361997226,"FTR":0.4583333333,"REB%":16.4198093958,"OREB%":9.5353337088,"DREB%":23.4847769547,"AR":2.3460641712,"pAST%":8.4718891817,"TOR":3.7537026738,"AST\/TO":0.625,"PPR":-4.1958076144,"USG%":26.5570318079,"aSP":43.6210526316,"ORtg":95.5489117595,"DRtg":102.8126311752,"Floor%":43.2001522267,"Stop%":0.5241465131,"FFI":48.26030774,"PIE":1.7073170732,"AV":0.8953816888},"S. Penafiel":{"TEAM":"LPU","SP":22.7142857143,"GP":14.0,"MPG":14.2571428572,"EWA":-0.0497376815,"PER":10.3191345698,"WS":0.1244254051,"OWS":0.2281240927,"DWS":-0.1036986876,"EFF":3.2857142857,"GmSc":2.5214285714,"TS%":43.431053203,"EFG%":38.28125,"PPWS":0.8686210641,"FTR":0.34375,"REB%":4.2228634719,"OREB%":3.647806562,"DREB%":4.8129967801,"AR":3.5900110221,"pAST%":12.359982157,"TOR":1.5385761523,"AST\/TO":2.3333333333,"PPR":1.6378925015,"USG%":17.6073330268,"aSP":22.3157894737,"ORtg":95.2347182904,"DRtg":109.0526181661,"Floor%":46.6380999011,"Stop%":0.3797255502,"FFI":45.8136672743,"PIE":1.5243902439,"AV":0.8411028006},"G. Aviles":{"TEAM":"LPU","SP":27.0714285714,"GP":14.0,"MPG":19.7619047619,"EWA":-0.4562701122,"PER":7.5051701487,"WS":0.114215312,"OWS":0.0756107448,"DWS":0.0386045672,"EFF":5.7142857143,"GmSc":2.4071428571,"TS%":38.1795968235,"EFG%":37.0689655172,"PPWS":0.7635919365,"FTR":0.2931034483,"REB%":12.5670890586,"OREB%":6.7672148448,"DREB%":18.5190198998,"AR":2.0349986747,"pAST%":6.498531698,"TOR":1.2949991566,"AST\/TO":1.5714285714,"PPR":0.1181650638,"USG%":11.5548985592,"aSP":26.5964912281,"ORtg":88.6103377879,"DRtg":103.9435670512,"Floor%":43.742199837,"Stop%":0.4979716431,"FFI":45.2538311108,"PIE":2.1341463415,"AV":1.2737910571},"J. Panelo":{"TEAM":"LPU","SP":13.8461538462,"GP":13.0,"MPG":6.3230769231,"EWA":-0.1314111106,"PER":7.6066626237,"WS":0.0391709559,"OWS":0.0203812892,"DWS":0.0187896667,"EFF":1.8461538462,"GmSc":0.7769230769,"TS%":43.0327868852,"EFG%":37.5,"PPWS":0.8606557377,"FTR":0.5,"REB%":13.4584508277,"OREB%":7.5923064628,"DREB%":19.4783892397,"AR":0.6226678832,"pAST%":2.0189569431,"TOR":2.4906715329,"AST\/TO":0.25,"PPR":-3.9771696264,"USG%":15.2388190672,"aSP":13.6032388664,"ORtg":87.5774306666,"DRtg":103.2532550984,"Floor%":42.7308532832,"Stop%":0.5139485221,"FFI":48.3957934093,"PIE":0.4573170732,"AV":0.5163440021},"D. Culanay":{"TEAM":"LPU","SP":14.25,"GP":4.0,"MPG":1.8708333334,"EWA":0.036240446,"PER":20.5540707932,"WS":0.0175853352,"OWS":0.0112522975,"DWS":0.0063330378,"EFF":0.75,"GmSc":0.65,"TS%":50.0,"EFG%":50.0,"PPWS":1.0,"FTR":0.0,"REB%":0.0,"OREB%":0.0,"DREB%":0.0,"AR":0.0,"pAST%":0.0,"TOR":0.0,"AST\/TO":null,"PPR":0.0,"USG%":23.5759765484,"aSP":14.0,"ORtg":97.0073293388,"DRtg":98.464872189,"Floor%":48.5036646694,"Stop%":0.6247729312,"FFI":45.0,"PIE":0.1219512195,"AV":0.1085479551},"L. Pallingayan":{"TEAM":"LPU","SP":10.8888888889,"GP":9.0,"MPG":3.1148148148,"EWA":-0.0348537602,"PER":8.3209729632,"WS":0.0006577027,"OWS":-0.0011570861,"DWS":0.0018147888,"EFF":1.0,"GmSc":0.4222222222,"TS%":64.4329896907,"EFG%":66.6666666667,"PPWS":1.2886597938,"FTR":0.6666666667,"REB%":7.5167974047,"OREB%":3.7103899598,"DREB%":11.4229983032,"AR":9.1290071345,"pAST%":28.9367520441,"TOR":7.3032057076,"AST\/TO":1.25,"PPR":-2.3323900829,"USG%":12.3981323047,"aSP":10.6978557505,"ORtg":84.6733730961,"DRtg":104.5233951066,"Floor%":41.3373424496,"Stop%":0.4845518514,"FFI":60.5829432317,"PIE":0.2743902439,"AV":0.2474358297},