{"N. Moralejo":{"TEAM":"LPU","MINS":8.4974358974,"FGM":3.802051901,"FGA":8.1472540736,"FG%":46.6666666667,"2PM":2.4441762221,"2PA":4.3452021726,"2P%":56.25,"3PM":1.3578756789,"3PA":3.802051901,"3P%":35.7142857143,"FTM":2.4441762221,"FTA":3.2589016295,"FT%":75.0,"PTS":11.4061557031,"OFF":0.8147254074,"DEF":2.4441762221,"REB":3.2589016295,"AST":2.1726010863,"TO":1.6294508147,"STL":1.3578756789,"BLK":0.0,"STK":1.3578756789,"PF":2.1726010863,"Fls on:":3.5304767652,"+\/-":-1.0863005432,"GW":5.0,"GP":13.0},"M. Guadana":{"TEAM":"LPU","MINS":25.8240740741,"FGM":5.4212979563,"FGA":14.0695589817,"FG%":38.5321100917,"2PM":4.0014342058,"2PA":7.3574757978,"2P%":54.3859649123,"3PM":1.4198637504,"3PA":6.7120831839,"3P%":21.1538461538,"FTM":3.356041592,"FTA":4.7759053424,"FT%":70.2702702703,"PTS":15.6185012549,"OFF":1.0326281821,"DEF":3.2269630692,"REB":4.2595912513,"AST":2.8397275009,"TO":1.678020796,"STL":1.4198637504,"BLK":0.2581570455,"STK":1.678020796,"PF":1.4198637504,"Fls on:":3.6141986375,"+\/-":0.3872355683,"GW":3.0,"GP":9.0},"M. Versoza":{"TEAM":"LPU","MINS":15.97,"FGM":3.0056355667,"FGA":6.0112711334,"FG%":50.0,"2PM":3.0056355667,"2PA":6.0112711334,"2P%":50.0,"3PM":0.0,"3PA":0.0,"3P%":0.0,"FTM":0.7514088917,"FTA":3.0056355667,"FT%":25.0,"PTS":6.762680025,"OFF":3.0056355667,"DEF":4.1327489042,"REB":7.1383844709,"AST":0.7514088917,"TO":2.254226675,"STL":0.3757044458,"BLK":1.1271133375,"STK":1.5028177833,"PF":4.8841577959,"Fls on:":3.0056355667,"+\/-":-9.0169067001,"GW":2.0,"GP":5.0},"O. Gordon":{"TEAM":"LPU","MINS":6.6409090909,"FGM":1.6427104723,"FGA":9.0349075975,"FG%":18.1818181818,"2PM":0.8213552361,"2PA":5.3388090349,"2P%":15.3846153846,"3PM":0.8213552361,"3PA":3.6960985626,"3P%":22.2222222222,"FTM":1.2320328542,"FTA":2.4640657084,"FT%":50.0,"PTS":5.3388090349,"OFF":0.8213552361,"DEF":4.1067761807,"REB":4.9281314168,"AST":1.2320328542,"TO":2.0533880903,"STL":1.6427104723,"BLK":0.0,"STK":1.6427104723,"PF":4.9281314168,"Fls on:":2.8747433265,"+\/-":-7.3921971252,"GW":5.0,"GP":11.0},"R. Colian":{"TEAM":"LPU","MINS":1.5166666667,"FGM":0.0,"FGA":0.0,"FG%":0.0,"2PM":0.0,"2PA":0.0,"2P%":0.0,"3PM":0.0,"3PA":0.0,"3P%":0.0,"FTM":0.0,"FTA":0.0,"FT%":0.0,"PTS":0.0,"OFF":0.0,"DEF":0.0,"REB":0.0,"AST":0.0,"TO":0.0,"STL":0.0,"BLK":0.0,"STK":0.0,"PF":19.7802197798,"Fls on:":0.0,"+\/-":-197.8021977979,"GW":1.0,"GP":1.0},"R. Villegas":{"TEAM":"LPU","MINS":23.2107142857,"FGM":5.1700261579,"FGA":11.5402369595,"FG%":44.8,"2PM":3.5082320357,"2PA":7.3857516541,"2P%":47.5,"3PM":1.6617941222,"3PA":4.1544853054,"3P%":40.0,"FTM":3.8775196184,"FTA":4.6160947838,"FT%":84.0,"PTS":15.8793660563,"OFF":1.3848284351,"DEF":2.1234036006,"REB":3.5082320357,"AST":2.6773349746,"TO":1.7541160178,"STL":1.8464379135,"BLK":0.0923218957,"STK":1.9387598092,"PF":1.4771503308,"Fls on:":3.5082320357,"+\/-":3.6005539314,"GW":6.0,"GP":14.0},"S. Penafiel":{"TEAM":"LPU","MINS":14.2571428572,"FGM":3.6072144289,"FGA":9.6192384769,"FG%":37.5,"2PM":3.4569138277,"2PA":7.3647294589,"2P%":46.9387755102,"3PM":0.1503006012,"3PA":2.254509018,"3P%":6.6666666667,"FTM":2.254509018,"FTA":3.3066132265,"FT%":68.1818181818,"PTS":9.6192384769,"OFF":1.0521042084,"DEF":1.3527054108,"REB":2.4048096192,"AST":2.1042084168,"TO":0.9018036072,"STL":0.6012024048,"BLK":0.1503006012,"STK":0.751503006,"PF":2.5551102204,"Fls on:":2.1042084168,"+\/-":-8.7174348697,"GW":6.0,"GP":14.0},"V. Cunanan":{"TEAM":"LPU","MINS":27.241025641,"FGM":2.3719879518,"FGA":7.2006777108,"FG%":32.9411764706,"2PM":1.8637048193,"2PA":3.3885542169,"2P%":55.0,"3PM":0.5082831325,"3PA":3.812123494,"3P%":13.3333333333,"FTM":1.609563253,"FTA":2.202560241,"FT%":73.0769230769,"PTS":6.8618222892,"OFF":0.9318524096,"DEF":3.6426957831,"REB":4.5745481928,"AST":5.6758283133,"TO":1.609563253,"STL":2.202560241,"BLK":0.1694277108,"STK":2.3719879518,"PF":2.3719879518,"Fls on:":2.9649849398,"+\/-":0.0,"GW":6.0,"GP":13.0},"L. Pallingayan":{"TEAM":"LPU","MINS":3.1148148148,"FGM":2.1403091558,"FGA":3.2104637336,"FG%":66.6666666667,"2PM":2.1403091558,"2PA":3.2104637336,"2P%":66.6666666667,"3PM":0.0,"3PA":0.0,"3P%":0.0,"FTM":1.0701545779,"FTA":2.1403091558,"FT%":50.0,"PTS":5.3507728894,"OFF":1.0701545779,"DEF":3.2104637336,"REB":4.2806183115,"AST":5.3507728894,"TO":4.2806183115,"STL":1.0701545779,"BLK":0.0,"STK":1.0701545779,"PF":4.2806183115,"Fls on:":1.0701545779,"+\/-":-12.8418549346,"GW":4.0,"GP":9.0},"K. Caduyac":{"TEAM":"LPU","MINS":5.5854166667,"FGM":2.0141738157,"FGA":10.0708690787,"FG%":20.0,"2PM":1.3427825438,"2PA":1.3427825438,"2P%":100.0,"3PM":0.6713912719,"3PA":8.7280865349,"3P%":7.6923076923,"FTM":2.6855650876,"FTA":3.3569563596,"FT%":80.0,"PTS":7.385303991,"OFF":0.6713912719,"DEF":0.6713912719,"REB":1.3427825438,"AST":0.0,"TO":0.0,"STL":0.0,"BLK":0.0,"STK":0.0,"PF":10.7422603506,"Fls on:":2.0141738157,"+\/-":-16.7847817978,"GW":3.0,"GP":8.0},"J. Panelo":{"TEAM":"LPU","MINS":6.3230769231,"FGM":2.5547445255,"FGA":7.299270073,"FG%":35.0,"2PM":2.1897810219,"2PA":6.204379562,"2P%":35.2941176471,"3PM":0.3649635036,"3PA":1.0948905109,"3P%":33.3333333333,"FTM":2.1897810219,"FTA":3.6496350365,"FT%":60.0,"PTS":7.6642335766,"OFF":2.1897810219,"DEF":5.4744525547,"REB":7.6642335766,"AST":0.3649635036,"TO":1.4598540146,"STL":0.3649635036,"BLK":0.3649635036,"STK":0.7299270073,"PF":4.7445255474,"Fls on:":3.2846715328,"+\/-":-2.1897810219,"GW":6.0,"GP":13.0},"J. Bravo":{"TEAM":"LPU","MINS":21.8166666667,"FGM":4.4003055768,"FGA":13.2009167303,"FG%":33.3333333333,"2PM":3.025210084,"2PA":6.0504201681,"2P%":50.0,"3PM":1.3750954927,"3PA":7.1504965623,"3P%":19.2307692308,"FTM":4.6753246753,"FTA":6.0504201681,"FT%":77.2727272727,"PTS":14.8510313216,"OFF":2.7501909855,"DEF":6.6004583652,"REB":9.3506493506,"AST":1.3750954927,"TO":2.2001527884,"STL":0.0,"BLK":0.5500381971,"STK":0.5500381971,"PF":4.4003055768,"Fls on:":4.1252864782,"+\/-":-4.1252864782,"GW":2.0,"GP":5.0},"J. Barba":{"TEAM":"LPU","MINS":26.5833333333,"FGM":6.7711598746,"FGA":15.5575459024,"FG%":43.5233160622,"2PM":4.6753246753,"2PA":8.7863860278,"2P%":53.2110091743,"3PM":2.0958351993,"3PA":6.7711598746,"3P%":30.9523809524,"FTM":3.8692342141,"FTA":5.1589789521,"FT%":75.0,"PTS":19.5073891626,"OFF":1.6927899687,"DEF":5.4814151366,"REB":7.1742051052,"AST":3.4661889834,"TO":3.2243618451,"STL":1.289744738,"BLK":0.0,"STK":1.289744738,"PF":2.6600985222,"Fls on:":4.4334975369,"+\/-":-0.644872369,"GW":6.0,"GP":14.0},"J. Daileg":{"TEAM":"LPU","MINS":17.2642857143,"FGM":3.9718659495,"FGA":10.0537856847,"FG%":39.5061728395,"2PM":2.2341745966,"2PA":4.7165908151,"2P%":47.3684210526,"3PM":1.7376913529,"3PA":5.3371948697,"3P%":32.5581395349,"FTM":1.8618121638,"FTA":2.6065370294,"FT%":71.4285714286,"PTS":11.5432354158,"OFF":1.4894497311,"DEF":5.3371948697,"REB":6.8266446007,"AST":1.2412081092,"TO":0.7447248655,"STL":0.4964832437,"BLK":0.3723624328,"STK":0.8688456765,"PF":2.2341745966,"Fls on:":2.4824162185,"+\/-":5.0889532478,"GW":6.0,"GP":14.0},"G. Aviles":{"TEAM":"LPU","MINS":19.7619047619,"FGM":2.2771084337,"FGA":6.2891566265,"FG%":36.2068965517,"2PM":2.1686746988,"2PA":5.8554216867,"2P%":37.037037037,"3PM":0.1084337349,"3PA":0.4337349398,"3P%":25.0,"FTM":0.7590361446,"FTA":1.843373494,"FT%":41.1764705882,"PTS":5.421686747,"OFF":1.9518072289,"DEF":5.2048192771,"REB":7.156626506,"AST":1.1927710843,"TO":0.7590361446,"STL":0.3253012048,"BLK":0.4337349398,"STK":0.7590361446,"PF":3.686746988,"Fls on:":2.6024096386,"+\/-":0.6506024096,"GW":6.0,"GP":14.0},"G. Montano":{"TEAM":"LPU","MINS":20.3738095238,"FGM":4.8381442094,"FGA":10.8332359472,"FG%":44.6601941748,"2PM":2.8397802968,"2PA":5.2588524015,"2P%":54.0,"3PM":1.9983639126,"3PA":5.5743835456,"3P%":35.8490566038,"FTM":1.8931868646,"FTA":2.5242491527,"FT%":75.0,"PTS":13.567839196,"OFF":1.0517704803,"DEF":2.7346032488,"REB":3.7863737291,"AST":2.2087180086,"TO":1.9983639126,"STL":0.9465934323,"BLK":0.6310622882,"STK":1.5776557205,"PF":3.8915507771,"Fls on:":2.9449573449,"+\/-":1.5776557205,"GW":6.0,"GP":14.0},"D. Culanay":{"TEAM":"LPU","MINS":1.8708333334,"FGM":8.0178173719,"FGA":16.0356347437,