{"J. Barba":{"TEAM":"LPU","MINS":26.1675925926,"FGM":6.1666666667,"FGA":13.1111111111,"FG%":47.0338983051,"2PM":4.3333333333,"2PA":7.5555555556,"2P%":57.3529411765,"3PM":1.8333333333,"3PA":5.5555555556,"3P%":33.0,"FTM":3.5,"FTA":4.7777777778,"FT%":73.2558139535,"PTS":17.6666666667,"OFF":1.2222222222,"DEF":4.6111111111,"REB":5.8333333333,"AST":2.8888888889,"TO":2.5555555556,"STL":1.2222222222,"BLK":0.0555555556,"STK":1.2777777778,"PF":2.0555555556,"Fls on:":4.2222222222,"+\/-":-0.0555555556,"GW":10.0,"GP":18.0},"R. Villegas":{"TEAM":"LPU","MINS":24.437962963,"FGM":4.4444444444,"FGA":9.3888888889,"FG%":47.3372781065,"2PM":3.1111111111,"2PA":6.0,"2P%":51.8518518519,"3PM":1.3333333333,"3PA":3.3888888889,"3P%":39.3442622951,"FTM":3.0,"FTA":3.6111111111,"FT%":83.0769230769,"PTS":13.2222222222,"OFF":1.1666666667,"DEF":1.7777777778,"REB":2.9444444444,"AST":2.2777777778,"TO":1.3888888889,"STL":1.3333333333,"BLK":0.0555555556,"STK":1.3888888889,"PF":1.1666666667,"Fls on:":2.8888888889,"+\/-":3.1666666667,"GW":10.0,"GP":18.0},"M. Guadana":{"TEAM":"LPU","MINS":24.4435897436,"FGM":4.0769230769,"FGA":11.0,"FG%":37.0629370629,"2PM":3.1538461538,"2PA":6.0,"2P%":52.5641025641,"3PM":0.9230769231,"3PA":5.0,"3P%":18.4615384615,"FTM":2.6923076923,"FTA":3.6923076923,"FT%":72.9166666667,"PTS":11.7692307692,"OFF":0.9230769231,"DEF":2.9230769231,"REB":3.8461538462,"AST":2.3846153846,"TO":1.4615384615,"STL":1.3076923077,"BLK":0.3076923077,"STK":1.6153846154,"PF":1.2307692308,"Fls on:":2.8461538462,"+\/-":0.8461538462,"GW":7.0,"GP":13.0},"J. Bravo":{"TEAM":"LPU","MINS":21.5785714286,"FGM":3.1428571429,"FGA":9.5714285714,"FG%":32.8358208955,"2PM":2.4285714286,"2PA":4.5714285714,"2P%":53.125,"3PM":0.7142857143,"3PA":5.0,"3P%":14.2857142857,"FTM":2.7142857143,"FTA":3.7142857143,"FT%":73.0769230769,"PTS":9.7142857143,"OFF":1.8571428571,"DEF":5.1428571429,"REB":7.0,"AST":1.0,"TO":1.1428571429,"STL":0.2857142857,"BLK":0.2857142857,"STK":0.5714285714,"PF":3.0,"Fls on:":2.5714285714,"+\/-":-1.4285714286,"GW":4.0,"GP":7.0},"G. Montano":{"TEAM":"LPU","MINS":19.7157407407,"FGM":3.1666666667,"FGA":7.2777777778,"FG%":43.5114503817,"2PM":2.0,"2PA":3.6111111111,"2P%":55.3846153846,"3PM":1.1666666667,"3PA":3.6666666667,"3P%":31.8181818182,"FTM":1.3888888889,"FTA":1.8888888889,"FT%":73.5294117647,"PTS":8.8888888889,"OFF":0.6111111111,"DEF":1.7777777778,"REB":2.3888888889,"AST":1.2777777778,"TO":1.1666666667,"STL":0.5555555556,"BLK":0.3333333333,"STK":0.8888888889,"PF":2.5555555556,"Fls on:":1.9444444444,"+\/-":1.9444444444,"GW":10.0,"GP":18.0},"J. Daileg":{"TEAM":"LPU","MINS":16.8814814815,"FGM":2.1111111111,"FGA":5.5555555556,"FG%":38.0,"2PM":1.1666666667,"2PA":2.5555555556,"2P%":45.652173913,"3PM":0.9444444444,"3PA":3.0,"3P%":31.4814814815,"FTM":1.4444444444,"FTA":2.1111111111,"FT%":68.4210526316,"PTS":6.6111111111,"OFF":0.8333333333,"DEF":3.2777777778,"REB":4.1111111111,"AST":0.7777777778,"TO":0.5555555556,"STL":0.3333333333,"BLK":0.3333333333,"STK":0.6666666667,"PF":1.0555555556,"Fls on:":1.7222222222,"+\/-":4.1111111111,"GW":10.0,"GP":18.0},"V. Cunanan":{"TEAM":"LPU","MINS":28.2970588235,"FGM":1.8235294118,"FGA":5.8235294118,"FG%":31.3131313131,"2PM":1.4117647059,"2PA":2.8235294118,"2P%":50.0,"3PM":0.4117647059,"3PA":3.0,"3P%":13.7254901961,"FTM":1.6470588235,"FTA":2.3529411765,"FT%":70.0,"PTS":5.7058823529,"OFF":0.8823529412,"DEF":3.2352941176,"REB":4.1176470588,"AST":5.1764705882,"TO":1.7058823529,"STL":2.1176470588,"BLK":0.2352941176,"STK":2.3529411765,"PF":2.4117647059,"Fls on:":2.8823529412,"+\/-":-0.0588235294,"GW":10.0,"GP":17.0},"S. Penafiel":{"TEAM":"LPU","MINS":13.8215686275,"FGM":1.8823529412,"FGA":4.3529411765,"FG%":43.2432432432,"2PM":1.8235294118,"2PA":3.3529411765,"2P%":54.3859649123,"3PM":0.0588235294,"3PA":1.0,"3P%":5.8823529412,"FTM":1.4117647059,"FTA":2.0,"FT%":70.5882352941,"PTS":5.2352941176,"OFF":0.4117647059,"DEF":0.7058823529,"REB":1.1176470588,"AST":1.0,"TO":0.4705882353,"STL":0.2352941176,"BLK":0.0588235294,"STK":0.2941176471,"PF":1.2352941176,"Fls on:":1.2352941176,"+\/-":-3.0,"GW":9.0,"GP":17.0},"M. Versoza":{"TEAM":"LPU","MINS":16.2166666667,"FGM":1.5555555556,"FGA":3.1111111111,"FG%":50.0,"2PM":1.5555555556,"2PA":3.1111111111,"2P%":50.0,"3PM":0.0,"3PA":0.0,"3P%":0.0,"FTM":1.2222222222,"FTA":2.7777777778,"FT%":44.0,"PTS":4.3333333333,"OFF":1.6666666667,"DEF":2.2222222222,"REB":3.8888888889,"AST":0.4444444444,"TO":1.1111111111,"STL":0.1111111111,"BLK":0.3333333333,"STK":0.4444444444,"PF":2.6666666667,"Fls on:":2.0,"+\/-":-2.7777777778,"GW":6.0,"GP":9.0},"G. Aviles":{"TEAM":"LPU","MINS":18.5157407407,"FGM":1.5555555556,"FGA":3.8888888889,"FG%":40.0,"2PM":1.5,"2PA":3.6666666667,"2P%":40.9090909091,"3PM":0.0555555556,"3PA":0.2222222222,"3P%":25.0,"FTM":0.3888888889,"FTA":1.0,"FT%":38.8888888889,"PTS":3.5555555556,"OFF":1.1666666667,"DEF":3.2777777778,"REB":4.4444444444,"AST":0.7777777778,"TO":0.6111111111,"STL":0.1666666667,"BLK":0.2777777778,"STK":0.4444444444,"PF":2.6111111111,"Fls on:":1.6111111111,"+\/-":0.2777777778,"GW":10.0,"GP":18.0},"N. Moralejo":{"TEAM":"LPU","MINS":8.0104166667,"FGM":1.0,"FGA":2.1875,"FG%":45.7142857143,"2PM":0.6875,"2PA":1.1875,"2P%":57.8947368421,"3PM":0.3125,"3PA":1.0,"3P%":31.25,"FTM":0.5625,"FTA":0.75,"FT%":75.0,"PTS":2.875,"OFF":0.25,"DEF":0.5625,"REB":0.8125,"AST":0.5,"TO":0.625,"STL":0.375,"BLK":0.0,"STK":0.375,"PF":0.5,"Fls on:":0.875,"+\/-":0.125,"GW":8.0,"GP":16.0},"J. Panelo":{"TEAM":"LPU","MINS":5.937254902,"FGM":0.5882352941,"FGA":1.5882352941,"FG%":37.037037037,"2PM":0.5294117647,"2PA":1.4117647059,"2P%":37.5,"3PM":0.0588235294,"3PA":0.1764705882,"3P%":33.3333333333,"FTM":0.3529411765,"FTA":0.5882352941,"FT%":60.0,"PTS":1.5882352941,"OFF":0.5294117647,"DEF":1.1176470588,"REB":1.6470588235,"AST":0.1176470588,"TO":0.2352941176,"STL":0.0588235294,"BLK":0.0588235294,"STK":0.1176470588,"PF":1.0,"Fls on:":0.5294117647,"+\/-":0.0,"GW":10.0,"GP":17.0},"K. Caduyac":{"TEAM":"LPU","MINS":5.4537037037,"FGM":0.3333333333,"FGA":1.7777777778,"FG%":18.75,"2PM":0.2222222222,"2PA":0.2222222222,"2P%":100.0,"3PM":0.1111111111,"3PA":1.5555555556,"3P%":7.1428571429,"FTM":0.4444444444,"FTA":0.5555555556,"FT%":80.0,"PTS":1.2222222222,"OFF":0.1111111111,"DEF":0.1111111111,"REB":0.2222222222,"AST":0.0,"TO":0.0,"STL":0.0,"BLK":0.0,"STK":0.0,"PF":1.7777777778,"Fls on:":0.3333333333,"+\/-":-2.8888888889,"GW":4.0,"GP":9.0},"D. Paulo":{"TEAM":"LPU","MINS":4.2611111111,"FGM":0.5,"FGA":1.5,"FG%":33.3333333333,"2PM":0.3333333333,"2PA":0.8333333333,"2P%":40.0,"3PM":0.1666666667,"3PA":0.6666666667,"3P%":25.0,"FTM":0.0,"FTA":0.3333333333,"FT%":0.0,"PTS":1.1666666667,"OFF":0.3333333333,"DEF":0.0,"REB":0.3333333333,"AST":0.5,"TO":0.1666666667,"STL":0.1666666667,"BLK":0.0,"STK":0.1666666667,"PF":0.6666666667,"Fls on:":0.1666666667,"+\/-":-1.6666666667,"GW":2.0,"GP":6.0},"O. Gordon":{"TEAM":"LPU","MINS":6.1097222222,"FGM":0.3333333333,"FGA":1.8333333333,"FG%":18.1818181818,"2PM":0.1666666667,"2PA":1.0833333333,"2P%":15.3846153846,"3PM":0.1666666667,"3PA":0.75,"3P%":22.2222222222,"FTM":0.25,"FTA":0.5,"FT%":50.0,"PTS":1.0833333333,"OFF":0.1666666667,"DEF":0.8333333333,"REB":1.0,"AST":0.25,"TO":0.4166666667,"STL":0.3333333333,"BLK":0.0,"STK":0.3333333333,"PF":1.0,"Fls on:":0.5833333333,"+\/-":-1.6666666667,"GW":6.0,"GP":12.0},"D. Culanay":{"TEAM":"LPU","MINS":1.8708333334,"FGM":0.5,"FGA":1.0,"FG%":50.0,"2PM":0.5,"2PA":0.5,"2P%":100.0,"3PM":0.0,"3PA":0.5,"3P%":0.0,"FTM":0.0,"FTA":0.0,"FT%":0.0,"PTS":1.0,"OFF":0.0,"DEF":0.0,"REB":0.0,"AST":0.0,"TO":0.0,"STL":0.25,"BLK":0.0,"STK":0.25,"PF":0.25,"Fls on:":0.0,"+\/-":-1.5,"GW":3.0,"GP":4.0},"L. Pallingayan":{"TEAM":"LPU","MINS":2.83,"FGM":0.2,"FGA":0.3,"FG%":66.6666666667,"2PM":0.2,"2PA":0.3,"2P%":66.6666666667,"3PM":0.0,"3PA":0.0,"3P%":0.0,"FTM":0.1,"FTA":0.2,"FT%":50.0,"PTS":0.5,"OFF":0.1,"DEF":0.3,"REB":0.4,"AST":0.5,"TO":0.4,"STL":0.1,"BLK":0.0,"STK":0.1,"PF":0.4,"Fls on:":0.1,"+\/-":-1.4,"GW":5.0,"GP":10.0},"R. Colian":{"TEAM":"LPU","MINS":1.5166666667,"FGM":0.0,"FGA":0.0,"FG%":0.0,"2PM":0.0,"2PA":0.0,"2P%":0.0,