{"G. Montano":{"TEAM":"LPU","MINS":20.9651515152,"FGM":3.5454545455,"FGA":8.0,"FG%":44.3181818182,"2PM":1.9090909091,"2PA":3.6363636364,"2P%":52.5,"3PM":1.6363636364,"3PA":4.3636363636,"3P%":37.5,"FTM":1.0,"FTA":1.4545454545,"FT%":68.75,"PTS":9.7272727273,"OFF":0.8181818182,"DEF":2.0909090909,"REB":2.9090909091,"AST":1.4545454545,"TO":1.2727272727,"STL":0.7272727273,"BLK":0.4545454545,"STK":1.1818181818,"PF":2.9090909091,"Fls on:":2.0,"+\/-":2.3636363636,"GP":11.0},"G. Aviles":{"TEAM":"LPU","MINS":20.1515151515,"FGM":1.2727272727,"FGA":3.8181818182,"FG%":33.3333333333,"2PM":1.1818181818,"2PA":3.4545454545,"2P%":34.2105263158,"3PM":0.0909090909,"3PA":0.3636363636,"3P%":25.0,"FTM":0.4545454545,"FTA":1.2727272727,"FT%":35.7142857143,"PTS":3.0909090909,"OFF":1.3636363636,"DEF":3.1818181818,"REB":4.5454545455,"AST":0.8181818182,"TO":0.4545454545,"STL":0.2727272727,"BLK":0.2727272727,"STK":0.5454545455,"PF":2.2727272727,"Fls on:":1.1818181818,"+\/-":0.4545454545,"GP":11.0},"L. Pallingayan":{"TEAM":"LPU","MINS":3.5,"FGM":0.2857142857,"FGA":0.4285714286,"FG%":66.6666666667,"2PM":0.2857142857,"2PA":0.4285714286,"2P%":66.6666666667,"3PM":0.0,"3PA":0.0,"3P%":0.0,"FTM":0.1428571429,"FTA":0.2857142857,"FT%":50.0,"PTS":0.7142857143,"OFF":0.0,"DEF":0.4285714286,"REB":0.4285714286,"AST":0.5714285714,"TO":0.4285714286,"STL":0.1428571429,"BLK":0.0,"STK":0.1428571429,"PF":0.2857142857,"Fls on:":0.1428571429,"+\/-":-0.7142857143,"GP":7.0},"M. Guadana":{"TEAM":"LPU","MINS":25.0952380952,"FGM":5.4285714286,"FGA":12.2857142857,"FG%":44.1860465116,"2PM":4.2857142857,"2PA":7.4285714286,"2P%":57.6923076923,"3PM":1.1428571429,"3PA":4.8571428571,"3P%":23.5294117647,"FTM":3.2857142857,"FTA":4.7142857143,"FT%":69.696969697,"PTS":15.2857142857,"OFF":0.8571428571,"DEF":3.0,"REB":3.8571428571,"AST":2.0,"TO":1.0,"STL":1.0,"BLK":0.2857142857,"STK":1.2857142857,"PF":1.2857142857,"Fls on:":3.7142857143,"+\/-":0.1428571429,"GP":7.0},"M. Versoza":{"TEAM":"LPU","MINS":15.05,"FGM":2.0,"FGA":3.0,"FG%":66.6666666667,"2PM":2.0,"2PA":3.0,"2P%":66.6666666667,"3PM":0.0,"3PA":0.0,"3P%":0.0,"FTM":0.5,"FTA":1.0,"FT%":50.0,"PTS":4.5,"OFF":1.5,"DEF":1.5,"REB":3.0,"AST":0.0,"TO":2.0,"STL":0.5,"BLK":0.0,"STK":0.5,"PF":3.5,"Fls on:":1.0,"+\/-":0.5,"GP":2.0},"S. Penafiel":{"TEAM":"LPU","MINS":14.4181818182,"FGM":1.8181818182,"FGA":4.8181818182,"FG%":37.7358490566,"2PM":1.8181818182,"2PA":3.7272727273,"2P%":48.7804878049,"3PM":0.0,"3PA":1.0909090909,"3P%":0.0,"FTM":1.0909090909,"FTA":1.5454545455,"FT%":70.5882352941,"PTS":4.7272727273,"OFF":0.6363636364,"DEF":0.7272727273,"REB":1.3636363636,"AST":1.1818181818,"TO":0.5454545455,"STL":0.3636363636,"BLK":0.0909090909,"STK":0.4545454545,"PF":1.0909090909,"Fls on:":1.0,"+\/-":-5.1818181818,"GP":11.0},"D. Paulo":{"TEAM":"LPU","MINS":5.06,"FGM":0.6,"FGA":1.8,"FG%":33.3333333333,"2PM":0.4,"2PA":1.0,"2P%":40.0,"3PM":0.2,"3PA":0.8,"3P%":25.0,"FTM":0.0,"FTA":0.4,"FT%":0.0,"PTS":1.4,"OFF":0.4,"DEF":0.0,"REB":0.4,"AST":0.6,"TO":0.2,"STL":0.2,"BLK":0.0,"STK":0.2,"PF":0.8,"Fls on:":0.2,"+\/-":-1.6,"GP":5.0},"N. Moralejo":{"TEAM":"LPU","MINS":8.705,"FGM":1.1,"FGA":2.0,"FG%":55.0,"2PM":0.7,"2PA":1.2,"2P%":58.3333333333,"3PM":0.4,"3PA":0.8,"3P%":50.0,"FTM":0.7,"FTA":0.9,"FT%":77.7777777778,"PTS":3.3,"OFF":0.3,"DEF":0.8,"REB":1.1,"AST":0.6,"TO":0.4,"STL":0.2,"BLK":0.0,"STK":0.2,"PF":0.8,"Fls on:":0.9,"+\/-":0.2,"GP":10.0},"O. Gordon":{"TEAM":"LPU","MINS":6.5533333333,"FGM":0.4,"FGA":1.9,"FG%":21.0526315789,"2PM":0.2,"2PA":1.0,"2P%":20.0,"3PM":0.2,"3PA":0.9,"3P%":22.2222222222,"FTM":0.3,"FTA":0.6,"FT%":50.0,"PTS":1.3,"OFF":0.2,"DEF":0.9,"REB":1.1,"AST":0.3,"TO":0.5,"STL":0.4,"BLK":0.0,"STK":0.4,"PF":1.0,"Fls on:":0.7,"+\/-":-1.7,"GP":10.0},"R. Villegas":{"TEAM":"LPU","MINS":20.7484848485,"FGM":3.1818181818,"FGA":7.8181818182,"FG%":40.6976744186,"2PM":2.1818181818,"2PA":5.0,"2P%":43.6363636364,"3PM":1.0,"3PA":2.8181818182,"3P%":35.4838709677,"FTM":2.8181818182,"FTA":3.4545454545,"FT%":81.5789473684,"PTS":10.1818181818,"OFF":1.2727272727,"DEF":1.5454545455,"REB":2.8181818182,"AST":1.9090909091,"TO":1.3636363636,"STL":1.5454545455,"BLK":0.0909090909,"STK":1.6363636364,"PF":0.9090909091,"Fls on:":2.4545454545,"+\/-":3.7272727273,"GP":11.0},"R. Colian":{"TEAM":"LPU","MINS":1.5166666667,"FGM":0.0,"FGA":0.0,"FG%":0.0,"2PM":0.0,"2PA":0.0,"2P%":0.0,"3PM":0.0,"3PA":0.0,"3P%":0.0,"FTM":0.0,"FTA":0.0,"FT%":0.0,"PTS":0.0,"OFF":0.0,"DEF":0.0,"REB":0.0,"AST":0.0,"TO":0.0,"STL":0.0,"BLK":0.0,"STK":0.0,"PF":1.0,"Fls on:":0.0,"+\/-":-10.0,"GP":1.0},"V. Cunanan":{"TEAM":"LPU","MINS":26.7333333333,"FGM":2.2727272727,"FGA":7.0,"FG%":32.4675324675,"2PM":1.7272727273,"2PA":3.0909090909,"2P%":55.8823529412,"3PM":0.5454545455,"3PA":3.9090909091,"3P%":13.9534883721,"FTM":1.5454545455,"FTA":2.0909090909,"FT%":73.9130434783,"PTS":6.6363636364,"OFF":1.0,"DEF":3.2727272727,"REB":4.2727272727,"AST":4.9090909091,"TO":1.1818181818,"STL":1.9090909091,"BLK":0.0909090909,"STK":2.0,"PF":2.0909090909,"Fls on:":2.7272727273,"+\/-":0.3636363636,"GP":11.0},"D. Culanay":{"TEAM":"LPU","MINS":1.8708333334,"FGM":0.5,"FGA":1.0,"FG%":50.0,"2PM":0.5,"2PA":0.5,"2P%":100.0,"3PM":0.0,"3PA":0.5,"3P%":0.0,"FTM":0.0,"FTA":0.0,"FT%":0.0,"PTS":1.0,"OFF":0.0,"DEF":0.0,"REB":0.0,"AST":0.0,"TO":0.0,"STL":0.25,"BLK":0.0,"STK":0.25,"PF":0.25,"Fls on:":0.0,"+\/-":-1.5,"GP":4.0},"J. Daileg":{"TEAM":"LPU","MINS":16.0303030303,"FGM":2.0909090909,"FGA":4.8181818182,"FG%":43.3962264151,"2PM":1.1818181818,"2PA":2.3636363636,"2P%":50.0,"3PM":0.9090909091,"3PA":2.4545454545,"3P%":37.037037037,"FTM":1.0,"FTA":1.2727272727,"FT%":78.5714285714,"PTS":6.0909090909,"OFF":0.7272727273,"DEF":3.0,"REB":3.7272727273,"AST":0.8181818182,"TO":0.4545454545,"STL":0.3636363636,"BLK":0.2727272727,"STK":0.6363636364,"PF":0.8181818182,"Fls on:":1.3636363636,"+\/-":3.7272727273,"GP":11.0},"J. Bravo":{"TEAM":"LPU","MINS":20.7541666667,"FGM":2.75,"FGA":10.0,"FG%":27.5,"2PM":2.0,"2PA":4.75,"2P%":42.1052631579,"3PM":0.75,"3PA":5.25,"3P%":14.2857142857,"FTM":3.0,"FTA":4.0,"FT%":75.0,"PTS":9.25,"OFF":2.25,"DEF":4.25,"REB":6.5,"AST":0.5,"TO":1.5,"STL":0.0,"BLK":0.25,"STK":0.25,"PF":3.0,"Fls on:":2.75,"+\/-":-4.75,"GP":4.0},"J. Barba":{"TEAM":"LPU","MINS":27.2666666667,"FGM":6.3636363636,"FGA":14.8181818182,"FG%":42.9447852761,"2PM":4.2727272727,"2PA":8.2727272727,"2P%":51.6483516484,"3PM":2.0909090909,"3PA":6.5454545455,"3P%":31.9444444444,"FTM":3.5454545455,"FTA":4.5454545455,"FT%":78.0,"PTS":18.3636363636,"OFF":1.5454545455,"DEF":5.2727272727,"REB":6.8181818182,"AST":3.0,"TO":2.4545454545,"STL":0.9090909091,"BLK":0.0,"STK":0.9090909091,"PF":2.3636363636,"Fls on:":3.8181818182,"+\/-":0.8181818182,"GP":11.0},"J. Panelo":{"TEAM":"LPU","MINS":6.6712121212,"FGM":0.4545454545,"FGA":1.5454545455,"FG%":29.4117647059,"2PM":0.3636363636,"2PA":1.2727272727,"2P%":28.5714285714,"3PM":0.0909090909,"3PA":0.2727272727,"3P%":33.3333333333,"FTM":0.5454545455,"FTA":0.9090909091,"FT%":60.0,"PTS":1.5454545455,"OFF":0.5454545455,"DEF":1.0,"REB":1.5454545455,"AST":0.0909090909,"TO":0.2727272727,"STL":0.0909090909,"BLK":0.0909090909,"STK":0.1818181818,"PF":1.0,"Fls on:":0.8181818182,"+\/-":-1.0,"GP":11.0},"K. Caduyac":{"TEAM":"LPU","MINS":5.8285714286,"FGM":0.4285714286,"FGA":1.8571428571,"FG%":23.0769230769,"2PM":0.2857142857,"2PA":0.2857142857,"2P%":100.0,"3PM":0.1428571429,"3PA":1.5714285714,"3P%":9.0909090909,"FTM":0.5714285714,"FTA":0.7142857143,"FT%":80.0,"PTS":1.5714285714,"OFF":0.1428571429,"DEF":0.0,"REB":0.1428571429,"AST":0.0,"TO":0.0,"STL":0.0,"BLK":0.0,"STK":0.0,"PF":2.1428571429,"Fls on:":0.4285714286,"+\/-":-3.8571428571,"GP":7.0}}