{"J. Barba":{"TEAM":"LPU","SP":71.1666666667,"GP":12.0,"MPG":27.0722222222,"EWA":2.5191036981,"PER":26.4060817768,"WS":0.9811387041,"OWS":0.872590225,"DWS":0.108548479,"EFF":17.0833333333,"GmSc":12.55,"TS%":54.9780087965,"EFG%":50.2857142857,"PPWS":1.0887046889,"FTR":0.3257142857,"REB%":12.3873764303,"OREB%":5.3543550486,"DREB%":19.7302225424,"AR":5.6499888388,"pAST%":23.7245452569,"TOR":4.7083240324,"AST\/TO":1.2,"PPR":-1.8117522327,"USG%":31.1358840882,"aSP":70.4329896907,"ORtg":105.5919307783,"DRtg":101.7799653804,"Floor%":46.8875015235,"Stop%":0.565254986,"FFI":49.8937900016,"PIE":11.6447823082,"AV":2.5798597749},"R. Villegas":{"TEAM":"LPU","SP":46.25,"GP":12.0,"MPG":21.4236111111,"EWA":1.4098861318,"PER":21.8431615879,"WS":0.6228992687,"OWS":0.5830912795,"DWS":0.0398079892,"EFF":10.0833333333,"GmSc":8.2916666667,"TS%":55.1406738451,"EFG%":48.4693877551,"PPWS":1.0898948723,"FTR":0.3979591837,"REB%":6.7086290728,"OREB%":5.5720821451,"DREB%":7.8952441471,"AR":4.5614629863,"pAST%":16.6397334858,"TOR":3.3715161203,"AST\/TO":1.3529411765,"PPR":-0.6359566814,"USG%":22.6002682046,"aSP":45.7731958763,"ORtg":108.465189523,"DRtg":103.8311166623,"Floor%":48.7130953328,"Stop%":0.5177539031,"FFI":50.6286802561,"PIE":6.9454042847,"AV":1.7372796521},"M. Guadana":{"TEAM":"LPU","SP":56.2857142857,"GP":7.0,"MPG":25.0952380952,"EWA":1.1972355018,"PER":24.5189185495,"WS":0.4783672085,"OWS":0.4615098205,"DWS":0.0168573879,"EFF":13.1428571429,"GmSc":10.8714285714,"TS%":53.2232391564,"EFG%":48.8372093023,"PPWS":1.0523727563,"FTR":0.3837209302,"REB%":8.0328224171,"OREB%":3.4948238176,"DREB%":12.7707328491,"AR":4.0633938284,"pAST%":16.4420050044,"TOR":2.0316969142,"AST\/TO":2.0,"PPR":1.3029871476,"USG%":26.9083693736,"aSP":55.70544919,"ORtg":109.0081137581,"DRtg":104.5047633236,"Floor%":50.8305038512,"Stop%":0.5021534224,"FFI":50.4817382094,"PIE":5.4595715273,"AV":1.4145606597},"G. Montano":{"TEAM":"LPU","SP":40.75,"GP":12.0,"MPG":20.7041666667,"EWA":0.8442227366,"PER":17.6498961585,"WS":0.458026264,"OWS":0.4515572754,"DWS":0.0064689886,"EFF":9.0833333333,"GmSc":6.2333333333,"TS%":57.4656188605,"EFG%":54.8387096774,"PPWS":1.1414634146,"FTR":0.2150537634,"REB%":7.1521016509,"OREB%":4.1183608414,"DREB%":10.31948743,"AR":3.6938881883,"pAST%":13.6187073928,"TOR":3.4886721779,"AST\/TO":1.0588235294,"PPR":-1.9741661926,"USG%":21.0215591927,"aSP":40.3298969072,"ORtg":105.776987995,"DRtg":105.3047439822,"Floor%":45.2079013853,"Stop%":0.4836272669,"FFI":50.1127944464,"PIE":4.7339322737,"AV":1.6063884716},"V. Cunanan":{"TEAM":"LPU","SP":55.3333333333,"GP":12.0,"MPG":26.7416666667,"EWA":0.7087865286,"PER":15.259579067,"WS":0.4294192333,"OWS":0.2875707771,"DWS":0.1418484561,"EFF":11.0,"GmSc":7.1083333333,"TS%":40.5015534842,"EFG%":35.0,"PPWS":0.8028594996,"FTR":0.2875,"REB%":7.980316674,"OREB%":3.50740862,"DREB%":12.6502691357,"AR":9.6919320217,"pAST%":30.5059753973,"TOR":2.542146104,"AST\/TO":3.8125,"PPR":7.5403838579,"USG%":14.5383463071,"aSP":54.7628865979,"ORtg":98.147191427,"DRtg":100.5455200371,"Floor%":44.4189830872,"Stop%":0.5938425852,"FFI":43.378445198,"PIE":6.8417415342,"AV":1.8544330283},"J. Daileg":{"TEAM":"LPU","SP":32.1666666667,"GP":12.0,"MPG":16.4166666667,"EWA":0.6324788087,"PER":17.2732101804,"WS":0.3854034345,"OWS":0.3585002622,"DWS":0.0269031723,"EFF":7.4166666667,"GmSc":4.95,"TS%":53.581500282,"EFG%":49.2063492063,"PPWS":1.0621942697,"FTR":0.2857142857,"REB%":11.6729389113,"OREB%":4.6745486089,"DREB%":18.9796283459,"AR":2.5881176548,"pAST%":8.8414912041,"TOR":1.5528705929,"AST\/TO":1.6666666667,"PPR":0.3319672356,"USG%":17.1656611316,"aSP":31.8350515464,"ORtg":110.4920692392,"DRtg":104.0402542115,"Floor%":46.9441973479,"Stop%":0.5129106425,"FFI":49.5149460418,"PIE":4.9067035245,"AV":1.3798224612},"N. Moralejo":{"TEAM":"LPU","SP":17.7272727273,"GP":11.0,"MPG":8.2712121212,"EWA":0.2657381338,"PER":16.6906757538,"WS":0.194625601,"OWS":0.2040592709,"DWS":-0.0094336698,"EFF":3.3636363636,"GmSc":2.4,"TS%":66.1057692308,"EFG%":61.9047619048,"PPWS":1.3056379822,"FTR":0.4285714286,"REB%":6.3186544207,"OREB%":3.3738269864,"DREB%":9.3932099358,"AR":3.3623246763,"pAST%":11.3674835282,"TOR":2.2415497842,"AST\/TO":1.5,"PPR":0.0,"USG%":13.9934306249,"aSP":17.5445173383,"ORtg":122.2738101815,"DRtg":106.7888482634,"Floor%":53.8361235735,"Stop%":0.4492580026,"FFI":56.3048541417,"PIE":1.9004837595,"AV":0.7143844592},"J. Bravo":{"TEAM":"LPU","SP":44.4,"GP":5.0,"MPG":21.8166666667,"EWA":0.2597316574,"PER":15.6058881402,"WS":0.1454681538,"OWS":0.1282684445,"DWS":0.0171997093,"EFF":10.0,"GmSc":5.9,"TS%":46.8099861304,"EFG%":38.5416666667,"PPWS":0.9238665526,"FTR":0.4583333333,"REB%":16.289744738,"OREB%":9.3800466101,"DREB%":23.5038348539,"AR":2.3370168586,"pAST%":8.2684548503,"TOR":3.7392269738,"AST\/TO":0.625,"PPR":-4.1966339298,"USG%":26.4705051379,"aSP":43.9422680412,"ORtg":95.7783710853,"DRtg":103.7987368945,"Floor%":43.3054499839,"Stop%":0.518503762,"FFI":48.2328692452,"PIE":1.9350380097,"AV":0.8953816888},"D. Culanay":{"TEAM":"LPU","SP":14.25,"GP":4.0,"MPG":1.8708333334,"EWA":0.0354846101,"PER":20.3510556254,"WS":0.0118473461,"OWS":0.0075702802,"DWS":0.0042770658,"EFF":0.75,"GmSc":0.65,"TS%":50.0,"EFG%":50.0,"PPWS":1.0,"FTR":0.0,"REB%":0.0,"OREB%":0.0,"DREB%":0.0,"AR":0.0,"pAST%":0.0,"TOR":0.0,"AST\/TO":null,"PPR":0.0,"USG%":23.4991625898,"aSP":14.1030927835,"ORtg":97.4321431411,"DRtg":99.0638267153,"Floor%":48.7160715705,"Stop%":0.6281560159,"FFI":45.0,"PIE":0.1382170007,"AV":0.1085479551},"R. Colian":{"TEAM":"LPU","SP":15.0,"GP":1.0,"MPG":1.5166666667,"EWA":-0.0171971058,"PER":-11.970889675,"WS":-0.000576225,"OWS":0.0,"DWS":-0.000576225,"EFF":0.0,"GmSc":-0.4,"TS%":0.0,"EFG%":0.0,"PPWS":0.0,"FTR":0.0,"REB%":0.0,"OREB%":0.0,"DREB%":0.0,"AR":0.0,"pAST%":0.0,"TOR":0.0,"AST\/TO":null,"PPR":0.0,"USG%":0.0,"aSP":14.8453608247,"ORtg":null,"DRtg":109.9492203907,"Floor%":null,"Stop%":0.3760693013,"FFI":25.0,"PIE":-0.0691085003,"AV":0.0},"L. Pallingayan":{"TEAM":"LPU","SP":12.25,"GP":8.0,"MPG":3.2770833333,"EWA":-0.0175453611,"PER":9.4748184697,"WS":0.0001728023,"OWS":-0.0012834414,"DWS":0.0014562437,"EFF":1.125,"GmSc":0.525,"TS%":64.4329896907,"EFG%":66.6666666667,"PPWS":1.2658227848,"FTR":0.6666666667,"REB%":7.9740009207,"OREB%":3.9028865266,"DREB%":12.2244595612,"AR":9.723951265,"pAST%":30.5274642272,"TOR":7.779161012,"AST\/TO":1.25,"PPR":-2.4945026855,"USG%":13.2140586686,"aSP":12.1237113402,"ORtg":84.8742789175,"DRtg":104.9671434418,"Floor%":41.4615489874,"Stop%":0.4914455061,"FFI":60.502453719,"PIE":0.3800967519,"AV":0.2474358297},"S. Penafiel":{"TEAM":"LPU","SP":25.1666666667,"GP":12.0,"MPG":14.9041666667,"EWA":-0.0196667766,"PER":10.5989755606,"WS":0.060205577,"OWS":0.121903341,"DWS":-0.061697764,"EFF":3.5833333333,"GmSc":2.7583333333,"TS%":42.5881649731,"EFG%":37.2881355932,"PPWS":0.843819393,"FTR":0.3050847458,"REB%":4.3832483395,"OREB%":4.0047230961,"DREB%":4.7784487037,"AR":3.9910698864,"pAST%":13.5423522607,"TOR":1.7104585228,"AST\/TO":2.3333333333,"PPR":1.8282791559,"USG%":17.9244236858,"aSP":24.9072164948,"ORtg":94.2699961231,"DRtg":109.5492674641,"Floor%":46.3316217825,"Stop%":0.3853315128,"FFI":44.8648554123,"PIE":1.796821009,"AV":0.799617052},"D. Paulo":{"TEAM":"LPU","SP":9.6,"GP":5.0,"MPG":5.06,"EWA":-0.0396787249,"PER":7.6676586115,"WS":-0.0075942696,"OWS":0.0002399255,"DWS":-0.0078341951,"EFF":0.8,"GmSc":0.6,"TS%":35.4251012146,"EFG%":38.8888888889,"PPWS":0.7035175879,"FTR":0.2222222222,"REB%":4.1314569988,"OREB%":8.0885909174,"DREB%":0.0,"AR":6.0457610039,"pAST%":20.3581922485,"TOR":2.015253668,"AST\/TO":3.0,"PPR":3.8773248264,"USG%":18.9058348405,"aSP":9.5010309278,"ORtg":85.6667523787,"DRtg":109.1452173306,"Floor%":37.1776230293,"Stop%":0.3946886086,"FFI":45.0027936554,"PIE":-0.0691085003,"AV":0.1346870059},"M. Versoza":{"TEAM":"LPU","SP":27.0,"GP":3.0,"MPG":14.5888888889,"EWA":-0.0462119537,"PER":8.6976993074,"WS":0.0070090228,"OWS":0.0056153294,"DWS":0.0013936934,"EFF":5.0,"GmSc":2.0333333333,"TS%":59.7426470588,"EFG%":60.0,"PPWS":1.1872146119,"FTR":0.2,