{"S. Penafiel":{"TEAM":"LPU","MINS":14.9041666667,"FGM":1.8333333333,"FGA":4.9166666667,"FG%":37.2881355932,"2PM":1.8333333333,"2PA":3.9166666667,"2P%":46.8085106383,"3PM":0.0,"3PA":1.0,"3P%":0.0,"FTM":1.0833333333,"FTA":1.5,"FT%":72.2222222222,"PTS":4.75,"OFF":0.5833333333,"DEF":0.6666666667,"REB":1.25,"AST":1.1666666667,"TO":0.5,"STL":0.3333333333,"BLK":0.0833333333,"STK":0.4166666667,"PF":1.0833333333,"Fls on:":1.0,"+\/-":-4.4166666667,"GW":6.0,"GP":12.0},"L. Pallingayan":{"TEAM":"LPU","MINS":3.2770833333,"FGM":0.25,"FGA":0.375,"FG%":66.6666666667,"2PM":0.25,"2PA":0.375,"2P%":66.6666666667,"3PM":0.0,"3PA":0.0,"3P%":0.0,"FTM":0.125,"FTA":0.25,"FT%":50.0,"PTS":0.625,"OFF":0.125,"DEF":0.375,"REB":0.5,"AST":0.625,"TO":0.5,"STL":0.125,"BLK":0.0,"STK":0.125,"PF":0.375,"Fls on:":0.125,"+\/-":-1.25,"GW":4.0,"GP":8.0},"G. Montano":{"TEAM":"LPU","MINS":20.7041666667,"FGM":3.5,"FGA":7.75,"FG%":45.1612903226,"2PM":2.0,"2PA":3.6666666667,"2P%":54.5454545455,"3PM":1.5,"3PA":4.0833333333,"3P%":36.7346938776,"FTM":1.25,"FTA":1.6666666667,"FT%":75.0,"PTS":9.75,"OFF":0.8333333333,"DEF":2.0,"REB":2.8333333333,"AST":1.5,"TO":1.4166666667,"STL":0.6666666667,"BLK":0.4166666667,"STK":1.0833333333,"PF":2.75,"Fls on:":2.0,"+\/-":1.5833333333,"GW":6.0,"GP":12.0},"O. Gordon":{"TEAM":"LPU","MINS":6.5533333333,"FGM":0.4,"FGA":1.9,"FG%":21.0526315789,"2PM":0.2,"2PA":1.0,"2P%":20.0,"3PM":0.2,"3PA":0.9,"3P%":22.2222222222,"FTM":0.3,"FTA":0.6,"FT%":50.0,"PTS":1.3,"OFF":0.2,"DEF":0.9,"REB":1.1,"AST":0.3,"TO":0.5,"STL":0.4,"BLK":0.0,"STK":0.4,"PF":1.0,"Fls on:":0.7,"+\/-":-1.7,"GW":5.0,"GP":10.0},"G. Aviles":{"TEAM":"LPU","MINS":19.2680555556,"FGM":1.3333333333,"FGA":3.75,"FG%":35.5555555556,"2PM":1.25,"2PA":3.4166666667,"2P%":36.5853658537,"3PM":0.0833333333,"3PA":0.3333333333,"3P%":25.0,"FTM":0.4166666667,"FTA":1.1666666667,"FT%":35.7142857143,"PTS":3.1666666667,"OFF":1.3333333333,"DEF":3.25,"REB":4.5833333333,"AST":0.75,"TO":0.4166666667,"STL":0.25,"BLK":0.25,"STK":0.5,"PF":2.3333333333,"Fls on:":1.25,"+\/-":0.0833333333,"GW":6.0,"GP":12.0},"J. Bravo":{"TEAM":"LPU","MINS":21.8166666667,"FGM":3.2,"FGA":9.6,"FG%":33.3333333333,"2PM":2.2,"2PA":4.4,"2P%":50.0,"3PM":1.0,"3PA":5.2,"3P%":19.2307692308,"FTM":3.4,"FTA":4.4,"FT%":77.2727272727,"PTS":10.8,"OFF":2.0,"DEF":4.8,"REB":6.8,"AST":1.0,"TO":1.6,"STL":0.0,"BLK":0.4,"STK":0.4,"PF":3.2,"Fls on:":3.0,"+\/-":-3.0,"GW":2.0,"GP":5.0},"V. Cunanan":{"TEAM":"LPU","MINS":26.7416666667,"FGM":2.0833333333,"FGA":6.6666666667,"FG%":31.25,"2PM":1.5833333333,"2PA":3.0,"2P%":52.7777777778,"3PM":0.5,"3PA":3.6666666667,"3P%":13.6363636364,"FTM":1.4166666667,"FTA":1.9166666667,"FT%":73.9130434783,"PTS":6.0833333333,"OFF":0.9166666667,"DEF":3.1666666667,"REB":4.0833333333,"AST":5.0833333333,"TO":1.3333333333,"STL":2.0833333333,"BLK":0.0833333333,"STK":2.1666666667,"PF":2.25,"Fls on:":2.5833333333,"+\/-":0.5,"GW":6.0,"GP":12.0},"J. Barba":{"TEAM":"LPU","MINS":27.0722222222,"FGM":6.3333333333,"FGA":14.5833333333,"FG%":43.4285714286,"2PM":4.3333333333,"2PA":8.3333333333,"2P%":52.0,"3PM":2.0,"3PA":6.25,"3P%":32.0,"FTM":3.6666666667,"FTA":4.75,"FT%":77.1929824561,"PTS":18.3333333333,"OFF":1.4166666667,"DEF":5.0,"REB":6.4166666667,"AST":3.0,"TO":2.5,"STL":1.1666666667,"BLK":0.0,"STK":1.1666666667,"PF":2.3333333333,"Fls on:":4.0833333333,"+\/-":0.1666666667,"GW":6.0,"GP":12.0},"J. Daileg":{"TEAM":"LPU","MINS":16.4166666667,"FGM":2.0833333333,"FGA":5.25,"FG%":39.6825396825,"2PM":1.0833333333,"2PA":2.3333333333,"2P%":46.4285714286,"3PM":1.0,"3PA":2.9166666667,"3P%":34.2857142857,"FTM":1.1666666667,"FTA":1.5,"FT%":77.7777777778,"PTS":6.3333333333,"OFF":0.75,"DEF":2.9166666667,"REB":3.6666666667,"AST":0.8333333333,"TO":0.5,"STL":0.3333333333,"BLK":0.25,"STK":0.5833333333,"PF":1.0,"Fls on:":1.4166666667,"+\/-":3.6666666667,"GW":6.0,"GP":12.0},"K. Caduyac":{"TEAM":"LPU","MINS":5.8285714286,"FGM":0.4285714286,"FGA":1.8571428571,"FG%":23.0769230769,"2PM":0.2857142857,"2PA":0.2857142857,"2P%":100.0,"3PM":0.1428571429,"3PA":1.5714285714,"3P%":9.0909090909,"FTM":0.5714285714,"FTA":0.7142857143,"FT%":80.0,"PTS":1.5714285714,"OFF":0.1428571429,"DEF":0.0,"REB":0.1428571429,"AST":0.0,"TO":0.0,"STL":0.0,"BLK":0.0,"STK":0.0,"PF":2.1428571429,"Fls on:":0.4285714286,"+\/-":-3.8571428571,"GW":3.0,"GP":7.0},"R. Colian":{"TEAM":"LPU","MINS":1.5166666667,"FGM":0.0,"FGA":0.0,"FG%":0.0,"2PM":0.0,"2PA":0.0,"2P%":0.0,"3PM":0.0,"3PA":0.0,"3P%":0.0,"FTM":0.0,"FTA":0.0,"FT%":0.0,"PTS":0.0,"OFF":0.0,"DEF":0.0,"REB":0.0,"AST":0.0,"TO":0.0,"STL":0.0,"BLK":0.0,"STK":0.0,"PF":1.0,"Fls on:":0.0,"+\/-":-10.0,"GW":1.0,"GP":1.0},"M. Versoza":{"TEAM":"LPU","MINS":14.5888888889,"FGM":2.0,"FGA":3.3333333333,"FG%":60.0,"2PM":2.0,"2PA":3.3333333333,"2P%":60.0,"3PM":0.0,"3PA":0.0,"3P%":0.0,"FTM":0.3333333333,"FTA":0.6666666667,"FT%":50.0,"PTS":4.3333333333,"OFF":1.0,"DEF":2.0,"REB":3.0,"AST":0.6666666667,"TO":1.6666666667,"STL":0.3333333333,"BLK":0.0,"STK":0.3333333333,"PF":2.6666666667,"Fls on:":0.6666666667,"+\/-":-4.0,"GW":2.0,"GP":3.0},"D. Culanay":{"TEAM":"LPU","MINS":1.8708333334,"FGM":0.5,"FGA":1.0,"FG%":50.0,"2PM":0.5,"2PA":0.5,"2P%":100.0,"3PM":0.0,"3PA":0.5,"3P%":0.0,"FTM":0.0,"FTA":0.0,"FT%":0.0,"PTS":1.0,"OFF":0.0,"DEF":0.0,"REB":0.0,"AST":0.0,"TO":0.0,"STL":0.25,"BLK":0.0,"STK":0.25,"PF":0.25,"Fls on:":0.0,"+\/-":-1.5,"GW":3.0,"GP":4.0},"N. Moralejo":{"TEAM":"LPU","MINS":8.2712121212,"FGM":1.0,"FGA":1.9090909091,"FG%":52.380952381,"2PM":0.6363636364,"2PA":1.0909090909,"2P%":58.3333333333,"3PM":0.3636363636,"3PA":0.8181818182,"3P%":44.4444444444,"FTM":0.6363636364,"FTA":0.8181818182,"FT%":77.7777777778,"PTS":3.0,"OFF":0.2727272727,"DEF":0.7272727273,"REB":1.0,"AST":0.5454545455,"TO":0.3636363636,"STL":0.2727272727,"BLK":0.0,"STK":0.2727272727,"PF":0.7272727273,"Fls on:":0.8181818182,"+\/-":-0.2727272727,"GW":5.0,"GP":11.0},"J. Panelo":{"TEAM":"LPU","MINS":6.5833333333,"FGM":0.5833333333,"FGA":1.5833333333,"FG%":36.8421052632,"2PM":0.5,"2PA":1.3333333333,"2P%":37.5,"3PM":0.0833333333,"3PA":0.25,"3P%":33.3333333333,"FTM":0.5,"FTA":0.8333333333,"FT%":60.0,"PTS":1.75,"OFF":0.5,"DEF":1.1666666667,"REB":1.6666666667,"AST":0.0833333333,"TO":0.3333333333,"STL":0.0833333333,"BLK":0.0833333333,"STK":0.1666666667,"PF":1.0,"Fls on:":0.75,"+\/-":-0.5,"GW":6.0,"GP":12.0},"R. Villegas":{"TEAM":"LPU","MINS":21.4236111111,"FGM":3.5,"FGA":8.1666666667,"FG%":42.8571428571,"2PM":2.5833333333,"2PA":5.4166666667,"2P%":47.6923076923,"3PM":0.9166666667,"3PA":2.75,"3P%":33.3333333333,"FTM":2.6666666667,"FTA":3.25,"FT%":82.0512820513,"PTS":10.5833333333,"OFF":1.1666666667,"DEF":1.5833333333,"REB":2.75,"AST":1.9166666667,"TO":1.4166666667,"STL":1.4166666667,"BLK":0.0833333333,"STK":1.5,"PF":1.0833333333,"Fls on:":2.5833333333,"+\/-":3.25,"GW":6.0,"GP":12.0},"M. Guadana":{"TEAM":"LPU","MINS":25.0952380952,"FGM":5.4285714286,"FGA":12.2857142857,"FG%":44.1860465116,"2PM":4.2857142857,"2PA":7.4285714286,"2P%":57.6923076923,"3PM":1.1428571429,"3PA":4.8571428571,"3P%":23.5294117647,"FTM":3.2857142857,"FTA":4.7142857143,"FT%":69.696969697,"PTS":15.2857142857,"OFF":0.8571428571,"DEF":3.0,"REB":3.8571428571,"AST":2.0,"TO":1.0,"STL":1.0,"BLK":0.2857142857,"STK":1.2857142857,"PF":1.2857142857,"Fls on:":3.7142857143,"+\/-":0.1428571429,"GW":3.0,"GP":7.0},"D. Paulo":{"TEAM":"LPU","MINS":5.06,"FGM":0.6,"FGA":1.8,"FG%":33.3333333333,"2PM":0.4,"2PA":1.0,"2P%":40.0,"3PM":0.2,"3PA":0.8,"3P%":25.0,"FTM":0.0,"FTA":0.4,"FT%":0.0,"PTS":1.4,"OFF":0.4,"DEF":0.0,"REB":0.4,"AST":0.6,"TO":0.2,"STL":0.2,"BLK":0.0,"STK":0.2,"PF":0.8,"Fls on:":0.2,"+\/-":-1.6,"GW":1.0,"GP":5.0}}