{"J. Barba":{"TEAM":"LPU","MINS":26.5833333333,"FGM":6.0,"FGA":13.7857142857,"FG%":43.5233160622,"2PM":4.1428571429,"2PA":7.7857142857,"2P%":53.2110091743,"3PM":1.8571428571,"3PA":6.0,"3P%":30.9523809524,"FTM":3.4285714286,"FTA":4.5714285714,"FT%":75.0,"PTS":17.2857142857,"OFF":1.5,"DEF":4.8571428571,"REB":6.3571428571,"AST":3.0714285714,"TO":2.8571428571,"STL":1.1428571429,"BLK":0.0,"STK":1.1428571429,"PF":2.3571428571,"Fls on:":3.9285714286,"+\/-":-0.5714285714,"GW":6.0,"GP":14.0},"M. Guadana":{"TEAM":"LPU","MINS":25.8240740741,"FGM":4.6666666667,"FGA":12.1111111111,"FG%":38.5321100917,"2PM":3.4444444444,"2PA":6.3333333333,"2P%":54.3859649123,"3PM":1.2222222222,"3PA":5.7777777778,"3P%":21.1538461538,"FTM":2.8888888889,"FTA":4.1111111111,"FT%":70.2702702703,"PTS":13.4444444444,"OFF":0.8888888889,"DEF":2.7777777778,"REB":3.6666666667,"AST":2.4444444444,"TO":1.4444444444,"STL":1.2222222222,"BLK":0.2222222222,"STK":1.4444444444,"PF":1.2222222222,"Fls on:":3.1111111111,"+\/-":0.3333333333,"GW":3.0,"GP":9.0},"R. Villegas":{"TEAM":"LPU","MINS":23.2107142857,"FGM":4.0,"FGA":8.9285714286,"FG%":44.8,"2PM":2.7142857143,"2PA":5.7142857143,"2P%":47.5,"3PM":1.2857142857,"3PA":3.2142857143,"3P%":40.0,"FTM":3.0,"FTA":3.5714285714,"FT%":84.0,"PTS":12.2857142857,"OFF":1.0714285714,"DEF":1.6428571429,"REB":2.7142857143,"AST":2.0714285714,"TO":1.3571428571,"STL":1.4285714286,"BLK":0.0714285714,"STK":1.5,"PF":1.1428571429,"Fls on:":2.7142857143,"+\/-":2.7857142857,"GW":6.0,"GP":14.0},"J. Bravo":{"TEAM":"LPU","MINS":21.8166666667,"FGM":3.2,"FGA":9.6,"FG%":33.3333333333,"2PM":2.2,"2PA":4.4,"2P%":50.0,"3PM":1.0,"3PA":5.2,"3P%":19.2307692308,"FTM":3.4,"FTA":4.4,"FT%":77.2727272727,"PTS":10.8,"OFF":2.0,"DEF":4.8,"REB":6.8,"AST":1.0,"TO":1.6,"STL":0.0,"BLK":0.4,"STK":0.4,"PF":3.2,"Fls on:":3.0,"+\/-":-3.0,"GW":2.0,"GP":5.0},"G. Montano":{"TEAM":"LPU","MINS":20.3738095238,"FGM":3.2857142857,"FGA":7.3571428571,"FG%":44.6601941748,"2PM":1.9285714286,"2PA":3.5714285714,"2P%":54.0,"3PM":1.3571428571,"3PA":3.7857142857,"3P%":35.8490566038,"FTM":1.2857142857,"FTA":1.7142857143,"FT%":75.0,"PTS":9.2142857143,"OFF":0.7142857143,"DEF":1.8571428571,"REB":2.5714285714,"AST":1.5,"TO":1.3571428571,"STL":0.6428571429,"BLK":0.4285714286,"STK":1.0714285714,"PF":2.6428571429,"Fls on:":2.0,"+\/-":1.0714285714,"GW":6.0,"GP":14.0},"J. Daileg":{"TEAM":"LPU","MINS":17.2642857143,"FGM":2.2857142857,"FGA":5.7857142857,"FG%":39.5061728395,"2PM":1.2857142857,"2PA":2.7142857143,"2P%":47.3684210526,"3PM":1.0,"3PA":3.0714285714,"3P%":32.5581395349,"FTM":1.0714285714,"FTA":1.5,"FT%":71.4285714286,"PTS":6.6428571429,"OFF":0.8571428571,"DEF":3.0714285714,"REB":3.9285714286,"AST":0.7142857143,"TO":0.4285714286,"STL":0.2857142857,"BLK":0.2142857143,"STK":0.5,"PF":1.2857142857,"Fls on:":1.4285714286,"+\/-":2.9285714286,"GW":6.0,"GP":14.0},"V. Cunanan":{"TEAM":"LPU","MINS":27.241025641,"FGM":2.1538461538,"FGA":6.5384615385,"FG%":32.9411764706,"2PM":1.6923076923,"2PA":3.0769230769,"2P%":55.0,"3PM":0.4615384615,"3PA":3.4615384615,"3P%":13.3333333333,"FTM":1.4615384615,"FTA":2.0,"FT%":73.0769230769,"PTS":6.2307692308,"OFF":0.8461538462,"DEF":3.3076923077,"REB":4.1538461538,"AST":5.1538461538,"TO":1.4615384615,"STL":2.0,"BLK":0.1538461538,"STK":2.1538461538,"PF":2.1538461538,"Fls on:":2.6923076923,"+\/-":0.0,"GW":6.0,"GP":13.0},"S. Penafiel":{"TEAM":"LPU","MINS":14.2571428572,"FGM":1.7142857143,"FGA":4.5714285714,"FG%":37.5,"2PM":1.6428571429,"2PA":3.5,"2P%":46.9387755102,"3PM":0.0714285714,"3PA":1.0714285714,"3P%":6.6666666667,"FTM":1.0714285714,"FTA":1.5714285714,"FT%":68.1818181818,"PTS":4.5714285714,"OFF":0.5,"DEF":0.6428571429,"REB":1.1428571429,"AST":1.0,"TO":0.4285714286,"STL":0.2857142857,"BLK":0.0714285714,"STK":0.3571428571,"PF":1.2142857143,"Fls on:":1.0,"+\/-":-4.1428571429,"GW":6.0,"GP":14.0},"M. Versoza":{"TEAM":"LPU","MINS":15.97,"FGM":1.6,"FGA":3.2,"FG%":50.0,"2PM":1.6,"2PA":3.2,"2P%":50.0,"3PM":0.0,"3PA":0.0,"3P%":0.0,"FTM":0.4,"FTA":1.6,"FT%":25.0,"PTS":3.6,"OFF":1.6,"DEF":2.2,"REB":3.8,"AST":0.4,"TO":1.2,"STL":0.2,"BLK":0.6,"STK":0.8,"PF":2.6,"Fls on:":1.6,"+\/-":-4.8,"GW":2.0,"GP":5.0},"G. Aviles":{"TEAM":"LPU","MINS":19.7619047619,"FGM":1.5,"FGA":4.1428571429,"FG%":36.2068965517,"2PM":1.4285714286,"2PA":3.8571428571,"2P%":37.037037037,"3PM":0.0714285714,"3PA":0.2857142857,"3P%":25.0,"FTM":0.5,"FTA":1.2142857143,"FT%":41.1764705882,"PTS":3.5714285714,"OFF":1.2857142857,"DEF":3.4285714286,"REB":4.7142857143,"AST":0.7857142857,"TO":0.5,"STL":0.2142857143,"BLK":0.2857142857,"STK":0.5,"PF":2.4285714286,"Fls on:":1.7142857143,"+\/-":0.4285714286,"GW":6.0,"GP":14.0},"N. Moralejo":{"TEAM":"LPU","MINS":8.4974358974,"FGM":1.0769230769,"FGA":2.3076923077,"FG%":46.6666666667,"2PM":0.6923076923,"2PA":1.2307692308,"2P%":56.25,"3PM":0.3846153846,"3PA":1.0769230769,"3P%":35.7142857143,"FTM":0.6923076923,"FTA":0.9230769231,"FT%":75.0,"PTS":3.2307692308,"OFF":0.2307692308,"DEF":0.6923076923,"REB":0.9230769231,"AST":0.6153846154,"TO":0.4615384615,"STL":0.3846153846,"BLK":0.0,"STK":0.3846153846,"PF":0.6153846154,"Fls on:":1.0,"+\/-":-0.3076923077,"GW":5.0,"GP":13.0},"J. Panelo":{"TEAM":"LPU","MINS":6.3230769231,"FGM":0.5384615385,"FGA":1.5384615385,"FG%":35.0,"2PM":0.4615384615,"2PA":1.3076923077,"2P%":35.2941176471,"3PM":0.0769230769,"3PA":0.2307692308,"3P%":33.3333333333,"FTM":0.4615384615,"FTA":0.7692307692,"FT%":60.0,"PTS":1.6153846154,"OFF":0.4615384615,"DEF":1.1538461538,"REB":1.6153846154,"AST":0.0769230769,"TO":0.3076923077,"STL":0.0769230769,"BLK":0.0769230769,"STK":0.1538461538,"PF":1.0,"Fls on:":0.6923076923,"+\/-":-0.4615384615,"GW":6.0,"GP":13.0},"D. Paulo":{"TEAM":"LPU","MINS":5.06,"FGM":0.6,"FGA":1.8,"FG%":33.3333333333,"2PM":0.4,"2PA":1.0,"2P%":40.0,"3PM":0.2,"3PA":0.8,"3P%":25.0,"FTM":0.0,"FTA":0.4,"FT%":0.0,"PTS":1.4,"OFF":0.4,"DEF":0.0,"REB":0.4,"AST":0.6,"TO":0.2,"STL":0.2,"BLK":0.0,"STK":0.2,"PF":0.8,"Fls on:":0.2,"+\/-":-1.6,"GW":1.0,"GP":5.0},"K. Caduyac":{"TEAM":"LPU","MINS":5.5854166667,"FGM":0.375,"FGA":1.875,"FG%":20.0,"2PM":0.25,"2PA":0.25,"2P%":100.0,"3PM":0.125,"3PA":1.625,"3P%":7.6923076923,"FTM":0.5,"FTA":0.625,"FT%":80.0,"PTS":1.375,"OFF":0.125,"DEF":0.125,"REB":0.25,"AST":0.0,"TO":0.0,"STL":0.0,"BLK":0.0,"STK":0.0,"PF":2.0,"Fls on:":0.375,"+\/-":-3.125,"GW":3.0,"GP":8.0},"O. Gordon":{"TEAM":"LPU","MINS":6.6409090909,"FGM":0.3636363636,"FGA":2.0,"FG%":18.1818181818,"2PM":0.1818181818,"2PA":1.1818181818,"2P%":15.3846153846,"3PM":0.1818181818,"3PA":0.8181818182,"3P%":22.2222222222,"FTM":0.2727272727,"FTA":0.5454545455,"FT%":50.0,"PTS":1.1818181818,"OFF":0.1818181818,"DEF":0.9090909091,"REB":1.0909090909,"AST":0.2727272727,"TO":0.4545454545,"STL":0.3636363636,"BLK":0.0,"STK":0.3636363636,"PF":1.0909090909,"Fls on:":0.6363636364,"+\/-":-1.6363636364,"GW":5.0,"GP":11.0},"D. Culanay":{"TEAM":"LPU","MINS":1.8708333334,"FGM":0.5,"FGA":1.0,"FG%":50.0,"2PM":0.5,"2PA":0.5,"2P%":100.0,"3PM":0.0,"3PA":0.5,"3P%":0.0,"FTM":0.0,"FTA":0.0,"FT%":0.0,"PTS":1.0,"OFF":0.0,"DEF":0.0,"REB":0.0,"AST":0.0,"TO":0.0,"STL":0.25,"BLK":0.0,"STK":0.25,"PF":0.25,"Fls on:":0.0,"+\/-":-1.5,"GW":3.0,"GP":4.0},"L. Pallingayan":{"TEAM":"LPU","MINS":3.1148148148,"FGM":0.2222222222,"FGA":0.3333333333,"FG%":66.6666666667,"2PM":0.2222222222,"2PA":0.3333333333,"2P%":66.6666666667,"3PM":0.0,"3PA":0.0,"3P%":0.0,"FTM":0.1111111111,"FTA":0.2222222222,"FT%":50.0,"PTS":0.5555555556,"OFF":0.1111111111,"DEF":0.3333333333,"REB":0.4444444444,"AST":0.5555555556,"TO":0.4444444444,"STL":0.1111111111,"BLK":0.0,"STK":0.1111111111,"PF":0.4444444444,"Fls on:":0.1111111111,"+\/-":-1.3333333333,"GW":4.0,"GP":9.0},"R. Colian":{"TEAM":"LPU","MINS":1.5166666667,"FGM":0.0,"FGA":0.0,"FG%":0.0,"2PM":0.0,"2PA":0.0,"2P%":0.0,"3PM":0.0,"3PA":0.0,"3P%":0.0,"FTM":0.0,"FTA":0.0,"FT%":0.0,"PTS":0.0,"OFF":0.0,"DEF":0.0,"REB":0.0,"AST":0.0,"TO":0.0,"STL":0.0,"BLK":0.0,"STK":0.0,"PF":1.0,"Fls on:":0.0,"+\/-":-10.0,"GW":1.0,"GP":1.0}}