{"S. Penafiel":{"TEAM":"LPU","MINS":14.9041666667,"FGM":3.6902432206,"FGA":9.8965613643,"FG%":37.2881355932,"2PM":3.6902432206,"2PA":7.8837014258,"2P%":46.8085106383,"3PM":0.0,"3PA":2.0128599385,"3P%":0.0,"FTM":2.1805982667,"FTA":3.0192899077,"FT%":72.2222222222,"PTS":9.5610847079,"OFF":1.1741682975,"DEF":1.3419066257,"REB":2.5160749231,"AST":2.3483365949,"TO":1.0064299692,"STL":0.6709533128,"BLK":0.1677383282,"STK":0.838691641,"PF":2.1805982667,"Fls on:":2.0128599385,"+\/-":-8.890131395,"GW":6.0,"GP":12.0},"R. Colian":{"TEAM":"LPU","MINS":1.5166666667,"FGM":0.0,"FGA":0.0,"FG%":0.0,"2PM":0.0,"2PA":0.0,"2P%":0.0,"3PM":0.0,"3PA":0.0,"3P%":0.0,"FTM":0.0,"FTA":0.0,"FT%":0.0,"PTS":0.0,"OFF":0.0,"DEF":0.0,"REB":0.0,"AST":0.0,"TO":0.0,"STL":0.0,"BLK":0.0,"STK":0.0,"PF":19.7802197798,"Fls on:":0.0,"+\/-":-197.8021977979,"GW":1.0,"GP":1.0},"L. Pallingayan":{"TEAM":"LPU","MINS":3.2770833333,"FGM":2.2886204704,"FGA":3.4329307057,"FG%":66.6666666667,"2PM":2.2886204704,"2PA":3.4329307057,"2P%":66.6666666667,"3PM":0.0,"3PA":0.0,"3P%":0.0,"FTM":1.1443102352,"FTA":2.2886204704,"FT%":50.0,"PTS":5.7215511761,"OFF":1.1443102352,"DEF":3.4329307057,"REB":4.5772409409,"AST":5.7215511761,"TO":4.5772409409,"STL":1.1443102352,"BLK":0.0,"STK":1.1443102352,"PF":3.4329307057,"Fls on:":1.1443102352,"+\/-":-11.4431023522,"GW":4.0,"GP":8.0},"D. Paulo":{"TEAM":"LPU","MINS":5.06,"FGM":3.557312253,"FGA":10.6719367589,"FG%":33.3333333333,"2PM":2.371541502,"2PA":5.9288537549,"2P%":40.0,"3PM":1.185770751,"3PA":4.743083004,"3P%":25.0,"FTM":0.0,"FTA":2.371541502,"FT%":0.0,"PTS":8.3003952569,"OFF":2.371541502,"DEF":0.0,"REB":2.371541502,"AST":3.557312253,"TO":1.185770751,"STL":1.185770751,"BLK":0.0,"STK":1.185770751,"PF":4.743083004,"Fls on:":1.185770751,"+\/-":-9.4861660079,"GW":1.0,"GP":5.0},"R. Villegas":{"TEAM":"LPU","MINS":21.4236111111,"FGM":4.9011345219,"FGA":11.4359805511,"FG%":42.8571428571,"2PM":3.6175040519,"2PA":7.585089141,"2P%":47.6923076923,"3PM":1.28363047,"3PA":3.85089141,"3P%":33.3333333333,"FTM":3.734197731,"FTA":4.5510534846,"FT%":82.0512820513,"PTS":14.8200972447,"OFF":1.6337115073,"DEF":2.2171799028,"REB":3.85089141,"AST":2.6839546191,"TO":1.9837925446,"STL":1.9837925446,"BLK":0.1166936791,"STK":2.1004862237,"PF":1.5170178282,"Fls on:":3.6175040519,"+\/-":4.5510534846,"GW":6.0,"GP":12.0},"M. Versoza":{"TEAM":"LPU","MINS":14.5888888889,"FGM":4.1127189642,"FGA":6.854531607,"FG%":60.0,"2PM":4.1127189642,"2PA":6.854531607,"2P%":60.0,"3PM":0.0,"3PA":0.0,"3P%":0.0,"FTM":0.6854531607,"FTA":1.3709063214,"FT%":50.0,"PTS":8.9108910891,"OFF":2.0563594821,"DEF":4.1127189642,"REB":6.1690784463,"AST":1.3709063214,"TO":3.4272658035,"STL":0.6854531607,"BLK":0.0,"STK":0.6854531607,"PF":5.4836252856,"Fls on:":1.3709063214,"+\/-":-8.2254379284,"GW":2.0,"GP":3.0},"O. Gordon":{"TEAM":"LPU","MINS":6.5533333333,"FGM":1.8311291963,"FGA":8.6978636826,"FG%":21.0526315789,"2PM":0.9155645982,"2PA":4.5778229908,"2P%":20.0,"3PM":0.9155645982,"3PA":4.1200406918,"3P%":22.2222222222,"FTM":1.3733468973,"FTA":2.7466937945,"FT%":50.0,"PTS":5.9511698881,"OFF":0.9155645982,"DEF":4.1200406918,"REB":5.0356052899,"AST":1.3733468973,"TO":2.2889114954,"STL":1.8311291963,"BLK":0.0,"STK":1.8311291963,"PF":4.5778229908,"Fls on:":3.2044760936,"+\/-":-7.7822990844,"GW":5.0,"GP":10.0},"V. Cunanan":{"TEAM":"LPU","MINS":26.7416666667,"FGM":2.3371766906,"FGA":7.4789654098,"FG%":31.25,"2PM":1.7762542848,"2PA":3.3655344344,"2P%":52.7777777778,"3PM":0.5609224057,"3PA":4.1134309754,"3P%":13.6363636364,"FTM":1.5892801496,"FTA":2.1502025553,"FT%":73.9130434783,"PTS":6.8245559364,"OFF":1.0283577438,"DEF":3.5525085696,"REB":4.5808663135,"AST":5.702711125,"TO":1.495793082,"STL":2.3371766906,"BLK":0.0934870676,"STK":2.4306637582,"PF":2.5241508258,"Fls on:":2.8980990963,"+\/-":0.5609224057,"GW":6.0,"GP":12.0},"D. Culanay":{"TEAM":"LPU","MINS":1.8708333334,"FGM":8.0178173719,"FGA":16.0356347437,"FG%":50.0,"2PM":8.0178173719,"2PA":8.0178173719,"2P%":100.0,"3PM":0.0,"3PA":8.0178173719,"3P%":0.0,"FTM":0.0,"FTA":0.0,"FT%":0.0,"PTS":16.0356347437,"OFF":0.0,"DEF":0.0,"REB":0.0,"AST":0.0,"TO":0.0,"STL":4.0089086859,"BLK":0.0,"STK":4.0089086859,"PF":4.0089086859,"Fls on:":0.0,"+\/-":-24.0534521156,"GW":3.0,"GP":4.0},"N. Moralejo":{"TEAM":"LPU","MINS":8.2712121212,"FGM":3.627037919,"FGA":6.9243451182,"FG%":52.380952381,"2PM":2.3081150394,"2PA":3.956768639,"2P%":58.3333333333,"3PM":1.3189228797,"3PA":2.9675764792,"3P%":44.4444444444,"FTM":2.3081150394,"FTA":2.9675764792,"FT%":77.7777777778,"PTS":10.8811137571,"OFF":0.9891921597,"DEF":2.6378457593,"REB":3.627037919,"AST":1.9783843195,"TO":1.3189228797,"STL":0.9891921597,"BLK":0.0,"STK":0.9891921597,"PF":2.6378457593,"Fls on:":2.9675764792,"+\/-":-0.9891921597,"GW":5.0,"GP":11.0},"M. Guadana":{"TEAM":"LPU","MINS":25.0952380952,"FGM":6.4895635674,"FGA":14.6869070209,"FG%":44.1860465116,"2PM":5.1233396584,"2PA":8.880455408,"2P%":57.6923076923,"3PM":1.3662239089,"3PA":5.8064516129,"3P%":23.5294117647,"FTM":3.9278937381,"FTA":5.6356736243,"FT%":69.696969697,"PTS":18.2732447818,"OFF":1.0246679317,"DEF":3.5863377609,"REB":4.6110056926,"AST":2.3908918406,"TO":1.1954459203,"STL":1.1954459203,"BLK":0.3415559772,"STK":1.5370018975,"PF":1.5370018975,"Fls on:":4.440227704,"+\/-":0.1707779886,"GW":3.0,"GP":7.0},"K. Caduyac":{"TEAM":"LPU","MINS":5.8285714286,"FGM":2.2058823529,"FGA":9.5588235294,"FG%":23.0769230769,"2PM":1.4705882353,"2PA":1.4705882353,"2P%":100.0,"3PM":0.7352941176,"3PA":8.0882352941,"3P%":9.0909090909,"FTM":2.9411764706,"FTA":3.6764705882,"FT%":80.0,"PTS":8.0882352941,"OFF":0.7352941176,"DEF":0.0,"REB":0.7352941176,"AST":0.0,"TO":0.0,"STL":0.0,"BLK":0.0,"STK":0.0,"PF":11.0294117647,"Fls on:":2.2058823529,"+\/-":-19.8529411764,"GW":3.0,"GP":7.0},"J. Panelo":{"TEAM":"LPU","MINS":6.5833333333,"FGM":2.6582278481,"FGA":7.2151898734,"FG%":36.8421052632,"2PM":2.2784810127,"2PA":6.0759493671,"2P%":37.5,"3PM":0.3797468354,"3PA":1.1392405063,"3P%":33.3333333333,"FTM":2.2784810127,"FTA":3.7974683544,"FT%":60.0,"PTS":7.9746835443,"OFF":2.2784810127,"DEF":5.3164556962,"REB":7.5949367089,"AST":0.3797468354,"TO":1.5189873418,"STL":0.3797468354,"BLK":0.3797468354,"STK":0.7594936709,"PF":4.5569620253,"Fls on:":3.417721519,"+\/-":-2.2784810127,"GW":6.0,"GP":12.0},"J. Daileg":{"TEAM":"LPU","MINS":16.4166666667,"FGM":3.807106599,"FGA":9.5939086294,"FG%":39.6825396825,"2PM":1.9796954315,"2PA":4.2639593909,"2P%":46.4285714286,"3PM":1.8274111675,"3PA":5.3299492386,"3P%":34.2857142857,"FTM":2.1319796954,"FTA":2.7411167513,"FT%":77.7777777778,"PTS":11.5736040609,"OFF":1.3705583756,"DEF":5.3299492386,"REB":6.7005076142,"AST":1.5228426396,"TO":0.9137055838,"STL":0.6091370558,"BLK":0.4568527919,"STK":1.0659898477,"PF":1.8274111675,"Fls on:":2.5888324873,"+\/-":6.7005076142,"GW":6.0,"GP":12.0},"J. Bravo":{"TEAM":"LPU","MINS":21.8166666667,"FGM":4.4003055768,"FGA":13.2009167303,"FG%":33.3333333333,"2PM":3.025210084,"2PA":6.0504201681,"2P%":50.0,"3PM":1.3750954927,"3PA":7.1504965623,"3P%":19.2307692308,"FTM":4.6753246753,"FTA":6.0504201681,"FT%":77.2727272727,"PTS":14.8510313216,"OFF":2.7501909855,"DEF":6.6004583652,"REB":9.3506493506,"AST":1.3750954927,"TO":2.2001527884,"STL":0.0,"BLK":0.5500381971,"STK":0.5500381971,"PF":4.4003055768,"Fls on:":4.1252864782,"+\/-":-4.1252864782,"GW":2.0,"GP":5.0},"G. Aviles":{"TEAM":"LPU","MINS":19.2680555556,"FGM":2.0759749153,"FGA":5.8386794493,"FG%":35.5555555556,"2PM":1.9462264831,"2PA":5.3196857205,"2P%":36.5853658537,"3PM":0.1297484322,"3PA":0.5189937288,"3P%":25.0,"FTM":0.648742161,"FTA":1.8164780509,"FT%":35.7142857143,"PTS":4.9304404238,"OFF":2.0759749153,"DEF":5.0601888561,"REB":7.1361637714,"AST":1.1677358899,"TO":0.648742161,"STL":0.3892452966,"BLK":0.3892452966,"STK":0.7784905932,"PF":3.6329561018,"Fls on:":1.9462264831,"+\/-":0.1297484322,"GW":6.0,"GP":12.0},"J. Barba":{"TEAM":"LPU","MINS":27.0722222222,"FGM":7.0182639031,"FGA":16.1604760927,"FG%":43.4285714286,"2PM":4.801970039,"2PA":9.2345577673,"2P%":52.0,"3PM":2.2162938641,"3PA":6.9259183255,"3P%":32.0,