{"J. Barba":{"TEAM":"LPU","SP":69.3333333333,"GP":18.0,"MPG":26.1675925926,"EWA":3.9661858066,"PER":27.7451621769,"WS":2.322066658,"OWS":2.0329052225,"DWS":0.2891614355,"EFF":16.8888888889,"GmSc":12.5888888889,"TS%":58.0631025416,"EFG%":54.0254237288,"PPWS":1.1612620508,"FTR":0.3644067797,"REB%":11.7922532665,"OREB%":4.9703291569,"DREB%":18.5355384815,"AR":5.6657581824,"pAST%":24.1315512828,"hAST%":13.9845094664,"TOR":5.0120168536,"hTO%":12.3709122203,"AST\/TO":1.1304347826,"STL\/TO":0.4782608696,"PPR":-2.3666241272,"USG%":30.180737561,"STL%":null,"BLK%":5.0319448076,"aSP":68.3835616438,"ORtg":107.8789101045,"DRtg":100.3655417857,"Floor%":48.5587573957,"Stop%":0.5733137358,"FFI":51.8173328044,"PIE":12.1320037987,"AV":3.4668567175,"DRE\/100":11.9513224853,"DRE\/75":8.963491864,"POS":50.9885666824},"R. Villegas":{"TEAM":"LPU","SP":53.8333333333,"GP":18.0,"MPG":24.437962963,"EWA":3.0999337823,"PER":24.9848169645,"WS":2.0975037878,"OWS":2.0427927872,"DWS":0.0547110007,"EFF":12.8888888889,"GmSc":10.6444444444,"TS%":60.2226720648,"EFG%":54.4378698225,"PPWS":1.2044534413,"FTR":0.3846153846,"REB%":6.3735608421,"OREB%":5.0801967436,"DREB%":7.6520158443,"AR":4.783406783,"pAST%":18.229884138,"hAST%":15.5538694992,"TOR":2.9167114531,"hTO%":9.4840667678,"AST\/TO":1.64,"STL\/TO":0.96,"PPR":0.5217316437,"USG%":22.4916335699,"STL%":null,"BLK%":5.3880874553,"aSP":53.095890411,"ORtg":117.7868662403,"DRtg":104.1836871424,"Floor%":52.2293767539,"Stop%":0.4851452471,"FFI":52.8312401837,"PIE":9.4966761633,"AV":2.8307185698,"DRE\/100":7.35960642,"DRE\/75":5.519704815,"POS":47.6183164237},"J. Daileg":{"TEAM":"LPU","SP":34.3333333333,"GP":18.0,"MPG":16.8814814815,"EWA":0.954457451,"PER":17.133491037,"WS":0.8554044348,"OWS":0.7285339269,"DWS":0.1268705079,"EFF":7.5,"GmSc":5.0,"TS%":50.9766963674,"EFG%":46.5,"PPWS":1.0195339273,"FTR":0.38,"REB%":12.8822710189,"OREB%":5.2529944467,"DREB%":20.4236020399,"AR":2.3644816045,"pAST%":8.1100469356,"hAST%":9.9488345651,"TOR":1.6889154318,"hTO%":7.1063104036,"AST\/TO":1.4,"STL\/TO":0.6,"PPR":-0.215791125,"USG%":18.5351220141,"STL%":null,"BLK%":46.7994050706,"aSP":33.8630136986,"ORtg":105.9526317433,"DRtg":101.897289571,"Floor%":46.5860369348,"Stop%":0.5379426657,"FFI":49.9283700314,"PIE":5.0094966762,"AV":1.8859537217,"DRE\/100":8.4429314919,"DRE\/75":6.3321986189,"POS":32.8942198703},"G. Montano":{"TEAM":"LPU","SP":37.7222222222,"GP":18.0,"MPG":19.7157407407,"EWA":0.9149366498,"PER":16.002048559,"WS":0.8532914011,"OWS":0.8511070003,"DWS":0.0021844008,"EFF":7.6666666667,"GmSc":5.3166666667,"TS%":54.8095368594,"EFG%":51.5267175573,"PPWS":1.0961907372,"FTR":0.2595419847,"REB%":6.4095365082,"OREB%":3.2984190181,"DREB%":9.4847909726,"AR":3.3260838844,"pAST%":12.1701089849,"hAST%":12.107812171,"TOR":3.0368591988,"hTO%":11.0549589387,"AST\/TO":1.0952380952,"STL\/TO":0.4761904762,"PPR":-1.5705434758,"USG%":20.9102959305,"STL%":null,"BLK%":40.0717021203,"aSP":37.2054794521,"ORtg":103.7039107563,"DRtg":105.1057589796,"Floor%":45.4676487351,"Stop%":0.4638527942,"FFI":49.4042857978,"PIE":3.9648622982,"AV":1.9172997695,"DRE\/100":2.726650151,"DRE\/75":2.0449876132,"POS":38.4168837044},"V. Cunanan":{"TEAM":"LPU","SP":56.4117647059,"GP":17.0,"MPG":28.2970588235,"EWA":0.8007443695,"PER":14.1657981141,"WS":0.8507346027,"OWS":0.5105221139,"DWS":0.3402124888,"EFF":10.9411764706,"GmSc":6.9,"TS%":41.5951972556,"EFG%":34.8484848485,"PPWS":0.8319039451,"FTR":0.404040404,"REB%":7.6975336259,"OREB%":3.3181788017,"DREB%":12.0264059737,"AR":9.3882234744,"pAST%":29.0966671543,"hAST%":37.6712328767,"TOR":3.0938463722,"hTO%":12.4143835616,"AST\/TO":3.0344827586,"STL\/TO":1.2413793103,"PPR":6.0657769023,"USG%":13.4525465282,"STL%":null,"BLK%":19.7079710644,"aSP":55.6390008058,"ORtg":95.9835289611,"DRtg":99.6376875921,"Floor%":44.1646365421,"Stop%":0.5901213213,"FFI":44.8901741673,"PIE":6.4339981007,"AV":2.3983657492,"DRE\/100":6.7547150397,"DRE\/75":5.0660362798,"POS":55.1379140299},"M. Guadana":{"TEAM":"LPU","SP":53.2307692308,"GP":13.0,"MPG":24.4435897436,"EWA":1.2757800132,"PER":18.8898137834,"WS":0.723248347,"OWS":0.587157404,"DWS":0.136090943,"EFF":10.2307692308,"GmSc":8.0615384615,"TS%":46.61223495,"EFG%":41.2587412587,"PPWS":0.932244699,"FTR":0.3356643357,"REB%":8.3234895717,"OREB%":4.0185710585,"DREB%":12.578783664,"AR":5.0066164414,"pAST%":18.5339986536,"hAST%":14.4778628806,"TOR":3.0685713673,"hTO%":8.8735288623,"AST\/TO":1.6315789474,"STL\/TO":0.8947368421,"PPR":0.5158795489,"USG%":25.613019974,"STL%":null,"BLK%":29.8348457375,"aSP":52.5015806112,"ORtg":96.6437108247,"DRtg":101.8134218627,"Floor%":44.5679473364,"Stop%":0.5398793361,"FFI":46.5750329083,"PIE":5.175688509,"AV":1.8649596332,"DRE\/100":5.5949202748,"DRE\/75":4.1961902061,"POS":47.6292804234},"S. Penafiel":{"TEAM":"LPU","SP":25.2352941176,"GP":17.0,"MPG":13.8215686275,"EWA":0.3118703706,"PER":13.4878654199,"WS":0.4246945976,"OWS":0.5360586889,"DWS":-0.1113640912,"EFF":4.1176470588,"GmSc":3.2176470588,"TS%":50.0224820144,"EFG%":43.9189189189,"PPWS":1.0004496403,"FTR":0.4594594595,"REB%":4.2775108403,"OREB%":3.1702282275,"DREB%":5.3720293884,"AR":3.7130742275,"pAST%":12.9902574813,"hAST%":14.9175149175,"TOR":1.7473290482,"hTO%":7.02000702,"AST\/TO":2.125,"STL\/TO":0.5,"PPR":1.3953411093,"USG%":18.3408600836,"STL%":null,"BLK%":10.0870898147,"aSP":24.8896051571,"ORtg":104.9112949273,"DRtg":108.8504266962,"Floor%":51.6267822831,"Stop%":0.3773810488,"FFI":49.6566728429,"PIE":2.1367521368,"AV":1.1524026155,"DRE\/100":-0.8956786129,"DRE\/75":-0.6717589597,"POS":26.9318612755},"J. Bravo":{"TEAM":"LPU","SP":46.5714285714,"GP":7.0,"MPG":21.5785714286,"EWA":0.3165062931,"PER":15.03170241,"WS":0.2871790823,"OWS":0.1958920445,"DWS":0.0912870379,"EFF":9.7142857143,"GmSc":5.5571428571,"TS%":43.3452320245,"EFG%":36.5671641791,"PPWS":0.8669046405,"FTR":0.3880597015,"REB%":17.1600727276,"OREB%":9.1584371016,"DREB%":25.069470479,"AR":2.3783089823,"pAST%":8.4642868383,"hAST%":7.4914383562,"TOR":2.7180674084,"hTO%":8.5616438356,"AST\/TO":0.875,"STL\/TO":0.25,"PPR":-2.1705306144,"USG%":25.4347442689,"STL%":null,"BLK%":31.3820572013,"aSP":45.9334637965,"ORtg":93.2721601389,"DRtg":100.4401004502,"Floor%":43.3556921758,"Stop%":0.5715920296,"FFI":46.5999317623,"PIE":1.8755935423,"AV":1.1276190125,"DRE\/100":7.5713685599,"DRE\/75":5.6785264199,"POS":42.046681379},"N. Moralejo":{"TEAM":"LPU","SP":17.75,"GP":16.0,"MPG":8.0104166667,"EWA":0.1948617917,"PER":13.8759599577,"WS":0.198863076,"OWS":0.1985608076,"DWS":0.0003022684,"EFF":2.5625,"GmSc":1.9125,"TS%":57.1002979146,"EFG%":52.8571428571,"PPWS":1.1420059583,"FTR":0.3428571429,"REB%":5.3655227003,"OREB%":3.321112952,"DREB%":7.3863657656,"AR":3.2033608481,"pAST%":10.9831554004,"hAST%":13.7268359643,"TOR":4.0042010601,"hTO%":17.1585449554,"AST\/TO":0.8,"STL\/TO":0.6,"PPR":-3.5812908377,"USG%":17.4362676305,"STL%":null,"BLK%":0.0,"aSP":17.5068493151,"ORtg":99.0522391633,"DRtg":105.13537287,"Floor%":44.3584559387,"Stop%":0.4631689512,"FFI":50.9488866111,"PIE":1.4719848053,"AV":0.771558034,"DRE\/100":1.1002104728,"DRE\/75":0.8251578546,"POS":15.608606826},"G. Aviles":{"TEAM":"LPU","SP":28.0555555556,"GP":18.0,"MPG":18.5157407407,"EWA":-0.5361704505,"PER":7.5864071446,"WS":0.1985685176,"OWS":0.1261964211,"DWS":0.0723720966,"EFF":5.6666666667,"GmSc":2.2611111111,"TS%":41.067761807,"EFG%":40.7142857143,"PPWS":0.8213552361,"FTR":0.2571428571,"REB%":12.6975568074,"OREB%":6.7050873958,"DREB%":18.6209487619,"AR":2.1557847984,"pAST%":6.8960227762,"hAST%":13.6027982899,"TOR":1.693830913,"hTO%":10.6879129421,"AST\/TO":1.2727272727,"STL\/TO":0.2727272727,"PPR":-0.4918617532,"USG%":11.8582118435,"STL%":null,"BLK%":35.5572816442,"aSP":27.6712328767,"ORtg":89.9799745226,"DRtg":103.4601002289,"Floor%":44.4938341385,"Stop%":0.5018542927,"FFI":46.0604168938,"PIE":1.9943019943,"AV":1.5283781985,"DRE\/100":1.8642122293,"DRE\/75":1.3981591719,"POS":36.0786372721},"J. Versoza":{"TEAM":"LPU","SP":28.2222222222,"GP":9.0,"MPG":16.2166666667,"EWA":-0.1042051442,"PER":9.3849034616,"WS":0.1352382948,