{"N. Moralejo":{"TEAM":"LPU","MINS":110.4666666665,"FGM":14.0,"FGA":30.0,"FG%":46.6666666667,"2PM":9.0,"2PA":16.0,"2P%":56.25,"3PM":5.0,"3PA":14.0,"3P%":35.7142857143,"FTM":9.0,"FTA":12.0,"FT%":75.0,"PTS":42.0,"OFF":3.0,"DEF":9.0,"REB":12.0,"AST":8.0,"TO":6.0,"STL":5.0,"BLK":0.0,"STK":5.0,"PF":8.0,"Fls on:":13.0,"+\/-":-4.0,"GW":5.0,"GP":13.0},"M. Guadana":{"TEAM":"LPU","MINS":232.4166666667,"FGM":42.0,"FGA":109.0,"FG%":38.5321100917,"2PM":31.0,"2PA":57.0,"2P%":54.3859649123,"3PM":11.0,"3PA":52.0,"3P%":21.1538461538,"FTM":26.0,"FTA":37.0,"FT%":70.2702702703,"PTS":121.0,"OFF":8.0,"DEF":25.0,"REB":33.0,"AST":22.0,"TO":13.0,"STL":11.0,"BLK":2.0,"STK":13.0,"PF":11.0,"Fls on:":28.0,"+\/-":3.0,"GW":3.0,"GP":9.0},"M. Versoza":{"TEAM":"LPU","MINS":79.8500000001,"FGM":8.0,"FGA":16.0,"FG%":50.0,"2PM":8.0,"2PA":16.0,"2P%":50.0,"3PM":0.0,"3PA":0.0,"3P%":0.0,"FTM":2.0,"FTA":8.0,"FT%":25.0,"PTS":18.0,"OFF":8.0,"DEF":11.0,"REB":19.0,"AST":2.0,"TO":6.0,"STL":1.0,"BLK":3.0,"STK":4.0,"PF":13.0,"Fls on:":8.0,"+\/-":-24.0,"GW":2.0,"GP":5.0},"O. Gordon":{"TEAM":"LPU","MINS":73.0500000001,"FGM":4.0,"FGA":22.0,"FG%":18.1818181818,"2PM":2.0,"2PA":13.0,"2P%":15.3846153846,"3PM":2.0,"3PA":9.0,"3P%":22.2222222222,"FTM":3.0,"FTA":6.0,"FT%":50.0,"PTS":13.0,"OFF":2.0,"DEF":10.0,"REB":12.0,"AST":3.0,"TO":5.0,"STL":4.0,"BLK":0.0,"STK":4.0,"PF":12.0,"Fls on:":7.0,"+\/-":-18.0,"GW":5.0,"GP":11.0},"R. Colian":{"TEAM":"LPU","MINS":1.5166666667,"FGM":0.0,"FGA":0.0,"FG%":0.0,"2PM":0.0,"2PA":0.0,"2P%":0.0,"3PM":0.0,"3PA":0.0,"3P%":0.0,"FTM":0.0,"FTA":0.0,"FT%":0.0,"PTS":0.0,"OFF":0.0,"DEF":0.0,"REB":0.0,"AST":0.0,"TO":0.0,"STL":0.0,"BLK":0.0,"STK":0.0,"PF":1.0,"Fls on:":0.0,"+\/-":-10.0,"GW":1.0,"GP":1.0},"R. Villegas":{"TEAM":"LPU","MINS":324.9500000001,"FGM":56.0,"FGA":125.0,"FG%":44.8,"2PM":38.0,"2PA":80.0,"2P%":47.5,"3PM":18.0,"3PA":45.0,"3P%":40.0,"FTM":42.0,"FTA":50.0,"FT%":84.0,"PTS":172.0,"OFF":15.0,"DEF":23.0,"REB":38.0,"AST":29.0,"TO":19.0,"STL":20.0,"BLK":1.0,"STK":21.0,"PF":16.0,"Fls on:":38.0,"+\/-":39.0,"GW":6.0,"GP":14.0},"S. Penafiel":{"TEAM":"LPU","MINS":199.6000000001,"FGM":24.0,"FGA":64.0,"FG%":37.5,"2PM":23.0,"2PA":49.0,"2P%":46.9387755102,"3PM":1.0,"3PA":15.0,"3P%":6.6666666667,"FTM":15.0,"FTA":22.0,"FT%":68.1818181818,"PTS":64.0,"OFF":7.0,"DEF":9.0,"REB":16.0,"AST":14.0,"TO":6.0,"STL":4.0,"BLK":1.0,"STK":5.0,"PF":17.0,"Fls on:":14.0,"+\/-":-58.0,"GW":6.0,"GP":14.0},"V. Cunanan":{"TEAM":"LPU","MINS":354.1333333332,"FGM":28.0,"FGA":85.0,"FG%":32.9411764706,"2PM":22.0,"2PA":40.0,"2P%":55.0,"3PM":6.0,"3PA":45.0,"3P%":13.3333333333,"FTM":19.0,"FTA":26.0,"FT%":73.0769230769,"PTS":81.0,"OFF":11.0,"DEF":43.0,"REB":54.0,"AST":67.0,"TO":19.0,"STL":26.0,"BLK":2.0,"STK":28.0,"PF":28.0,"Fls on:":35.0,"+\/-":0.0,"GW":6.0,"GP":13.0},"L. Pallingayan":{"TEAM":"LPU","MINS":28.0333333334,"FGM":2.0,"FGA":3.0,"FG%":66.6666666667,"2PM":2.0,"2PA":3.0,"2P%":66.6666666667,"3PM":0.0,"3PA":0.0,"3P%":0.0,"FTM":1.0,"FTA":2.0,"FT%":50.0,"PTS":5.0,"OFF":1.0,"DEF":3.0,"REB":4.0,"AST":5.0,"TO":4.0,"STL":1.0,"BLK":0.0,"STK":1.0,"PF":4.0,"Fls on:":1.0,"+\/-":-12.0,"GW":4.0,"GP":9.0},"K. Caduyac":{"TEAM":"LPU","MINS":44.6833333334,"FGM":3.0,"FGA":15.0,"FG%":20.0,"2PM":2.0,"2PA":2.0,"2P%":100.0,"3PM":1.0,"3PA":13.0,"3P%":7.6923076923,"FTM":4.0,"FTA":5.0,"FT%":80.0,"PTS":11.0,"OFF":1.0,"DEF":1.0,"REB":2.0,"AST":0.0,"TO":0.0,"STL":0.0,"BLK":0.0,"STK":0.0,"PF":16.0,"Fls on:":3.0,"+\/-":-25.0,"GW":3.0,"GP":8.0},"J. Panelo":{"TEAM":"LPU","MINS":82.2,"FGM":7.0,"FGA":20.0,"FG%":35.0,"2PM":6.0,"2PA":17.0,"2P%":35.2941176471,"3PM":1.0,"3PA":3.0,"3P%":33.3333333333,"FTM":6.0,"FTA":10.0,"FT%":60.0,"PTS":21.0,"OFF":6.0,"DEF":15.0,"REB":21.0,"AST":1.0,"TO":4.0,"STL":1.0,"BLK":1.0,"STK":2.0,"PF":13.0,"Fls on:":9.0,"+\/-":-6.0,"GW":6.0,"GP":13.0},"J. Bravo":{"TEAM":"LPU","MINS":109.0833333334,"FGM":16.0,"FGA":48.0,"FG%":33.3333333333,"2PM":11.0,"2PA":22.0,"2P%":50.0,"3PM":5.0,"3PA":26.0,"3P%":19.2307692308,"FTM":17.0,"FTA":22.0,"FT%":77.2727272727,"PTS":54.0,"OFF":10.0,"DEF":24.0,"REB":34.0,"AST":5.0,"TO":8.0,"STL":0.0,"BLK":2.0,"STK":2.0,"PF":16.0,"Fls on:":15.0,"+\/-":-15.0,"GW":2.0,"GP":5.0},"J. Barba":{"TEAM":"LPU","MINS":372.1666666668,"FGM":84.0,"FGA":193.0,"FG%":43.5233160622,"2PM":58.0,"2PA":109.0,"2P%":53.2110091743,"3PM":26.0,"3PA":84.0,"3P%":30.9523809524,"FTM":48.0,"FTA":64.0,"FT%":75.0,"PTS":242.0,"OFF":21.0,"DEF":68.0,"REB":89.0,"AST":43.0,"TO":40.0,"STL":16.0,"BLK":0.0,"STK":16.0,"PF":33.0,"Fls on:":55.0,"+\/-":-8.0,"GW":6.0,"GP":14.0},"J. Daileg":{"TEAM":"LPU","MINS":241.6999999999,"FGM":32.0,"FGA":81.0,"FG%":39.5061728395,"2PM":18.0,"2PA":38.0,"2P%":47.3684210526,"3PM":14.0,"3PA":43.0,"3P%":32.5581395349,"FTM":15.0,"FTA":21.0,"FT%":71.4285714286,"PTS":93.0,"OFF":12.0,"DEF":43.0,"REB":55.0,"AST":10.0,"TO":6.0,"STL":4.0,"BLK":3.0,"STK":7.0,"PF":18.0,"Fls on:":20.0,"+\/-":41.0,"GW":6.0,"GP":14.0},"G. Aviles":{"TEAM":"LPU","MINS":276.6666666667,"FGM":21.0,"FGA":58.0,"FG%":36.2068965517,"2PM":20.0,"2PA":54.0,"2P%":37.037037037,"3PM":1.0,"3PA":4.0,"3P%":25.0,"FTM":7.0,"FTA":17.0,"FT%":41.1764705882,"PTS":50.0,"OFF":18.0,"DEF":48.0,"REB":66.0,"AST":11.0,"TO":7.0,"STL":3.0,"BLK":4.0,"STK":7.0,"PF":34.0,"Fls on:":24.0,"+\/-":6.0,"GW":6.0,"GP":14.0},"G. Montano":{"TEAM":"LPU","MINS":285.2333333334,"FGM":46.0,"FGA":103.0,"FG%":44.6601941748,"2PM":27.0,"2PA":50.0,"2P%":54.0,"3PM":19.0,"3PA":53.0,"3P%":35.8490566038,"FTM":18.0,"FTA":24.0,"FT%":75.0,"PTS":129.0,"OFF":10.0,"DEF":26.0,"REB":36.0,"AST":21.0,"TO":19.0,"STL":9.0,"BLK":6.0,"STK":15.0,"PF":37.0,"Fls on:":28.0,"+\/-":15.0,"GW":6.0,"GP":14.0},"D. Culanay":{"TEAM":"LPU","MINS":7.4833333334,"FGM":2.0,"FGA":4.0,"FG%":50.0,"2PM":2.0,"2PA":2.0,"2P%":100.0,"3PM":0.0,"3PA":2.0,"3P%":0.0,"FTM":0.0,"FTA":0.0,"FT%":0.0,"PTS":4.0,"OFF":0.0,"DEF":0.0,"REB":0.0,"AST":0.0,"TO":0.0,"STL":1.0,"BLK":0.0,"STK":1.0,"PF":1.0,"Fls on:":0.0,"+\/-":-6.0,"GW":3.0,"GP":4.0},"D. Paulo":{"TEAM":"LPU","MINS":25.3,"FGM":3.0,"FGA":9.0,"FG%":33.3333333333,"2PM":2.0,"2PA":5.0,"2P%":40.0,"3PM":1.0,"3PA":4.0,"3P%":25.0,"FTM":0.0,"FTA":2.0,"FT%":0.0,"PTS":7.0,"OFF":2.0,"DEF":0.0,"REB":2.0,"AST":3.0,"TO":1.0,"STL":1.0,"BLK":0.0,"STK":1.0,"PF":4.0,"Fls on:":1.0,"+\/-":-8.0,"GW":1.0,"GP":5.0}}