{"K. Caduyac":{"TEAM":"LPU","MINS":49.0833333334,"FGM":3.0,"FGA":16.0,"FG%":18.75,"2PM":2.0,"2PA":2.0,"2P%":100.0,"3PM":1.0,"3PA":14.0,"3P%":7.1428571429,"FTM":4.0,"FTA":5.0,"FT%":80.0,"PTS":11.0,"OFF":1.0,"DEF":1.0,"REB":2.0,"AST":0.0,"TO":0.0,"STL":0.0,"BLK":0.0,"STK":0.0,"PF":16.0,"Fls on:":3.0,"+\/-":-26.0,"GW":4.0,"GP":9.0},"D. Paulo":{"TEAM":"LPU","MINS":25.5666666667,"FGM":3.0,"FGA":9.0,"FG%":33.3333333333,"2PM":2.0,"2PA":5.0,"2P%":40.0,"3PM":1.0,"3PA":4.0,"3P%":25.0,"FTM":0.0,"FTA":2.0,"FT%":0.0,"PTS":7.0,"OFF":2.0,"DEF":0.0,"REB":2.0,"AST":3.0,"TO":1.0,"STL":1.0,"BLK":0.0,"STK":1.0,"PF":4.0,"Fls on:":1.0,"+\/-":-10.0,"GW":2.0,"GP":6.0},"G. Montano":{"TEAM":"LPU","MINS":354.8833333334,"FGM":57.0,"FGA":131.0,"FG%":43.5114503817,"2PM":36.0,"2PA":65.0,"2P%":55.3846153846,"3PM":21.0,"3PA":66.0,"3P%":31.8181818182,"FTM":25.0,"FTA":34.0,"FT%":73.5294117647,"PTS":160.0,"OFF":11.0,"DEF":32.0,"REB":43.0,"AST":23.0,"TO":21.0,"STL":10.0,"BLK":6.0,"STK":16.0,"PF":46.0,"Fls on:":35.0,"+\/-":35.0,"GW":10.0,"GP":18.0},"J. Bravo":{"TEAM":"LPU","MINS":151.0500000001,"FGM":22.0,"FGA":67.0,"FG%":32.8358208955,"2PM":17.0,"2PA":32.0,"2P%":53.125,"3PM":5.0,"3PA":35.0,"3P%":14.2857142857,"FTM":19.0,"FTA":26.0,"FT%":73.0769230769,"PTS":68.0,"OFF":13.0,"DEF":36.0,"REB":49.0,"AST":7.0,"TO":8.0,"STL":2.0,"BLK":2.0,"STK":4.0,"PF":21.0,"Fls on:":18.0,"+\/-":-10.0,"GW":4.0,"GP":7.0},"J. Versoza":{"TEAM":"LPU","MINS":145.9500000001,"FGM":14.0,"FGA":28.0,"FG%":50.0,"2PM":14.0,"2PA":28.0,"2P%":50.0,"3PM":0.0,"3PA":0.0,"3P%":0.0,"FTM":11.0,"FTA":25.0,"FT%":44.0,"PTS":39.0,"OFF":15.0,"DEF":20.0,"REB":35.0,"AST":4.0,"TO":10.0,"STL":1.0,"BLK":3.0,"STK":4.0,"PF":24.0,"Fls on:":18.0,"+\/-":-25.0,"GW":6.0,"GP":9.0},"M. Guadana":{"TEAM":"LPU","MINS":317.7666666667,"FGM":53.0,"FGA":143.0,"FG%":37.0629370629,"2PM":41.0,"2PA":78.0,"2P%":52.5641025641,"3PM":12.0,"3PA":65.0,"3P%":18.4615384615,"FTM":35.0,"FTA":48.0,"FT%":72.9166666667,"PTS":153.0,"OFF":12.0,"DEF":38.0,"REB":50.0,"AST":31.0,"TO":19.0,"STL":17.0,"BLK":4.0,"STK":21.0,"PF":16.0,"Fls on:":37.0,"+\/-":11.0,"GW":7.0,"GP":13.0},"J. Panelo":{"TEAM":"LPU","MINS":100.9333333333,"FGM":10.0,"FGA":27.0,"FG%":37.037037037,"2PM":9.0,"2PA":24.0,"2P%":37.5,"3PM":1.0,"3PA":3.0,"3P%":33.3333333333,"FTM":6.0,"FTA":10.0,"FT%":60.0,"PTS":27.0,"OFF":9.0,"DEF":19.0,"REB":28.0,"AST":2.0,"TO":4.0,"STL":1.0,"BLK":1.0,"STK":2.0,"PF":17.0,"Fls on:":9.0,"+\/-":0.0,"GW":10.0,"GP":17.0},"O. Gordon":{"TEAM":"LPU","MINS":73.3166666668,"FGM":4.0,"FGA":22.0,"FG%":18.1818181818,"2PM":2.0,"2PA":13.0,"2P%":15.3846153846,"3PM":2.0,"3PA":9.0,"3P%":22.2222222222,"FTM":3.0,"FTA":6.0,"FT%":50.0,"PTS":13.0,"OFF":2.0,"DEF":10.0,"REB":12.0,"AST":3.0,"TO":5.0,"STL":4.0,"BLK":0.0,"STK":4.0,"PF":12.0,"Fls on:":7.0,"+\/-":-20.0,"GW":6.0,"GP":12.0},"J. Culanay":{"TEAM":"LPU","MINS":7.4833333334,"FGM":2.0,"FGA":4.0,"FG%":50.0,"2PM":2.0,"2PA":2.0,"2P%":100.0,"3PM":0.0,"3PA":2.0,"3P%":0.0,"FTM":0.0,"FTA":0.0,"FT%":0.0,"PTS":4.0,"OFF":0.0,"DEF":0.0,"REB":0.0,"AST":0.0,"TO":0.0,"STL":1.0,"BLK":0.0,"STK":1.0,"PF":1.0,"Fls on:":0.0,"+\/-":-6.0,"GW":3.0,"GP":4.0},"J. Daileg":{"TEAM":"LPU","MINS":303.8666666666,"FGM":38.0,"FGA":100.0,"FG%":38.0,"2PM":21.0,"2PA":46.0,"2P%":45.652173913,"3PM":17.0,"3PA":54.0,"3P%":31.4814814815,"FTM":26.0,"FTA":38.0,"FT%":68.4210526316,"PTS":119.0,"OFF":15.0,"DEF":59.0,"REB":74.0,"AST":14.0,"TO":10.0,"STL":6.0,"BLK":6.0,"STK":12.0,"PF":19.0,"Fls on:":31.0,"+\/-":74.0,"GW":10.0,"GP":18.0},"V. Cunanan":{"TEAM":"LPU","MINS":481.0499999998,"FGM":31.0,"FGA":99.0,"FG%":31.3131313131,"2PM":24.0,"2PA":48.0,"2P%":50.0,"3PM":7.0,"3PA":51.0,"3P%":13.7254901961,"FTM":28.0,"FTA":40.0,"FT%":70.0,"PTS":97.0,"OFF":15.0,"DEF":55.0,"REB":70.0,"AST":88.0,"TO":29.0,"STL":36.0,"BLK":4.0,"STK":40.0,"PF":41.0,"Fls on:":49.0,"+\/-":-1.0,"GW":10.0,"GP":17.0},"N. Moralejo":{"TEAM":"LPU","MINS":128.1666666666,"FGM":16.0,"FGA":35.0,"FG%":45.7142857143,"2PM":11.0,"2PA":19.0,"2P%":57.8947368421,"3PM":5.0,"3PA":16.0,"3P%":31.25,"FTM":9.0,"FTA":12.0,"FT%":75.0,"PTS":46.0,"OFF":4.0,"DEF":9.0,"REB":13.0,"AST":8.0,"TO":10.0,"STL":6.0,"BLK":0.0,"STK":6.0,"PF":8.0,"Fls on:":14.0,"+\/-":2.0,"GW":8.0,"GP":16.0},"S. Penafiel":{"TEAM":"LPU","MINS":234.9666666668,"FGM":32.0,"FGA":74.0,"FG%":43.2432432432,"2PM":31.0,"2PA":57.0,"2P%":54.3859649123,"3PM":1.0,"3PA":17.0,"3P%":5.8823529412,"FTM":24.0,"FTA":34.0,"FT%":70.5882352941,"PTS":89.0,"OFF":7.0,"DEF":12.0,"REB":19.0,"AST":17.0,"TO":8.0,"STL":4.0,"BLK":1.0,"STK":5.0,"PF":21.0,"Fls on:":21.0,"+\/-":-51.0,"GW":9.0,"GP":17.0},"L. Pallingayan":{"TEAM":"LPU","MINS":28.3000000001,"FGM":2.0,"FGA":3.0,"FG%":66.6666666667,"2PM":2.0,"2PA":3.0,"2P%":66.6666666667,"3PM":0.0,"3PA":0.0,"3P%":0.0,"FTM":1.0,"FTA":2.0,"FT%":50.0,"PTS":5.0,"OFF":1.0,"DEF":3.0,"REB":4.0,"AST":5.0,"TO":4.0,"STL":1.0,"BLK":0.0,"STK":1.0,"PF":4.0,"Fls on:":1.0,"+\/-":-14.0,"GW":5.0,"GP":10.0},"J. Barba":{"TEAM":"LPU","MINS":471.0166666668,"FGM":111.0,"FGA":236.0,"FG%":47.0338983051,"2PM":78.0,"2PA":136.0,"2P%":57.3529411765,"3PM":33.0,"3PA":100.0,"3P%":33.0,"FTM":63.0,"FTA":86.0,"FT%":73.2558139535,"PTS":318.0,"OFF":22.0,"DEF":83.0,"REB":105.0,"AST":52.0,"TO":46.0,"STL":22.0,"BLK":1.0,"STK":23.0,"PF":37.0,"Fls on:":76.0,"+\/-":-1.0,"GW":10.0,"GP":18.0},"R. Villegas":{"TEAM":"LPU","MINS":439.8833333335,"FGM":80.0,"FGA":169.0,"FG%":47.3372781065,"2PM":56.0,"2PA":108.0,"2P%":51.8518518519,"3PM":24.0,"3PA":61.0,"3P%":39.3442622951,"FTM":54.0,"FTA":65.0,"FT%":83.0769230769,"PTS":238.0,"OFF":21.0,"DEF":32.0,"REB":53.0,"AST":41.0,"TO":25.0,"STL":24.0,"BLK":1.0,"STK":25.0,"PF":21.0,"Fls on:":52.0,"+\/-":57.0,"GW":10.0,"GP":18.0},"G. Aviles":{"TEAM":"LPU","MINS":333.2833333333,"FGM":28.0,"FGA":70.0,"FG%":40.0,"2PM":27.0,"2PA":66.0,"2P%":40.9090909091,"3PM":1.0,"3PA":4.0,"3P%":25.0,"FTM":7.0,"FTA":18.0,"FT%":38.8888888889,"PTS":64.0,"OFF":21.0,"DEF":59.0,"REB":80.0,"AST":14.0,"TO":11.0,"STL":3.0,"BLK":5.0,"STK":8.0,"PF":47.0,"Fls on:":29.0,"+\/-":5.0,"GW":10.0,"GP":18.0},"D. Colian":{"TEAM":"LPU","MINS":1.5166666667,"FGM":0.0,"FGA":0.0,"FG%":0.0,"2PM":0.0,"2PA":0.0,"2P%":0.0,"3PM":0.0,"3PA":0.0,"3P%":0.0,"FTM":0.0,"FTA":0.0,"FT%":0.0,"PTS":0.0,"OFF":0.0,"DEF":0.0,"REB":0.0,"AST":0.0,"TO":0.0,"STL":0.0,"BLK":0.0,"STK":0.0,"PF":1.0,"Fls on:":0.0,"+\/-":-10.0,"GW":1.0,"GP":1.0}}