{"S. Penafiel":{"TEAM":"LPU","MINS":178.8500000001,"FGM":22.0,"FGA":59.0,"FG%":37.2881355932,"2PM":22.0,"2PA":47.0,"2P%":46.8085106383,"3PM":0.0,"3PA":12.0,"3P%":0.0,"FTM":13.0,"FTA":18.0,"FT%":72.2222222222,"PTS":57.0,"OFF":7.0,"DEF":8.0,"REB":15.0,"AST":14.0,"TO":6.0,"STL":4.0,"BLK":1.0,"STK":5.0,"PF":13.0,"Fls on:":12.0,"+\/-":-53.0,"GW":6.0,"GP":12.0},"R. Colian":{"TEAM":"LPU","MINS":1.5166666667,"FGM":0.0,"FGA":0.0,"FG%":0.0,"2PM":0.0,"2PA":0.0,"2P%":0.0,"3PM":0.0,"3PA":0.0,"3P%":0.0,"FTM":0.0,"FTA":0.0,"FT%":0.0,"PTS":0.0,"OFF":0.0,"DEF":0.0,"REB":0.0,"AST":0.0,"TO":0.0,"STL":0.0,"BLK":0.0,"STK":0.0,"PF":1.0,"Fls on:":0.0,"+\/-":-10.0,"GW":1.0,"GP":1.0},"L. Pallingayan":{"TEAM":"LPU","MINS":26.2166666667,"FGM":2.0,"FGA":3.0,"FG%":66.6666666667,"2PM":2.0,"2PA":3.0,"2P%":66.6666666667,"3PM":0.0,"3PA":0.0,"3P%":0.0,"FTM":1.0,"FTA":2.0,"FT%":50.0,"PTS":5.0,"OFF":1.0,"DEF":3.0,"REB":4.0,"AST":5.0,"TO":4.0,"STL":1.0,"BLK":0.0,"STK":1.0,"PF":3.0,"Fls on:":1.0,"+\/-":-10.0,"GW":4.0,"GP":8.0},"D. Paulo":{"TEAM":"LPU","MINS":25.3,"FGM":3.0,"FGA":9.0,"FG%":33.3333333333,"2PM":2.0,"2PA":5.0,"2P%":40.0,"3PM":1.0,"3PA":4.0,"3P%":25.0,"FTM":0.0,"FTA":2.0,"FT%":0.0,"PTS":7.0,"OFF":2.0,"DEF":0.0,"REB":2.0,"AST":3.0,"TO":1.0,"STL":1.0,"BLK":0.0,"STK":1.0,"PF":4.0,"Fls on:":1.0,"+\/-":-8.0,"GW":1.0,"GP":5.0},"R. Villegas":{"TEAM":"LPU","MINS":257.0833333334,"FGM":42.0,"FGA":98.0,"FG%":42.8571428571,"2PM":31.0,"2PA":65.0,"2P%":47.6923076923,"3PM":11.0,"3PA":33.0,"3P%":33.3333333333,"FTM":32.0,"FTA":39.0,"FT%":82.0512820513,"PTS":127.0,"OFF":14.0,"DEF":19.0,"REB":33.0,"AST":23.0,"TO":17.0,"STL":17.0,"BLK":1.0,"STK":18.0,"PF":13.0,"Fls on:":31.0,"+\/-":39.0,"GW":6.0,"GP":12.0},"M. Versoza":{"TEAM":"LPU","MINS":43.7666666667,"FGM":6.0,"FGA":10.0,"FG%":60.0,"2PM":6.0,"2PA":10.0,"2P%":60.0,"3PM":0.0,"3PA":0.0,"3P%":0.0,"FTM":1.0,"FTA":2.0,"FT%":50.0,"PTS":13.0,"OFF":3.0,"DEF":6.0,"REB":9.0,"AST":2.0,"TO":5.0,"STL":1.0,"BLK":0.0,"STK":1.0,"PF":8.0,"Fls on:":2.0,"+\/-":-12.0,"GW":2.0,"GP":3.0},"O. Gordon":{"TEAM":"LPU","MINS":65.5333333334,"FGM":4.0,"FGA":19.0,"FG%":21.0526315789,"2PM":2.0,"2PA":10.0,"2P%":20.0,"3PM":2.0,"3PA":9.0,"3P%":22.2222222222,"FTM":3.0,"FTA":6.0,"FT%":50.0,"PTS":13.0,"OFF":2.0,"DEF":9.0,"REB":11.0,"AST":3.0,"TO":5.0,"STL":4.0,"BLK":0.0,"STK":4.0,"PF":10.0,"Fls on:":7.0,"+\/-":-17.0,"GW":5.0,"GP":10.0},"V. Cunanan":{"TEAM":"LPU","MINS":320.8999999999,"FGM":25.0,"FGA":80.0,"FG%":31.25,"2PM":19.0,"2PA":36.0,"2P%":52.7777777778,"3PM":6.0,"3PA":44.0,"3P%":13.6363636364,"FTM":17.0,"FTA":23.0,"FT%":73.9130434783,"PTS":73.0,"OFF":11.0,"DEF":38.0,"REB":49.0,"AST":61.0,"TO":16.0,"STL":25.0,"BLK":1.0,"STK":26.0,"PF":27.0,"Fls on:":31.0,"+\/-":6.0,"GW":6.0,"GP":12.0},"D. Culanay":{"TEAM":"LPU","MINS":7.4833333334,"FGM":2.0,"FGA":4.0,"FG%":50.0,"2PM":2.0,"2PA":2.0,"2P%":100.0,"3PM":0.0,"3PA":2.0,"3P%":0.0,"FTM":0.0,"FTA":0.0,"FT%":0.0,"PTS":4.0,"OFF":0.0,"DEF":0.0,"REB":0.0,"AST":0.0,"TO":0.0,"STL":1.0,"BLK":0.0,"STK":1.0,"PF":1.0,"Fls on:":0.0,"+\/-":-6.0,"GW":3.0,"GP":4.0},"N. Moralejo":{"TEAM":"LPU","MINS":90.9833333332,"FGM":11.0,"FGA":21.0,"FG%":52.380952381,"2PM":7.0,"2PA":12.0,"2P%":58.3333333333,"3PM":4.0,"3PA":9.0,"3P%":44.4444444444,"FTM":7.0,"FTA":9.0,"FT%":77.7777777778,"PTS":33.0,"OFF":3.0,"DEF":8.0,"REB":11.0,"AST":6.0,"TO":4.0,"STL":3.0,"BLK":0.0,"STK":3.0,"PF":8.0,"Fls on:":9.0,"+\/-":-3.0,"GW":5.0,"GP":11.0},"M. Guadana":{"TEAM":"LPU","MINS":175.6666666667,"FGM":38.0,"FGA":86.0,"FG%":44.1860465116,"2PM":30.0,"2PA":52.0,"2P%":57.6923076923,"3PM":8.0,"3PA":34.0,"3P%":23.5294117647,"FTM":23.0,"FTA":33.0,"FT%":69.696969697,"PTS":107.0,"OFF":6.0,"DEF":21.0,"REB":27.0,"AST":14.0,"TO":7.0,"STL":7.0,"BLK":2.0,"STK":9.0,"PF":9.0,"Fls on:":26.0,"+\/-":1.0,"GW":3.0,"GP":7.0},"K. Caduyac":{"TEAM":"LPU","MINS":40.8000000001,"FGM":3.0,"FGA":13.0,"FG%":23.0769230769,"2PM":2.0,"2PA":2.0,"2P%":100.0,"3PM":1.0,"3PA":11.0,"3P%":9.0909090909,"FTM":4.0,"FTA":5.0,"FT%":80.0,"PTS":11.0,"OFF":1.0,"DEF":0.0,"REB":1.0,"AST":0.0,"TO":0.0,"STL":0.0,"BLK":0.0,"STK":0.0,"PF":15.0,"Fls on:":3.0,"+\/-":-27.0,"GW":3.0,"GP":7.0},"J. Panelo":{"TEAM":"LPU","MINS":79.0,"FGM":7.0,"FGA":19.0,"FG%":36.8421052632,"2PM":6.0,"2PA":16.0,"2P%":37.5,"3PM":1.0,"3PA":3.0,"3P%":33.3333333333,"FTM":6.0,"FTA":10.0,"FT%":60.0,"PTS":21.0,"OFF":6.0,"DEF":14.0,"REB":20.0,"AST":1.0,"TO":4.0,"STL":1.0,"BLK":1.0,"STK":2.0,"PF":12.0,"Fls on:":9.0,"+\/-":-6.0,"GW":6.0,"GP":12.0},"J. Daileg":{"TEAM":"LPU","MINS":196.9999999999,"FGM":25.0,"FGA":63.0,"FG%":39.6825396825,"2PM":13.0,"2PA":28.0,"2P%":46.4285714286,"3PM":12.0,"3PA":35.0,"3P%":34.2857142857,"FTM":14.0,"FTA":18.0,"FT%":77.7777777778,"PTS":76.0,"OFF":9.0,"DEF":35.0,"REB":44.0,"AST":10.0,"TO":6.0,"STL":4.0,"BLK":3.0,"STK":7.0,"PF":12.0,"Fls on:":17.0,"+\/-":44.0,"GW":6.0,"GP":12.0},"J. Bravo":{"TEAM":"LPU","MINS":109.0833333334,"FGM":16.0,"FGA":48.0,"FG%":33.3333333333,"2PM":11.0,"2PA":22.0,"2P%":50.0,"3PM":5.0,"3PA":26.0,"3P%":19.2307692308,"FTM":17.0,"FTA":22.0,"FT%":77.2727272727,"PTS":54.0,"OFF":10.0,"DEF":24.0,"REB":34.0,"AST":5.0,"TO":8.0,"STL":0.0,"BLK":2.0,"STK":2.0,"PF":16.0,"Fls on:":15.0,"+\/-":-15.0,"GW":2.0,"GP":5.0},"G. Aviles":{"TEAM":"LPU","MINS":231.2166666667,"FGM":16.0,"FGA":45.0,"FG%":35.5555555556,"2PM":15.0,"2PA":41.0,"2P%":36.5853658537,"3PM":1.0,"3PA":4.0,"3P%":25.0,"FTM":5.0,"FTA":14.0,"FT%":35.7142857143,"PTS":38.0,"OFF":16.0,"DEF":39.0,"REB":55.0,"AST":9.0,"TO":5.0,"STL":3.0,"BLK":3.0,"STK":6.0,"PF":28.0,"Fls on:":15.0,"+\/-":1.0,"GW":6.0,"GP":12.0},"J. Barba":{"TEAM":"LPU","MINS":324.8666666668,"FGM":76.0,"FGA":175.0,"FG%":43.4285714286,"2PM":52.0,"2PA":100.0,"2P%":52.0,"3PM":24.0,"3PA":75.0,"3P%":32.0,"FTM":44.0,"FTA":57.0,"FT%":77.1929824561,"PTS":220.0,"OFF":17.0,"DEF":60.0,"REB":77.0,"AST":36.0,"TO":30.0,"STL":14.0,"BLK":0.0,"STK":14.0,"PF":28.0,"Fls on:":49.0,"+\/-":2.0,"GW":6.0,"GP":12.0},"G. Montano":{"TEAM":"LPU","MINS":248.45,"FGM":42.0,"FGA":93.0,"FG%":45.1612903226,"2PM":24.0,"2PA":44.0,"2P%":54.5454545455,"3PM":18.0,"3PA":49.0,"3P%":36.7346938776,"FTM":15.0,"FTA":20.0,"FT%":75.0,"PTS":117.0,"OFF":10.0,"DEF":24.0,"REB":34.0,"AST":18.0,"TO":17.0,"STL":8.0,"BLK":5.0,"STK":13.0,"PF":33.0,"Fls on:":24.0,"+\/-":19.0,"GW":6.0,"GP":12.0}}