{"J. Barba":{"TEAM":"LPU","MINS":26.1675925926,"FGM":7.0698135239,"FGA":15.0313152401,"FG%":47.0338983051,"2PM":4.9679770709,"2PA":8.6621138672,"2P%":57.3529411765,"3PM":2.1018364531,"3PA":6.3692013729,"3P%":33.0,"FTM":4.0125968649,"FTA":5.4775131807,"FT%":73.2558139535,"PTS":20.2540603659,"OFF":1.401224302,"DEF":5.2864371395,"REB":6.6876614416,"AST":3.3119847139,"TO":2.9298326315,"STL":1.401224302,"BLK":0.0636920137,"STK":1.4649163158,"PF":2.356604508,"Fls on:":4.8405930434,"+\/-":-0.0636920137,"GW":10.0,"GP":18.0},"R. Villegas":{"TEAM":"LPU","MINS":24.437962963,"FGM":5.4559921191,"FGA":11.5257833516,"FG%":47.3372781065,"2PM":3.8191944834,"2PA":7.3655893608,"2P%":51.8518518519,"3PM":1.6367976357,"3PA":4.1601939908,"3P%":39.3442622951,"FTM":3.6827946804,"FTA":4.4329935968,"FT%":83.0769230769,"PTS":16.2315765544,"OFF":1.4321979313,"DEF":2.1823968476,"REB":3.6145947789,"AST":2.796195961,"TO":1.7049975372,"STL":1.6367976357,"BLK":0.0681999015,"STK":1.7049975372,"PF":1.4321979313,"Fls on:":3.5463948774,"+\/-":3.8873943849,"GW":10.0,"GP":18.0},"J. Culanay":{"TEAM":"LPU","MINS":1.8708333334,"FGM":8.0178173719,"FGA":16.0356347437,"FG%":50.0,"2PM":8.0178173719,"2PA":8.0178173719,"2P%":100.0,"3PM":0.0,"3PA":8.0178173719,"3P%":0.0,"FTM":0.0,"FTA":0.0,"FT%":0.0,"PTS":16.0356347437,"OFF":0.0,"DEF":0.0,"REB":0.0,"AST":0.0,"TO":0.0,"STL":4.0089086859,"BLK":0.0,"STK":4.0089086859,"PF":4.0089086859,"Fls on:":0.0,"+\/-":-24.0534521156,"GW":3.0,"GP":4.0},"M. Guadana":{"TEAM":"LPU","MINS":24.4435897436,"FGM":5.003671457,"FGA":13.5004720445,"FG%":37.0629370629,"2PM":3.8707647121,"2PA":7.3638938424,"2P%":52.5641025641,"3PM":1.132906745,"3PA":6.136578202,"3P%":18.4615384615,"FTM":3.3043113396,"FTA":4.53162698,"FT%":72.9166666667,"PTS":14.4445609986,"OFF":1.132906745,"DEF":3.5875380258,"REB":4.7204447708,"AST":2.9266757579,"TO":1.7937690129,"STL":1.6049512221,"BLK":0.3776355817,"STK":1.9825868037,"PF":1.5105423267,"Fls on:":3.4931291304,"+\/-":1.0384978496,"GW":7.0,"GP":13.0},"G. Montano":{"TEAM":"LPU","MINS":19.7157407407,"FGM":4.8184849481,"FGA":11.0740618983,"FG%":43.5114503817,"2PM":3.0432536514,"2PA":5.4947635373,"2P%":55.3846153846,"3PM":1.7752312967,"3PA":5.579298361,"3P%":31.8181818182,"FTM":2.1133705913,"FTA":2.8741840041,"FT%":73.5294117647,"PTS":13.5255717842,"OFF":0.9298830602,"DEF":2.7051143568,"REB":3.634997417,"AST":1.944300944,"TO":1.7752312967,"STL":0.8453482365,"BLK":0.5072089419,"STK":1.3525571784,"PF":3.8886018879,"Fls on:":2.9587188278,"+\/-":2.9587188278,"GW":10.0,"GP":18.0},"J. Bravo":{"TEAM":"LPU","MINS":21.5785714286,"FGM":4.3694141013,"FGA":13.3068520357,"FG%":32.8358208955,"2PM":3.3763654419,"2PA":6.3555114201,"2P%":53.125,"3PM":0.9930486594,"3PA":6.9513406157,"3P%":14.2857142857,"FTM":3.7735849057,"FTA":5.1638530288,"FT%":73.0769230769,"PTS":13.5054617676,"OFF":2.5819265144,"DEF":7.1499503476,"REB":9.731876862,"AST":1.3902681231,"TO":1.588877855,"STL":0.3972194638,"BLK":0.3972194638,"STK":0.7944389275,"PF":4.1708043694,"Fls on:":3.5749751738,"+\/-":-1.9860973188,"GW":4.0,"GP":7.0},"J. Daileg":{"TEAM":"LPU","MINS":16.8814814815,"FGM":3.7516454585,"FGA":9.8727512067,"FG%":38.0,"2PM":2.0732777534,"2PA":4.5414655551,"2P%":45.652173913,"3PM":1.6783677051,"3PA":5.3312856516,"3P%":31.4814814815,"FTM":2.5669153137,"FTA":3.7516454585,"FT%":68.4210526316,"PTS":11.7485739359,"OFF":1.480912681,"DEF":5.8249232119,"REB":7.3058358929,"AST":1.3821851689,"TO":0.9872751207,"STL":0.5923650724,"BLK":0.5923650724,"STK":1.1847301448,"PF":1.8758227293,"Fls on:":3.0605528741,"+\/-":7.3058358929,"GW":10.0,"GP":18.0},"S. Penafiel":{"TEAM":"LPU","MINS":13.8215686275,"FGM":4.0856859129,"FGA":9.4481486736,"FG%":43.2432432432,"2PM":3.9580082281,"2PA":7.2776280323,"2P%":54.3859649123,"3PM":0.1276776848,"3PA":2.1705206412,"3P%":5.8823529412,"FTM":3.0642644347,"FTA":4.3410412824,"FT%":70.5882352941,"PTS":11.3633139452,"OFF":0.8937437934,"DEF":1.5321322173,"REB":2.4258760108,"AST":2.1705206412,"TO":1.0214214782,"STL":0.5107107391,"BLK":0.1276776848,"STK":0.6383884239,"PF":2.6812313803,"Fls on:":2.6812313803,"+\/-":-6.5115619237,"GW":9.0,"GP":17.0},"N. Moralejo":{"TEAM":"LPU","MINS":8.0104166667,"FGM":3.7451235371,"FGA":8.1924577373,"FG%":45.7142857143,"2PM":2.5747724317,"2PA":4.4473342003,"2P%":57.8947368421,"3PM":1.1703511053,"3PA":3.7451235371,"3P%":31.25,"FTM":2.1066319896,"FTA":2.8088426528,"FT%":75.0,"PTS":10.7672301691,"OFF":0.9362808843,"DEF":2.1066319896,"REB":3.0429128739,"AST":1.8725617685,"TO":2.3407022107,"STL":1.4044213264,"BLK":0.0,"STK":1.4044213264,"PF":1.8725617685,"Fls on:":3.2769830949,"+\/-":0.4681404421,"GW":8.0,"GP":16.0},"D. Paulo":{"TEAM":"LPU","MINS":4.2611111111,"FGM":3.5202086049,"FGA":10.5606258148,"FG%":33.3333333333,"2PM":2.3468057366,"2PA":5.8670143416,"2P%":40.0,"3PM":1.1734028683,"3PA":4.6936114733,"3P%":25.0,"FTM":0.0,"FTA":2.3468057366,"FT%":0.0,"PTS":8.2138200782,"OFF":2.3468057366,"DEF":0.0,"REB":2.3468057366,"AST":3.5202086049,"TO":1.1734028683,"STL":1.1734028683,"BLK":0.0,"STK":1.1734028683,"PF":4.6936114733,"Fls on:":1.1734028683,"+\/-":-11.7340286832,"GW":2.0,"GP":6.0},"J. Panelo":{"TEAM":"LPU","MINS":5.937254902,"FGM":2.9722589168,"FGA":8.0250990753,"FG%":37.037037037,"2PM":2.6750330251,"2PA":7.1334214003,"2P%":37.5,"3PM":0.2972258917,"3PA":0.891677675,"3P%":33.3333333333,"FTM":1.7833553501,"FTA":2.9722589168,"FT%":60.0,"PTS":8.0250990753,"OFF":2.6750330251,"DEF":5.6472919419,"REB":8.322324967,"AST":0.5944517834,"TO":1.1889035667,"STL":0.2972258917,"BLK":0.2972258917,"STK":0.5944517834,"PF":5.0528401585,"Fls on:":2.6750330251,"+\/-":0.0,"GW":10.0,"GP":17.0},"J. Versoza":{"TEAM":"LPU","MINS":16.2166666667,"FGM":2.8776978417,"FGA":5.7553956834,"FG%":50.0,"2PM":2.8776978417,"2PA":5.7553956834,"2P%":50.0,"3PM":0.0,"3PA":0.0,"3P%":0.0,"FTM":2.2610483042,"FTA":5.1387461459,"FT%":44.0,"PTS":8.0164439877,"OFF":3.0832476876,"DEF":4.1109969167,"REB":7.1942446043,"AST":0.8221993833,"TO":2.0554984584,"STL":0.2055498458,"BLK":0.6166495375,"STK":0.8221993833,"PF":4.9331963001,"Fls on:":3.6998972251,"+\/-":-5.1387461459,"GW":6.0,"GP":9.0},"K. Caduyac":{"TEAM":"LPU","MINS":5.4537037037,"FGM":1.8336162988,"FGA":9.779286927,"FG%":18.75,"2PM":1.2224108659,"2PA":1.2224108659,"2P%":100.0,"3PM":0.6112054329,"3PA":8.5568760611,"3P%":7.1428571429,"FTM":2.4448217317,"FTA":3.0560271647,"FT%":80.0,"PTS":6.7232597623,"OFF":0.6112054329,"DEF":0.6112054329,"REB":1.2224108659,"AST":0.0,"TO":0.0,"STL":0.0,"BLK":0.0,"STK":0.0,"PF":9.779286927,"Fls on:":1.8336162988,"+\/-":-15.8913412563,"GW":4.0,"GP":9.0},"V. Cunanan":{"TEAM":"LPU","MINS":28.2970588235,"FGM":1.9332709698,"FGA":6.1739943873,"FG%":31.3131313131,"2PM":1.4967259121,"2PA":2.9934518241,"2P%":50.0,"3PM":0.4365450577,"3PA":3.1805425631,"3P%":13.7254901961,"FTM":1.7461802307,"FTA":2.4945431868,"FT%":70.0,"PTS":6.0492672279,"OFF":0.935453695,"DEF":3.4299968818,"REB":4.3654505769,"AST":5.4879950109,"TO":1.8085438104,"STL":2.2450888681,"BLK":0.2494543187,"STK":2.4945431868,"PF":2.5569067664,"Fls on:":3.0558154038,"+\/-":-0.0623635797,"GW":10.0,"GP":17.0},"G. Aviles":{"TEAM":"LPU","MINS":18.5157407407,"FGM":2.5203780567,"FGA":6.3009451418,"FG%":40.0,"2PM":2.4303645547,"2PA":5.9408911337,"2P%":40.9090909091,"3PM":0.090013502,"3PA":0.3600540081,"3P%":25.0,"FTM":0.6300945142,"FTA":1.6202430365,"FT%":38.8888888889,"PTS":5.7608641296,"OFF":1.8902835425,"DEF":5.3107966195,"REB":7.201080162,"AST":1.2601890284,"TO":0.9901485223,"STL":0.2700405061,"BLK":0.4500675101,"STK":0.7201080162,"PF":4.2306345952,"Fls on:":2.6103915587,"+\/-":0.4500675101,"GW":10.0,"GP":18.0},"O. Gordon":{"TEAM":"LPU","MINS":6.1097222222,"FGM":1.6367356217,"FGA":9.0020459195,"FG%":18.1818181818,"2PM":0.8183678109,"2PA":5.3193907706,"2P%":15.3846153846,"3PM":0.8183678109,"3PA":3.6826551489,"3P%":22.2222222222,"FTM":1.2275517163,"FTA":2.4551034326,"FT%":50.0,"PTS":5.3193907706,"OFF":0.8183678109,"DEF":4.0918390543,"REB":4.9102068652,"AST":1.2275517163,"TO":2.0459195272,"STL":1.6367356217,"BLK":0.0,"STK":1.6367356217,"PF":4.9102068652,