{"M. Cuenco":{"TEAM":"MU","SP":58.1428571429,"GP":14.0,"MPG":27.1785714286,"EWA":1.852035563,"PER":20.603420451,"WS":1.9546973041,"OWS":1.656302708,"DWS":0.2983945961,"EFF":12.0,"GmSc":9.1,"TS%":57.2022880915,"EFG%":56.1594202899,"PPWS":1.1440457618,"FTR":0.2608695652,"REB%":6.8021199151,"OREB%":4.4407874538,"DREB%":9.3750585439,"AR":6.1321612362,"pAST%":23.0522430964,"TOR":2.6479787156,"AST\/TO":2.3157894737,"PPR":2.7901937297,"USG%":19.9558421414,"aSP":57.6283185841,"ORtg":119.6953026798,"DRtg":99.3440429956,"Floor%":50.1921970407,"Stop%":0.4641905392,"FFI":51.6029744061,"PIE":9.7359085534,"AV":2.2220952272},"C. Escamis":{"TEAM":"MU","SP":72.0714285714,"GP":14.0,"MPG":32.6928571429,"EWA":1.6212208725,"PER":17.9396284764,"WS":1.6660708441,"OWS":1.0821746214,"DWS":0.5838962227,"EFF":11.8571428571,"GmSc":9.7214285714,"TS%":45.4775138959,"EFG%":40.1442307692,"PPWS":0.9095502779,"FTR":0.3221153846,"REB%":6.2563857511,"OREB%":2.9995569068,"DREB%":9.8050689114,"AR":6.4881766352,"pAST%":24.0371101377,"TOR":3.9392500999,"AST\/TO":1.6470588235,"PPR":0.748249462,"USG%":26.0577786974,"aSP":71.4336283186,"ORtg":99.8101368618,"DRtg":95.5575200424,"Floor%":43.743822684,"Stop%":0.5527604194,"FFI":45.5045219333,"PIE":10.0906582578,"AV":2.2022254198},"C. Hubilla":{"TEAM":"MU","SP":57.0714285714,"GP":14.0,"MPG":25.3595238095,"EWA":1.5554863259,"PER":19.6262928789,"WS":1.4297214994,"OWS":0.9907908813,"DWS":0.438930618,"EFF":12.4285714286,"GmSc":8.1571428571,"TS%":54.5292014303,"EFG%":50.3649635036,"PPWS":1.0905840286,"FTR":0.5109489051,"REB%":13.3392191711,"OREB%":7.7339059033,"DREB%":19.446841571,"AR":3.2860116661,"pAST%":13.094208069,"TOR":5.0783816658,"AST\/TO":0.6470588235,"PPR":-5.5948209092,"USG%":24.9708022421,"aSP":56.5663716814,"ORtg":102.7931874902,"DRtg":95.8611346536,"Floor%":50.6890189771,"Stop%":0.5456586244,"FFI":53.0874047423,"PIE":8.947575877,"AV":2.2813537954},"Y. Concepcion":{"TEAM":"MU","SP":36.0714285714,"GP":14.0,"MPG":15.4369047619,"EWA":0.8913004209,"PER":19.109568193,"WS":0.9411329142,"OWS":0.5906088869,"DWS":0.3505240273,"EFF":7.9285714286,"GmSc":4.7928571429,"TS%":53.5939470366,"EFG%":49.0384615385,"PPWS":1.0718789407,"FTR":0.5,"REB%":17.0721268609,"OREB%":17.1030848257,"DREB%":17.038394659,"AR":1.7176130442,"pAST%":5.929301142,"TOR":2.9444795044,"AST\/TO":0.5833333333,"PPR":-3.4862758384,"USG%":15.3353567163,"aSP":35.7522123894,"ORtg":111.2434241067,"DRtg":92.8903797019,"Floor%":54.4842517524,"Stop%":0.6151470214,"FFI":54.7998817044,"PIE":4.5723295231,"AV":1.6284444162},"J. Jabonete":{"TEAM":"MU","SP":34.5384615385,"GP":13.0,"MPG":13.6256410256,"EWA":0.427407983,"PER":15.6699626219,"WS":0.4768815226,"OWS":0.1468088918,"DWS":0.3300726308,"EFF":6.1538461538,"GmSc":3.3923076923,"TS%":41.9847328244,"EFG%":43.75,"PPWS":0.8396946565,"FTR":0.2083333333,"REB%":18.0313724972,"OREB%":8.9430493952,"DREB%":27.9341278121,"AR":1.7962488584,"pAST%":6.8765653145,"TOR":2.0956236681,"AST\/TO":0.8571428571,"PPR":-1.7400812997,"USG%":21.2301925283,"aSP":34.2328114364,"ORtg":91.7705318954,"DRtg":91.0299182218,"Floor%":44.261499022,"Stop%":0.6586647427,"FFI":46.889703962,"PIE":3.7839968467,"AV":1.2737910571},"J. Bancale":{"TEAM":"MU","SP":33.2307692308,"GP":13.0,"MPG":13.6269230769,"EWA":0.4105097187,"PER":15.4777732691,"WS":0.5963945362,"OWS":0.4149029434,"DWS":0.1814915928,"EFF":5.4615384615,"GmSc":3.3923076923,"TS%":51.036941024,"EFG%":47.3214285714,"PPWS":1.0207388205,"FTR":0.2321428571,"REB%":9.6365510005,"OREB%":8.3460608123,"DREB%":11.0426859307,"AR":5.9869328775,"pAST%":21.2170314557,"TOR":4.1908530143,"AST\/TO":1.4285714286,"PPR":-0.3866483531,"USG%":18.7780249572,"aSP":32.936691627,"ORtg":103.9694093144,"DRtg":97.4928425309,"Floor%":46.0335472307,"Stop%":0.5074916377,"FFI":48.0322131946,"PIE":3.1533307056,"AV":1.164727868},"J. Recto":{"TEAM":"MU","SP":50.875,"GP":8.0,"MPG":20.9604166667,"EWA":0.3348823982,"PER":14.8341951324,"WS":0.3638581402,"OWS":-0.0233572003,"DWS":0.3872153404,"EFF":10.125,"GmSc":4.9625,"TS%":47.5592246949,"EFG%":45.0,"PPWS":0.9511844939,"FTR":0.26,"REB%":15.7634918227,"OREB%":7.5576367337,"DREB%":24.7046984879,"AR":6.3249288893,"pAST%":22.2228486283,"TOR":7.2736682227,"AST\/TO":0.8695652174,"PPR":-5.9229139751,"USG%":20.6241305988,"aSP":50.4247787611,"ORtg":84.4065812761,"DRtg":87.5955346822,"Floor%":39.6681724371,"Stop%":0.7389977929,"FFI":46.5931102911,"PIE":3.6657469452,"AV":1.2857142857},"L. Mangubat":{"TEAM":"MU","SP":48.2142857143,"GP":14.0,"MPG":27.0142857143,"EWA":0.2080538126,"PER":11.9257328487,"WS":0.8813345674,"OWS":0.530496701,"DWS":0.3508378664,"EFF":7.5714285714,"GmSc":5.1571428571,"TS%":45.3726794126,"EFG%":43.3823529412,"PPWS":0.9074535883,"FTR":0.1397058824,"REB%":8.0083353692,"OREB%":4.7470309434,"DREB%":11.5618951815,"AR":3.7858010709,"pAST%":13.0846716781,"TOR":3.0847267985,"AST\/TO":1.2272727273,"PPR":-1.0866434017,"USG%":19.3244815182,"aSP":47.7876106195,"ORtg":97.1342913118,"DRtg":98.2390232767,"Floor%":38.5966493531,"Stop%":0.4900378575,"FFI":44.6267539008,"PIE":5.3212455656,"AV":1.5731136672},"S. Abdulla":{"TEAM":"MU","SP":19.5714285714,"GP":7.0,"MPG":4.1357142857,"EWA":0.1450625508,"PER":20.8917004178,"WS":0.1259614276,"OWS":0.0592462744,"DWS":0.0667151532,"EFF":1.8571428571,"GmSc":1.4,"TS%":79.9418604651,"EFG%":83.3333333333,"PPWS":1.5988372093,"FTR":0.3333333333,"REB%":3.8043679531,"OREB%":0.0,"DREB%":7.9496568633,"AR":3.663506595,"pAST%":13.1896863657,"TOR":5.4952598925,"AST\/TO":0.6666666667,"PPR":-5.9149184587,"USG%":14.9930103168,"aSP":19.3982300885,"ORtg":106.5351629143,"DRtg":87.6318212264,"Floor%":45.24406867,"Stop%":0.7381490209,"FFI":61.9595183602,"PIE":0.7883326764,"AV":0.3260154782},"A. Fermin":{"TEAM":"MU","SP":15.0,"GP":11.0,"MPG":3.2515151515,"EWA":-0.086608019,"PER":5.9528391951,"WS":0.0664212226,"OWS":0.0375031189,"DWS":0.0289181036,"EFF":0.7272727273,"GmSc":0.3,"TS%":41.8215613383,"EFG%":33.3333333333,"PPWS":0.8364312268,"FTR":0.4444444444,"REB%":9.2379130492,"OREB%":0.0,"DREB%":19.3036635203,"AR":0.0,"pAST%":0.0,"TOR":0.0,"AST\/TO":null,"PPR":0.0,"USG%":13.2164332654,"aSP":14.8672566372,"ORtg":99.5334114085,"DRtg":99.1568050797,"Floor%":49.7667057042,"Stop%":0.4685701878,"FFI":45.0,"PIE":0.2364998029,"AV":0.226515641},"E. Ryan":{"TEAM":"MU","SP":18.1818181818,"GP":11.0,"MPG":6.9378787879,"EWA":-0.0907520629,"PER":8.4298058992,"WS":0.1623684827,"OWS":0.0844511848,"DWS":0.0779172978,"EFF":1.7272727273,"GmSc":0.8545454545,"TS%":34.965034965,"EFG%":36.3636363636,"PPWS":0.6993006993,"FTR":1.2727272727,"REB%":12.266781097,"OREB%":12.4542558164,"DREB%":12.0625061992,"AR":2.0845744558,"pAST%":6.4491745437,"TOR":0.0,"AST\/TO":null,"PPR":2.692521519,"USG%":9.8782122546,"aSP":18.020917136,"ORtg":101.2212355975,"DRtg":97.5200719745,"Floor%":53.180456819,"Stop%":0.5068547187,"FFI":61.1272147996,"PIE":-0.2364998029,"AV":0.4333570897},"A. Pantaleon":{"TEAM":"MU","SP":15.6,"GP":5.0,"MPG":1.24,"EWA":-0.1149180106,"PER":-26.4356776384,"WS":-0.06942784,"OWS":-0.0847482053,"DWS":0.0153203653,"EFF":-0.6,"GmSc":-0.58,"TS%":0.0,"EFG%":0.0,"PPWS":0.0,"FTR":0.0,"REB%":0.0,"OREB%":0.0,"DREB%":0.0,"AR":0.0,"pAST%":0.0,"TOR":8.553106123,"AST\/TO":0.0,"PPR":-16.5713118754,"USG%":28.3431924167,"aSP":15.4619469027,"ORtg":0.0,"DRtg":86.3488680399,"Floor%":0.0,"Stop%":0.7681583491,"FFI":22.8617234692,"PIE":-0.3941663382,"AV":null},"N. Agemenyi":{"TEAM":"MU","SP":18.9,"GP":10.0,"MPG":5.8816666667,"EWA":-0.206590852,"PER":3.759966915,"WS":0.0261680896,"OWS":-0.056893461,"DWS":0.0830615506,"EFF":1.6,"GmSc":0.24,"TS%":31.9829424307,"EFG%":32.3529411765,"PPWS":0.6396588486,"FTR":0.2352941176,"REB%":18.725381509,"OREB%":12.5687560745,"DREB%":25.4337208317,"AR":0.9016025723,"pAST%":2.9469394426,"TOR":2.704807717,"AST\/TO":0.3333333333,"PPR":-4.0759134905,"USG%":16.2532025021,"aSP":18.7327433628,"ORtg":76.0973044307,"DRtg":94.5059791417,"Floor%":35.7691228472,"Stop%":0.5773568243,"FFI":43.3081375209,"PIE":-0.1970831691,"AV":0.380952381},"J. Garcia":{"TEAM":"MU","SP":16.8333333333,"GP":6.0,"MPG":6.0,"EWA":-0.3194240393,