{"M. Cuenco":{"TEAM":"MU","SP":58.1538461538,"GP":13.0,"MPG":27.3756410256,"EWA":1.7715818628,"PER":20.8257496675,"WS":1.2040581207,"OWS":1.0278144307,"DWS":0.17624369,"EFF":12.3846153846,"GmSc":9.2923076923,"TS%":57.6117318436,"EFG%":56.1538461538,"PPWS":1.143847487,"FTR":0.2307692308,"REB%":7.0908377421,"OREB%":4.7587178956,"DREB%":9.6000165791,"AR":5.8217345239,"pAST%":21.8392351414,"TOR":2.6869543956,"AST\/TO":2.1666666667,"PPR":2.3053799344,"USG%":19.8638987839,"aSP":57.6,"ORtg":120.5951807256,"DRtg":99.6510198959,"Floor%":50.5567340649,"Stop%":0.4689182837,"FFI":51.2030819033,"PIE":10.1314116151,"AV":2.152286652},"C. Escamis":{"TEAM":"MU","SP":72.8461538462,"GP":13.0,"MPG":32.7179487179,"EWA":1.5838015006,"PER":18.3045791919,"WS":1.0322691155,"OWS":0.69232797,"DWS":0.3399411455,"EFF":12.0,"GmSc":9.9461538462,"TS%":45.6803264148,"EFG%":40.0510204082,"PPWS":0.9042027872,"FTR":0.3418367347,"REB%":6.3199555822,"OREB%":3.2351286783,"DREB%":9.6389884332,"AR":6.4948535678,"pAST%":23.9912822886,"TOR":4.121733995,"AST\/TO":1.5757575758,"PPR":0.401864369,"USG%":26.6504551891,"aSP":72.1523809524,"ORtg":100.3340863317,"DRtg":96.0635359718,"Floor%":44.1482855948,"Stop%":0.5526769029,"FFI":45.7645514206,"PIE":10.2161933022,"AV":2.101958581},"C. Hubilla":{"TEAM":"MU","SP":57.3846153846,"GP":13.0,"MPG":25.6256410256,"EWA":1.4313465945,"PER":19.4562016858,"WS":0.8644698825,"OWS":0.6003367008,"DWS":0.2641331817,"EFF":12.6153846154,"GmSc":8.1923076923,"TS%":54.1527813381,"EFG%":49.6062992126,"PPWS":1.0672560783,"FTR":0.5196850394,"REB%":13.8327510613,"OREB%":7.6255430678,"DREB%":20.5112221346,"AR":3.3488573183,"pAST%":13.0878347043,"TOR":5.1030206755,"AST\/TO":0.65625,"PPR":-5.541337298,"USG%":24.7536506802,"aSP":56.8380952381,"ORtg":102.7913698105,"DRtg":96.1385813677,"Floor%":50.547766958,"Stop%":0.5509247839,"FFI":52.8871487203,"PIE":9.2835947435,"AV":2.1822956717},"Y. Concepcion":{"TEAM":"MU","SP":35.0769230769,"GP":13.0,"MPG":14.6551282051,"EWA":0.8011593056,"PER":19.2724374298,"WS":0.5238178512,"OWS":0.3260933271,"DWS":0.1977245241,"EFF":7.4615384615,"GmSc":4.5923076923,"TS%":52.9371584699,"EFG%":48.9583333333,"PPWS":1.0437710438,"FTR":0.5,"REB%":16.9889447082,"OREB%":18.3340576418,"DREB%":15.541708233,"AR":1.6730684749,"pAST%":5.7888112998,"TOR":3.3461369498,"AST\/TO":0.5,"PPR":-4.3064279362,"USG%":16.2417455952,"aSP":34.7428571429,"ORtg":108.8243988339,"DRtg":93.2479043025,"Floor%":53.4798326676,"Stop%":0.6184147365,"FFI":54.9136106242,"PIE":4.111911827,"AV":1.4718362872},"J. Bancale":{"TEAM":"MU","SP":34.75,"GP":12.0,"MPG":14.5611111111,"EWA":0.4315062215,"PER":15.7837209374,"WS":0.3875393228,"OWS":0.27675218,"DWS":0.1107871427,"EFF":5.9166666667,"GmSc":3.7083333333,"TS%":51.036941024,"EFG%":47.3214285714,"PPWS":1.0132689988,"FTR":0.2321428571,"REB%":9.7326991182,"OREB%":8.4806648534,"DREB%":11.0797902144,"AR":6.0806453442,"pAST%":21.4693485859,"TOR":4.256451741,"AST\/TO":1.4285714286,"PPR":-0.391284956,"USG%":19.0038655519,"aSP":34.419047619,"ORtg":104.4838125694,"DRtg":98.0130026362,"Floor%":46.2661999299,"Stop%":0.5071618178,"FFI":48.0427343211,"PIE":3.4760491734,"AV":1.164727868},"J. Jabonete":{"TEAM":"MU","SP":35.3333333333,"GP":12.0,"MPG":14.5486111111,"EWA":0.4106300082,"PER":15.5476352261,"WS":0.3182688622,"OWS":0.1082176988,"DWS":0.2100511634,"EFF":6.5833333333,"GmSc":3.5916666667,"TS%":43.4782608696,"EFG%":45.5223880597,"PPWS":0.8634064081,"FTR":0.223880597,"REB%":17.282528187,"OREB%":7.2753868658,"DREB%":28.0494307798,"AR":1.8257609295,"pAST%":6.8920877738,"TOR":2.1300544178,"AST\/TO":0.8571428571,"PPR":-1.7622951458,"USG%":20.2460062402,"aSP":34.9968253968,"ORtg":93.1604992451,"DRtg":91.2969663517,"Floor%":44.9577578607,"Stop%":0.6639641724,"FFI":47.4897279478,"PIE":4.111911827,"AV":1.261830509},"J. Recto":{"TEAM":"MU","SP":47.5714285714,"GP":7.0,"MPG":20.830952381,"EWA":0.271908127,"PER":14.5680992252,"WS":0.1974333536,"OWS":0.0107539336,"DWS":0.18667942,"EFF":9.7142857143,"GmSc":4.8285714286,"TS%":51.2123745819,"EFG%":50.0,"PPWS":1.0160705029,"FTR":0.2558139535,"REB%":14.6725232548,"OREB%":7.258894104,"DREB%":22.6490092825,"AR":5.4648661952,"pAST%":19.4973923011,"TOR":7.2864882603,"AST\/TO":0.75,"PPR":-7.0332006142,"USG%":20.4026123914,"aSP":47.1183673469,"ORtg":86.2762159497,"DRtg":90.3874062472,"Floor%":40.6799671697,"Stop%":0.6852000859,"FFI":48.4673660581,"PIE":3.2640949555,"AV":1.1276190125},"S. Abdulla":{"TEAM":"MU","SP":19.1666666667,"GP":6.0,"MPG":3.5916666666,"EWA":0.1641516353,"PER":26.1306629663,"WS":0.0820464727,"OWS":0.0583015461,"DWS":0.0237449266,"EFF":2.0,"GmSc":1.5333333333,"TS%":79.9418604651,"EFG%":83.3333333333,"PPWS":1.5827338129,"FTR":0.3333333333,"REB%":5.0913163962,"OREB%":0.0,"DREB%":10.5691752521,"AR":4.9303546627,"pAST%":19.3692987393,"TOR":4.9303546627,"AST\/TO":1.0,"PPR":-3.1726461549,"USG%":18.0706093362,"aSP":18.9841269841,"ORtg":121.8067517806,"DRtg":92.4924285397,"Floor%":51.7322768086,"Stop%":0.6360531728,"FFI":62.1007446676,"PIE":0.8478168716,"AV":0.3070199805},"L. Mangubat":{"TEAM":"MU","SP":47.0,"GP":13.0,"MPG":26.8166666667,"EWA":0.0279792952,"PER":10.9813186883,"WS":0.4634793382,"OWS":0.2632909151,"DWS":0.2001884231,"EFF":7.0,"GmSc":4.6923076923,"TS%":43.7728380024,"EFG%":41.4634146341,"PPWS":0.8710471502,"FTR":0.1544715447,"REB%":7.8680882779,"OREB%":5.1615293626,"DREB%":10.7801343125,"AR":3.8096695146,"pAST%":12.9034203158,"TOR":3.2001223922,"AST\/TO":1.1904761905,"PPR":-1.2747767179,"USG%":19.1659311541,"aSP":46.5523809524,"ORtg":95.2001318309,"DRtg":98.7186732924,"Floor%":38.0435332683,"Stop%":0.490686204,"FFI":44.1347142988,"PIE":4.4510385757,"AV":1.4030131757},"A. Fermin":{"TEAM":"MU","SP":15.0,"GP":11.0,"MPG":3.2515151515,"EWA":-0.0861806901,"PER":5.9768540393,"WS":0.0429094564,"OWS":0.0253696636,"DWS":0.0175397928,"EFF":0.7272727273,"GmSc":0.3,"TS%":41.8215613383,"EFG%":33.3333333333,"PPWS":0.8256880734,"FTR":0.4444444444,"REB%":9.2028034954,"OREB%":0.0,"DREB%":19.1043013993,"AR":0.0,"pAST%":0.0,"TOR":0.0,"AST\/TO":null,"PPR":0.0,"USG%":13.1929194216,"aSP":14.8571428571,"ORtg":100.1878217101,"DRtg":99.7080631926,"Floor%":50.093910855,"Stop%":0.4675864679,"FFI":45.0,"PIE":0.2543450615,"AV":0.226515641},"E. Ryan":{"TEAM":"MU","SP":17.9,"GP":10.0,"MPG":6.9266666667,"EWA":-0.1042495466,"PER":7.7948567562,"WS":0.0912912209,"OWS":0.0472922194,"DWS":0.0439990015,"EFF":1.7,"GmSc":0.77,"TS%":32.981530343,"EFG%":33.3333333333,"PPWS":0.6389776358,"FTR":1.5555555556,"REB%":13.4639347576,"OREB%":13.7529494862,"DREB%":13.1529774792,"AR":2.30087172,"pAST%":6.969314367,"TOR":0.0,"AST\/TO":null,"PPR":2.9611873038,"USG%":9.598028134,"aSP":17.7295238095,"ORtg":100.4518341749,"DRtg":97.9991223243,"Floor%":53.0882117535,"Stop%":0.5074858878,"FFI":64.4172565639,"PIE":-0.3815175922,"AV":0.3986735252},"A. Pantaleon":{"TEAM":"MU","SP":15.6,"GP":5.0,"MPG":1.24,"EWA":-0.1143965895,"PER":-26.2666362642,"WS":-0.0453016081,"OWS":-0.0550410636,"DWS":0.0097394555,"EFF":-0.6,"GmSc":-0.58,"TS%":0.0,"EFG%":0.0,"PPWS":0.0,"FTR":0.0,"REB%":0.0,"OREB%":0.0,"DREB%":0.0,"AR":0.0,"pAST%":0.0,"TOR":8.5684792727,"AST\/TO":0.0,"PPR":-16.5412559606,"USG%":28.2927659978,"aSP":15.4514285714,"ORtg":0.0,"DRtg":86.9575758859,"Floor%":0.0,"Stop%":0.7652778957,"FFI":22.8578801818,"PIE":-0.4239084358,"AV":null},"N. Agemenyi":{"TEAM":"MU","SP":18.9,"GP":10.0,"MPG":5.8816666667,"EWA":-0.2057805948,"PER":3.7876566358,"WS":0.0166310418,"OWS":-0.0358449792,"DWS":0.052476021,"EFF":1.6,"GmSc":0.24,"TS%":31.9829424307,"EFG%":32.3529411765,"PPWS":0.6349206349,"FTR":0.2352941176,"REB%":18.6542139426,"OREB%":12.5972358066,"DREB%":25.1710494208,"AR":0.9032230914,"pAST%":2.9326304951,"TOR":2.7096692741,"AST\/TO":0.3333333333,"PPR":-4.0685208767,"USG%":16.2242858302,"aSP":18.72,"ORtg":76.4801991334,"DRtg":94.9665211973,"Floor%":35.957738795,"Stop%":0.578289406,"FFI":43.3126180781,"PIE":-0.2119542179,"AV":0.380952381},"M. Igliane":{"TEAM":"MU","SP":35.5833333333,"GP":12.0,"MPG":20.9625,"EWA":-0.2140875268,"PER":9.1093423622,"WS":0.3052543787,