{"S. Abdulla":{"TEAM":"MU","MINS":28.9499999999,"FGM":4.0,"FGA":6.0,"FG%":66.6666666667,"2PM":2.0,"2PA":3.0,"2P%":66.6666666667,"3PM":2.0,"3PA":3.0,"3P%":66.6666666667,"FTM":1.0,"FTA":2.0,"FT%":50.0,"PTS":11.0,"OFF":0.0,"DEF":2.0,"REB":2.0,"AST":2.0,"TO":3.0,"STL":4.0,"BLK":0.0,"STK":4.0,"PF":3.0,"Fls on:":3.0,"+\/-":5.0,"GW":6.0,"GP":7.0},"E. Ryan":{"TEAM":"MU","MINS":76.3166666666,"FGM":4.0,"FGA":11.0,"FG%":36.3636363636,"2PM":4.0,"2PA":10.0,"2P%":40.0,"3PM":0.0,"3PA":1.0,"3P%":0.0,"FTM":4.0,"FTA":14.0,"FT%":28.5714285714,"PTS":12.0,"OFF":9.0,"DEF":8.0,"REB":17.0,"AST":3.0,"TO":0.0,"STL":1.0,"BLK":3.0,"STK":4.0,"PF":16.0,"Fls on:":10.0,"+\/-":-1.0,"GW":8.0,"GP":11.0},"M. Cuenco":{"TEAM":"MU","MINS":380.5000000001,"FGM":61.0,"FGA":138.0,"FG%":44.2028985507,"2PM":28.0,"2PA":62.0,"2P%":45.1612903226,"3PM":33.0,"3PA":76.0,"3P%":43.4210526316,"FTM":21.0,"FTA":36.0,"FT%":58.3333333333,"PTS":176.0,"OFF":16.0,"DEF":31.0,"REB":47.0,"AST":44.0,"TO":19.0,"STL":11.0,"BLK":1.0,"STK":12.0,"PF":36.0,"Fls on:":32.0,"+\/-":-4.0,"GW":11.0,"GP":14.0},"A. Fermin":{"TEAM":"MU","MINS":35.7666666665,"FGM":3.0,"FGA":9.0,"FG%":33.3333333333,"2PM":3.0,"2PA":6.0,"2P%":50.0,"3PM":0.0,"3PA":3.0,"3P%":0.0,"FTM":3.0,"FTA":4.0,"FT%":75.0,"PTS":9.0,"OFF":0.0,"DEF":6.0,"REB":6.0,"AST":0.0,"TO":0.0,"STL":0.0,"BLK":0.0,"STK":0.0,"PF":5.0,"Fls on:":3.0,"+\/-":-6.0,"GW":9.0,"GP":11.0},"J. Jabonete":{"TEAM":"MU","MINS":177.1333333334,"FGM":30.0,"FGA":72.0,"FG%":41.6666666667,"2PM":27.0,"2PA":54.0,"2P%":50.0,"3PM":3.0,"3PA":18.0,"3P%":16.6666666667,"FTM":3.0,"FTA":15.0,"FT%":20.0,"PTS":66.0,"OFF":15.0,"DEF":43.0,"REB":58.0,"AST":6.0,"TO":7.0,"STL":6.0,"BLK":5.0,"STK":11.0,"PF":22.0,"Fls on:":18.0,"+\/-":-4.0,"GW":10.0,"GP":13.0},"L. Mangubat":{"TEAM":"MU","MINS":378.2,"FGM":44.0,"FGA":136.0,"FG%":32.3529411765,"2PM":14.0,"2PA":40.0,"2P%":35.0,"3PM":30.0,"3PA":96.0,"3P%":31.25,"FTM":13.0,"FTA":19.0,"FT%":68.4210526316,"PTS":131.0,"OFF":17.0,"DEF":38.0,"REB":55.0,"AST":27.0,"TO":22.0,"STL":13.0,"BLK":0.0,"STK":13.0,"PF":30.0,"Fls on:":25.0,"+\/-":72.0,"GW":11.0,"GP":14.0},"N. Agemenyi":{"TEAM":"MU","MINS":58.8166666665,"FGM":5.0,"FGA":17.0,"FG%":29.4117647059,"2PM":4.0,"2PA":9.0,"2P%":44.4444444444,"3PM":1.0,"3PA":8.0,"3P%":12.5,"FTM":1.0,"FTA":4.0,"FT%":25.0,"PTS":12.0,"OFF":7.0,"DEF":13.0,"REB":20.0,"AST":1.0,"TO":3.0,"STL":1.0,"BLK":0.0,"STK":1.0,"PF":15.0,"Fls on:":5.0,"+\/-":-33.0,"GW":8.0,"GP":10.0},"C. Escamis":{"TEAM":"MU","MINS":457.6999999999,"FGM":70.0,"FGA":208.0,"FG%":33.6538461538,"2PM":43.0,"2PA":88.0,"2P%":48.8636363636,"3PM":27.0,"3PA":120.0,"3P%":22.5,"FTM":49.0,"FTA":67.0,"FT%":73.1343283582,"PTS":216.0,"OFF":13.0,"DEF":39.0,"REB":52.0,"AST":56.0,"TO":34.0,"STL":27.0,"BLK":5.0,"STK":32.0,"PF":29.0,"Fls on:":60.0,"+\/-":76.0,"GW":11.0,"GP":14.0},"J. Bancale":{"TEAM":"MU","MINS":177.15,"FGM":23.0,"FGA":56.0,"FG%":41.0714285714,"2PM":16.0,"2PA":34.0,"2P%":47.0588235294,"3PM":7.0,"3PA":22.0,"3P%":31.8181818182,"FTM":10.0,"FTA":13.0,"FT%":76.9230769231,"PTS":63.0,"OFF":14.0,"DEF":17.0,"REB":31.0,"AST":20.0,"TO":14.0,"STL":7.0,"BLK":0.0,"STK":7.0,"PF":24.0,"Fls on:":14.0,"+\/-":11.0,"GW":10.0,"GP":13.0},"Y. Concepcion":{"TEAM":"MU","MINS":216.1166666666,"FGM":25.0,"FGA":52.0,"FG%":48.0769230769,"2PM":24.0,"2PA":47.0,"2P%":51.0638297872,"3PM":1.0,"3PA":5.0,"3P%":20.0,"FTM":17.0,"FTA":26.0,"FT%":65.3846153846,"PTS":68.0,"OFF":35.0,"DEF":32.0,"REB":67.0,"AST":7.0,"TO":12.0,"STL":10.0,"BLK":7.0,"STK":17.0,"PF":32.0,"Fls on:":18.0,"+\/-":4.0,"GW":11.0,"GP":14.0},"J. Recto":{"TEAM":"MU","MINS":167.6833333334,"FGM":21.0,"FGA":50.0,"FG%":42.0,"2PM":18.0,"2PA":36.0,"2P%":50.0,"3PM":3.0,"3PA":14.0,"3P%":21.4285714286,"FTM":8.0,"FTA":13.0,"FT%":61.5384615385,"PTS":53.0,"OFF":12.0,"DEF":36.0,"REB":48.0,"AST":20.0,"TO":23.0,"STL":12.0,"BLK":5.0,"STK":17.0,"PF":26.0,"Fls on:":14.0,"+\/-":-23.0,"GW":6.0,"GP":8.0},"A. Pantaleon":{"TEAM":"MU","MINS":6.2,"FGM":0.0,"FGA":3.0,"FG%":0.0,"2PM":0.0,"2PA":2.0,"2P%":0.0,"3PM":0.0,"3PA":1.0,"3P%":0.0,"FTM":0.0,"FTA":0.0,"FT%":0.0,"PTS":0.0,"OFF":0.0,"DEF":0.0,"REB":0.0,"AST":0.0,"TO":1.0,"STL":1.0,"BLK":0.0,"STK":1.0,"PF":2.0,"Fls on:":0.0,"+\/-":-5.0,"GW":5.0,"GP":5.0},"J. Garcia":{"TEAM":"MU","MINS":36.0,"FGM":2.0,"FGA":15.0,"FG%":13.3333333333,"2PM":0.0,"2PA":1.0,"2P%":0.0,"3PM":2.0,"3PA":14.0,"3P%":14.2857142857,"FTM":2.0,"FTA":2.0,"FT%":100.0,"PTS":8.0,"OFF":1.0,"DEF":1.0,"REB":2.0,"AST":2.0,"TO":2.0,"STL":0.0,"BLK":0.0,"STK":0.0,"PF":9.0,"Fls on:":2.0,"+\/-":-24.0,"GW":5.0,"GP":6.0},"C. Hubilla":{"TEAM":"MU","MINS":355.0333333333,"FGM":67.0,"FGA":137.0,"FG%":48.9051094891,"2PM":63.0,"2PA":128.0,"2P%":49.21875,"3PM":4.0,"3PA":9.0,"3P%":44.4444444444,"FTM":45.0,"FTA":70.0,"FT%":64.2857142857,"PTS":183.0,"OFF":26.0,"DEF":60.0,"REB":86.0,"AST":22.0,"TO":34.0,"STL":9.0,"BLK":3.0,"STK":12.0,"PF":46.0,"Fls on:":50.0,"+\/-":64.0,"GW":11.0,"GP":14.0},"M. Igliane":{"TEAM":"MU","MINS":272.2666666666,"FGM":15.0,"FGA":51.0,"FG%":29.4117647059,"2PM":9.0,"2PA":25.0,"2P%":36.0,"3PM":6.0,"3PA":26.0,"3P%":23.0769230769,"FTM":14.0,"FTA":22.0,"FT%":63.6363636364,"PTS":50.0,"OFF":21.0,"DEF":45.0,"REB":66.0,"AST":16.0,"TO":16.0,"STL":5.0,"BLK":6.0,"STK":11.0,"PF":37.0,"Fls on:":21.0,"+\/-":69.0,"GW":10.0,"GP":13.0}}