{"A. Fermin":{"TEAM":"MU","MINS":45.2166666665,"FGM":3.0,"FGA":11.0,"FG%":27.2727272727,"2PM":3.0,"2PA":7.0,"2P%":42.8571428571,"3PM":0.0,"3PA":4.0,"3P%":0.0,"FTM":3.0,"FTA":4.0,"FT%":75.0,"PTS":9.0,"OFF":0.0,"DEF":8.0,"REB":8.0,"AST":0.0,"TO":0.0,"STL":0.0,"BLK":0.0,"STK":0.0,"PF":5.0,"Fls on:":3.0,"+\/-":-8.0,"GW":11.0,"GP":13.0},"M. Igliane":{"TEAM":"MU","MINS":352.2499999999,"FGM":18.0,"FGA":64.0,"FG%":28.125,"2PM":12.0,"2PA":35.0,"2P%":34.2857142857,"3PM":6.0,"3PA":29.0,"3P%":20.6896551724,"FTM":15.0,"FTA":24.0,"FT%":62.5,"PTS":57.0,"OFF":25.0,"DEF":60.0,"REB":85.0,"AST":22.0,"TO":17.0,"STL":8.0,"BLK":7.0,"STK":15.0,"PF":49.0,"Fls on:":23.0,"+\/-":85.0,"GW":14.0,"GP":17.0},"Y. Concepcion":{"TEAM":"MU","MINS":308.9333333333,"FGM":44.0,"FGA":82.0,"FG%":53.6585365854,"2PM":41.0,"2PA":74.0,"2P%":55.4054054054,"3PM":3.0,"3PA":8.0,"3P%":37.5,"FTM":18.0,"FTA":28.0,"FT%":64.2857142857,"PTS":109.0,"OFF":41.0,"DEF":45.0,"REB":86.0,"AST":18.0,"TO":15.0,"STL":19.0,"BLK":10.0,"STK":29.0,"PF":41.0,"Fls on:":22.0,"+\/-":30.0,"GW":15.0,"GP":18.0},"M. Cuenco":{"TEAM":"MU","MINS":471.75,"FGM":76.0,"FGA":169.0,"FG%":44.9704142012,"2PM":35.0,"2PA":75.0,"2P%":46.6666666667,"3PM":41.0,"3PA":94.0,"3P%":43.6170212766,"FTM":26.0,"FTA":44.0,"FT%":59.0909090909,"PTS":219.0,"OFF":18.0,"DEF":37.0,"REB":55.0,"AST":52.0,"TO":23.0,"STL":11.0,"BLK":1.0,"STK":12.0,"PF":47.0,"Fls on:":42.0,"+\/-":26.0,"GW":15.0,"GP":18.0},"N. Agemenyi":{"TEAM":"MU","MINS":62.0333333332,"FGM":5.0,"FGA":18.0,"FG%":27.7777777778,"2PM":4.0,"2PA":10.0,"2P%":40.0,"3PM":1.0,"3PA":8.0,"3P%":12.5,"FTM":1.0,"FTA":4.0,"FT%":25.0,"PTS":12.0,"OFF":7.0,"DEF":14.0,"REB":21.0,"AST":1.0,"TO":5.0,"STL":1.0,"BLK":1.0,"STK":2.0,"PF":18.0,"Fls on:":6.0,"+\/-":-37.0,"GW":9.0,"GP":11.0},"A. Pantaleon":{"TEAM":"MU","MINS":6.2,"FGM":0.0,"FGA":3.0,"FG%":0.0,"2PM":0.0,"2PA":2.0,"2P%":0.0,"3PM":0.0,"3PA":1.0,"3P%":0.0,"FTM":0.0,"FTA":0.0,"FT%":0.0,"PTS":0.0,"OFF":0.0,"DEF":0.0,"REB":0.0,"AST":0.0,"TO":1.0,"STL":1.0,"BLK":0.0,"STK":1.0,"PF":2.0,"Fls on:":0.0,"+\/-":-5.0,"GW":5.0,"GP":5.0},"T. Abdullah":{"TEAM":"MU","MINS":52.7333333333,"FGM":6.0,"FGA":14.0,"FG%":42.8571428571,"2PM":2.0,"2PA":4.0,"2P%":50.0,"3PM":4.0,"3PA":10.0,"3P%":40.0,"FTM":4.0,"FTA":6.0,"FT%":66.6666666667,"PTS":20.0,"OFF":1.0,"DEF":3.0,"REB":4.0,"AST":4.0,"TO":4.0,"STL":5.0,"BLK":0.0,"STK":5.0,"PF":10.0,"Fls on:":6.0,"+\/-":1.0,"GW":10.0,"GP":11.0},"E. Ryan":{"TEAM":"MU","MINS":82.7499999999,"FGM":4.0,"FGA":12.0,"FG%":33.3333333333,"2PM":4.0,"2PA":11.0,"2P%":36.3636363636,"3PM":0.0,"3PA":1.0,"3P%":0.0,"FTM":6.0,"FTA":16.0,"FT%":37.5,"PTS":14.0,"OFF":9.0,"DEF":8.0,"REB":17.0,"AST":3.0,"TO":0.0,"STL":2.0,"BLK":3.0,"STK":5.0,"PF":16.0,"Fls on:":11.0,"+\/-":-7.0,"GW":10.0,"GP":13.0},"L. Mangubat":{"TEAM":"MU","MINS":484.0666666667,"FGM":55.0,"FGA":167.0,"FG%":32.9341317365,"2PM":18.0,"2PA":51.0,"2P%":35.2941176471,"3PM":37.0,"3PA":116.0,"3P%":31.8965517241,"FTM":16.0,"FTA":26.0,"FT%":61.5384615385,"PTS":163.0,"OFF":21.0,"DEF":52.0,"REB":73.0,"AST":39.0,"TO":28.0,"STL":18.0,"BLK":0.0,"STK":18.0,"PF":36.0,"Fls on:":31.0,"+\/-":99.0,"GW":15.0,"GP":18.0},"B. Reyno":{"TEAM":"MU","MINS":3.0666666667,"FGM":0.0,"FGA":0.0,"FG%":0.0,"2PM":0.0,"2PA":0.0,"2P%":0.0,"3PM":0.0,"3PA":0.0,"3P%":0.0,"FTM":0.0,"FTA":2.0,"FT%":0.0,"PTS":0.0,"OFF":0.0,"DEF":0.0,"REB":0.0,"AST":0.0,"TO":0.0,"STL":0.0,"BLK":0.0,"STK":0.0,"PF":0.0,"Fls on:":1.0,"+\/-":-8.0,"GW":1.0,"GP":1.0},"J. Garcia":{"TEAM":"MU","MINS":63.5166666666,"FGM":8.0,"FGA":28.0,"FG%":28.5714285714,"2PM":0.0,"2PA":2.0,"2P%":0.0,"3PM":8.0,"3PA":26.0,"3P%":30.7692307692,"FTM":4.0,"FTA":4.0,"FT%":100.0,"PTS":28.0,"OFF":2.0,"DEF":2.0,"REB":4.0,"AST":6.0,"TO":7.0,"STL":1.0,"BLK":0.0,"STK":1.0,"PF":14.0,"Fls on:":3.0,"+\/-":-17.0,"GW":8.0,"GP":9.0},"J. Jabonete":{"TEAM":"MU","MINS":204.5666666668,"FGM":32.0,"FGA":79.0,"FG%":40.5063291139,"2PM":29.0,"2PA":58.0,"2P%":50.0,"3PM":3.0,"3PA":21.0,"3P%":14.2857142857,"FTM":4.0,"FTA":19.0,"FT%":21.0526315789,"PTS":71.0,"OFF":17.0,"DEF":48.0,"REB":65.0,"AST":9.0,"TO":9.0,"STL":7.0,"BLK":6.0,"STK":13.0,"PF":29.0,"Fls on:":21.0,"+\/-":14.0,"GW":13.0,"GP":16.0},"J. Bancale":{"TEAM":"MU","MINS":222.5666666667,"FGM":27.0,"FGA":66.0,"FG%":40.9090909091,"2PM":19.0,"2PA":39.0,"2P%":48.7179487179,"3PM":8.0,"3PA":27.0,"3P%":29.6296296296,"FTM":16.0,"FTA":21.0,"FT%":76.1904761905,"PTS":78.0,"OFF":14.0,"DEF":21.0,"REB":35.0,"AST":24.0,"TO":18.0,"STL":7.0,"BLK":0.0,"STK":7.0,"PF":28.0,"Fls on:":19.0,"+\/-":-5.0,"GW":14.0,"GP":17.0},"J. Recto":{"TEAM":"MU","MINS":241.3666666667,"FGM":30.0,"FGA":69.0,"FG%":43.4782608696,"2PM":26.0,"2PA":53.0,"2P%":49.0566037736,"3PM":4.0,"3PA":16.0,"3P%":25.0,"FTM":20.0,"FTA":35.0,"FT%":57.1428571429,"PTS":84.0,"OFF":16.0,"DEF":52.0,"REB":68.0,"AST":28.0,"TO":28.0,"STL":16.0,"BLK":7.0,"STK":23.0,"PF":33.0,"Fls on:":27.0,"+\/-":5.0,"GW":10.0,"GP":12.0},"C. Hubilla":{"TEAM":"MU","MINS":455.1999999999,"FGM":84.0,"FGA":173.0,"FG%":48.5549132948,"2PM":79.0,"2PA":159.0,"2P%":49.6855345912,"3PM":5.0,"3PA":14.0,"3P%":35.7142857143,"FTM":59.0,"FTA":87.0,"FT%":67.816091954,"PTS":232.0,"OFF":34.0,"DEF":80.0,"REB":114.0,"AST":32.0,"TO":47.0,"STL":10.0,"BLK":4.0,"STK":14.0,"PF":57.0,"Fls on:":67.0,"+\/-":98.0,"GW":15.0,"GP":18.0},"C. Escamis":{"TEAM":"MU","MINS":567.2833333332,"FGM":88.0,"FGA":259.0,"FG%":33.9768339768,"2PM":54.0,"2PA":108.0,"2P%":50.0,"3PM":34.0,"3PA":151.0,"3P%":22.5165562914,"FTM":68.0,"FTA":90.0,"FT%":75.5555555556,"PTS":278.0,"OFF":14.0,"DEF":51.0,"REB":65.0,"AST":72.0,"TO":42.0,"STL":34.0,"BLK":5.0,"STK":39.0,"PF":33.0,"Fls on:":74.0,"+\/-":120.0,"GW":15.0,"GP":18.0}}