{"Y. Concepcion":{"TEAM":"MU","MINS":190.5166666666,"FGM":23.0,"FGA":48.0,"FG%":47.9166666667,"2PM":22.0,"2PA":43.0,"2P%":51.1627906977,"3PM":1.0,"3PA":5.0,"3P%":20.0,"FTM":15.0,"FTA":24.0,"FT%":62.5,"PTS":62.0,"OFF":33.0,"DEF":26.0,"REB":59.0,"AST":6.0,"TO":12.0,"STL":10.0,"BLK":6.0,"STK":16.0,"PF":29.0,"Fls on:":17.0,"+\/-":-9.0,"GW":10.0,"GP":13.0},"A. Pantaleon":{"TEAM":"MU","MINS":6.2,"FGM":0.0,"FGA":3.0,"FG%":0.0,"2PM":0.0,"2PA":2.0,"2P%":0.0,"3PM":0.0,"3PA":1.0,"3P%":0.0,"FTM":0.0,"FTA":0.0,"FT%":0.0,"PTS":0.0,"OFF":0.0,"DEF":0.0,"REB":0.0,"AST":0.0,"TO":1.0,"STL":1.0,"BLK":0.0,"STK":1.0,"PF":2.0,"Fls on:":0.0,"+\/-":-5.0,"GW":5.0,"GP":5.0},"N. Agemenyi":{"TEAM":"MU","MINS":58.8166666665,"FGM":5.0,"FGA":17.0,"FG%":29.4117647059,"2PM":4.0,"2PA":9.0,"2P%":44.4444444444,"3PM":1.0,"3PA":8.0,"3P%":12.5,"FTM":1.0,"FTA":4.0,"FT%":25.0,"PTS":12.0,"OFF":7.0,"DEF":13.0,"REB":20.0,"AST":1.0,"TO":3.0,"STL":1.0,"BLK":0.0,"STK":1.0,"PF":15.0,"Fls on:":5.0,"+\/-":-33.0,"GW":8.0,"GP":10.0},"C. Hubilla":{"TEAM":"MU","MINS":333.1333333333,"FGM":61.0,"FGA":127.0,"FG%":48.031496063,"2PM":57.0,"2PA":119.0,"2P%":47.8991596639,"3PM":4.0,"3PA":8.0,"3P%":50.0,"FTM":43.0,"FTA":66.0,"FT%":65.1515151515,"PTS":169.0,"OFF":24.0,"DEF":60.0,"REB":84.0,"AST":21.0,"TO":32.0,"STL":8.0,"BLK":3.0,"STK":11.0,"PF":41.0,"Fls on:":47.0,"+\/-":63.0,"GW":10.0,"GP":13.0},"M. Igliane":{"TEAM":"MU","MINS":251.5499999999,"FGM":14.0,"FGA":45.0,"FG%":31.1111111111,"2PM":8.0,"2PA":23.0,"2P%":34.7826086957,"3PM":6.0,"3PA":22.0,"3P%":27.2727272727,"FTM":12.0,"FTA":18.0,"FT%":66.6666666667,"PTS":46.0,"OFF":20.0,"DEF":42.0,"REB":62.0,"AST":15.0,"TO":14.0,"STL":5.0,"BLK":5.0,"STK":10.0,"PF":33.0,"Fls on:":17.0,"+\/-":72.0,"GW":9.0,"GP":12.0},"S. Abdulla":{"TEAM":"MU","MINS":21.5499999999,"FGM":4.0,"FGA":6.0,"FG%":66.6666666667,"2PM":2.0,"2PA":3.0,"2P%":66.6666666667,"3PM":2.0,"3PA":3.0,"3P%":66.6666666667,"FTM":1.0,"FTA":2.0,"FT%":50.0,"PTS":11.0,"OFF":0.0,"DEF":2.0,"REB":2.0,"AST":2.0,"TO":2.0,"STL":2.0,"BLK":0.0,"STK":2.0,"PF":2.0,"Fls on:":3.0,"+\/-":5.0,"GW":5.0,"GP":6.0},"C. Escamis":{"TEAM":"MU","MINS":425.3333333332,"FGM":66.0,"FGA":196.0,"FG%":33.6734693878,"2PM":41.0,"2PA":85.0,"2P%":48.2352941176,"3PM":25.0,"3PA":111.0,"3P%":22.5225225225,"FTM":49.0,"FTA":67.0,"FT%":73.1343283582,"PTS":206.0,"OFF":13.0,"DEF":36.0,"REB":49.0,"AST":52.0,"TO":33.0,"STL":26.0,"BLK":4.0,"STK":30.0,"PF":27.0,"Fls on:":60.0,"+\/-":73.0,"GW":10.0,"GP":13.0},"L. Mangubat":{"TEAM":"MU","MINS":348.6166666667,"FGM":38.0,"FGA":123.0,"FG%":30.8943089431,"2PM":12.0,"2PA":36.0,"2P%":33.3333333333,"3PM":26.0,"3PA":87.0,"3P%":29.8850574713,"FTM":13.0,"FTA":19.0,"FT%":68.4210526316,"PTS":115.0,"OFF":17.0,"DEF":33.0,"REB":50.0,"AST":25.0,"TO":21.0,"STL":13.0,"BLK":0.0,"STK":13.0,"PF":30.0,"Fls on:":25.0,"+\/-":69.0,"GW":10.0,"GP":13.0},"J. Garcia":{"TEAM":"MU","MINS":32.1166666667,"FGM":2.0,"FGA":12.0,"FG%":16.6666666667,"2PM":0.0,"2PA":0.0,"2P%":0.0,"3PM":2.0,"3PA":12.0,"3P%":16.6666666667,"FTM":2.0,"FTA":2.0,"FT%":100.0,"PTS":8.0,"OFF":1.0,"DEF":1.0,"REB":2.0,"AST":2.0,"TO":2.0,"STL":0.0,"BLK":0.0,"STK":0.0,"PF":8.0,"Fls on:":2.0,"+\/-":-22.0,"GW":4.0,"GP":5.0},"E. Ryan":{"TEAM":"MU","MINS":69.2666666666,"FGM":3.0,"FGA":9.0,"FG%":33.3333333333,"2PM":3.0,"2PA":8.0,"2P%":37.5,"3PM":0.0,"3PA":1.0,"3P%":0.0,"FTM":4.0,"FTA":14.0,"FT%":28.5714285714,"PTS":10.0,"OFF":9.0,"DEF":8.0,"REB":17.0,"AST":3.0,"TO":0.0,"STL":1.0,"BLK":2.0,"STK":3.0,"PF":16.0,"Fls on:":10.0,"+\/-":-2.0,"GW":7.0,"GP":10.0},"J. Jabonete":{"TEAM":"MU","MINS":174.5833333334,"FGM":29.0,"FGA":67.0,"FG%":43.2835820896,"2PM":26.0,"2PA":49.0,"2P%":53.0612244898,"3PM":3.0,"3PA":18.0,"3P%":16.6666666667,"FTM":3.0,"FTA":15.0,"FT%":20.0,"PTS":64.0,"OFF":12.0,"DEF":43.0,"REB":55.0,"AST":6.0,"TO":7.0,"STL":6.0,"BLK":5.0,"STK":11.0,"PF":22.0,"Fls on:":18.0,"+\/-":-2.0,"GW":9.0,"GP":12.0},"A. Fermin":{"TEAM":"MU","MINS":35.7666666665,"FGM":3.0,"FGA":9.0,"FG%":33.3333333333,"2PM":3.0,"2PA":6.0,"2P%":50.0,"3PM":0.0,"3PA":3.0,"3P%":0.0,"FTM":3.0,"FTA":4.0,"FT%":75.0,"PTS":9.0,"OFF":0.0,"DEF":6.0,"REB":6.0,"AST":0.0,"TO":0.0,"STL":0.0,"BLK":0.0,"STK":0.0,"PF":5.0,"Fls on:":3.0,"+\/-":-6.0,"GW":9.0,"GP":11.0},"J. Recto":{"TEAM":"MU","MINS":145.8166666667,"FGM":20.0,"FGA":43.0,"FG%":46.511627907,"2PM":17.0,"2PA":32.0,"2P%":53.125,"3PM":3.0,"3PA":11.0,"3P%":27.2727272727,"FTM":6.0,"FTA":11.0,"FT%":54.5454545455,"PTS":49.0,"OFF":10.0,"DEF":29.0,"REB":39.0,"AST":15.0,"TO":20.0,"STL":8.0,"BLK":5.0,"STK":13.0,"PF":22.0,"Fls on:":12.0,"+\/-":-19.0,"GW":5.0,"GP":7.0},"J. Bancale":{"TEAM":"MU","MINS":174.7333333333,"FGM":23.0,"FGA":56.0,"FG%":41.0714285714,"2PM":16.0,"2PA":34.0,"2P%":47.0588235294,"3PM":7.0,"3PA":22.0,"3P%":31.8181818182,"FTM":10.0,"FTA":13.0,"FT%":76.9230769231,"PTS":63.0,"OFF":14.0,"DEF":17.0,"REB":31.0,"AST":20.0,"TO":14.0,"STL":7.0,"BLK":0.0,"STK":7.0,"PF":23.0,"Fls on:":14.0,"+\/-":16.0,"GW":9.0,"GP":12.0},"M. Cuenco":{"TEAM":"MU","MINS":355.8833333334,"FGM":58.0,"FGA":130.0,"FG%":44.6153846154,"2PM":28.0,"2PA":60.0,"2P%":46.6666666667,"3PM":30.0,"3PA":70.0,"3P%":42.8571428571,"FTM":19.0,"FTA":30.0,"FT%":63.3333333333,"PTS":165.0,"OFF":16.0,"DEF":30.0,"REB":46.0,"AST":39.0,"TO":18.0,"STL":11.0,"BLK":1.0,"STK":12.0,"PF":33.0,"Fls on:":29.0,"+\/-":-4.0,"GW":10.0,"GP":13.0}}