{"J. Recto":{"TEAM":"MU","MINS":102.2166666667,"FGM":12.0,"FGA":29.0,"FG%":41.3793103448,"2PM":10.0,"2PA":21.0,"2P%":47.619047619,"3PM":2.0,"3PA":8.0,"3P%":25.0,"FTM":5.0,"FTA":10.0,"FT%":50.0,"PTS":31.0,"OFF":6.0,"DEF":22.0,"REB":28.0,"AST":10.0,"TO":15.0,"STL":5.0,"BLK":5.0,"STK":10.0,"PF":15.0,"Fls on:":10.0,"+\/-":-3.0,"GP":5.0},"N. Agemenyi":{"TEAM":"MU","MINS":58.8166666665,"FGM":5.0,"FGA":17.0,"FG%":29.4117647059,"2PM":4.0,"2PA":9.0,"2P%":44.4444444444,"3PM":1.0,"3PA":8.0,"3P%":12.5,"FTM":1.0,"FTA":4.0,"FT%":25.0,"PTS":12.0,"OFF":7.0,"DEF":13.0,"REB":20.0,"AST":1.0,"TO":3.0,"STL":1.0,"BLK":0.0,"STK":1.0,"PF":15.0,"Fls on:":5.0,"+\/-":-33.0,"GP":10.0},"A. Pantaleon":{"TEAM":"MU","MINS":6.2,"FGM":0.0,"FGA":3.0,"FG%":0.0,"2PM":0.0,"2PA":2.0,"2P%":0.0,"3PM":0.0,"3PA":1.0,"3P%":0.0,"FTM":0.0,"FTA":0.0,"FT%":0.0,"PTS":0.0,"OFF":0.0,"DEF":0.0,"REB":0.0,"AST":0.0,"TO":1.0,"STL":1.0,"BLK":0.0,"STK":1.0,"PF":2.0,"Fls on:":0.0,"+\/-":-5.0,"GP":5.0},"S. Abdulla":{"TEAM":"MU","MINS":8.8833333333,"FGM":1.0,"FGA":2.0,"FG%":50.0,"2PM":1.0,"2PA":2.0,"2P%":50.0,"3PM":0.0,"3PA":0.0,"3P%":0.0,"FTM":0.0,"FTA":0.0,"FT%":0.0,"PTS":2.0,"OFF":0.0,"DEF":0.0,"REB":0.0,"AST":1.0,"TO":1.0,"STL":1.0,"BLK":0.0,"STK":1.0,"PF":0.0,"Fls on:":0.0,"+\/-":-5.0,"GP":4.0},"M. Igliane":{"TEAM":"MU","MINS":234.0166666666,"FGM":13.0,"FGA":39.0,"FG%":33.3333333333,"2PM":8.0,"2PA":22.0,"2P%":36.3636363636,"3PM":5.0,"3PA":17.0,"3P%":29.4117647059,"FTM":12.0,"FTA":18.0,"FT%":66.6666666667,"PTS":43.0,"OFF":19.0,"DEF":40.0,"REB":59.0,"AST":13.0,"TO":14.0,"STL":4.0,"BLK":4.0,"STK":8.0,"PF":30.0,"Fls on:":16.0,"+\/-":64.0,"GP":11.0},"J. Jabonete":{"TEAM":"MU","MINS":138.5666666667,"FGM":21.0,"FGA":50.0,"FG%":42.0,"2PM":19.0,"2PA":37.0,"2P%":51.3513513514,"3PM":2.0,"3PA":13.0,"3P%":15.3846153846,"FTM":3.0,"FTA":11.0,"FT%":27.2727272727,"PTS":47.0,"OFF":11.0,"DEF":37.0,"REB":48.0,"AST":5.0,"TO":7.0,"STL":5.0,"BLK":5.0,"STK":10.0,"PF":19.0,"Fls on:":11.0,"+\/-":-2.0,"GP":10.0},"E. Ryan":{"TEAM":"MU","MINS":66.6833333333,"FGM":3.0,"FGA":9.0,"FG%":33.3333333333,"2PM":3.0,"2PA":8.0,"2P%":37.5,"3PM":0.0,"3PA":1.0,"3P%":0.0,"FTM":4.0,"FTA":12.0,"FT%":33.3333333333,"PTS":10.0,"OFF":9.0,"DEF":8.0,"REB":17.0,"AST":3.0,"TO":0.0,"STL":1.0,"BLK":2.0,"STK":3.0,"PF":12.0,"Fls on:":9.0,"+\/-":3.0,"GP":9.0},"J. Garcia":{"TEAM":"MU","MINS":28.15,"FGM":2.0,"FGA":12.0,"FG%":16.6666666667,"2PM":0.0,"2PA":0.0,"2P%":0.0,"3PM":2.0,"3PA":12.0,"3P%":16.6666666667,"FTM":0.0,"FTA":0.0,"FT%":0.0,"PTS":6.0,"OFF":1.0,"DEF":1.0,"REB":2.0,"AST":2.0,"TO":2.0,"STL":0.0,"BLK":0.0,"STK":0.0,"PF":7.0,"Fls on:":1.0,"+\/-":-11.0,"GP":4.0},"C. Hubilla":{"TEAM":"MU","MINS":263.2,"FGM":46.0,"FGA":99.0,"FG%":46.4646464646,"2PM":44.0,"2PA":95.0,"2P%":46.3157894737,"3PM":2.0,"3PA":4.0,"3P%":50.0,"FTM":39.0,"FTA":60.0,"FT%":65.0,"PTS":133.0,"OFF":18.0,"DEF":47.0,"REB":65.0,"AST":10.0,"TO":21.0,"STL":7.0,"BLK":2.0,"STK":9.0,"PF":37.0,"Fls on:":43.0,"+\/-":36.0,"GP":11.0},"A. Fermin":{"TEAM":"MU","MINS":32.8499999999,"FGM":3.0,"FGA":8.0,"FG%":37.5,"2PM":3.0,"2PA":6.0,"2P%":50.0,"3PM":0.0,"3PA":2.0,"3P%":0.0,"FTM":3.0,"FTA":4.0,"FT%":75.0,"PTS":9.0,"OFF":0.0,"DEF":6.0,"REB":6.0,"AST":0.0,"TO":0.0,"STL":0.0,"BLK":0.0,"STK":0.0,"PF":4.0,"Fls on:":3.0,"+\/-":-9.0,"GP":9.0},"L. Mangubat":{"TEAM":"MU","MINS":296.7833333334,"FGM":34.0,"FGA":106.0,"FG%":32.0754716981,"2PM":10.0,"2PA":27.0,"2P%":37.037037037,"3PM":24.0,"3PA":79.0,"3P%":30.3797468354,"FTM":9.0,"FTA":15.0,"FT%":60.0,"PTS":101.0,"OFF":14.0,"DEF":30.0,"REB":44.0,"AST":21.0,"TO":18.0,"STL":11.0,"BLK":0.0,"STK":11.0,"PF":26.0,"Fls on:":20.0,"+\/-":45.0,"GP":11.0},"C. Escamis":{"TEAM":"MU","MINS":357.0499999999,"FGM":61.0,"FGA":173.0,"FG%":35.2601156069,"2PM":37.0,"2PA":75.0,"2P%":49.3333333333,"3PM":24.0,"3PA":98.0,"3P%":24.4897959184,"FTM":48.0,"FTA":65.0,"FT%":73.8461538462,"PTS":194.0,"OFF":11.0,"DEF":35.0,"REB":46.0,"AST":46.0,"TO":28.0,"STL":22.0,"BLK":4.0,"STK":26.0,"PF":22.0,"Fls on:":55.0,"+\/-":49.0,"GP":11.0},"J. Bancale":{"TEAM":"MU","MINS":157.5,"FGM":19.0,"FGA":50.0,"FG%":38.0,"2PM":13.0,"2PA":31.0,"2P%":41.935483871,"3PM":6.0,"3PA":19.0,"3P%":31.5789473684,"FTM":10.0,"FTA":12.0,"FT%":83.3333333333,"PTS":54.0,"OFF":12.0,"DEF":16.0,"REB":28.0,"AST":18.0,"TO":11.0,"STL":4.0,"BLK":0.0,"STK":4.0,"PF":19.0,"Fls on:":12.0,"+\/-":9.0,"GP":10.0},"Y. Concepcion":{"TEAM":"MU","MINS":148.45,"FGM":21.0,"FGA":36.0,"FG%":58.3333333333,"2PM":21.0,"2PA":33.0,"2P%":63.6363636364,"3PM":0.0,"3PA":3.0,"3P%":0.0,"FTM":14.0,"FTA":22.0,"FT%":63.6363636364,"PTS":56.0,"OFF":26.0,"DEF":19.0,"REB":45.0,"AST":1.0,"TO":11.0,"STL":7.0,"BLK":6.0,"STK":13.0,"PF":25.0,"Fls on:":16.0,"+\/-":-9.0,"GP":11.0},"M. Cuenco":{"TEAM":"MU","MINS":324.7,"FGM":53.0,"FGA":119.0,"FG%":44.5378151261,"2PM":27.0,"2PA":58.0,"2P%":46.5517241379,"3PM":26.0,"3PA":61.0,"3P%":42.6229508197,"FTM":15.0,"FTA":22.0,"FT%":68.1818181818,"PTS":147.0,"OFF":14.0,"DEF":27.0,"REB":41.0,"AST":36.0,"TO":15.0,"STL":11.0,"BLK":1.0,"STK":12.0,"PF":29.0,"Fls on:":22.0,"+\/-":12.0,"GP":11.0}}