{"C. Hubilla":{"TEAM":"MU","MINS":25.2888888889,"FGM":5.5360281195,"FGA":11.4015817223,"FG%":48.5549132948,"2PM":5.2065026362,"2PA":10.4789103691,"2P%":49.6855345912,"3PM":0.3295254833,"3PA":0.9226713533,"3P%":35.7142857143,"FTM":3.888400703,"FTA":5.7337434095,"FT%":67.816091954,"PTS":15.2899824253,"OFF":2.2407732865,"DEF":5.2724077329,"REB":7.5131810193,"AST":2.1089630931,"TO":3.0975395431,"STL":0.6590509666,"BLK":0.2636203866,"STK":0.9226713533,"PF":3.7565905097,"Fls on:":4.4156414763,"+\/-":6.4586994728,"GW":15.0,"GP":18.0},"C. Escamis":{"TEAM":"MU","MINS":31.5157407407,"FGM":4.6537591445,"FGA":13.6968593002,"FG%":33.9768339768,"2PM":2.8557158386,"2PA":5.7114316773,"2P%":50.0,"3PM":1.7980433058,"3PA":7.9854276229,"3P%":22.5165562914,"FTM":3.5960866116,"FTA":4.7595263977,"FT%":75.5555555556,"PTS":14.7016482064,"OFF":0.740370773,"DEF":2.6970649587,"REB":3.4374357317,"AST":3.8076211182,"TO":2.2211123189,"STL":1.7980433058,"BLK":0.2644181332,"STK":2.062461439,"PF":1.7451596792,"Fls on:":3.9133883715,"+\/-":6.346035197,"GW":15.0,"GP":18.0},"M. Cuenco":{"TEAM":"MU","MINS":26.2083333333,"FGM":4.8330683625,"FGA":10.747217806,"FG%":44.9704142012,"2PM":2.2257551669,"2PA":4.7694753577,"2P%":46.6666666667,"3PM":2.6073131955,"3PA":5.9777424483,"3P%":43.6170212766,"FTM":1.653418124,"FTA":2.7980922099,"FT%":59.0909090909,"PTS":13.9268680445,"OFF":1.1446740859,"DEF":2.3529411765,"REB":3.4976152623,"AST":3.306836248,"TO":1.4626391097,"STL":0.6995230525,"BLK":0.0635930048,"STK":0.7631160572,"PF":2.9888712242,"Fls on:":2.6709062003,"+\/-":1.653418124,"GW":15.0,"GP":18.0},"J. Garcia":{"TEAM":"MU","MINS":7.0574074074,"FGM":3.7785358174,"FGA":13.2248753608,"FG%":28.5714285714,"2PM":0.0,"2PA":0.9446339543,"2P%":0.0,"3PM":3.7785358174,"3PA":12.2802414065,"3P%":30.7692307692,"FTM":1.8892679087,"FTA":1.8892679087,"FT%":100.0,"PTS":13.2248753608,"OFF":0.9446339543,"DEF":0.9446339543,"REB":1.8892679087,"AST":2.833901863,"TO":3.3062188402,"STL":0.4723169772,"BLK":0.0,"STK":0.4723169772,"PF":6.6124376804,"Fls on:":1.4169509315,"+\/-":-8.0293886119,"GW":8.0,"GP":9.0},"T. Abdullah":{"TEAM":"MU","MINS":4.7939393939,"FGM":3.4134007585,"FGA":7.9646017699,"FG%":42.8571428571,"2PM":1.1378002528,"2PA":2.2756005057,"2P%":50.0,"3PM":2.2756005057,"3PA":5.6890012642,"3P%":40.0,"FTM":2.2756005057,"FTA":3.4134007585,"FT%":66.6666666667,"PTS":11.3780025285,"OFF":0.5689001264,"DEF":1.7067003793,"REB":2.2756005057,"AST":2.2756005057,"TO":2.2756005057,"STL":2.8445006321,"BLK":0.0,"STK":2.8445006321,"PF":5.6890012642,"Fls on:":3.4134007585,"+\/-":0.5689001264,"GW":10.0,"GP":11.0},"Y. Concepcion":{"TEAM":"MU","MINS":17.162962963,"FGM":4.2727665084,"FGA":7.9628830384,"FG%":53.6585365854,"2PM":3.9814415192,"2PA":7.1860164005,"2P%":55.4054054054,"3PM":0.2913249892,"3PA":0.7768666379,"3P%":37.5,"FTM":1.7479499353,"FTA":2.7190332326,"FT%":64.2857142857,"PTS":10.5848079413,"OFF":3.9814415192,"DEF":4.3698748382,"REB":8.3513163574,"AST":1.7479499353,"TO":1.4566249461,"STL":1.845058265,"BLK":0.9710832974,"STK":2.8161415624,"PF":3.9814415192,"Fls on:":2.1363832542,"+\/-":2.9132498921,"GW":15.0,"GP":18.0},"J. Bancale":{"TEAM":"MU","MINS":13.0921568627,"FGM":3.6393589936,"FGA":8.8962108731,"FG%":40.9090909091,"2PM":2.5610304029,"2PA":5.2568518796,"2P%":48.7179487179,"3PM":1.0783285907,"3PA":3.6393589936,"3P%":29.6296296296,"FTM":2.1566571814,"FTA":2.8306125505,"FT%":76.1904761905,"PTS":10.5137037592,"OFF":1.8870750337,"DEF":2.8306125505,"REB":4.7176875842,"AST":3.2349857721,"TO":2.426239329,"STL":0.9435375168,"BLK":0.0,"STK":0.9435375168,"PF":3.7741500674,"Fls on:":2.5610304029,"+\/-":-0.6739553692,"GW":14.0,"GP":17.0},"J. Recto":{"TEAM":"MU","MINS":20.1138888889,"FGM":3.7287667449,"FGA":8.5761635133,"FG%":43.4782608696,"2PM":3.2315978456,"2PA":6.587487916,"2P%":49.0566037736,"3PM":0.4971688993,"3PA":1.9886755973,"3P%":25.0,"FTM":2.4858444966,"FTA":4.3502278691,"FT%":57.1428571429,"PTS":10.4405468858,"OFF":1.9886755973,"DEF":6.4631956912,"REB":8.4518712885,"AST":3.4801822953,"TO":3.4801822953,"STL":1.9886755973,"BLK":0.8700455738,"STK":2.8587211711,"PF":4.1016434194,"Fls on:":3.3558900704,"+\/-":0.6214611242,"GW":10.0,"GP":12.0},"J. Jabonete":{"TEAM":"MU","MINS":12.7854166667,"FGM":4.6928466677,"FGA":11.585465211,"FG%":40.5063291139,"2PM":4.2528922926,"2PA":8.5057845853,"2P%":50.0,"3PM":0.4399543751,"3PA":3.0796806257,"3P%":14.2857142857,"FTM":0.5866058335,"FTA":2.786377709,"FT%":21.0526315789,"PTS":10.4122535441,"OFF":2.4930747922,"DEF":7.0392700016,"REB":9.5323447939,"AST":1.3198631253,"TO":1.3198631253,"STL":1.0265602086,"BLK":0.8799087502,"STK":1.9064689588,"PF":4.2528922926,"Fls on:":3.0796806257,"+\/-":2.0531204171,"GW":13.0,"GP":16.0},"L. Mangubat":{"TEAM":"MU","MINS":26.8925925926,"FGM":3.408621402,"FGA":10.3498140752,"FG%":32.9341317365,"2PM":1.1155488225,"2PA":3.1607216637,"2P%":35.2941176471,"3PM":2.2930725795,"3PA":7.1890924115,"3P%":31.8965517241,"FTM":0.9915989533,"FTA":1.6113482991,"FT%":61.5384615385,"PTS":10.1019143369,"OFF":1.3014736262,"DEF":3.2226965983,"REB":4.5241702245,"AST":2.4170224487,"TO":1.7352981683,"STL":1.1155488225,"BLK":0.0,"STK":1.1155488225,"PF":2.231097645,"Fls on:":1.921222972,"+\/-":6.1355185236,"GW":15.0,"GP":18.0},"A. Fermin":{"TEAM":"MU","MINS":3.4782051282,"FGM":1.9904165131,"FGA":7.2981938813,"FG%":27.2727272727,"2PM":1.9904165131,"2PA":4.6443051972,"2P%":42.8571428571,"3PM":0.0,"3PA":2.6538886841,"3P%":0.0,"FTM":1.9904165131,"FTA":2.6538886841,"FT%":75.0,"PTS":5.9712495393,"OFF":0.0,"DEF":5.3077773682,"REB":5.3077773682,"AST":0.0,"TO":0.0,"STL":0.0,"BLK":0.0,"STK":0.0,"PF":3.3173608552,"Fls on:":1.9904165131,"+\/-":-5.3077773682,"GW":11.0,"GP":13.0},"N. Agemenyi":{"TEAM":"MU","MINS":5.6393939394,"FGM":2.4180548092,"FGA":8.7049973133,"FG%":27.7777777778,"2PM":1.9344438474,"2PA":4.8361096185,"2P%":40.0,"3PM":0.4836109618,"3PA":3.8688876948,"3P%":12.5,"FTM":0.4836109618,"FTA":1.9344438474,"FT%":25.0,"PTS":5.8033315422,"OFF":3.3852767329,"DEF":6.7705534659,"REB":10.1558301988,"AST":0.4836109618,"TO":2.4180548092,"STL":0.4836109618,"BLK":0.4836109618,"STK":0.9672219237,"PF":8.7049973133,"Fls on:":2.9016657711,"+\/-":-17.8936055884,"GW":9.0,"GP":11.0},"E. Ryan":{"TEAM":"MU","MINS":6.3653846154,"FGM":1.4501510574,"FGA":4.3504531722,"FG%":33.3333333333,"2PM":1.4501510574,"2PA":3.9879154079,"2P%":36.3636363636,"3PM":0.0,"3PA":0.3625377644,"3P%":0.0,"FTM":2.1752265861,"FTA":5.8006042296,"FT%":37.5,"PTS":5.0755287009,"OFF":3.2628398792,"DEF":2.9003021148,"REB":6.163141994,"AST":1.0876132931,"TO":0.0,"STL":0.7250755287,"BLK":1.0876132931,"STK":1.8126888218,"PF":5.8006042296,"Fls on:":3.9879154079,"+\/-":-2.5377643505,"GW":10.0,"GP":13.0},"M. Igliane":{"TEAM":"MU","MINS":20.7205882353,"FGM":1.5330021292,"FGA":5.450674237,"FG%":28.125,"2PM":1.0220014194,"2PA":2.9808374734,"2P%":34.2857142857,"3PM":0.5110007097,"3PA":2.4698367637,"3P%":20.6896551724,"FTM":1.2775017743,"FTA":2.0440028389,"FT%":62.5,"PTS":4.8545067424,"OFF":2.1291696238,"DEF":5.1100070972,"REB":7.2391767211,"AST":1.873669269,"TO":1.4478353442,"STL":0.6813342796,"BLK":0.5961674947,"STK":1.2775017743,"PF":4.1731724627,"Fls on:":1.9588360539,"+\/-":7.2391767211,"GW":14.0,"GP":17.0},"A. Pantaleon":{"TEAM":"MU","MINS":1.24,"FGM":0.0,"FGA":14.5161290323,"FG%":0.0,"2PM":0.0,"2PA":9.6774193548,"2P%":0.0,"3PM":0.0,"3PA":4.8387096774,"3P%":0.0,"FTM":0.0,"FTA":0.0,"FT%":0.0,"PTS":0.0,"OFF":0.0,"DEF":0.0,"REB":0.0,"AST":0.0,"TO":4.8387096774,"STL":4.8387096774,"BLK":0.0,"STK":4.8387096774,"PF":9.6774193548,"Fls on:":0.0,"+\/-":-24.1935483871,"GW":5.0,"GP":5.0},"B. Reyno":{"TEAM":"MU","MINS":3.0666666667,"FGM":0.0,"FGA":0.0,"FG%":0.0,"2PM":0.0,"2PA":0.0,"2P%":0.0,"3PM":0.0,"3PA":0.0,"3P%":0.0,"FTM":0.0,"FTA":19.5652173911,"FT%":0.0,"PTS":0.0,"OFF":0.0,"DEF":0.0,"REB":0.0,"AST":0.0,"TO":0.0,"STL":0.0,"BLK":0.0,"STK":0.0,"PF":0.0,"Fls on:":9.7826086955,"+\/-":-78.2608695644,"GW":1.0,"GP":1.0}}