{"Y. Concepcion":{"TEAM":"MU","MINS":14.6551282051,"FGM":3.6217303823,"FGA":7.5583938413,"FG%":47.9166666667,"2PM":3.4642638439,"2PA":6.7710611495,"2P%":51.1627906977,"3PM":0.1574665384,"3PA":0.7873326918,"3P%":20.0,"FTM":2.3619980754,"FTA":3.7791969207,"FT%":62.5,"PTS":9.7629253784,"OFF":5.1963957659,"DEF":4.0941299974,"REB":9.2905257633,"AST":0.9447992302,"TO":1.8895984603,"STL":1.5746653836,"BLK":0.9447992302,"STK":2.5194646138,"PF":4.5665296125,"Fls on:":2.6769311521,"+\/-":-1.4171988452,"GW":10.0,"GP":13.0},"A. Pantaleon":{"TEAM":"MU","MINS":1.24,"FGM":0.0,"FGA":14.5161290323,"FG%":0.0,"2PM":0.0,"2PA":9.6774193548,"2P%":0.0,"3PM":0.0,"3PA":4.8387096774,"3P%":0.0,"FTM":0.0,"FTA":0.0,"FT%":0.0,"PTS":0.0,"OFF":0.0,"DEF":0.0,"REB":0.0,"AST":0.0,"TO":4.8387096774,"STL":4.8387096774,"BLK":0.0,"STK":4.8387096774,"PF":9.6774193548,"Fls on:":0.0,"+\/-":-24.1935483871,"GW":5.0,"GP":5.0},"N. Agemenyi":{"TEAM":"MU","MINS":5.8816666667,"FGM":2.5502975347,"FGA":8.671011618,"FG%":29.4117647059,"2PM":2.0402380278,"2PA":4.5905355625,"2P%":44.4444444444,"3PM":0.5100595069,"3PA":4.0804760556,"3P%":12.5,"FTM":0.5100595069,"FTA":2.0402380278,"FT%":25.0,"PTS":6.1207140833,"OFF":3.5704165486,"DEF":6.6307735903,"REB":10.2011901389,"AST":0.5100595069,"TO":1.5301785208,"STL":0.5100595069,"BLK":0.0,"STK":0.5100595069,"PF":7.6508926042,"Fls on:":2.5502975347,"+\/-":-16.8319637291,"GW":8.0,"GP":10.0},"C. Hubilla":{"TEAM":"MU","MINS":25.6256410256,"FGM":5.4932959776,"FGA":11.4368621173,"FG%":48.031496063,"2PM":5.1330798479,"2PA":10.7164298579,"2P%":47.8991596639,"3PM":0.3602161297,"3PA":0.7204322594,"3P%":50.0,"FTM":3.872323394,"FTA":5.9435661397,"FT%":65.1515151515,"PTS":15.2191314789,"OFF":2.1612967781,"DEF":5.4032419452,"REB":7.5645387232,"AST":1.8911346808,"TO":2.8817290374,"STL":0.7204322594,"BLK":0.2701620973,"STK":0.9905943566,"PF":3.6922153292,"Fls on:":4.2325395237,"+\/-":5.6734040424,"GW":10.0,"GP":13.0},"M. Igliane":{"TEAM":"MU","MINS":20.9625,"FGM":1.6696481813,"FGA":5.366726297,"FG%":31.1111111111,"2PM":0.954084675,"2PA":2.7429934407,"2P%":34.7826086957,"3PM":0.7155635063,"3PA":2.6237328563,"3P%":27.2727272727,"FTM":1.4311270125,"FTA":2.1466905188,"FT%":66.6666666667,"PTS":5.4859868813,"OFF":2.3852116875,"DEF":5.0089445438,"REB":7.3941562314,"AST":1.7889087657,"TO":1.6696481813,"STL":0.5963029219,"BLK":0.5963029219,"STK":1.1926058438,"PF":3.9355992844,"Fls on:":2.0274299344,"+\/-":8.5867620751,"GW":9.0,"GP":12.0},"S. Abdulla":{"TEAM":"MU","MINS":3.5916666666,"FGM":5.5684454757,"FGA":8.3526682135,"FG%":66.6666666667,"2PM":2.7842227378,"2PA":4.1763341067,"2P%":66.6666666667,"3PM":2.7842227378,"3PA":4.1763341067,"3P%":66.6666666667,"FTM":1.3921113689,"FTA":2.7842227378,"FT%":50.0,"PTS":15.3132250581,"OFF":0.0,"DEF":2.7842227378,"REB":2.7842227378,"AST":2.7842227378,"TO":2.7842227378,"STL":2.7842227378,"BLK":0.0,"STK":2.7842227378,"PF":2.7842227378,"Fls on:":4.1763341067,"+\/-":6.9605568446,"GW":5.0,"GP":6.0},"C. Escamis":{"TEAM":"MU","MINS":32.7179487179,"FGM":4.6551724138,"FGA":13.8244514107,"FG%":33.6734693878,"2PM":2.8918495298,"2PA":5.9952978056,"2P%":48.2352941176,"3PM":1.763322884,"3PA":7.829153605,"3P%":22.5225225225,"FTM":3.4561128527,"FTA":4.7257053292,"FT%":73.1343283582,"PTS":14.5297805643,"OFF":0.9169278997,"DEF":2.539184953,"REB":3.4561128527,"AST":3.6677115987,"TO":2.3275862069,"STL":1.8338557994,"BLK":0.2821316614,"STK":2.1159874608,"PF":1.9043887147,"Fls on:":4.2319749216,"+\/-":5.1489028213,"GW":10.0,"GP":13.0},"L. Mangubat":{"TEAM":"MU","MINS":26.8166666667,"FGM":3.2700674093,"FGA":10.5846918774,"FG%":30.8943089431,"2PM":1.0326528661,"2PA":3.0979585983,"2P%":33.3333333333,"3PM":2.2374145432,"3PA":7.4867332792,"3P%":29.8850574713,"FTM":1.1187072716,"FTA":1.6350337046,"FT%":68.4210526316,"PTS":9.8962566334,"OFF":1.4629248936,"DEF":2.8397953817,"REB":4.3027202754,"AST":2.1513601377,"TO":1.8071425157,"STL":1.1187072716,"BLK":0.0,"STK":1.1187072716,"PF":2.5816321652,"Fls on:":2.1513601377,"+\/-":5.93775398,"GW":10.0,"GP":13.0},"J. Garcia":{"TEAM":"MU","MINS":6.4233333333,"FGM":1.8681888947,"FGA":11.2091333679,"FG%":16.6666666667,"2PM":0.0,"2PA":0.0,"2P%":0.0,"3PM":1.8681888947,"3PA":11.2091333679,"3P%":16.6666666667,"FTM":1.8681888947,"FTA":1.8681888947,"FT%":100.0,"PTS":7.4727555786,"OFF":0.9340944473,"DEF":0.9340944473,"REB":1.8681888947,"AST":1.8681888947,"TO":1.8681888947,"STL":0.0,"BLK":0.0,"STK":0.0,"PF":7.4727555786,"Fls on:":1.8681888947,"+\/-":-20.5500778412,"GW":4.0,"GP":5.0},"E. Ryan":{"TEAM":"MU","MINS":6.9266666667,"FGM":1.2993262753,"FGA":3.8979788258,"FG%":33.3333333333,"2PM":1.2993262753,"2PA":3.4648700674,"2P%":37.5,"3PM":0.0,"3PA":0.4331087584,"3P%":0.0,"FTM":1.7324350337,"FTA":6.0635226179,"FT%":28.5714285714,"PTS":4.3310875842,"OFF":3.8979788258,"DEF":3.4648700674,"REB":7.3628488932,"AST":1.2993262753,"TO":0.0,"STL":0.4331087584,"BLK":0.8662175168,"STK":1.2993262753,"PF":6.9297401348,"Fls on:":4.3310875842,"+\/-":-0.8662175168,"GW":7.0,"GP":10.0},"J. Jabonete":{"TEAM":"MU","MINS":14.5486111111,"FGM":4.9832935561,"FGA":11.5131264916,"FG%":43.2835820896,"2PM":4.4677804296,"2PA":8.4200477327,"2P%":53.0612244898,"3PM":0.5155131265,"3PA":3.0930787589,"3P%":16.6666666667,"FTM":0.5155131265,"FTA":2.5775656325,"FT%":20.0,"PTS":10.9976133652,"OFF":2.062052506,"DEF":7.3890214797,"REB":9.4510739857,"AST":1.031026253,"TO":1.2028639618,"STL":1.031026253,"BLK":0.8591885442,"STK":1.8902147971,"PF":3.7804295943,"Fls on:":3.0930787589,"+\/-":-0.3436754177,"GW":9.0,"GP":12.0},"A. Fermin":{"TEAM":"MU","MINS":3.2515151515,"FGM":2.5163094129,"FGA":7.5489282386,"FG%":33.3333333333,"2PM":2.5163094129,"2PA":5.0326188257,"2P%":50.0,"3PM":0.0,"3PA":2.5163094129,"3P%":0.0,"FTM":2.5163094129,"FTA":3.3550792172,"FT%":75.0,"PTS":7.5489282386,"OFF":0.0,"DEF":5.0326188257,"REB":5.0326188257,"AST":0.0,"TO":0.0,"STL":0.0,"BLK":0.0,"STK":0.0,"PF":4.1938490215,"Fls on:":2.5163094129,"+\/-":-5.0326188257,"GW":9.0,"GP":11.0},"J. Recto":{"TEAM":"MU","MINS":20.830952381,"FGM":4.1147559721,"FGA":8.84672534,"FG%":46.511627907,"2PM":3.4975425763,"2PA":6.5836095554,"2P%":53.125,"3PM":0.6172133958,"3PA":2.2631157847,"3P%":27.2727272727,"FTM":1.2344267916,"FTA":2.2631157847,"FT%":54.5454545455,"PTS":10.0811521317,"OFF":2.0573779861,"DEF":5.9663961596,"REB":8.0237741456,"AST":3.0860669791,"TO":4.1147559721,"STL":1.6459023888,"BLK":1.028688993,"STK":2.6745913819,"PF":4.5262315693,"Fls on:":2.4688535833,"+\/-":-3.9090181735,"GW":5.0,"GP":7.0},"J. Bancale":{"TEAM":"MU","MINS":14.5611111111,"FGM":3.9488744754,"FGA":9.6146508966,"FG%":41.0714285714,"2PM":2.7470431133,"2PA":5.8374666158,"2P%":47.0588235294,"3PM":1.2018313621,"3PA":3.7771842808,"3P%":31.8181818182,"FTM":1.7169019458,"FTA":2.2319725296,"FT%":76.9230769231,"PTS":10.8164822587,"OFF":2.4036627242,"DEF":2.9187333079,"REB":5.322396032,"AST":3.4338038916,"TO":2.4036627242,"STL":1.2018313621,"BLK":0.0,"STK":1.2018313621,"PF":3.9488744754,"Fls on:":2.4036627242,"+\/-":2.7470431133,"GW":9.0,"GP":12.0},"M. Cuenco":{"TEAM":"MU","MINS":27.3756410256,"FGM":4.8892427294,"FGA":10.9586474968,"FG%":44.6153846154,"2PM":2.3603240762,"2PA":5.0578373062,"2P%":46.6666666667,"3PM":2.5289186531,"3PA":5.9008101906,"3P%":42.8571428571,"FTM":1.6016484803,"FTA":2.5289186531,"FT%":63.3333333333,"PTS":13.9090525921,"OFF":1.348756615,"DEF":2.5289186531,"REB":3.8776752681,"AST":3.2875942491,"TO":1.5173511919,"STL":0.9272701728,"BLK":0.0842972884,"STK":1.0115674612,"PF":2.7818105184,"Fls on:":2.4446213647,"+\/-":-0.3371891537,"GW":10.0,"GP":13.0}}