{"C. Escamis":{"TEAM":"MU","MINS":31.5157407407,"FGM":4.8888888889,"FGA":14.3888888889,"FG%":33.9768339768,"2PM":3.0,"2PA":6.0,"2P%":50.0,"3PM":1.8888888889,"3PA":8.3888888889,"3P%":22.5165562914,"FTM":3.7777777778,"FTA":5.0,"FT%":75.5555555556,"PTS":15.4444444444,"OFF":0.7777777778,"DEF":2.8333333333,"REB":3.6111111111,"AST":4.0,"TO":2.3333333333,"STL":1.8888888889,"BLK":0.2777777778,"STK":2.1666666667,"PF":1.8333333333,"Fls on:":4.1111111111,"+\/-":6.6666666667,"GW":15.0,"GP":18.0},"C. Hubilla":{"TEAM":"MU","MINS":25.2888888889,"FGM":4.6666666667,"FGA":9.6111111111,"FG%":48.5549132948,"2PM":4.3888888889,"2PA":8.8333333333,"2P%":49.6855345912,"3PM":0.2777777778,"3PA":0.7777777778,"3P%":35.7142857143,"FTM":3.2777777778,"FTA":4.8333333333,"FT%":67.816091954,"PTS":12.8888888889,"OFF":1.8888888889,"DEF":4.4444444444,"REB":6.3333333333,"AST":1.7777777778,"TO":2.6111111111,"STL":0.5555555556,"BLK":0.2222222222,"STK":0.7777777778,"PF":3.1666666667,"Fls on:":3.7222222222,"+\/-":5.4444444444,"GW":15.0,"GP":18.0},"M. Cuenco":{"TEAM":"MU","MINS":26.2083333333,"FGM":4.2222222222,"FGA":9.3888888889,"FG%":44.9704142012,"2PM":1.9444444444,"2PA":4.1666666667,"2P%":46.6666666667,"3PM":2.2777777778,"3PA":5.2222222222,"3P%":43.6170212766,"FTM":1.4444444444,"FTA":2.4444444444,"FT%":59.0909090909,"PTS":12.1666666667,"OFF":1.0,"DEF":2.0555555556,"REB":3.0555555556,"AST":2.8888888889,"TO":1.2777777778,"STL":0.6111111111,"BLK":0.0555555556,"STK":0.6666666667,"PF":2.6111111111,"Fls on:":2.3333333333,"+\/-":1.4444444444,"GW":15.0,"GP":18.0},"L. Mangubat":{"TEAM":"MU","MINS":26.8925925926,"FGM":3.0555555556,"FGA":9.2777777778,"FG%":32.9341317365,"2PM":1.0,"2PA":2.8333333333,"2P%":35.2941176471,"3PM":2.0555555556,"3PA":6.4444444444,"3P%":31.8965517241,"FTM":0.8888888889,"FTA":1.4444444444,"FT%":61.5384615385,"PTS":9.0555555556,"OFF":1.1666666667,"DEF":2.8888888889,"REB":4.0555555556,"AST":2.1666666667,"TO":1.5555555556,"STL":1.0,"BLK":0.0,"STK":1.0,"PF":2.0,"Fls on:":1.7222222222,"+\/-":5.5,"GW":15.0,"GP":18.0},"J. Recto":{"TEAM":"MU","MINS":20.1138888889,"FGM":2.5,"FGA":5.75,"FG%":43.4782608696,"2PM":2.1666666667,"2PA":4.4166666667,"2P%":49.0566037736,"3PM":0.3333333333,"3PA":1.3333333333,"3P%":25.0,"FTM":1.6666666667,"FTA":2.9166666667,"FT%":57.1428571429,"PTS":7.0,"OFF":1.3333333333,"DEF":4.3333333333,"REB":5.6666666667,"AST":2.3333333333,"TO":2.3333333333,"STL":1.3333333333,"BLK":0.5833333333,"STK":1.9166666667,"PF":2.75,"Fls on:":2.25,"+\/-":0.4166666667,"GW":10.0,"GP":12.0},"Y. Concepcion":{"TEAM":"MU","MINS":17.162962963,"FGM":2.4444444444,"FGA":4.5555555556,"FG%":53.6585365854,"2PM":2.2777777778,"2PA":4.1111111111,"2P%":55.4054054054,"3PM":0.1666666667,"3PA":0.4444444444,"3P%":37.5,"FTM":1.0,"FTA":1.5555555556,"FT%":64.2857142857,"PTS":6.0555555556,"OFF":2.2777777778,"DEF":2.5,"REB":4.7777777778,"AST":1.0,"TO":0.8333333333,"STL":1.0555555556,"BLK":0.5555555556,"STK":1.6111111111,"PF":2.2777777778,"Fls on:":1.2222222222,"+\/-":1.6666666667,"GW":15.0,"GP":18.0},"J. Bancale":{"TEAM":"MU","MINS":13.0921568627,"FGM":1.5882352941,"FGA":3.8823529412,"FG%":40.9090909091,"2PM":1.1176470588,"2PA":2.2941176471,"2P%":48.7179487179,"3PM":0.4705882353,"3PA":1.5882352941,"3P%":29.6296296296,"FTM":0.9411764706,"FTA":1.2352941176,"FT%":76.1904761905,"PTS":4.5882352941,"OFF":0.8235294118,"DEF":1.2352941176,"REB":2.0588235294,"AST":1.4117647059,"TO":1.0588235294,"STL":0.4117647059,"BLK":0.0,"STK":0.4117647059,"PF":1.6470588235,"Fls on:":1.1176470588,"+\/-":-0.2941176471,"GW":14.0,"GP":17.0},"J. Jabonete":{"TEAM":"MU","MINS":12.7854166667,"FGM":2.0,"FGA":4.9375,"FG%":40.5063291139,"2PM":1.8125,"2PA":3.625,"2P%":50.0,"3PM":0.1875,"3PA":1.3125,"3P%":14.2857142857,"FTM":0.25,"FTA":1.1875,"FT%":21.0526315789,"PTS":4.4375,"OFF":1.0625,"DEF":3.0,"REB":4.0625,"AST":0.5625,"TO":0.5625,"STL":0.4375,"BLK":0.375,"STK":0.8125,"PF":1.8125,"Fls on:":1.3125,"+\/-":0.875,"GW":13.0,"GP":16.0},"M. Igliane":{"TEAM":"MU","MINS":20.7205882353,"FGM":1.0588235294,"FGA":3.7647058824,"FG%":28.125,"2PM":0.7058823529,"2PA":2.0588235294,"2P%":34.2857142857,"3PM":0.3529411765,"3PA":1.7058823529,"3P%":20.6896551724,"FTM":0.8823529412,"FTA":1.4117647059,"FT%":62.5,"PTS":3.3529411765,"OFF":1.4705882353,"DEF":3.5294117647,"REB":5.0,"AST":1.2941176471,"TO":1.0,"STL":0.4705882353,"BLK":0.4117647059,"STK":0.8823529412,"PF":2.8823529412,"Fls on:":1.3529411765,"+\/-":5.0,"GW":14.0,"GP":17.0},"J. Garcia":{"TEAM":"MU","MINS":7.0574074074,"FGM":0.8888888889,"FGA":3.1111111111,"FG%":28.5714285714,"2PM":0.0,"2PA":0.2222222222,"2P%":0.0,"3PM":0.8888888889,"3PA":2.8888888889,"3P%":30.7692307692,"FTM":0.4444444444,"FTA":0.4444444444,"FT%":100.0,"PTS":3.1111111111,"OFF":0.2222222222,"DEF":0.2222222222,"REB":0.4444444444,"AST":0.6666666667,"TO":0.7777777778,"STL":0.1111111111,"BLK":0.0,"STK":0.1111111111,"PF":1.5555555556,"Fls on:":0.3333333333,"+\/-":-1.8888888889,"GW":8.0,"GP":9.0},"S. Abdulla":{"TEAM":"MU","MINS":4.7939393939,"FGM":0.5454545455,"FGA":1.2727272727,"FG%":42.8571428571,"2PM":0.1818181818,"2PA":0.3636363636,"2P%":50.0,"3PM":0.3636363636,"3PA":0.9090909091,"3P%":40.0,"FTM":0.3636363636,"FTA":0.5454545455,"FT%":66.6666666667,"PTS":1.8181818182,"OFF":0.0909090909,"DEF":0.2727272727,"REB":0.3636363636,"AST":0.3636363636,"TO":0.3636363636,"STL":0.4545454545,"BLK":0.0,"STK":0.4545454545,"PF":0.9090909091,"Fls on:":0.5454545455,"+\/-":0.0909090909,"GW":10.0,"GP":11.0},"N. Agemenyi":{"TEAM":"MU","MINS":5.6393939394,"FGM":0.4545454545,"FGA":1.6363636364,"FG%":27.7777777778,"2PM":0.3636363636,"2PA":0.9090909091,"2P%":40.0,"3PM":0.0909090909,"3PA":0.7272727273,"3P%":12.5,"FTM":0.0909090909,"FTA":0.3636363636,"FT%":25.0,"PTS":1.0909090909,"OFF":0.6363636364,"DEF":1.2727272727,"REB":1.9090909091,"AST":0.0909090909,"TO":0.4545454545,"STL":0.0909090909,"BLK":0.0909090909,"STK":0.1818181818,"PF":1.6363636364,"Fls on:":0.5454545455,"+\/-":-3.3636363636,"GW":9.0,"GP":11.0},"E. Ryan":{"TEAM":"MU","MINS":6.3653846154,"FGM":0.3076923077,"FGA":0.9230769231,"FG%":33.3333333333,"2PM":0.3076923077,"2PA":0.8461538462,"2P%":36.3636363636,"3PM":0.0,"3PA":0.0769230769,"3P%":0.0,"FTM":0.4615384615,"FTA":1.2307692308,"FT%":37.5,"PTS":1.0769230769,"OFF":0.6923076923,"DEF":0.6153846154,"REB":1.3076923077,"AST":0.2307692308,"TO":0.0,"STL":0.1538461538,"BLK":0.2307692308,"STK":0.3846153846,"PF":1.2307692308,"Fls on:":0.8461538462,"+\/-":-0.5384615385,"GW":10.0,"GP":13.0},"A. Fermin":{"TEAM":"MU","MINS":3.4782051282,"FGM":0.2307692308,"FGA":0.8461538462,"FG%":27.2727272727,"2PM":0.2307692308,"2PA":0.5384615385,"2P%":42.8571428571,"3PM":0.0,"3PA":0.3076923077,"3P%":0.0,"FTM":0.2307692308,"FTA":0.3076923077,"FT%":75.0,"PTS":0.6923076923,"OFF":0.0,"DEF":0.6153846154,"REB":0.6153846154,"AST":0.0,"TO":0.0,"STL":0.0,"BLK":0.0,"STK":0.0,"PF":0.3846153846,"Fls on:":0.2307692308,"+\/-":-0.6153846154,"GW":11.0,"GP":13.0},"A. Pantaleon":{"TEAM":"MU","MINS":1.24,"FGM":0.0,"FGA":0.6,"FG%":0.0,"2PM":0.0,"2PA":0.4,"2P%":0.0,"3PM":0.0,"3PA":0.2,"3P%":0.0,"FTM":0.0,"FTA":0.0,"FT%":0.0,"PTS":0.0,"OFF":0.0,"DEF":0.0,"REB":0.0,"AST":0.0,"TO":0.2,"STL":0.2,"BLK":0.0,"STK":0.2,"PF":0.4,"Fls on:":0.0,"+\/-":-1.0,"GW":5.0,"GP":5.0},"B. Reyno":{"TEAM":"MU","MINS":3.0666666667,"FGM":0.0,"FGA":0.0,"FG%":0.0,"2PM":0.0,"2PA":0.0,"2P%":0.0,"3PM":0.0,"3PA":0.0,"3P%":0.0,"FTM":0.0,"FTA":2.0,"FT%":0.0,"PTS":0.0,"OFF":0.0,"DEF":0.0,"REB":0.0,"AST":0.0,"TO":0.0,"STL":0.0,"BLK":0.0,"STK":0.0,"PF":0.0,"Fls on:":1.0,"+\/-":-8.0,"GW":1.0,"GP":1.0}}