{"J. Recto":{"TEAM":"MU","MINS":20.4433333333,"FGM":3.5219305397,"FGA":8.5113321376,"FG%":41.3793103448,"2PM":2.9349421164,"2PA":6.1633784445,"2P%":47.619047619,"3PM":0.5869884233,"3PA":2.3479536931,"3P%":25.0,"FTM":1.4674710582,"FTA":2.9349421164,"FT%":50.0,"PTS":9.0983205609,"OFF":1.7609652699,"DEF":6.4568726561,"REB":8.217837926,"AST":2.9349421164,"TO":4.4024131746,"STL":1.4674710582,"BLK":1.4674710582,"STK":2.9349421164,"PF":4.4024131746,"Fls on:":2.9349421164,"+\/-":-0.8804826349,"GP":5.0},"N. Agemenyi":{"TEAM":"MU","MINS":5.8816666667,"FGM":2.5502975347,"FGA":8.671011618,"FG%":29.4117647059,"2PM":2.0402380278,"2PA":4.5905355625,"2P%":44.4444444444,"3PM":0.5100595069,"3PA":4.0804760556,"3P%":12.5,"FTM":0.5100595069,"FTA":2.0402380278,"FT%":25.0,"PTS":6.1207140833,"OFF":3.5704165486,"DEF":6.6307735903,"REB":10.2011901389,"AST":0.5100595069,"TO":1.5301785208,"STL":0.5100595069,"BLK":0.0,"STK":0.5100595069,"PF":7.6508926042,"Fls on:":2.5502975347,"+\/-":-16.8319637291,"GP":10.0},"A. Pantaleon":{"TEAM":"MU","MINS":1.24,"FGM":0.0,"FGA":14.5161290323,"FG%":0.0,"2PM":0.0,"2PA":9.6774193548,"2P%":0.0,"3PM":0.0,"3PA":4.8387096774,"3P%":0.0,"FTM":0.0,"FTA":0.0,"FT%":0.0,"PTS":0.0,"OFF":0.0,"DEF":0.0,"REB":0.0,"AST":0.0,"TO":4.8387096774,"STL":4.8387096774,"BLK":0.0,"STK":4.8387096774,"PF":9.6774193548,"Fls on:":0.0,"+\/-":-24.1935483871,"GP":5.0},"S. Abdulla":{"TEAM":"MU","MINS":2.2208333333,"FGM":3.3771106942,"FGA":6.7542213884,"FG%":50.0,"2PM":3.3771106942,"2PA":6.7542213884,"2P%":50.0,"3PM":0.0,"3PA":0.0,"3P%":0.0,"FTM":0.0,"FTA":0.0,"FT%":0.0,"PTS":6.7542213884,"OFF":0.0,"DEF":0.0,"REB":0.0,"AST":3.3771106942,"TO":3.3771106942,"STL":3.3771106942,"BLK":0.0,"STK":3.3771106942,"PF":0.0,"Fls on:":0.0,"+\/-":-16.885553471,"GP":4.0},"M. Igliane":{"TEAM":"MU","MINS":21.2742424242,"FGM":1.6665479667,"FGA":4.9996439,"FG%":33.3333333333,"2PM":1.0255679795,"2PA":2.8203119436,"2P%":36.3636363636,"3PM":0.6409799872,"3PA":2.1793319564,"3P%":29.4117647059,"FTM":1.5383519692,"FTA":2.3075279539,"FT%":66.6666666667,"PTS":5.5124278898,"OFF":2.4357239513,"DEF":5.1278398974,"REB":7.5635638487,"AST":1.6665479667,"TO":1.7947439641,"STL":0.5127839897,"BLK":0.5127839897,"STK":1.0255679795,"PF":3.8458799231,"Fls on:":2.051135959,"+\/-":8.2045438359,"GP":11.0},"J. Jabonete":{"TEAM":"MU","MINS":13.8566666667,"FGM":4.5465479913,"FGA":10.8251142651,"FG%":42.0,"2PM":4.1135434207,"2PA":8.0105845562,"2P%":51.3513513514,"3PM":0.4330045706,"3PA":2.8145297089,"3P%":15.3846153846,"FTM":0.6495068559,"FTA":2.3815251383,"FT%":27.2727272727,"PTS":10.1756074092,"OFF":2.3815251383,"DEF":8.0105845562,"REB":10.3921096945,"AST":1.0825114265,"TO":1.5155159971,"STL":1.0825114265,"BLK":1.0825114265,"STK":2.165022853,"PF":4.1135434207,"Fls on:":2.3815251383,"+\/-":-0.4330045706,"GP":10.0},"E. Ryan":{"TEAM":"MU","MINS":7.4092592593,"FGM":1.3496625844,"FGA":4.0489877531,"FG%":33.3333333333,"2PM":1.3496625844,"2PA":3.5991002249,"2P%":37.5,"3PM":0.0,"3PA":0.4498875281,"3P%":0.0,"FTM":1.7995501125,"FTA":5.3986503374,"FT%":33.3333333333,"PTS":4.4988752812,"OFF":4.0489877531,"DEF":3.5991002249,"REB":7.648087978,"AST":1.3496625844,"TO":0.0,"STL":0.4498875281,"BLK":0.8997750562,"STK":1.3496625844,"PF":5.3986503374,"Fls on:":4.0489877531,"+\/-":1.3496625844,"GP":9.0},"J. Garcia":{"TEAM":"MU","MINS":7.0375,"FGM":2.1314387211,"FGA":12.7886323268,"FG%":16.6666666667,"2PM":0.0,"2PA":0.0,"2P%":0.0,"3PM":2.1314387211,"3PA":12.7886323268,"3P%":16.6666666667,"FTM":0.0,"FTA":0.0,"FT%":0.0,"PTS":6.3943161634,"OFF":1.0657193606,"DEF":1.0657193606,"REB":2.1314387211,"AST":2.1314387211,"TO":2.1314387211,"STL":0.0,"BLK":0.0,"STK":0.0,"PF":7.460035524,"Fls on:":1.0657193606,"+\/-":-11.7229129663,"GP":4.0},"C. Hubilla":{"TEAM":"MU","MINS":23.9272727273,"FGM":5.2431610942,"FGA":11.2841945289,"FG%":46.4646464646,"2PM":5.0151975684,"2PA":10.8282674772,"2P%":46.3157894737,"3PM":0.2279635258,"3PA":0.4559270517,"3P%":50.0,"FTM":4.4452887538,"FTA":6.8389057751,"FT%":65.0,"PTS":15.1595744681,"OFF":2.0516717325,"DEF":5.3571428571,"REB":7.4088145897,"AST":1.1398176292,"TO":2.3936170213,"STL":0.7978723404,"BLK":0.2279635258,"STK":1.0258358663,"PF":4.217325228,"Fls on:":4.9012158055,"+\/-":4.103343465,"GP":11.0},"A. Fermin":{"TEAM":"MU","MINS":3.65,"FGM":2.7397260274,"FGA":7.3059360731,"FG%":37.5,"2PM":2.7397260274,"2PA":5.4794520548,"2P%":50.0,"3PM":0.0,"3PA":1.8264840183,"3P%":0.0,"FTM":2.7397260274,"FTA":3.6529680365,"FT%":75.0,"PTS":8.2191780822,"OFF":0.0,"DEF":5.4794520548,"REB":5.4794520548,"AST":0.0,"TO":0.0,"STL":0.0,"BLK":0.0,"STK":0.0,"PF":3.6529680365,"Fls on:":2.7397260274,"+\/-":-8.2191780822,"GP":9.0},"L. Mangubat":{"TEAM":"MU","MINS":26.9803030303,"FGM":3.4368506767,"FGA":10.7148874038,"FG%":32.0754716981,"2PM":1.0108384343,"2PA":2.7292637727,"2P%":37.037037037,"3PM":2.4260122424,"3PA":7.9856236312,"3P%":30.3797468354,"FTM":0.9097545909,"FTA":1.5162576515,"FT%":60.0,"PTS":10.2094681867,"OFF":1.4151738081,"DEF":3.032515303,"REB":4.447689111,"AST":2.1227607121,"TO":1.8195091818,"STL":1.1119222778,"BLK":0.0,"STK":1.1119222778,"PF":2.6281799292,"Fls on:":2.0216768686,"+\/-":4.5487729545,"GP":11.0},"C. Escamis":{"TEAM":"MU","MINS":32.4590909091,"FGM":5.1253325865,"FGA":14.5357793026,"FG%":35.2601156069,"2PM":3.1088082902,"2PA":6.301638426,"2P%":49.3333333333,"3PM":2.0165242963,"3PA":8.2341408766,"3P%":24.4897959184,"FTM":4.0330485926,"FTA":5.4614199692,"FT%":73.8461538462,"PTS":16.3002380619,"OFF":0.9242403025,"DEF":2.9407645988,"REB":3.8650049013,"AST":3.8650049013,"TO":2.352611679,"STL":1.848480605,"BLK":0.3360873827,"STK":2.1845679877,"PF":1.848480605,"Fls on:":4.6212015124,"+\/-":4.1170704383,"GP":11.0},"J. Bancale":{"TEAM":"MU","MINS":15.75,"FGM":3.619047619,"FGA":9.5238095238,"FG%":38.0,"2PM":2.4761904762,"2PA":5.9047619048,"2P%":41.935483871,"3PM":1.1428571429,"3PA":3.619047619,"3P%":31.5789473684,"FTM":1.9047619048,"FTA":2.2857142857,"FT%":83.3333333333,"PTS":10.2857142857,"OFF":2.2857142857,"DEF":3.0476190476,"REB":5.3333333333,"AST":3.4285714286,"TO":2.0952380952,"STL":0.7619047619,"BLK":0.0,"STK":0.7619047619,"PF":3.619047619,"Fls on:":2.2857142857,"+\/-":1.7142857143,"GP":10.0},"Y. Concepcion":{"TEAM":"MU","MINS":13.4954545455,"FGM":4.2438531492,"FGA":7.2751768272,"FG%":58.3333333333,"2PM":4.2438531492,"2PA":6.6689120916,"2P%":63.6363636364,"3PM":0.0,"3PA":0.6062647356,"3P%":0.0,"FTM":2.8292354328,"FTA":4.4459413944,"FT%":63.6363636364,"PTS":11.3169417312,"OFF":5.2542943752,"DEF":3.8396766588,"REB":9.093971034,"AST":0.2020882452,"TO":2.2229706972,"STL":1.4146177164,"BLK":1.2125294712,"STK":2.6271471876,"PF":5.05220613,"Fls on:":3.2334119232,"+\/-":-1.8187942068,"GP":11.0},"M. Cuenco":{"TEAM":"MU","MINS":29.5181818182,"FGM":4.8968278411,"FGA":10.9947643979,"FG%":44.5378151261,"2PM":2.4946104096,"2PA":5.3587927318,"2P%":46.5517241379,"3PM":2.4022174315,"3PA":5.6359716662,"3P%":42.6229508197,"FTM":1.385894672,"FTA":2.0326455189,"FT%":68.1818181818,"PTS":13.5817677856,"OFF":1.2935016939,"DEF":2.4946104096,"REB":3.7881121035,"AST":3.3261472128,"TO":1.385894672,"STL":1.0163227595,"BLK":0.0923929781,"STK":1.1087157376,"PF":2.6793963659,"Fls on:":2.0326455189,"+\/-":1.1087157376,"GP":11.0}}