{"J. Puno":{"TEAM":"SBU","SP":51.6153846154,"GP":13.0,"MPG":25.1487179487,"EWA":2.039706421,"PER":23.3602015894,"WS":1.3275402774,"OWS":0.8713501036,"DWS":0.4561901738,"EFF":12.8461538462,"GmSc":9.0923076923,"TS%":56.3030125768,"EFG%":51.7699115044,"PPWS":1.1107104219,"FTR":0.4778761062,"REB%":13.9469308703,"OREB%":7.3212124401,"DREB%":19.8378659946,"AR":2.1065162803,"pAST%":8.4970696688,"TOR":2.6331453504,"AST\/TO":0.8,"PPR":-2.3437541542,"USG%":22.6790212794,"aSP":50.641509434,"ORtg":113.8342343429,"DRtg":89.4996584727,"Floor%":51.476062236,"Stop%":0.6319255249,"FFI":53.6820623451,"PIE":12.6799814213,"AV":2.2121677599},"Y. Andrada":{"TEAM":"SBU","SP":56.0,"GP":13.0,"MPG":30.7205128205,"EWA":2.0264902412,"PER":21.0192622939,"WS":1.3322307971,"OWS":0.8804837855,"DWS":0.4517470115,"EFF":13.6923076923,"GmSc":9.8538461538,"TS%":55.7304785894,"EFG%":55.0,"PPWS":1.1097178683,"FTR":0.1333333333,"REB%":10.4771150813,"OREB%":5.7079623382,"DREB%":14.7173751684,"AR":2.4429798467,"pAST%":10.1436929347,"TOR":2.5866845435,"AST\/TO":0.9444444444,"PPR":-1.8273012225,"USG%":21.6290099442,"aSP":54.9433962264,"ORtg":110.5802352197,"DRtg":92.5486543025,"Floor%":45.8664834431,"Stop%":0.5637963219,"FFI":49.4949213318,"PIE":13.8411518811,"AV":2.3205755226},"B. Sajonia":{"TEAM":"SBU","SP":51.3076923077,"GP":13.0,"MPG":21.9371794872,"EWA":1.4381287853,"PER":20.9560722057,"WS":0.9092865419,"OWS":0.4851811171,"DWS":0.4241054249,"EFF":9.6923076923,"GmSc":7.0846153846,"TS%":49.2880613363,"EFG%":42.1487603306,"PPWS":0.9724801621,"FTR":0.4710743802,"REB%":9.9694374691,"OREB%":3.9966744652,"DREB%":15.2798290501,"AR":5.6347761379,"pAST%":22.6161477873,"TOR":5.0310501231,"AST\/TO":1.12,"PPR":-2.4309802057,"USG%":29.3090197632,"aSP":50.3396226415,"ORtg":99.2189948351,"DRtg":88.4405871713,"Floor%":44.1220657508,"Stop%":0.6555902617,"FFI":48.467192197,"PIE":8.5926614027,"AV":1.7908475376},"J. Payosing":{"TEAM":"SBU","SP":39.1538461538,"GP":13.0,"MPG":18.3025641026,"EWA":0.5766195072,"PER":15.6911342513,"WS":0.4826622885,"OWS":0.135343745,"DWS":0.3473185436,"EFF":7.3846153846,"GmSc":4.3307692308,"TS%":42.695473251,"EFG%":41.0714285714,"PPWS":0.844783715,"FTR":0.3571428571,"REB%":15.3310729028,"OREB%":9.1016730086,"DREB%":20.8696406864,"AR":4.3417018095,"pAST%":16.954172788,"TOR":3.6180848412,"AST\/TO":1.2,"PPR":-1.3801909745,"USG%":23.0390072329,"aSP":38.4150943396,"ORtg":91.2248840368,"DRtg":88.7568168703,"Floor%":44.5903348778,"Stop%":0.6485241722,"FFI":47.7015276771,"PIE":5.9451927543,"AV":1.4604413811},"B. Lina":{"TEAM":"SBU","SP":41.3333333333,"GP":6.0,"MPG":22.0944444445,"EWA":0.4984310928,"PER":18.377303218,"WS":0.4361751696,"OWS":0.2934460179,"DWS":0.1427291517,"EFF":9.1666666667,"GmSc":6.25,"TS%":55.6030795552,"EFG%":50.0,"PPWS":1.0884353741,"FTR":0.8529411765,"REB%":11.7349862926,"OREB%":6.8782596705,"DREB%":16.0531084328,"AR":2.5975247269,"pAST%":9.910967514,"TOR":2.5975247269,"AST\/TO":1.0,"PPR":-1.6514631089,"USG%":19.444493893,"aSP":40.5534591195,"ORtg":111.9348900801,"DRtg":93.177593313,"Floor%":56.928462853,"Stop%":0.5497428053,"FFI":58.5203883994,"PIE":3.5299581979,"AV":0.9617290231},"RC. Calimag":{"TEAM":"SBU","SP":24.7,"GP":10.0,"MPG":10.4816666667,"EWA":0.1977327638,"PER":14.6117906361,"WS":0.2134049617,"OWS":0.1290862984,"DWS":0.0843186633,"EFF":3.2,"GmSc":2.25,"TS%":45.2044025157,"EFG%":45.0,"PPWS":0.9028459274,"FTR":0.04,"REB%":6.6532207447,"OREB%":2.1748162434,"DREB%":10.6349761808,"AR":2.7376784435,"pAST%":11.8181345186,"TOR":1.0950713774,"AST\/TO":2.5,"PPR":1.3924564126,"USG%":24.6483183871,"aSP":24.2339622642,"ORtg":98.4441684208,"DRtg":96.3191085465,"Floor%":42.0242494,"Stop%":0.4795462747,"FFI":43.7611954043,"PIE":1.9972131909,"AV":0.6406829831},"Z. Estacio":{"TEAM":"SBU","SP":30.7692307692,"GP":13.0,"MPG":16.5782051282,"EWA":0.1154774578,"PER":11.8969918343,"WS":0.3886012034,"OWS":0.1815736872,"DWS":0.2070275163,"EFF":4.7692307692,"GmSc":2.9230769231,"TS%":49.0516677567,"EFG%":49.0909090909,"PPWS":0.9732360097,"FTR":0.2545454545,"REB%":6.9694112976,"OREB%":2.1154465014,"DREB%":11.2850778947,"AR":6.3910638551,"pAST%":22.8447592051,"TOR":3.7281205821,"AST\/TO":1.7142857143,"PPR":1.0158330808,"USG%":17.0385292119,"aSP":30.1886792453,"ORtg":96.7130505554,"DRtg":94.5168422786,"Floor%":40.3727844933,"Stop%":0.5198175546,"FFI":47.9456046093,"PIE":3.8550859266,"AV":1.0521422787},"M. Songcuya":{"TEAM":"SBU","SP":26.1538461538,"GP":13.0,"MPG":13.9782051282,"EWA":0.0530273754,"PER":11.4065451229,"WS":0.3227448022,"OWS":0.0692969301,"DWS":0.253447872,"EFF":5.2307692308,"GmSc":2.3230769231,"TS%":47.4525474525,"EFG%":45.4545454545,"PPWS":0.9359605911,"FTR":0.4848484848,"REB%":14.7602654397,"OREB%":11.2901746486,"DREB%":17.8455278066,"AR":2.2107826858,"pAST%":7.668114629,"TOR":3.7899131757,"AST\/TO":0.5833333333,"PPR":-4.4175338057,"USG%":13.9916431217,"aSP":25.6603773585,"ORtg":91.3984693273,"DRtg":89.5068069656,"Floor%":45.7519111188,"Stop%":0.6317657933,"FFI":51.7651020903,"PIE":2.5081281932,"AV":1.1276190125},"A. Sollano":{"TEAM":"SBU","SP":10.0,"GP":3.0,"MPG":1.6277777778,"EWA":-0.0363669436,"PER":-4.14878291,"WS":0.0010907035,"OWS":0.0,"DWS":0.0010907035,"EFF":0.0,"GmSc":-0.1333333333,"TS%":0.0,"EFG%":0.0,"PPWS":0.0,"FTR":0.0,"REB%":0.0,"OREB%":0.0,"DREB%":0.0,"AR":0.0,"pAST%":0.0,"TOR":0.0,"AST\/TO":null,"PPR":0.0,"USG%":0.0,"aSP":9.8113207547,"ORtg":null,"DRtg":103.0250616838,"Floor%":null,"Stop%":0.329703091,"FFI":25.0,"PIE":-0.0928936368,"AV":0.0},"J. Tagala":{"TEAM":"SBU","SP":13.75,"GP":4.0,"MPG":4.0583333334,"EWA":-0.0498011039,"PER":4.6536620799,"WS":0.0124826448,"OWS":-0.0145185907,"DWS":0.0270012355,"EFF":0.75,"GmSc":0.3,"TS%":0.0,"EFG%":0.0,"PPWS":0.0,"FTR":0.0,"REB%":9.9136246872,"OREB%":0.0,"DREB%":18.7278416652,"AR":0.0,"pAST%":0.0,"TOR":0.0,"AST\/TO":null,"PPR":0.0,"USG%":3.0096672784,"aSP":13.4905660377,"ORtg":0.0,"DRtg":86.4073162543,"Floor%":0.0,"Stop%":0.7010232943,"FFI":25.0,"PIE":0.2786809104,"AV":0.1085479551},"K. Culdora":{"TEAM":"SBU","SP":16.0,"GP":3.0,"MPG":2.2944444444,"EWA":-0.078831879,"PER":-12.1996721801,"WS":-0.0295656376,"OWS":-0.0313672306,"DWS":0.001801593,"EFF":-0.6666666667,"GmSc":-0.5333333333,"TS%":34.7222222222,"EFG%":50.0,"PPWS":0.6779661017,"FTR":1.0,"REB%":0.0,"OREB%":0.0,"DREB%":0.0,"AR":0.0,"pAST%":0.0,"TOR":8.3376560442,"AST\/TO":0.0,"PPR":-15.9028299857,"USG%":27.539694444,"aSP":15.6981132075,"ORtg":46.575456092,"DRtg":102.5821383464,"Floor%":23.287728046,"Stop%":0.3396001245,"FFI":57.9155859889,"PIE":-0.3715745471,"AV":null},"J. Bonzalida":{"TEAM":"SBU","SP":16.5714285714,"GP":7.0,"MPG":5.2595238095,"EWA":-0.0941544788,"PER":5.6796513611,"WS":0.033341852,"OWS":-0.022531381,"DWS":0.055873233,"EFF":1.4285714286,"GmSc":0.3714285714,"TS%":31.8181818182,"EFG%":31.8181818182,"PPWS":0.6363636364,"FTR":0.0,"REB%":13.1134501295,"OREB%":6.1916792009,"DREB%":19.2676059264,"AR":1.5588284048,"pAST%":5.3954088125,"TOR":1.5588284048,"AST\/TO":1.0,"PPR":-0.9910772271,"USG%":15.9243961749,"aSP":16.2587601078,"ORtg":76.132472628,"DRtg":88.0889008524,"Floor%":32.8102031024,"Stop%":0.6634486222,"FFI":38.5759014663,"PIE":0.1393404552,"AV":0.2677815834},"D. Celzo":{"TEAM":"SBU","SP":23.0833333333,"GP":12.0,"MPG":12.2847222222,"EWA":-0.1157635576,"PER":9.2415845052,"WS":0.2250369236,"OWS":0.0618442507,"DWS":0.1631926729,"EFF":3.5,"GmSc":1.6666666667,"TS%":39.8596938776,"EFG%":30.4347826087,"PPWS":0.7806401249,"FTR":0.8260869565,"REB%":13.1001068789,"OREB%":13.1439304145,"DREB%":13.0611433148,"AR":2.3358633892,"pAST%":7.5733820231,"TOR":2.7251739541,"AST\/TO":0.8571428571,"PPR":-2.22765476,"USG%":12.7132973481,"aSP":22.6477987421,"ORtg":92.4801273224,"DRtg":92.8272626546,"Floor%":46.3760678198,"Stop%":0.5575708739,"FFI":51.5127099857,"PIE":1.0218300046,"AV":0.7856293018},"R. Jalbuena":{"TEAM":"SBU","SP":12.4,"GP":5.0,"MPG":5.77,"EWA":-0.196791571,"PER":-2.8906085893,"WS":-0.0684166059,"OWS":-0.1041998781,"DWS":0.0357832722,"EFF":0.2,"GmSc":-0.4,"TS%":22.8310502283,"EFG%":28.5714285714,"PPWS":0.4494382022,"FTR":0.5714285714,