{"Z. Estacio":{"TEAM":"SBU","MINS":14.6893939394,"FGM":3.3419288293,"FGA":7.797833935,"FG%":42.8571428571,"2PM":1.6709644146,"2PA":3.7132542548,"2P%":45.0,"3PM":1.6709644146,"3PA":4.0845796802,"3P%":40.9090909091,"FTM":0.5569881382,"FTA":1.8566271274,"FT%":30.0,"PTS":8.9118102115,"OFF":0.742650851,"DEF":3.3419288293,"REB":4.0845796802,"AST":3.3419288293,"TO":1.8566271274,"STL":0.1856627127,"BLK":0.0,"STK":0.1856627127,"PF":2.9706034038,"Fls on:":1.4853017019,"+\/-":15.4100051573,"GP":11.0},"RC. Calimag":{"TEAM":"SBU","MINS":10.4816666667,"FGM":5.4380664653,"FGA":14.3107012244,"FG%":38.0,"2PM":3.4345682938,"2PA":6.5829225632,"2P%":52.1739130435,"3PM":2.0034981714,"3PA":7.7277786612,"3P%":25.9259259259,"FTM":0.2862140245,"FTA":0.572428049,"FT%":50.0,"PTS":13.1658451264,"OFF":0.572428049,"DEF":3.1483542694,"REB":3.7207823183,"AST":1.4310701224,"TO":0.572428049,"STL":0.2862140245,"BLK":0.2862140245,"STK":0.572428049,"PF":2.5759262204,"Fls on:":1.4310701224,"+\/-":0.8586420735,"GP":10.0},"J. Bonzalida":{"TEAM":"SBU","MINS":5.76,"FGM":3.125,"FGA":8.3333333333,"FG%":37.5,"2PM":2.0833333333,"2PA":2.0833333333,"2P%":100.0,"3PM":1.0416666667,"3PA":6.25,"3P%":16.6666666667,"FTM":0.0,"FTA":0.0,"FT%":0.0,"PTS":7.2916666667,"OFF":1.0416666667,"DEF":5.2083333333,"REB":6.25,"AST":1.0416666667,"TO":1.0416666667,"STL":1.0416666667,"BLK":0.0,"STK":1.0416666667,"PF":6.25,"Fls on:":2.0833333333,"+\/-":-1.0416666667,"GP":5.0},"R. Jalbuena":{"TEAM":"SBU","MINS":5.77,"FGM":2.0797227036,"FGA":7.2790294627,"FG%":28.5714285714,"2PM":2.0797227036,"2PA":5.1993067591,"2P%":40.0,"3PM":0.0,"3PA":2.0797227036,"3P%":0.0,"FTM":0.0,"FTA":4.1594454073,"FT%":0.0,"PTS":4.1594454073,"OFF":2.0797227036,"DEF":3.1195840555,"REB":5.1993067591,"AST":3.1195840555,"TO":4.1594454073,"STL":1.0398613518,"BLK":1.0398613518,"STK":2.0797227036,"PF":6.2391681109,"Fls on:":4.1594454073,"+\/-":3.1195840555,"GP":5.0},"R. Calimag":{"TEAM":"SBU","MINS":7.9111111111,"FGM":1.8960674157,"FGA":8.2162921348,"FG%":23.0769230769,"2PM":0.6320224719,"2PA":2.5280898876,"2P%":25.0,"3PM":1.2640449438,"3PA":5.6882022472,"3P%":22.2222222222,"FTM":0.6320224719,"FTA":3.1601123595,"FT%":20.0,"PTS":5.6882022472,"OFF":1.8960674157,"DEF":5.6882022472,"REB":7.5842696629,"AST":1.8960674157,"TO":1.8960674157,"STL":0.0,"BLK":0.0,"STK":0.0,"PF":3.1601123595,"Fls on:":2.5280898876,"+\/-":-19.5926966292,"GP":6.0},"B. Sajonia":{"TEAM":"SBU","MINS":22.0303030303,"FGM":4.8280605227,"FGA":13.6176066025,"FG%":35.4545454545,"2PM":2.9711141678,"2PA":7.6753782668,"2P%":38.7096774194,"3PM":1.8569463549,"3PA":5.9422283356,"3P%":31.25,"FTM":4.4566712517,"FTA":6.3136176066,"FT%":70.5882352941,"PTS":15.969738652,"OFF":0.8665749656,"DEF":4.5804676754,"REB":5.447042641,"AST":2.9711141678,"TO":2.3521320495,"STL":1.2379642366,"BLK":0.6189821183,"STK":1.8569463549,"PF":2.5997248968,"Fls on:":5.1994497937,"+\/-":8.4181568088,"GP":11.0},"Y. Andrada":{"TEAM":"SBU","MINS":30.1151515151,"FGM":4.9808814651,"FGA":11.5918695915,"FG%":42.96875,"2PM":2.7168444355,"2PA":5.1620044275,"2P%":52.6315789474,"3PM":2.2640370296,"3PA":6.429865164,"3P%":35.2112676056,"FTM":1.0867377742,"FTA":1.8112296237,"FT%":60.0,"PTS":13.312537734,"OFF":1.7206681425,"DEF":4.6186355404,"REB":6.3393036828,"AST":1.3584222178,"TO":1.2678607366,"STL":0.3622459247,"BLK":0.4528074059,"STK":0.8150533307,"PF":0.9056148118,"Fls on:":1.4489836989,"+\/-":2.7168444355,"GP":11.0},"O. Tagle":{"TEAM":"SBU","MINS":13.3983333333,"FGM":2.0151760169,"FGA":8.0607040677,"FG%":25.0,"2PM":0.2239084463,"2PA":2.2390844632,"2P%":10.0,"3PM":1.7912675706,"3PA":5.8216196044,"3P%":30.7692307692,"FTM":0.4478168926,"FTA":0.8956337853,"FT%":50.0,"PTS":6.2694364971,"OFF":0.4478168926,"DEF":1.5673591243,"REB":2.0151760169,"AST":1.7912675706,"TO":1.1195422316,"STL":0.8956337853,"BLK":0.0,"STK":0.8956337853,"PF":2.0151760169,"Fls on:":0.8956337853,"+\/-":-1.5673591243,"GP":10.0},"A. Sollano":{"TEAM":"SBU","MINS":1.6277777778,"FGM":0.0,"FGA":0.0,"FG%":0.0,"2PM":0.0,"2PA":0.0,"2P%":0.0,"3PM":0.0,"3PA":0.0,"3P%":0.0,"FTM":0.0,"FTA":0.0,"FT%":0.0,"PTS":0.0,"OFF":0.0,"DEF":0.0,"REB":0.0,"AST":0.0,"TO":0.0,"STL":0.0,"BLK":0.0,"STK":0.0,"PF":6.1433447099,"Fls on:":6.1433447099,"+\/-":-98.293515359,"GP":3.0},"M. Songcuya":{"TEAM":"SBU","MINS":13.753030303,"FGM":2.3796408505,"FGA":5.9491021263,"FG%":40.0,"2PM":2.3796408505,"2PA":5.3541919136,"2P%":44.4444444444,"3PM":0.0,"3PA":0.5949102126,"3P%":0.0,"FTM":1.5864272337,"FTA":2.7762476589,"FT%":57.1428571429,"PTS":6.3457089347,"OFF":3.3711578715,"DEF":5.5524953178,"REB":8.9236531894,"AST":0.991517021,"TO":2.1813374463,"STL":0.5949102126,"BLK":1.5864272337,"STK":2.1813374463,"PF":5.1558885094,"Fls on:":3.5694612758,"+\/-":1.7847306379,"GP":11.0},"J. Puno":{"TEAM":"SBU","MINS":25.3257575758,"FGM":4.6305713431,"FGA":10.2303320371,"FG%":45.2631578947,"2PM":3.2306311696,"2PA":7.3227639844,"2P%":44.1176470588,"3PM":1.3999401735,"3PA":2.9075680526,"3P%":48.1481481481,"FTM":3.8767574035,"FTA":5.3843852827,"FT%":72.0,"PTS":14.5378402632,"OFF":2.0460664074,"DEF":6.1381992223,"REB":8.1842656297,"AST":1.0768770565,"TO":1.3999401735,"STL":0.7538139396,"BLK":0.1076877057,"STK":0.8615016452,"PF":1.5076278792,"Fls on:":4.5228836375,"+\/-":8.6150164523,"GP":11.0},"N. Gonzales":{"TEAM":"SBU","MINS":16.46,"FGM":2.0048602673,"FGA":8.0194410693,"FG%":25.0,"2PM":0.7290400972,"2PA":4.0097205346,"2P%":18.1818181818,"3PM":1.2758201701,"3PA":4.0097205346,"3P%":31.8181818182,"FTM":0.1822600243,"FTA":0.3645200486,"FT%":50.0,"PTS":5.467800729,"OFF":1.0935601458,"DEF":3.4629404617,"REB":4.5565006075,"AST":3.4629404617,"TO":2.0048602673,"STL":0.7290400972,"BLK":0.0,"STK":0.7290400972,"PF":3.0984204131,"Fls on:":1.6403402187,"+\/-":-4.5565006075,"GP":10.0},"J. Royo":{"TEAM":"SBU","MINS":10.253030303,"FGM":1.8619772425,"FGA":6.3839219743,"FG%":29.1666666667,"2PM":1.3299837446,"2PA":3.4579577361,"2P%":38.4615384615,"3PM":0.5319934979,"3PA":2.9259642382,"3P%":18.1818181818,"FTM":0.5319934979,"FTA":1.8619772425,"FT%":28.5714285714,"PTS":4.7879414807,"OFF":1.0639869957,"DEF":2.1279739914,"REB":3.1919609871,"AST":2.3939707404,"TO":2.6599674893,"STL":1.0639869957,"BLK":0.2659967489,"STK":1.3299837446,"PF":2.3939707404,"Fls on:":2.6599674893,"+\/-":-0.2659967489,"GP":11.0},"D. Celzo":{"TEAM":"SBU","MINS":13.0,"FGM":1.4685314685,"FGA":4.8251748252,"FG%":30.4347826087,"2PM":1.4685314685,"2PA":4.8251748252,"2P%":30.4347826087,"3PM":0.0,"3PA":0.0,"3P%":0.0,"FTM":2.3076923077,"FTA":3.986013986,"FT%":57.8947368421,"PTS":5.2447552448,"OFF":3.5664335664,"DEF":3.7762237762,"REB":7.3426573427,"AST":1.2587412587,"TO":1.4685314685,"STL":0.6293706294,"BLK":0.6293706294,"STK":1.2587412587,"PF":4.4055944056,"Fls on:":3.5664335664,"+\/-":0.4195804196,"GP":11.0},"J. Tagala":{"TEAM":"SBU","MINS":3.7611111111,"FGM":0.0,"FGA":0.0,"FG%":0.0,"2PM":0.0,"2PA":0.0,"2P%":0.0,"3PM":0.0,"3PA":0.0,"3P%":0.0,"FTM":0.0,"FTA":0.0,"FT%":0.0,"PTS":0.0,"OFF":0.0,"DEF":5.317577548,"REB":5.317577548,"AST":0.0,"TO":0.0,"STL":2.658788774,"BLK":0.0,"STK":2.658788774,"PF":0.0,"Fls on:":0.0,"+\/-":-18.6115214179,"GP":3.0},"J. Payosing":{"TEAM":"SBU","MINS":19.2166666667,"FGM":4.5415122605,"FGA":10.6441693606,"FG%":42.6666666667,"2PM":4.1157454861,"2PA":7.5218796815,"2P%":54.7169811321,"3PM":0.4257667744,"3PA":3.1222896791,"3P%":13.6363636364,"FTM":1.8449893558,"FTA":3.9738232279,"FT%":46.4285714286,"PTS":11.3537806513,"OFF":2.2707561303,"DEF":6.5284238745,"REB":8.7991800047,"AST":2.4126783884,"TO":1.986911614,"STL":0.5676890326,"BLK":0.4257667744,"STK":0.993455807,"PF":2.5546006465,"Fls on:":2.8384451628,"+\/-":0.1419222581,"GP":11.0},"K. Culdora":{"TEAM":"SBU","MINS":2.2944444444,"FGM":4.3583535109,"FGA":8.7167070218,"FG%":50.0,"2PM":4.3583535109,"2PA":4.3583535109,"2P%":100.0,"3PM":0.0,"3PA":4.3583535109,"3P%":0.0,"FTM":0.0,"FTA":8.7167070218,"FT%":0.0,"PTS":8.7167070218,"OFF":0.0,"DEF":0.0,"REB":0.0,"AST":0.0,"TO":4.3583535109,"STL":0.0,"BLK":0.0,"STK":0.0,"PF":8.7167070218,"Fls on:":4.3583535109,"+\/-":-30.5084745764,"GP":3.0},"B. Lina":{"TEAM":"SBU",