{"B. Sajonia":{"TEAM":"SBU","MINS":20.53125,"FGM":4.3835616438,"FGA":12.3287671233,"FG%":35.5555555556,"2PM":2.4657534247,"2PA":6.4840182648,"2P%":38.0281690141,"3PM":1.9178082192,"3PA":5.8447488584,"3P%":32.8125,"FTM":4.2922374429,"FTA":5.7534246575,"FT%":74.6031746032,"PTS":14.9771689498,"OFF":0.9132420091,"DEF":4.3835616438,"REB":5.296803653,"AST":2.6484018265,"TO":2.7397260274,"STL":1.3698630137,"BLK":0.5479452055,"STK":1.9178082192,"PF":2.5570776256,"Fls on:":4.7488584475,"+\/-":5.8447488584,"GW":8.0,"GP":16.0},"B. Lina":{"TEAM":"SBU","MINS":22.0055555556,"FGM":4.9987376925,"FGA":9.3915677859,"FG%":53.2258064516,"2PM":4.9987376925,"2PA":9.3915677859,"2P%":53.2258064516,"3PM":0.0,"3PA":0.0,"3P%":0.0,"FTM":4.695783893,"FTA":6.9679373895,"FT%":67.3913043478,"PTS":14.693259278,"OFF":2.2721534966,"DEF":4.0898762939,"REB":6.3620297905,"AST":1.363292098,"TO":1.6662458975,"STL":0.4544306993,"BLK":0.0,"STK":0.4544306993,"PF":3.0295379955,"Fls on:":5.1502145923,"+\/-":6.5135066902,"GW":5.0,"GP":9.0},"J. Puno":{"TEAM":"SBU","MINS":25.1916666667,"FGM":4.3665233212,"FGA":9.8577571948,"FG%":44.2953020134,"2PM":3.1094938803,"2PA":6.8144227588,"2P%":45.6310679612,"3PM":1.257029441,"3PA":3.043334436,"3P%":41.3043478261,"FTM":3.4402911016,"FTA":4.829639431,"FT%":71.2328767123,"PTS":13.4303671849,"OFF":2.2494211049,"DEF":5.4912338736,"REB":7.7406549785,"AST":1.7201455508,"TO":1.786304995,"STL":0.7939133311,"BLK":0.1984783328,"STK":0.9923916639,"PF":1.521667218,"Fls on:":3.9695666556,"+\/-":5.2927555409,"GW":10.0,"GP":18.0},"I. Culdora":{"TEAM":"SBU","MINS":3.5966666667,"FGM":3.3364226135,"FGA":10.0092678406,"FG%":33.3333333333,"2PM":3.3364226135,"2PA":8.3410565338,"2P%":40.0,"3PM":0.0,"3PA":1.6682113068,"3P%":0.0,"FTM":6.6728452271,"FTA":16.6821130677,"FT%":40.0,"PTS":13.3456904541,"OFF":3.3364226135,"DEF":0.0,"REB":3.3364226135,"AST":0.0,"TO":3.3364226135,"STL":1.6682113068,"BLK":1.6682113068,"STK":3.3364226135,"PF":3.3364226135,"Fls on:":10.0092678406,"+\/-":-3.3364226135,"GW":4.0,"GP":5.0},"Y. Andrada":{"TEAM":"SBU","MINS":29.6564814815,"FGM":4.6645227762,"FGA":11.183614849,"FG%":41.7085427136,"2PM":2.4165599925,"2PA":4.833119985,"2P%":50.0,"3PM":2.2479627837,"3PA":6.350494864,"3P%":35.3982300885,"FTM":0.9553841831,"FTA":1.517374879,"FT%":62.962962963,"PTS":12.5323925193,"OFF":1.2925786006,"DEF":4.552124637,"REB":5.8447032377,"AST":1.6297730182,"TO":1.4611758094,"STL":0.5057916263,"BLK":0.4495925567,"STK":0.9553841831,"PF":1.4611758094,"Fls on:":1.4611758094,"+\/-":1.6859720878,"GW":10.0,"GP":18.0},"J. Payosing":{"TEAM":"SBU","MINS":18.5611111111,"FGM":4.3998802754,"FGA":11.852738701,"FG%":37.1212121212,"2PM":3.7713259503,"2PA":8.5303801257,"2P%":44.2105263158,"3PM":0.6285543251,"3PA":3.3223585753,"3P%":18.9189189189,"FTM":2.6938042502,"FTA":4.8488476504,"FT%":55.5555555556,"PTS":12.122119126,"OFF":2.4244238252,"DEF":6.4651302005,"REB":8.8895540257,"AST":2.6040107752,"TO":1.6162825501,"STL":0.9877282251,"BLK":0.3591739,"STK":1.3469021251,"PF":2.4244238252,"Fls on:":3.3223585753,"+\/-":2.3346303502,"GW":10.0,"GP":18.0},"RC. Calimag":{"TEAM":"SBU","MINS":10.6435185185,"FGM":4.2279251849,"FGA":13.1535450196,"FG%":32.1428571429,"2PM":2.0356676816,"2PA":5.4806437582,"2P%":37.1428571429,"3PM":2.1922575033,"3PA":7.6729012614,"3P%":28.5714285714,"FTM":0.7829491083,"FTA":1.7224880383,"FT%":45.4545454545,"PTS":11.4310569813,"OFF":0.6263592866,"DEF":3.1317964332,"REB":3.7581557199,"AST":1.5658982166,"TO":1.0961287516,"STL":0.3131796433,"BLK":0.1565898217,"STK":0.469769465,"PF":2.9752066116,"Fls on:":1.5658982166,"+\/-":1.409308395,"GW":10.0,"GP":18.0},"E. Tagle":{"TEAM":"SBU","MINS":15.9539215686,"FGM":2.7653167824,"FGA":8.5171756898,"FG%":32.4675324675,"2PM":0.4424506852,"2PA":2.2122534259,"2P%":20.0,"3PM":2.3228660972,"3PA":6.3049222639,"3P%":36.8421052632,"FTM":0.6636760278,"FTA":0.9955140417,"FT%":66.6666666667,"PTS":8.5171756898,"OFF":0.3318380139,"DEF":1.6591900694,"REB":1.9910280833,"AST":2.1016407546,"TO":1.4379647268,"STL":0.7742886991,"BLK":0.0,"STK":0.7742886991,"PF":2.1016407546,"Fls on:":1.3273520556,"+\/-":0.1106126713,"GW":9.0,"GP":17.0},"P. Estacio":{"TEAM":"SBU","MINS":15.7888888889,"FGM":2.9556650246,"FGA":8.1280788177,"FG%":36.3636363636,"2PM":1.3722730471,"2PA":3.166783955,"2P%":43.3333333333,"3PM":1.5833919775,"3PA":4.9612948628,"3P%":31.914893617,"FTM":0.7389162562,"FTA":1.7945109078,"FT%":41.1764705882,"PTS":8.2336382829,"OFF":0.5277973258,"DEF":3.2723434201,"REB":3.800140746,"AST":3.4834623505,"TO":1.900070373,"STL":0.633356791,"BLK":0.1055594652,"STK":0.7389162562,"PF":3.0612244898,"Fls on:":1.900070373,"+\/-":8.5503166784,"GW":10.0,"GP":18.0},"J. Celzo":{"TEAM":"SBU","MINS":10.9156862745,"FGM":1.9400035926,"FGA":5.3350098796,"FG%":36.3636363636,"2PM":1.9400035926,"2PA":5.3350098796,"2P%":36.3636363636,"3PM":0.0,"3PA":0.0,"3P%":0.0,"FTM":2.5866714568,"FTA":4.5266750494,"FT%":57.1428571429,"PTS":6.466678642,"OFF":3.233339321,"DEF":3.233339321,"REB":6.466678642,"AST":1.1316687623,"TO":2.1016705586,"STL":0.6466678642,"BLK":0.4850008981,"STK":1.1316687623,"PF":4.6883420154,"Fls on:":4.0416741512,"+\/-":0.9700017963,"GW":10.0,"GP":17.0},"J. Bonzalida":{"TEAM":"SBU","MINS":5.1757575758,"FGM":2.6346604215,"FGA":7.9039812646,"FG%":33.3333333333,"2PM":1.5807962529,"2PA":3.1615925059,"2P%":50.0,"3PM":1.0538641686,"3PA":4.7423887588,"3P%":22.2222222222,"FTM":0.0,"FTA":0.0,"FT%":0.0,"PTS":6.3231850117,"OFF":2.1077283372,"DEF":3.6885245902,"REB":5.7962529274,"AST":1.5807962529,"TO":0.5269320843,"STL":0.5269320843,"BLK":0.5269320843,"STK":1.0538641686,"PF":6.850117096,"Fls on:":1.5807962529,"+\/-":-8.4309133489,"GW":7.0,"GP":11.0},"M. Songcuya":{"TEAM":"SBU","MINS":14.9138888889,"FGM":2.4585583908,"FGA":5.2523747439,"FG%":46.8085106383,"2PM":2.4585583908,"2PA":4.9171167815,"2P%":50.0,"3PM":0.0,"3PA":0.3352579624,"3P%":0.0,"FTM":1.3410318495,"FTA":2.4585583908,"FT%":54.5454545455,"PTS":6.258148631,"OFF":3.1290743155,"DEF":5.6993853604,"REB":8.8284596759,"AST":1.1175265413,"TO":1.8997951201,"STL":0.6705159248,"BLK":1.2292791954,"STK":1.8997951201,"PF":4.1348482026,"Fls on:":3.1290743155,"+\/-":6.1463959769,"GW":10.0,"GP":18.0},"J. Tagala":{"TEAM":"SBU","MINS":4.1805555556,"FGM":2.3920265781,"FGA":3.5880398671,"FG%":66.6666666667,"2PM":1.196013289,"2PA":1.196013289,"2P%":100.0,"3PM":1.196013289,"3PA":2.3920265781,"3P%":50.0,"FTM":0.0,"FTA":0.0,"FT%":0.0,"PTS":5.9800664452,"OFF":1.196013289,"DEF":3.5880398671,"REB":4.7840531561,"AST":3.5880398671,"TO":1.196013289,"STL":1.196013289,"BLK":0.0,"STK":1.196013289,"PF":1.196013289,"Fls on:":1.196013289,"+\/-":-14.3521594684,"GW":4.0,"GP":6.0},"N. Gonzales":{"TEAM":"SBU","MINS":15.65,"FGM":2.2118456623,"FGA":8.1101007619,"FG%":27.2727272727,"2PM":0.8847382649,"2PA":4.1287785697,"2P%":21.4285714286,"3PM":1.3271073974,"3PA":3.9813221922,"3P%":33.3333333333,"FTM":0.1474563775,"FTA":0.294912755,"FT%":50.0,"PTS":5.8982550995,"OFF":0.8847382649,"DEF":3.0965839273,"REB":3.9813221922,"AST":3.2440403047,"TO":1.9169329073,"STL":0.7372818874,"BLK":0.0,"STK":0.7372818874,"PF":2.9491275498,"Fls on:":1.3271073974,"+\/-":-5.0135168346,"GW":7.0,"GP":13.0},"Z. Jalbuena":{"TEAM":"SBU","MINS":5.8666666667,"FGM":2.5568181818,"FGA":7.6704545455,"FG%":33.3333333333,"2PM":1.9176136364,"2PA":5.7528409091,"2P%":33.3333333333,"3PM":0.6392045455,"3PA":1.9176136364,"3P%":33.3333333333,"FTM":0.0,"FTA":2.5568181818,"FT%":0.0,"PTS":5.7528409091,"OFF":1.9176136364,"DEF":5.1136363636,"REB":7.03125,"AST":3.1960227273,"TO":2.5568181818,"STL":0.6392045455,"BLK":1.2784090909,"STK":1.9176136364,"PF":4.4744318182,"Fls on:":3.1960227273,"+\/-":6.3920454545,"GW":4.0,"GP":8.0},"A. Royo":{"TEAM":"SBU","MINS":11.5284313726,"FGM":2.2961136151,"FGA":6.2760438813,"FG%":36.5853658537,"2PM":1.6838166511,"2PA":3.5207075432,"2P%":47.8260869565,"3PM":0.612296964,"3PA":2.7553363381,"3P%":22.2222222222,"FTM":0.306148482,"FTA":1.071519687,"FT%":28.5714285714,"PTS":5.5106726762,"OFF":0.765371205,"DEF":2.1430393741,"REB":2.9084105791,"AST":3.8268560252,"TO":1.6838166511,