{"R. Calimag":{"TEAM":"SBU","MINS":7.9270833333,"FGM":0.625,"FGA":2.375,"FG%":26.3157894737,"2PM":0.125,"2PA":0.625,"2P%":20.0,"3PM":0.5,"3PA":1.75,"3P%":28.5714285714,"FTM":0.125,"FTA":0.875,"FT%":14.2857142857,"PTS":1.875,"OFF":0.375,"DEF":1.5,"REB":1.875,"AST":0.375,"TO":0.5,"STL":0.0,"BLK":0.0,"STK":0.0,"PF":0.875,"Fls on:":0.5,"+\/-":-3.75,"GW":4.0,"GP":8.0},"RC. Calimag":{"TEAM":"SBU","MINS":10.4816666667,"FGM":1.9,"FGA":5.0,"FG%":38.0,"2PM":1.2,"2PA":2.3,"2P%":52.1739130435,"3PM":0.7,"3PA":2.7,"3P%":25.9259259259,"FTM":0.1,"FTA":0.2,"FT%":50.0,"PTS":4.6,"OFF":0.2,"DEF":1.1,"REB":1.3,"AST":0.5,"TO":0.2,"STL":0.1,"BLK":0.1,"STK":0.2,"PF":0.9,"Fls on:":0.5,"+\/-":0.3,"GW":7.0,"GP":10.0},"D. Celzo":{"TEAM":"SBU","MINS":12.2847222222,"FGM":0.5833333333,"FGA":1.9166666667,"FG%":30.4347826087,"2PM":0.5833333333,"2PA":1.9166666667,"2P%":30.4347826087,"3PM":0.0,"3PA":0.0,"3P%":0.0,"FTM":0.9166666667,"FTA":1.5833333333,"FT%":57.8947368421,"PTS":2.0833333333,"OFF":1.4166666667,"DEF":1.5833333333,"REB":3.0,"AST":0.5,"TO":0.5833333333,"STL":0.25,"BLK":0.25,"STK":0.5,"PF":1.75,"Fls on:":1.5,"+\/-":0.4166666667,"GW":8.0,"GP":12.0},"R. Jalbuena":{"TEAM":"SBU","MINS":5.77,"FGM":0.4,"FGA":1.4,"FG%":28.5714285714,"2PM":0.4,"2PA":1.0,"2P%":40.0,"3PM":0.0,"3PA":0.4,"3P%":0.0,"FTM":0.0,"FTA":0.8,"FT%":0.0,"PTS":0.8,"OFF":0.4,"DEF":0.6,"REB":1.0,"AST":0.6,"TO":0.8,"STL":0.2,"BLK":0.2,"STK":0.4,"PF":1.2,"Fls on:":0.8,"+\/-":0.6,"GW":2.0,"GP":5.0},"Y. Andrada":{"TEAM":"SBU","MINS":30.7205128205,"FGM":5.0769230769,"FGA":11.5384615385,"FG%":44.0,"2PM":2.5384615385,"2PA":4.9230769231,"2P%":51.5625,"3PM":2.5384615385,"3PA":6.6153846154,"3P%":38.3720930233,"FTM":0.9230769231,"FTA":1.5384615385,"FT%":60.0,"PTS":13.6153846154,"OFF":1.5384615385,"DEF":4.4615384615,"REB":6.0,"AST":1.3076923077,"TO":1.3846153846,"STL":0.6153846154,"BLK":0.6153846154,"STK":1.2307692308,"PF":1.1538461538,"Fls on:":1.3076923077,"+\/-":4.0,"GW":8.0,"GP":13.0},"O. Tagle":{"TEAM":"SBU","MINS":14.7736111111,"FGM":0.8333333333,"FGA":3.4166666667,"FG%":24.3902439024,"2PM":0.0833333333,"2PA":0.9166666667,"2P%":9.0909090909,"3PM":0.75,"3PA":2.5,"3P%":30.0,"FTM":0.4166666667,"FTA":0.5833333333,"FT%":71.4285714286,"PTS":2.8333333333,"OFF":0.1666666667,"DEF":0.5833333333,"REB":0.75,"AST":1.0833333333,"TO":0.6666666667,"STL":0.3333333333,"BLK":0.0,"STK":0.3333333333,"PF":1.0,"Fls on:":0.4166666667,"+\/-":-1.5,"GW":7.0,"GP":12.0},"J. Bonzalida":{"TEAM":"SBU","MINS":5.2595238095,"FGM":0.4285714286,"FGA":1.5714285714,"FG%":27.2727272727,"2PM":0.2857142857,"2PA":0.5714285714,"2P%":50.0,"3PM":0.1428571429,"3PA":1.0,"3P%":14.2857142857,"FTM":0.0,"FTA":0.0,"FT%":0.0,"PTS":1.0,"OFF":0.2857142857,"DEF":1.0,"REB":1.2857142857,"AST":0.1428571429,"TO":0.1428571429,"STL":0.1428571429,"BLK":0.1428571429,"STK":0.2857142857,"PF":1.0,"Fls on:":0.4285714286,"+\/-":-1.2857142857,"GW":5.0,"GP":7.0},"A. Sollano":{"TEAM":"SBU","MINS":1.6277777778,"FGM":0.0,"FGA":0.0,"FG%":0.0,"2PM":0.0,"2PA":0.0,"2P%":0.0,"3PM":0.0,"3PA":0.0,"3P%":0.0,"FTM":0.0,"FTA":0.0,"FT%":0.0,"PTS":0.0,"OFF":0.0,"DEF":0.0,"REB":0.0,"AST":0.0,"TO":0.0,"STL":0.0,"BLK":0.0,"STK":0.0,"PF":0.3333333333,"Fls on:":0.3333333333,"+\/-":-5.3333333333,"GW":2.0,"GP":3.0},"B. Lina":{"TEAM":"SBU","MINS":22.0944444445,"FGM":2.8333333333,"FGA":5.6666666667,"FG%":50.0,"2PM":2.8333333333,"2PA":5.6666666667,"2P%":50.0,"3PM":0.0,"3PA":0.0,"3P%":0.0,"FTM":3.0,"FTA":4.8333333333,"FT%":62.0689655172,"PTS":8.6666666667,"OFF":1.3333333333,"DEF":3.5,"REB":4.8333333333,"AST":1.0,"TO":1.0,"STL":0.3333333333,"BLK":0.0,"STK":0.3333333333,"PF":2.1666666667,"Fls on:":3.5,"+\/-":2.8333333333,"GW":4.0,"GP":6.0},"K. Culdora":{"TEAM":"SBU","MINS":2.2944444444,"FGM":0.3333333333,"FGA":0.6666666667,"FG%":50.0,"2PM":0.3333333333,"2PA":0.3333333333,"2P%":100.0,"3PM":0.0,"3PA":0.3333333333,"3P%":0.0,"FTM":0.0,"FTA":0.6666666667,"FT%":0.0,"PTS":0.6666666667,"OFF":0.0,"DEF":0.0,"REB":0.0,"AST":0.0,"TO":0.3333333333,"STL":0.0,"BLK":0.0,"STK":0.0,"PF":0.6666666667,"Fls on:":0.3333333333,"+\/-":-2.3333333333,"GW":3.0,"GP":3.0},"J. Royo":{"TEAM":"SBU","MINS":9.8666666667,"FGM":0.5833333333,"FGA":2.0833333333,"FG%":28.0,"2PM":0.4166666667,"2PA":1.1666666667,"2P%":35.7142857143,"3PM":0.1666666667,"3PA":0.9166666667,"3P%":18.1818181818,"FTM":0.1666666667,"FTA":0.5833333333,"FT%":28.5714285714,"PTS":1.5,"OFF":0.3333333333,"DEF":0.6666666667,"REB":1.0,"AST":0.9166666667,"TO":0.8333333333,"STL":0.3333333333,"BLK":0.0833333333,"STK":0.4166666667,"PF":0.75,"Fls on:":0.8333333333,"+\/-":-0.1666666667,"GW":7.0,"GP":12.0},"M. Songcuya":{"TEAM":"SBU","MINS":13.9782051282,"FGM":1.1538461538,"FGA":2.5384615385,"FG%":45.4545454545,"2PM":1.1538461538,"2PA":2.3076923077,"2P%":50.0,"3PM":0.0,"3PA":0.2307692308,"3P%":0.0,"FTM":0.6153846154,"FTA":1.2307692308,"FT%":50.0,"PTS":2.9230769231,"OFF":1.3846153846,"DEF":2.4615384615,"REB":3.8461538462,"AST":0.5384615385,"TO":0.9230769231,"STL":0.2307692308,"BLK":0.6153846154,"STK":0.8461538462,"PF":2.1538461538,"Fls on:":1.4615384615,"+\/-":1.7692307692,"GW":8.0,"GP":13.0},"Z. Estacio":{"TEAM":"SBU","MINS":16.5782051282,"FGM":1.6153846154,"FGA":4.2307692308,"FG%":38.1818181818,"2PM":0.6923076923,"2PA":1.5384615385,"2P%":45.0,"3PM":0.9230769231,"3PA":2.6923076923,"3P%":34.2857142857,"FTM":0.4615384615,"FTA":1.0769230769,"FT%":42.8571428571,"PTS":4.6153846154,"OFF":0.3076923077,"DEF":1.8461538462,"REB":2.1538461538,"AST":1.8461538462,"TO":1.0769230769,"STL":0.3846153846,"BLK":0.0769230769,"STK":0.4615384615,"PF":1.3846153846,"Fls on:":1.0,"+\/-":7.3846153846,"GW":8.0,"GP":13.0},"B. Sajonia":{"TEAM":"SBU","MINS":21.9371794872,"FGM":3.3076923077,"FGA":9.3076923077,"FG%":35.5371900826,"2PM":2.0769230769,"2PA":5.2307692308,"2P%":39.7058823529,"3PM":1.2307692308,"3PA":4.0769230769,"3P%":30.1886792453,"FTM":3.2307692308,"FTA":4.3846153846,"FT%":73.6842105263,"PTS":11.0769230769,"OFF":0.7692307692,"DEF":3.3076923077,"REB":4.0769230769,"AST":2.1538461538,"TO":1.9230769231,"STL":1.0769230769,"BLK":0.3846153846,"STK":1.4615384615,"PF":2.0,"Fls on:":3.6153846154,"+\/-":5.5384615385,"GW":8.0,"GP":13.0},"J. Puno":{"TEAM":"SBU","MINS":25.1487179487,"FGM":3.8461538462,"FGA":8.6923076923,"FG%":44.2477876106,"2PM":2.5384615385,"2PA":5.9230769231,"2P%":42.8571428571,"3PM":1.3076923077,"3PA":2.7692307692,"3P%":47.2222222222,"FTM":2.8461538462,"FTA":4.1538461538,"FT%":68.5185185185,"PTS":11.8461538462,"OFF":1.6153846154,"DEF":4.9230769231,"REB":6.5384615385,"AST":0.9230769231,"TO":1.1538461538,"STL":0.6923076923,"BLK":0.1538461538,"STK":0.8461538462,"PF":1.4615384615,"Fls on:":3.5384615385,"+\/-":6.1538461538,"GW":8.0,"GP":13.0},"J. Payosing":{"TEAM":"SBU","MINS":18.3025641026,"FGM":2.5384615385,"FGA":6.4615384615,"FG%":39.2857142857,"2PM":2.3076923077,"2PA":4.5384615385,"2P%":50.8474576271,"3PM":0.2307692308,"3PA":1.9230769231,"3P%":12.0,"FTM":1.0769230769,"FTA":2.3076923077,"FT%":46.6666666667,"PTS":6.3846153846,"OFF":1.4615384615,"DEF":3.7692307692,"REB":5.2307692308,"AST":1.3846153846,"TO":1.1538461538,"STL":0.4615384615,"BLK":0.2307692308,"STK":0.6923076923,"PF":1.6153846154,"Fls on:":1.6923076923,"+\/-":-0.3076923077,"GW":8.0,"GP":13.0},"N. Gonzales":{"TEAM":"SBU","MINS":16.46,"FGM":1.1,"FGA":4.4,"FG%":25.0,"2PM":0.4,"2PA":2.2,"2P%":18.1818181818,"3PM":0.7,"3PA":2.2,"3P%":31.8181818182,"FTM":0.1,"FTA":0.2,"FT%":50.0,"PTS":3.0,"OFF":0.6,"DEF":1.9,"REB":2.5,"AST":1.9,"TO":1.1,"STL":0.4,"BLK":0.0,"STK":0.4,"PF":1.7,"Fls on:":0.9,"+\/-":-2.5,"GW":6.0,"GP":10.0},"J. Tagala":{"TEAM":"SBU","MINS":4.0583333334,"FGM":0.0,"FGA":0.25,"FG%":0.0,"2PM":0.0,"2PA":0.0,"2P%":0.0,"3PM":0.0,"3PA":0.25,"3P%":0.0,"FTM":0.0,"FTA":0.0,"FT%":0.0,"PTS":0.0,"OFF":0.0,"DEF":0.75,"REB":0.75,"AST":0.0,"TO":0.0,"STL":0.25,"BLK":0.0,"STK":0.25,"PF":0.0,"Fls on:":0.0,"+\/-":-2.5,"GW":3.0,"GP":4.0}}