{"O. Tagle":{"TEAM":"SBU","MINS":177.2833333332,"FGM":10.0,"FGA":41.0,"FG%":24.3902439024,"2PM":1.0,"2PA":11.0,"2P%":9.0909090909,"3PM":9.0,"3PA":30.0,"3P%":30.0,"FTM":5.0,"FTA":7.0,"FT%":71.4285714286,"PTS":34.0,"OFF":2.0,"DEF":7.0,"REB":9.0,"AST":13.0,"TO":8.0,"STL":4.0,"BLK":0.0,"STK":4.0,"PF":12.0,"Fls on:":5.0,"+\/-":-18.0,"GW":7.0,"GP":12.0},"D. Celzo":{"TEAM":"SBU","MINS":161.0666666667,"FGM":9.0,"FGA":26.0,"FG%":34.6153846154,"2PM":9.0,"2PA":26.0,"2P%":34.6153846154,"3PM":0.0,"3PA":0.0,"3P%":0.0,"FTM":12.0,"FTA":23.0,"FT%":52.1739130435,"PTS":30.0,"OFF":18.0,"DEF":19.0,"REB":37.0,"AST":7.0,"TO":9.0,"STL":3.0,"BLK":3.0,"STK":6.0,"PF":25.0,"Fls on:":21.0,"+\/-":10.0,"GW":9.0,"GP":13.0},"K. Culdora":{"TEAM":"SBU","MINS":6.8833333333,"FGM":1.0,"FGA":2.0,"FG%":50.0,"2PM":1.0,"2PA":1.0,"2P%":100.0,"3PM":0.0,"3PA":1.0,"3P%":0.0,"FTM":0.0,"FTA":2.0,"FT%":0.0,"PTS":2.0,"OFF":0.0,"DEF":0.0,"REB":0.0,"AST":0.0,"TO":1.0,"STL":0.0,"BLK":0.0,"STK":0.0,"PF":2.0,"Fls on:":1.0,"+\/-":-7.0,"GW":3.0,"GP":3.0},"J. Bonzalida":{"TEAM":"SBU","MINS":41.3333333334,"FGM":5.0,"FGA":14.0,"FG%":35.7142857143,"2PM":3.0,"2PA":5.0,"2P%":60.0,"3PM":2.0,"3PA":9.0,"3P%":22.2222222222,"FTM":0.0,"FTA":0.0,"FT%":0.0,"PTS":12.0,"OFF":3.0,"DEF":7.0,"REB":10.0,"AST":2.0,"TO":1.0,"STL":1.0,"BLK":1.0,"STK":2.0,"PF":9.0,"Fls on:":3.0,"+\/-":-5.0,"GW":6.0,"GP":8.0},"R. Calimag":{"TEAM":"SBU","MINS":63.4166666668,"FGM":5.0,"FGA":19.0,"FG%":26.3157894737,"2PM":1.0,"2PA":5.0,"2P%":20.0,"3PM":4.0,"3PA":14.0,"3P%":28.5714285714,"FTM":1.0,"FTA":7.0,"FT%":14.2857142857,"PTS":15.0,"OFF":3.0,"DEF":12.0,"REB":15.0,"AST":3.0,"TO":4.0,"STL":0.0,"BLK":0.0,"STK":0.0,"PF":7.0,"Fls on:":4.0,"+\/-":-30.0,"GW":4.0,"GP":8.0},"RC. Calimag":{"TEAM":"SBU","MINS":116.6,"FGM":22.0,"FGA":56.0,"FG%":39.2857142857,"2PM":13.0,"2PA":25.0,"2P%":52.0,"3PM":9.0,"3PA":31.0,"3P%":29.0322580645,"FTM":1.0,"FTA":4.0,"FT%":25.0,"PTS":54.0,"OFF":3.0,"DEF":11.0,"REB":14.0,"AST":5.0,"TO":3.0,"STL":1.0,"BLK":1.0,"STK":2.0,"PF":12.0,"Fls on:":8.0,"+\/-":4.0,"GW":8.0,"GP":11.0},"I. Culdora":{"TEAM":"SBU","MINS":6.9666666667,"FGM":1.0,"FGA":3.0,"FG%":33.3333333333,"2PM":1.0,"2PA":3.0,"2P%":33.3333333333,"3PM":0.0,"3PA":0.0,"3P%":0.0,"FTM":0.0,"FTA":0.0,"FT%":0.0,"PTS":2.0,"OFF":2.0,"DEF":0.0,"REB":2.0,"AST":0.0,"TO":0.0,"STL":0.0,"BLK":1.0,"STK":1.0,"PF":0.0,"Fls on:":1.0,"+\/-":6.0,"GW":1.0,"GP":1.0},"Y. Andrada":{"TEAM":"SBU","MINS":416.0333333332,"FGM":68.0,"FGA":158.0,"FG%":43.0379746835,"2PM":34.0,"2PA":67.0,"2P%":50.7462686567,"3PM":34.0,"3PA":91.0,"3P%":37.3626373626,"FTM":12.0,"FTA":20.0,"FT%":60.0,"PTS":182.0,"OFF":22.0,"DEF":62.0,"REB":84.0,"AST":18.0,"TO":21.0,"STL":8.0,"BLK":8.0,"STK":16.0,"PF":20.0,"Fls on:":17.0,"+\/-":35.0,"GW":9.0,"GP":14.0},"Z. Estacio":{"TEAM":"SBU","MINS":215.5166666666,"FGM":21.0,"FGA":55.0,"FG%":38.1818181818,"2PM":9.0,"2PA":20.0,"2P%":45.0,"3PM":12.0,"3PA":35.0,"3P%":34.2857142857,"FTM":6.0,"FTA":14.0,"FT%":42.8571428571,"PTS":60.0,"OFF":4.0,"DEF":24.0,"REB":28.0,"AST":24.0,"TO":14.0,"STL":5.0,"BLK":1.0,"STK":6.0,"PF":18.0,"Fls on:":13.0,"+\/-":96.0,"GW":8.0,"GP":13.0},"P. Estacio":{"TEAM":"SBU","MINS":17.4166666667,"FGM":2.0,"FGA":5.0,"FG%":40.0,"2PM":1.0,"2PA":1.0,"2P%":100.0,"3PM":1.0,"3PA":4.0,"3P%":25.0,"FTM":0.0,"FTA":0.0,"FT%":0.0,"PTS":5.0,"OFF":0.0,"DEF":1.0,"REB":1.0,"AST":4.0,"TO":1.0,"STL":0.0,"BLK":0.0,"STK":0.0,"PF":2.0,"Fls on:":0.0,"+\/-":-5.0,"GW":1.0,"GP":1.0},"R. Jalbuena":{"TEAM":"SBU","MINS":28.85,"FGM":2.0,"FGA":7.0,"FG%":28.5714285714,"2PM":2.0,"2PA":5.0,"2P%":40.0,"3PM":0.0,"3PA":2.0,"3P%":0.0,"FTM":0.0,"FTA":4.0,"FT%":0.0,"PTS":4.0,"OFF":2.0,"DEF":3.0,"REB":5.0,"AST":3.0,"TO":4.0,"STL":1.0,"BLK":1.0,"STK":2.0,"PF":6.0,"Fls on:":4.0,"+\/-":3.0,"GW":2.0,"GP":5.0},"E. Tagle":{"TEAM":"SBU","MINS":23.1833333333,"FGM":3.0,"FGA":7.0,"FG%":42.8571428571,"2PM":0.0,"2PA":2.0,"2P%":0.0,"3PM":3.0,"3PA":5.0,"3P%":60.0,"FTM":0.0,"FTA":0.0,"FT%":0.0,"PTS":9.0,"OFF":0.0,"DEF":1.0,"REB":1.0,"AST":1.0,"TO":0.0,"STL":1.0,"BLK":0.0,"STK":1.0,"PF":0.0,"Fls on:":2.0,"+\/-":7.0,"GW":1.0,"GP":1.0},"J. Puno":{"TEAM":"SBU","MINS":360.65,"FGM":55.0,"FGA":124.0,"FG%":44.3548387097,"2PM":38.0,"2PA":85.0,"2P%":44.7058823529,"3PM":17.0,"3PA":39.0,"3P%":43.5897435897,"FTM":44.0,"FTA":61.0,"FT%":72.131147541,"PTS":171.0,"OFF":24.0,"DEF":73.0,"REB":97.0,"AST":13.0,"TO":19.0,"STL":9.0,"BLK":3.0,"STK":12.0,"PF":21.0,"Fls on:":50.0,"+\/-":87.0,"GW":9.0,"GP":14.0},"A. Royo":{"TEAM":"SBU","MINS":20.65,"FGM":3.0,"FGA":6.0,"FG%":50.0,"2PM":2.0,"2PA":3.0,"2P%":66.6666666667,"3PM":1.0,"3PA":3.0,"3P%":33.3333333333,"FTM":0.0,"FTA":0.0,"FT%":0.0,"PTS":7.0,"OFF":0.0,"DEF":1.0,"REB":1.0,"AST":3.0,"TO":0.0,"STL":2.0,"BLK":0.0,"STK":2.0,"PF":1.0,"Fls on:":3.0,"+\/-":17.0,"GW":1.0,"GP":1.0},"M. Songcuya":{"TEAM":"SBU","MINS":203.3333333334,"FGM":16.0,"FGA":36.0,"FG%":44.4444444444,"2PM":16.0,"2PA":33.0,"2P%":48.4848484848,"3PM":0.0,"3PA":3.0,"3P%":0.0,"FTM":8.0,"FTA":18.0,"FT%":44.4444444444,"PTS":40.0,"OFF":22.0,"DEF":36.0,"REB":58.0,"AST":7.0,"TO":12.0,"STL":3.0,"BLK":8.0,"STK":11.0,"PF":30.0,"Fls on:":22.0,"+\/-":40.0,"GW":9.0,"GP":14.0},"J. Tagala":{"TEAM":"SBU","MINS":16.2333333334,"FGM":0.0,"FGA":1.0,"FG%":0.0,"2PM":0.0,"2PA":0.0,"2P%":0.0,"3PM":0.0,"3PA":1.0,"3P%":0.0,"FTM":0.0,"FTA":0.0,"FT%":0.0,"PTS":0.0,"OFF":0.0,"DEF":3.0,"REB":3.0,"AST":0.0,"TO":0.0,"STL":1.0,"BLK":0.0,"STK":1.0,"PF":0.0,"Fls on:":0.0,"+\/-":-10.0,"GW":3.0,"GP":4.0},"B. Lina":{"TEAM":"SBU","MINS":132.5666666667,"FGM":17.0,"FGA":34.0,"FG%":50.0,"2PM":17.0,"2PA":34.0,"2P%":50.0,"3PM":0.0,"3PA":0.0,"3P%":0.0,"FTM":18.0,"FTA":29.0,"FT%":62.0689655172,"PTS":52.0,"OFF":8.0,"DEF":21.0,"REB":29.0,"AST":6.0,"TO":6.0,"STL":2.0,"BLK":0.0,"STK":2.0,"PF":13.0,"Fls on:":21.0,"+\/-":17.0,"GW":4.0,"GP":6.0},"B. Sajonia":{"TEAM":"SBU","MINS":285.1833333334,"FGM":43.0,"FGA":121.0,"FG%":35.5371900826,"2PM":27.0,"2PA":68.0,"2P%":39.7058823529,"3PM":16.0,"3PA":53.0,"3P%":30.1886792453,"FTM":42.0,"FTA":57.0,"FT%":73.6842105263,"PTS":144.0,"OFF":10.0,"DEF":43.0,"REB":53.0,"AST":28.0,"TO":25.0,"STL":14.0,"BLK":5.0,"STK":19.0,"PF":26.0,"Fls on:":47.0,"+\/-":72.0,"GW":8.0,"GP":13.0},"A. Sollano":{"TEAM":"SBU","MINS":4.8833333333,"FGM":0.0,"FGA":0.0,"FG%":0.0,"2PM":0.0,"2PA":0.0,"2P%":0.0,"3PM":0.0,"3PA":0.0,"3P%":0.0,"FTM":0.0,"FTA":0.0,"FT%":0.0,"PTS":0.0,"OFF":0.0,"DEF":0.0,"REB":0.0,"AST":0.0,"TO":0.0,"STL":0.0,"BLK":0.0,"STK":0.0,"PF":1.0,"Fls on:":1.0,"+\/-":-16.0,"GW":2.0,"GP":3.0},"J. Royo":{"TEAM":"SBU","MINS":118.4000000001,"FGM":7.0,"FGA":25.0,"FG%":28.0,"2PM":5.0,"2PA":14.0,"2P%":35.7142857143,"3PM":2.0,"3PA":11.0,"3P%":18.1818181818,"FTM":2.0,"FTA":7.0,"FT%":28.5714285714,"PTS":18.0,"OFF":4.0,"DEF":8.0,"REB":12.0,"AST":11.0,"TO":10.0,"STL":4.0,"BLK":1.0,"STK":5.0,"PF":9.0,"Fls on:":10.0,"+\/-":-2.0,"GW":7.0,"GP":12.0},"Z. Jalbuena":{"TEAM":"SBU","MINS":6.1833333333,"FGM":0.0,"FGA":1.0,"FG%":0.0,"2PM":0.0,"2PA":1.0,"2P%":0.0,"3PM":0.0,"3PA":0.0,"3P%":0.0,"FTM":0.0,"FTA":0.0,"FT%":0.0,"PTS":0.0,"OFF":0.0,"DEF":1.0,"REB":1.0,"AST":1.0,"TO":0.0,"STL":0.0,"BLK":0.0,"STK":0.0,"PF":1.0,"Fls on:":0.0,"+\/-":-1.0,"GW":1.0,"GP":1.0},"N. Gonzales":{"TEAM":"SBU","MINS":164.6000000001,"FGM":11.0,"FGA":44.0,"FG%":25.0,"2PM":4.0,"2PA":22.0,"2P%":18.1818181818,"3PM":7.0,"3PA":22.0,"3P%":31.8181818182,"FTM":1.0,"FTA":2.0,"FT%":50.0,"PTS":30.0,"OFF":6.0,"DEF":19.0,"REB":25.0,"AST":19.0,"TO":11.0,"STL":4.0,"BLK":0.0,"STK":4.0,"PF":17.0,"Fls on:":9.0,"+\/-":-25.0,"GW":6.0,"GP":10.0},"J. Payosing":{"TEAM":"SBU","MINS":261.4666666667,"FGM":39.0,"FGA":97.0,"FG%":40.206185567,"2PM":34.0,"2PA":70.0,"2P%":48.5714285714,"3PM":5.0,"3PA":27.0,"3P%":18.5185185185,"FTM":18.0,"FTA":34.0,"FT%":52.9411764706,"PTS":101.0,"OFF":21.0,"DEF":53.0,"REB":74.0,"AST":21.0,"TO":16.0,"STL":7.0,"BLK":4.0,"STK":11.0,"PF":23.0,"Fls on:":25.0,"+\/-":20.0,"GW":9.0,"GP":14.0}}