{"B. Sajonia":{"TEAM":"SBU","MINS":21.9371794872,"FGM":4.5234059961,"FGA":12.7286540822,"FG%":35.5371900826,"2PM":2.8402781836,"2PA":7.1532932032,"2P%":39.7058823529,"3PM":1.6831278125,"3PA":5.575360879,"3P%":30.1886792453,"FTM":4.4182105079,"FTA":5.9961428321,"FT%":73.6842105263,"PTS":15.1481503127,"OFF":1.0519548828,"DEF":4.5234059961,"REB":5.575360879,"AST":2.9454736719,"TO":2.6298872071,"STL":1.472736836,"BLK":0.5259774414,"STK":1.9987142774,"PF":2.7350826953,"Fls on:":4.9441879493,"+\/-":7.5740751563,"GW":8.0,"GP":13.0},"J. Puno":{"TEAM":"SBU","MINS":25.7607142857,"FGM":4.5750727852,"FGA":10.3147095522,"FG%":44.3548387097,"2PM":3.1609593789,"2PA":7.0705670317,"2P%":44.7058823529,"3PM":1.4141134063,"3PA":3.2441425204,"3P%":43.5897435897,"FTM":3.6600582282,"FTA":5.0741716345,"FT%":72.131147541,"PTS":14.224317205,"OFF":1.9963953972,"DEF":6.0723693331,"REB":8.0687647303,"AST":1.0813808401,"TO":1.5804796894,"STL":0.7486482739,"BLK":0.2495494246,"STK":0.9981976986,"PF":1.7468459725,"Fls on:":4.1591570775,"+\/-":7.2369333148,"GW":9.0,"GP":14.0},"RC. Calimag":{"TEAM":"SBU","MINS":10.6,"FGM":5.6603773585,"FGA":14.4082332762,"FG%":39.2857142857,"2PM":3.3447684391,"2PA":6.4322469983,"2P%":52.0,"3PM":2.3156089194,"3PA":7.9759862779,"3P%":29.0322580645,"FTM":0.2572898799,"FTA":1.0291595197,"FT%":25.0,"PTS":13.8936535163,"OFF":0.7718696398,"DEF":2.8301886792,"REB":3.602058319,"AST":1.2864493997,"TO":0.7718696398,"STL":0.2572898799,"BLK":0.2572898799,"STK":0.5145797599,"PF":3.0874785592,"Fls on:":2.0583190395,"+\/-":1.0291595197,"GW":8.0,"GP":11.0},"Y. Andrada":{"TEAM":"SBU","MINS":29.7166666667,"FGM":4.9034532489,"FGA":11.3933178431,"FG%":43.0379746835,"2PM":2.4517266245,"2PA":4.8313436423,"2P%":50.7462686567,"3PM":2.4517266245,"3PA":6.5619742008,"3P%":37.3626373626,"FTM":0.8653152792,"FTA":1.442192132,"FT%":60.0,"PTS":13.1239484016,"OFF":1.5864113452,"DEF":4.4707956093,"REB":6.0572069546,"AST":1.2979729188,"TO":1.5143017386,"STL":0.5768768528,"BLK":0.5768768528,"STK":1.1537537056,"PF":1.442192132,"Fls on:":1.2258633122,"+\/-":2.5238362311,"GW":9.0,"GP":14.0},"B. Lina":{"TEAM":"SBU","MINS":22.0944444445,"FGM":3.8471209454,"FGA":7.6942418909,"FG%":50.0,"2PM":3.8471209454,"2PA":7.6942418909,"2P%":50.0,"3PM":0.0,"3PA":0.0,"3P%":0.0,"FTM":4.0734221775,"FTA":6.5627357304,"FT%":62.0689655172,"PTS":11.7676640684,"OFF":1.8104098567,"DEF":4.7523258738,"REB":6.5627357304,"AST":1.3578073925,"TO":1.3578073925,"STL":0.4526024642,"BLK":0.0,"STK":0.4526024642,"PF":2.9419160171,"Fls on:":4.7523258738,"+\/-":3.8471209454,"GW":4.0,"GP":6.0},"E. Tagle":{"TEAM":"SBU","MINS":23.1833333333,"FGM":3.8820992092,"FGA":9.0582314882,"FG%":42.8571428571,"2PM":0.0,"2PA":2.5880661395,"2P%":0.0,"3PM":3.8820992092,"3PA":6.4701653487,"3P%":60.0,"FTM":0.0,"FTA":0.0,"FT%":0.0,"PTS":11.6462976276,"OFF":0.0,"DEF":1.2940330697,"REB":1.2940330697,"AST":1.2940330697,"TO":0.0,"STL":1.2940330697,"BLK":0.0,"STK":1.2940330697,"PF":0.0,"Fls on:":2.5880661395,"+\/-":9.0582314882,"GW":1.0,"GP":1.0},"J. Payosing":{"TEAM":"SBU","MINS":18.6761904762,"FGM":4.4747577766,"FGA":11.1295257522,"FG%":40.206185567,"2PM":3.9010708822,"2PA":8.0316165222,"2P%":48.5714285714,"3PM":0.5736868944,"3PA":3.09790923,"3P%":18.5185185185,"FTM":2.06527282,"FTA":3.9010708822,"FT%":52.9411764706,"PTS":11.5884752677,"OFF":2.4094849567,"DEF":6.0810810811,"REB":8.4905660377,"AST":2.4094849567,"TO":1.8357980622,"STL":0.8031616522,"BLK":0.4589495156,"STK":1.2621111678,"PF":2.6389597144,"Fls on:":2.8684344722,"+\/-":2.2947475778,"GW":9.0,"GP":14.0},"A. Royo":{"TEAM":"SBU","MINS":20.65,"FGM":4.3583535109,"FGA":8.7167070218,"FG%":50.0,"2PM":2.9055690073,"2PA":4.3583535109,"2P%":66.6666666667,"3PM":1.4527845036,"3PA":4.3583535109,"3P%":33.3333333333,"FTM":0.0,"FTA":0.0,"FT%":0.0,"PTS":10.1694915254,"OFF":0.0,"DEF":1.4527845036,"REB":1.4527845036,"AST":4.3583535109,"TO":0.0,"STL":2.9055690073,"BLK":0.0,"STK":2.9055690073,"PF":1.4527845036,"Fls on:":4.3583535109,"+\/-":24.6973365617,"GW":1.0,"GP":1.0},"K. Culdora":{"TEAM":"SBU","MINS":2.2944444444,"FGM":4.3583535109,"FGA":8.7167070218,"FG%":50.0,"2PM":4.3583535109,"2PA":4.3583535109,"2P%":100.0,"3PM":0.0,"3PA":4.3583535109,"3P%":0.0,"FTM":0.0,"FTA":8.7167070218,"FT%":0.0,"PTS":8.7167070218,"OFF":0.0,"DEF":0.0,"REB":0.0,"AST":0.0,"TO":4.3583535109,"STL":0.0,"BLK":0.0,"STK":0.0,"PF":8.7167070218,"Fls on:":4.3583535109,"+\/-":-30.5084745764,"GW":3.0,"GP":3.0},"J. Bonzalida":{"TEAM":"SBU","MINS":5.1666666667,"FGM":3.6290322581,"FGA":10.1612903226,"FG%":35.7142857143,"2PM":2.1774193548,"2PA":3.6290322581,"2P%":60.0,"3PM":1.4516129032,"3PA":6.5322580645,"3P%":22.2222222222,"FTM":0.0,"FTA":0.0,"FT%":0.0,"PTS":8.7096774193,"OFF":2.1774193548,"DEF":5.0806451613,"REB":7.2580645161,"AST":1.4516129032,"TO":0.7258064516,"STL":0.7258064516,"BLK":0.7258064516,"STK":1.4516129032,"PF":6.5322580645,"Fls on:":2.1774193548,"+\/-":-3.6290322581,"GW":6.0,"GP":8.0},"P. Estacio":{"TEAM":"SBU","MINS":17.4166666667,"FGM":3.4449760765,"FGA":8.6124401914,"FG%":40.0,"2PM":1.7224880383,"2PA":1.7224880383,"2P%":100.0,"3PM":1.7224880383,"3PA":6.8899521531,"3P%":25.0,"FTM":0.0,"FTA":0.0,"FT%":0.0,"PTS":8.6124401914,"OFF":0.0,"DEF":1.7224880383,"REB":1.7224880383,"AST":6.8899521531,"TO":1.7224880383,"STL":0.0,"BLK":0.0,"STK":0.0,"PF":3.4449760765,"Fls on:":0.0,"+\/-":-8.6124401914,"GW":1.0,"GP":1.0},"I. Culdora":{"TEAM":"SBU","MINS":6.9666666667,"FGM":4.3062200957,"FGA":12.918660287,"FG%":33.3333333333,"2PM":4.3062200957,"2PA":12.918660287,"2P%":33.3333333333,"3PM":0.0,"3PA":0.0,"3P%":0.0,"FTM":0.0,"FTA":0.0,"FT%":0.0,"PTS":8.6124401913,"OFF":8.6124401913,"DEF":0.0,"REB":8.6124401913,"AST":0.0,"TO":0.0,"STL":0.0,"BLK":4.3062200957,"STK":4.3062200957,"PF":0.0,"Fls on:":4.3062200957,"+\/-":25.837320574,"GW":1.0,"GP":1.0},"Z. Estacio":{"TEAM":"SBU","MINS":16.5782051282,"FGM":2.9232077952,"FGA":7.6560204161,"FG%":38.1818181818,"2PM":1.2528033408,"2PA":2.784007424,"2P%":45.0,"3PM":1.6704044544,"3PA":4.872012992,"3P%":34.2857142857,"FTM":0.8352022272,"FTA":1.9488051968,"FT%":42.8571428571,"PTS":8.3520222721,"OFF":0.5568014848,"DEF":3.3408089088,"REB":3.8976103936,"AST":3.3408089088,"TO":1.9488051968,"STL":0.696001856,"BLK":0.1392003712,"STK":0.8352022272,"PF":2.5056066816,"Fls on:":1.8096048256,"+\/-":13.3632356353,"GW":8.0,"GP":13.0},"R. Calimag":{"TEAM":"SBU","MINS":7.9270833333,"FGM":2.3653088042,"FGA":8.988173456,"FG%":26.3157894737,"2PM":0.4730617608,"2PA":2.3653088042,"2P%":20.0,"3PM":1.8922470434,"3PA":6.6228646518,"3P%":28.5714285714,"FTM":0.4730617608,"FTA":3.3114323259,"FT%":14.2857142857,"PTS":7.0959264126,"OFF":1.4191852825,"DEF":5.6767411301,"REB":7.0959264126,"AST":1.4191852825,"TO":1.8922470434,"STL":0.0,"BLK":0.0,"STK":0.0,"PF":3.3114323259,"Fls on:":1.8922470434,"+\/-":-14.1918528252,"GW":4.0,"GP":8.0},"M. Songcuya":{"TEAM":"SBU","MINS":14.5238095238,"FGM":2.3606557377,"FGA":5.3114754098,"FG%":44.4444444444,"2PM":2.3606557377,"2PA":4.868852459,"2P%":48.4848484848,"3PM":0.0,"3PA":0.4426229508,"3P%":0.0,"FTM":1.1803278689,"FTA":2.6557377049,"FT%":44.4444444444,"PTS":5.9016393443,"OFF":3.2459016393,"DEF":5.3114754098,"REB":8.5573770492,"AST":1.0327868852,"TO":1.7704918033,"STL":0.4426229508,"BLK":1.1803278689,"STK":1.6229508197,"PF":4.4262295082,"Fls on:":3.2459016393,"+\/-":5.9016393443,"GW":9.0,"GP":14.0},"O. Tagle":{"TEAM":"SBU","MINS":14.7736111111,"FGM":1.6922064492,"FGA":6.9380464417,"FG%":24.3902439024,"2PM":0.1692206449,"2PA":1.8614270941,"2P%":9.0909090909,"3PM":1.5229858043,"3PA":5.0766193476,"3P%":30.0,"FTM":0.8461032246,"FTA":1.1845445144,"FT%":71.4285714286,"PTS":5.7535019272,"OFF":0.3384412898,"DEF":1.1845445144,"REB":1.5229858043,"AST":2.1998683839,"TO":1.3537651594,"STL":0.6768825797,"BLK":0.0,"STK":0.6768825797,"PF":2.030647739,"Fls on:":0.8461032246,"+\/-":-3.0459716085,"GW":7.0,"GP":12.0},"D. Celzo":{"TEAM":"SBU","MINS":12.3897435897,"FGM":1.6763245033,"FGA":4.8427152318,"FG%":34.6153846154,"2PM":1.6763245033,"2PA":4.8427152318,"2P%":34.6153846154,"3PM":0.0,"3PA":0.0,"3P%":0.0,"FTM":2.2350993377,