{"J. Puno":{"TEAM":"SBU","SP":53.2857142857,"GP":14.0,"MPG":25.7607142857,"EWA":2.3101007499,"PER":23.694816324,"WS":2.1699941468,"OWS":1.4427945572,"DWS":0.7271995896,"EFF":13.4285714286,"GmSc":9.35,"TS%":56.6825775656,"EFG%":51.2096774194,"PPWS":1.1336515513,"FTR":0.4919354839,"REB%":14.4902202152,"OREB%":7.5863025094,"DREB%":20.6765264032,"AR":2.0658363268,"pAST%":8.1186795368,"TOR":3.0192992468,"AST\/TO":0.6842105263,"PPR":-3.1535492601,"USG%":22.861336654,"aSP":52.350877193,"ORtg":113.622536179,"DRtg":89.7141629297,"Floor%":51.5362128178,"Stop%":0.6333301412,"FFI":53.625338916,"PIE":13.1421232877,"AV":2.4176815273},"Y. Andrada":{"TEAM":"SBU","SP":54.7142857143,"GP":14.0,"MPG":29.7166666667,"EWA":1.9588614634,"PER":20.2839328775,"WS":1.9431613528,"OWS":1.265692833,"DWS":0.6774685199,"EFF":12.9285714286,"GmSc":9.0428571429,"TS%":54.5563549161,"EFG%":53.7974683544,"PPWS":1.0911270983,"FTR":0.1265822785,"REB%":10.8777818655,"OREB%":6.0283631119,"DREB%":15.2231391715,"AR":2.479607098,"pAST%":9.991106033,"TOR":2.8928749477,"AST\/TO":0.8571428571,"PPR":-2.3810005607,"USG%":21.9136657932,"aSP":53.7543859649,"ORtg":108.2814267181,"DRtg":92.7294444044,"Floor%":44.8878362481,"Stop%":0.5653992807,"FFI":48.9001754044,"PIE":12.5,"AV":2.3498472728},"B. Sajonia":{"TEAM":"SBU","SP":51.3076923077,"GP":13.0,"MPG":21.9371794872,"EWA":1.4755416904,"PER":21.2197620161,"WS":1.3658213742,"OWS":0.7560761695,"DWS":0.6097452047,"EFF":9.6923076923,"GmSc":7.0846153846,"TS%":49.2880613363,"EFG%":42.1487603306,"PPWS":0.9857612267,"FTR":0.4710743802,"REB%":10.0124628261,"OREB%":3.9974285547,"DREB%":15.4022784815,"AR":5.6269413005,"pAST%":22.028276062,"TOR":5.0240547326,"AST\/TO":1.12,"PPR":-2.4442933264,"USG%":29.1220990812,"aSP":50.4075573549,"ORtg":99.8375646839,"DRtg":88.7681085656,"Floor%":44.4007882398,"Stop%":0.6546436694,"FFI":48.4690918625,"PIE":7.9195205479,"AV":1.7908475376},"J. Payosing":{"TEAM":"SBU","SP":42.0714285714,"GP":14.0,"MPG":18.6761904762,"EWA":0.9872509746,"PER":18.4093974716,"WS":1.0080514132,"OWS":0.4554649553,"DWS":0.5525864579,"EFF":8.3571428571,"GmSc":5.1571428571,"TS%":45.1053947839,"EFG%":42.7835051546,"PPWS":0.9021078957,"FTR":0.3505154639,"REB%":15.2477083853,"OREB%":9.1560428353,"DREB%":20.706190061,"AR":4.6030051278,"pAST%":17.9544613662,"TOR":3.5070515259,"AST\/TO":1.3125,"PPR":-0.8418966513,"USG%":23.7577591681,"aSP":41.3333333333,"ORtg":96.7840331948,"DRtg":88.9598539756,"Floor%":46.5613230064,"Stop%":0.6503238635,"FFI":48.3255797062,"PIE":6.977739726,"AV":1.6940261168},"B. Lina":{"TEAM":"SBU","SP":41.3333333333,"GP":6.0,"MPG":22.0944444445,"EWA":0.513980939,"PER":18.6130728241,"WS":0.6473256196,"OWS":0.4442171184,"DWS":0.2031085011,"EFF":9.1666666667,"GmSc":6.25,"TS%":55.6030795552,"EFG%":50.0,"PPWS":1.1120615911,"FTR":0.8529411765,"REB%":11.785631274,"OREB%":6.8795574554,"DREB%":16.1817547673,"AR":2.5939130157,"pAST%":9.665749708,"TOR":2.5939130157,"AST\/TO":1.0,"PPR":-1.6605072499,"USG%":19.3204850353,"aSP":40.6081871345,"ORtg":112.4423382296,"DRtg":93.4777193044,"Floor%":57.1771631439,"Stop%":0.5485414987,"FFI":58.5215508842,"PIE":3.2534246575,"AV":0.9617290231},"Z. Estacio":{"TEAM":"SBU","SP":30.7692307692,"GP":13.0,"MPG":16.5782051282,"EWA":0.1311775835,"PER":12.0434178768,"WS":0.5822285632,"OWS":0.287988354,"DWS":0.2942402091,"EFF":4.7692307692,"GmSc":2.9230769231,"TS%":49.0516677567,"EFG%":49.0909090909,"PPWS":0.9810333551,"FTR":0.2545454545,"REB%":6.9994893647,"OREB%":2.1158456423,"DREB%":11.3755142057,"AR":6.3821774424,"pAST%":22.314413567,"TOR":3.7229368414,"AST\/TO":1.7142857143,"PPR":1.0213962312,"USG%":16.9298645917,"aSP":30.2294197031,"ORtg":97.3835060871,"DRtg":94.7744695662,"Floor%":40.6551872928,"Stop%":0.5193271909,"FFI":47.9469803726,"PIE":3.5530821918,"AV":1.0521422787},"M. Songcuya":{"TEAM":"SBU","SP":26.7857142857,"GP":14.0,"MPG":14.5238095238,"EWA":0.0440326498,"PER":11.2552735712,"WS":0.5195057704,"OWS":0.1240302443,"DWS":0.3954755261,"EFF":5.2857142857,"GmSc":2.35,"TS%":45.5373406193,"EFG%":44.4444444444,"PPWS":0.9107468124,"FTR":0.5,"REB%":15.367690353,"OREB%":12.3344262295,"DREB%":18.0856689582,"AR":1.9730039466,"pAST%":6.6485225505,"TOR":3.3822924798,"AST\/TO":0.5833333333,"PPR":-3.9695197082,"USG%":13.3507651651,"aSP":26.3157894737,"ORtg":91.9402341381,"DRtg":90.2690697552,"Floor%":46.1321676444,"Stop%":0.6208287218,"FFI":51.8990899037,"PIE":2.4828767123,"AV":1.2014466618},"RC. Calimag":{"TEAM":"SBU","SP":25.3636363636,"GP":11.0,"MPG":10.6,"EWA":0.2461556392,"PER":15.063334775,"WS":0.3635595683,"OWS":0.2406646959,"DWS":0.1228948725,"EFF":3.1818181818,"GmSc":2.2909090909,"TS%":46.7451523546,"EFG%":47.3214285714,"PPWS":0.9349030471,"FTR":0.0714285714,"REB%":6.4687247695,"OREB%":2.9331046312,"DREB%":9.6368431731,"AR":2.4575929254,"pAST%":10.5150531287,"TOR":1.4745557552,"AST\/TO":1.6666666667,"PPR":0.3146482434,"USG%":25.2968700167,"aSP":24.9186602871,"ORtg":99.557731379,"DRtg":97.1938796012,"Floor%":42.0262065821,"Stop%":0.464820636,"FFI":45.2179819874,"PIE":1.7979452055,"AV":0.6852226948},"D. Celzo":{"TEAM":"SBU","SP":23.5384615385,"GP":13.0,"MPG":12.3897435897,"EWA":-0.1570788686,"PER":8.859764947,"WS":0.3287867452,"OWS":0.0909753964,"DWS":0.2378113488,"EFF":3.3076923077,"GmSc":1.5615384615,"TS%":41.5282392027,"EFG%":34.6153846154,"PPWS":0.8305647841,"FTR":0.8846153846,"REB%":12.3761407879,"OREB%":12.7400662252,"DREB%":12.0500427259,"AR":2.4907541544,"pAST%":8.0390602963,"TOR":3.2023981985,"AST\/TO":0.7777777778,"PPR":-2.9611577444,"USG%":13.5991259018,"aSP":23.1255060729,"ORtg":91.2665019839,"DRtg":93.9102075129,"Floor%":46.3366711785,"Stop%":0.5387980315,"FFI":53.8627983108,"PIE":0.6421232877,"AV":0.799617052},"A. Royo":{"TEAM":"SBU","SP":51.0,"GP":1.0,"MPG":20.65,"EWA":0.1507003272,"PER":25.488651704,"WS":0.1470540751,"OWS":0.1043098588,"DWS":0.0427442163,"EFF":10.0,"GmSc":8.0,"TS%":58.3333333333,"EFG%":58.3333333333,"PPWS":1.1666666667,"FTR":0.0,"REB%":2.6089702806,"OREB%":0.0,"DREB%":4.9467572704,"AR":8.3260630053,"pAST%":32.1973263039,"TOR":0.0,"AST\/TO":null,"PPR":10.6599472684,"USG%":14.1051844224,"aSP":50.1052631579,"ORtg":141.1612359402,"DRtg":89.2977328347,"Floor%":60.3452475115,"Stop%":0.6427118373,"FFI":48.3333333333,"PIE":0.7705479452,"AV":0.2677815834},"J. Bonzalida":{"TEAM":"SBU","SP":18.375,"GP":8.0,"MPG":5.1666666667,"EWA":0.0283895091,"PER":12.2005543548,"WS":0.1467002325,"OWS":0.0643649534,"DWS":0.0823352791,"EFF":2.0,"GmSc":0.8625,"TS%":42.8571428571,"EFG%":42.8571428571,"PPWS":0.8571428571,"FTR":0.0,"REB%":13.0343313616,"OREB%":8.2741935484,"DREB%":17.2996878252,"AR":2.7731161461,"pAST%":10.1755429931,"TOR":1.3865580731,"AST\/TO":2.0,"PPR":0.8876125447,"USG%":17.6172615921,"aSP":18.0526315789,"ORtg":99.7759595211,"DRtg":89.9036147317,"Floor%":42.003736102,"Stop%":0.6290620076,"FFI":43.4510563343,"PIE":0.4280821918,"AV":0.380952381},"O. Tagle":{"TEAM":"SBU","SP":20.9166666667,"GP":12.0,"MPG":14.7736111111,"EWA":-0.5171370459,"PER":4.9568122838,"WS":0.1389247438,"OWS":-0.0078551521,"DWS":0.1467798959,"EFF":1.5833333333,"GmSc":1.025,"TS%":38.5662431942,"EFG%":35.3658536585,"PPWS":0.7713248639,"FTR":0.1707317073,"REB%":2.7350406693,"OREB%":1.2860769014,"DREB%":4.0333953,"AR":4.2025601462,"pAST%":13.5773137318,"TOR":2.5861908592,"AST\/TO":1.625,"PPR":0.4138909676,"USG%":14.2610217143,"aSP":20.5497076023,"ORtg":84.8861886842,"DRtg":98.95075823,"Floor%":32.4985160784,"Stop%":0.4252401597,"FFI":41.3179847386,"PIE":0.5136986301,"AV":0.4333570897},"E. Tagle":{"TEAM":"SBU","SP":43.0,"GP":1.0,"MPG":23.1833333333,"EWA":0.1152751074,"PER":20.8143766754,"WS":0.1293617505,"OWS":0.1029783301,"DWS":0.0263834204,"EFF":8.0,"GmSc":7.3,"TS%":64.2857142857,"EFG%":64.2857142857,"PPWS":1.2857142857,"FTR":0.0,"REB%":2.3238779135,"OREB%":0.0,"DREB%":4.406205793,"AR":2.4720805328,"pAST%":9.2347572501,"TOR":0.0,"AST\/TO":null,"PPR":3.1650310725,"USG%":14.6578318351,"aSP":42.2456140351,"ORtg":140.0160976725,"DRtg":96.5406513552,"Floor%":47.542846051,"Stop%":0.479537125,"FFI":50.7142857143,"PIE":0.6849315068,