{"Y. Andrada":{"TEAM":"SBU","MINS":30.7205128205,"FGM":4.9578499291,"FGA":11.2678407479,"FG%":44.0,"2PM":2.4789249645,"2PA":4.8076120524,"2P%":51.5625,"3PM":2.4789249645,"3PA":6.4602286954,"3P%":38.3720930233,"FTM":0.9014272598,"FTA":1.5023787664,"FT%":60.0,"PTS":13.2960520825,"OFF":1.5023787664,"DEF":4.3568984225,"REB":5.8592771889,"AST":1.2770219514,"TO":1.3521408897,"STL":0.6009515066,"BLK":0.6009515066,"STK":1.2019030131,"PF":1.1267840748,"Fls on:":1.2770219514,"+\/-":3.9061847926,"GW":8.0,"GP":13.0},"O. Tagle":{"TEAM":"SBU","MINS":14.7736111111,"FGM":1.6922064492,"FGA":6.9380464417,"FG%":24.3902439024,"2PM":0.1692206449,"2PA":1.8614270941,"2P%":9.0909090909,"3PM":1.5229858043,"3PA":5.0766193476,"3P%":30.0,"FTM":0.8461032246,"FTA":1.1845445144,"FT%":71.4285714286,"PTS":5.7535019272,"OFF":0.3384412898,"DEF":1.1845445144,"REB":1.5229858043,"AST":2.1998683839,"TO":1.3537651594,"STL":0.6768825797,"BLK":0.0,"STK":0.6768825797,"PF":2.030647739,"Fls on:":0.8461032246,"+\/-":-3.0459716085,"GW":7.0,"GP":12.0},"R. Calimag":{"TEAM":"SBU","MINS":7.9270833333,"FGM":2.3653088042,"FGA":8.988173456,"FG%":26.3157894737,"2PM":0.4730617608,"2PA":2.3653088042,"2P%":20.0,"3PM":1.8922470434,"3PA":6.6228646518,"3P%":28.5714285714,"FTM":0.4730617608,"FTA":3.3114323259,"FT%":14.2857142857,"PTS":7.0959264126,"OFF":1.4191852825,"DEF":5.6767411301,"REB":7.0959264126,"AST":1.4191852825,"TO":1.8922470434,"STL":0.0,"BLK":0.0,"STK":0.0,"PF":3.3114323259,"Fls on:":1.8922470434,"+\/-":-14.1918528252,"GW":4.0,"GP":8.0},"R. Jalbuena":{"TEAM":"SBU","MINS":5.77,"FGM":2.0797227036,"FGA":7.2790294627,"FG%":28.5714285714,"2PM":2.0797227036,"2PA":5.1993067591,"2P%":40.0,"3PM":0.0,"3PA":2.0797227036,"3P%":0.0,"FTM":0.0,"FTA":4.1594454073,"FT%":0.0,"PTS":4.1594454073,"OFF":2.0797227036,"DEF":3.1195840555,"REB":5.1993067591,"AST":3.1195840555,"TO":4.1594454073,"STL":1.0398613518,"BLK":1.0398613518,"STK":2.0797227036,"PF":6.2391681109,"Fls on:":4.1594454073,"+\/-":3.1195840555,"GW":2.0,"GP":5.0},"RC. Calimag":{"TEAM":"SBU","MINS":10.4816666667,"FGM":5.4380664653,"FGA":14.3107012244,"FG%":38.0,"2PM":3.4345682938,"2PA":6.5829225632,"2P%":52.1739130435,"3PM":2.0034981714,"3PA":7.7277786612,"3P%":25.9259259259,"FTM":0.2862140245,"FTA":0.572428049,"FT%":50.0,"PTS":13.1658451264,"OFF":0.572428049,"DEF":3.1483542694,"REB":3.7207823183,"AST":1.4310701224,"TO":0.572428049,"STL":0.2862140245,"BLK":0.2862140245,"STK":0.572428049,"PF":2.5759262204,"Fls on:":1.4310701224,"+\/-":0.8586420735,"GW":7.0,"GP":10.0},"J. Payosing":{"TEAM":"SBU","MINS":18.3025641026,"FGM":4.160829364,"FGA":10.5912020174,"FG%":39.2857142857,"2PM":3.7825721491,"2PA":7.4390585598,"2P%":50.8474576271,"3PM":0.3782572149,"3PA":3.1521434576,"3P%":12.0,"FTM":1.7652003362,"FTA":3.7825721491,"FT%":46.6666666667,"PTS":10.4651162791,"OFF":2.3956290277,"DEF":6.1782011768,"REB":8.5738302045,"AST":2.2695432894,"TO":1.8912860745,"STL":0.7565144298,"BLK":0.3782572149,"STK":1.1347716447,"PF":2.6478005043,"Fls on:":2.7738862426,"+\/-":-0.5043429532,"GW":8.0,"GP":13.0},"M. Songcuya":{"TEAM":"SBU","MINS":13.9782051282,"FGM":2.476382647,"FGA":5.4480418234,"FG%":45.4545454545,"2PM":2.476382647,"2PA":4.952765294,"2P%":50.0,"3PM":0.0,"3PA":0.4952765294,"3P%":0.0,"FTM":1.3207374117,"FTA":2.6414748234,"FT%":50.0,"PTS":6.2735027057,"OFF":2.9716591764,"DEF":5.2829496469,"REB":8.2546088233,"AST":1.1556452353,"TO":1.9811061176,"STL":0.4952765294,"BLK":1.3207374117,"STK":1.8160139411,"PF":4.622580941,"Fls on:":3.1367513528,"+\/-":3.7971200587,"GW":8.0,"GP":13.0},"D. Celzo":{"TEAM":"SBU","MINS":12.2847222222,"FGM":1.4245336348,"FGA":4.6806105144,"FG%":30.4347826087,"2PM":1.4245336348,"2PA":4.6806105144,"2P%":30.4347826087,"3PM":0.0,"3PA":0.0,"3P%":0.0,"FTM":2.2385528547,"FTA":3.8665912945,"FT%":57.8947368421,"PTS":5.0876201244,"OFF":3.4595816846,"DEF":3.8665912945,"REB":7.3261729791,"AST":1.2210288298,"TO":1.4245336348,"STL":0.6105144149,"BLK":0.6105144149,"STK":1.2210288298,"PF":4.2736009045,"Fls on:":3.6630864895,"+\/-":1.0175240249,"GW":8.0,"GP":12.0},"J. Bonzalida":{"TEAM":"SBU","MINS":5.2595238095,"FGM":2.444545043,"FGA":8.9633318243,"FG%":27.2727272727,"2PM":1.6296966953,"2PA":3.2593933907,"2P%":50.0,"3PM":0.8148483477,"3PA":5.7039384337,"3P%":14.2857142857,"FTM":0.0,"FTA":0.0,"FT%":0.0,"PTS":5.7039384337,"OFF":1.6296966953,"DEF":5.7039384337,"REB":7.333635129,"AST":0.8148483477,"TO":0.8148483477,"STL":0.8148483477,"BLK":0.8148483477,"STK":1.6296966953,"PF":5.7039384337,"Fls on:":2.444545043,"+\/-":-7.333635129,"GW":5.0,"GP":7.0},"B. Sajonia":{"TEAM":"SBU","MINS":21.9371794872,"FGM":4.5234059961,"FGA":12.7286540822,"FG%":35.5371900826,"2PM":2.8402781836,"2PA":7.1532932032,"2P%":39.7058823529,"3PM":1.6831278125,"3PA":5.575360879,"3P%":30.1886792453,"FTM":4.4182105079,"FTA":5.9961428321,"FT%":73.6842105263,"PTS":15.1481503127,"OFF":1.0519548828,"DEF":4.5234059961,"REB":5.575360879,"AST":2.9454736719,"TO":2.6298872071,"STL":1.472736836,"BLK":0.5259774414,"STK":1.9987142774,"PF":2.7350826953,"Fls on:":4.9441879493,"+\/-":7.5740751563,"GW":8.0,"GP":13.0},"N. Gonzales":{"TEAM":"SBU","MINS":16.46,"FGM":2.0048602673,"FGA":8.0194410693,"FG%":25.0,"2PM":0.7290400972,"2PA":4.0097205346,"2P%":18.1818181818,"3PM":1.2758201701,"3PA":4.0097205346,"3P%":31.8181818182,"FTM":0.1822600243,"FTA":0.3645200486,"FT%":50.0,"PTS":5.467800729,"OFF":1.0935601458,"DEF":3.4629404617,"REB":4.5565006075,"AST":3.4629404617,"TO":2.0048602673,"STL":0.7290400972,"BLK":0.0,"STK":0.7290400972,"PF":3.0984204131,"Fls on:":1.6403402187,"+\/-":-4.5565006075,"GW":6.0,"GP":10.0},"J. Puno":{"TEAM":"SBU","MINS":25.1487179487,"FGM":4.588091354,"FGA":10.36908646,"FG%":44.2477876106,"2PM":3.0281402936,"2PA":7.0656606852,"2P%":42.8571428571,"3PM":1.5599510604,"3PA":3.3034257749,"3P%":47.2222222222,"FTM":3.395187602,"FTA":4.9551386623,"FT%":68.5185185185,"PTS":14.1313213703,"OFF":1.9269983687,"DEF":5.8727569331,"REB":7.7997553018,"AST":1.101141925,"TO":1.3764274062,"STL":0.8258564437,"BLK":0.1835236542,"STK":1.0093800979,"PF":1.7434747145,"Fls on:":4.2210440457,"+\/-":7.3409461664,"GW":8.0,"GP":13.0},"J. Royo":{"TEAM":"SBU","MINS":9.8666666667,"FGM":1.7736486486,"FGA":6.3344594595,"FG%":28.0,"2PM":1.2668918919,"2PA":3.5472972973,"2P%":35.7142857143,"3PM":0.5067567568,"3PA":2.7871621622,"3P%":18.1818181818,"FTM":0.5067567568,"FTA":1.7736486486,"FT%":28.5714285714,"PTS":4.5608108108,"OFF":1.0135135135,"DEF":2.027027027,"REB":3.0405405405,"AST":2.7871621622,"TO":2.5337837838,"STL":1.0135135135,"BLK":0.2533783784,"STK":1.2668918919,"PF":2.2804054054,"Fls on:":2.5337837838,"+\/-":-0.5067567568,"GW":7.0,"GP":12.0},"J. Tagala":{"TEAM":"SBU","MINS":4.0583333334,"FGM":0.0,"FGA":1.8480492813,"FG%":0.0,"2PM":0.0,"2PA":0.0,"2P%":0.0,"3PM":0.0,"3PA":1.8480492813,"3P%":0.0,"FTM":0.0,"FTA":0.0,"FT%":0.0,"PTS":0.0,"OFF":0.0,"DEF":5.5441478439,"REB":5.5441478439,"AST":0.0,"TO":0.0,"STL":1.8480492813,"BLK":0.0,"STK":1.8480492813,"PF":0.0,"Fls on:":0.0,"+\/-":-18.4804928131,"GW":3.0,"GP":4.0},"K. Culdora":{"TEAM":"SBU","MINS":2.2944444444,"FGM":4.3583535109,"FGA":8.7167070218,"FG%":50.0,"2PM":4.3583535109,"2PA":4.3583535109,"2P%":100.0,"3PM":0.0,"3PA":4.3583535109,"3P%":0.0,"FTM":0.0,"FTA":8.7167070218,"FT%":0.0,"PTS":8.7167070218,"OFF":0.0,"DEF":0.0,"REB":0.0,"AST":0.0,"TO":4.3583535109,"STL":0.0,"BLK":0.0,"STK":0.0,"PF":8.7167070218,"Fls on:":4.3583535109,"+\/-":-30.5084745764,"GW":3.0,"GP":3.0},"Z. Estacio":{"TEAM":"SBU","MINS":16.5782051282,"FGM":2.9232077952,"FGA":7.6560204161,"FG%":38.1818181818,"2PM":1.2528033408,"2PA":2.784007424,"2P%":45.0,"3PM":1.6704044544,"3PA":4.872012992,"3P%":34.2857142857,"FTM":0.8352022272,"FTA":1.9488051968,"FT%":42.8571428571,"PTS":8.3520222721,"OFF":0.5568014848,"DEF":3.3408089088,"REB":3.8976103936,"AST":3.3408089088,"TO":1.9488051968,"STL":0.696001856,"BLK":0.1392003712,"STK":0.8352022272,"PF":2.5056066816,"Fls on:":1.8096048256,"+\/-":13.3632356353,"GW":8.0,"GP":13.0},"A. Sollano":{"TEAM":"SBU","MINS":1.6277777778,"FGM":0.0,"FGA":0.0,"FG%":0.0,"2PM":0.0,"2PA":0.0,"2P%":0.0,