{"Y. Andrada":{"TEAM":"SBU","MINS":29.6564814815,"FGM":4.6111111111,"FGA":11.0555555556,"FG%":41.7085427136,"2PM":2.3888888889,"2PA":4.7777777778,"2P%":50.0,"3PM":2.2222222222,"3PA":6.2777777778,"3P%":35.3982300885,"FTM":0.9444444444,"FTA":1.5,"FT%":62.962962963,"PTS":12.3888888889,"OFF":1.2777777778,"DEF":4.5,"REB":5.7777777778,"AST":1.6111111111,"TO":1.4444444444,"STL":0.5,"BLK":0.4444444444,"STK":0.9444444444,"PF":1.4444444444,"Fls on:":1.4444444444,"+\/-":1.6666666667,"GW":10.0,"GP":18.0},"J. Puno":{"TEAM":"SBU","MINS":25.1916666667,"FGM":3.6666666667,"FGA":8.2777777778,"FG%":44.2953020134,"2PM":2.6111111111,"2PA":5.7222222222,"2P%":45.6310679612,"3PM":1.0555555556,"3PA":2.5555555556,"3P%":41.3043478261,"FTM":2.8888888889,"FTA":4.0555555556,"FT%":71.2328767123,"PTS":11.2777777778,"OFF":1.8888888889,"DEF":4.6111111111,"REB":6.5,"AST":1.4444444444,"TO":1.5,"STL":0.6666666667,"BLK":0.1666666667,"STK":0.8333333333,"PF":1.2777777778,"Fls on:":3.3333333333,"+\/-":4.4444444444,"GW":10.0,"GP":18.0},"B. Lina":{"TEAM":"SBU","MINS":22.0055555556,"FGM":3.6666666667,"FGA":6.8888888889,"FG%":53.2258064516,"2PM":3.6666666667,"2PA":6.8888888889,"2P%":53.2258064516,"3PM":0.0,"3PA":0.0,"3P%":0.0,"FTM":3.4444444444,"FTA":5.1111111111,"FT%":67.3913043478,"PTS":10.7777777778,"OFF":1.6666666667,"DEF":3.0,"REB":4.6666666667,"AST":1.0,"TO":1.2222222222,"STL":0.3333333333,"BLK":0.0,"STK":0.3333333333,"PF":2.2222222222,"Fls on:":3.7777777778,"+\/-":4.7777777778,"GW":5.0,"GP":9.0},"B. Sajonia":{"TEAM":"SBU","MINS":20.53125,"FGM":3.0,"FGA":8.4375,"FG%":35.5555555556,"2PM":1.6875,"2PA":4.4375,"2P%":38.0281690141,"3PM":1.3125,"3PA":4.0,"3P%":32.8125,"FTM":2.9375,"FTA":3.9375,"FT%":74.6031746032,"PTS":10.25,"OFF":0.625,"DEF":3.0,"REB":3.625,"AST":1.8125,"TO":1.875,"STL":0.9375,"BLK":0.375,"STK":1.3125,"PF":1.75,"Fls on:":3.25,"+\/-":4.0,"GW":8.0,"GP":16.0},"E. Tagle":{"TEAM":"SBU","MINS":18.7866666667,"FGM":3.0,"FGA":7.2,"FG%":41.6666666667,"2PM":0.6,"2PA":1.8,"2P%":33.3333333333,"3PM":2.4,"3PA":5.4,"3P%":44.4444444444,"FTM":0.2,"FTA":0.4,"FT%":50.0,"PTS":8.6,"OFF":0.2,"DEF":1.6,"REB":1.8,"AST":1.2,"TO":1.0,"STL":0.6,"BLK":0.0,"STK":0.6,"PF":1.4,"Fls on:":1.4,"+\/-":3.8,"GW":2.0,"GP":5.0},"J. Payosing":{"TEAM":"SBU","MINS":18.5611111111,"FGM":2.7222222222,"FGA":7.3333333333,"FG%":37.1212121212,"2PM":2.3333333333,"2PA":5.2777777778,"2P%":44.2105263158,"3PM":0.3888888889,"3PA":2.0555555556,"3P%":18.9189189189,"FTM":1.6666666667,"FTA":3.0,"FT%":55.5555555556,"PTS":7.5,"OFF":1.5,"DEF":4.0,"REB":5.5,"AST":1.6111111111,"TO":1.0,"STL":0.6111111111,"BLK":0.2222222222,"STK":0.8333333333,"PF":1.5,"Fls on:":2.0555555556,"+\/-":1.4444444444,"GW":10.0,"GP":18.0},"Z. Estacio":{"TEAM":"SBU","MINS":16.5782051282,"FGM":1.6153846154,"FGA":4.2307692308,"FG%":38.1818181818,"2PM":0.6923076923,"2PA":1.5384615385,"2P%":45.0,"3PM":0.9230769231,"3PA":2.6923076923,"3P%":34.2857142857,"FTM":0.4615384615,"FTA":1.0769230769,"FT%":42.8571428571,"PTS":4.6153846154,"OFF":0.3076923077,"DEF":1.8461538462,"REB":2.1538461538,"AST":1.8461538462,"TO":1.0769230769,"STL":0.3846153846,"BLK":0.0769230769,"STK":0.4615384615,"PF":1.3846153846,"Fls on:":1.0,"+\/-":7.3846153846,"GW":8.0,"GP":13.0},"RC. Calimag":{"TEAM":"SBU","MINS":11.0455555556,"FGM":1.6666666667,"FGA":4.9333333333,"FG%":33.7837837838,"2PM":0.9333333333,"2PA":2.2,"2P%":42.4242424242,"3PM":0.7333333333,"3PA":2.7333333333,"3P%":26.8292682927,"FTM":0.3333333333,"FTA":0.6,"FT%":55.5555555556,"PTS":4.4,"OFF":0.2666666667,"DEF":1.0666666667,"REB":1.3333333333,"AST":0.6,"TO":0.4,"STL":0.1333333333,"BLK":0.0666666667,"STK":0.2,"PF":1.0,"Fls on:":0.7333333333,"+\/-":0.1333333333,"GW":9.0,"GP":15.0},"A. Royo":{"TEAM":"SBU","MINS":15.5166666667,"FGM":1.6,"FGA":3.2,"FG%":50.0,"2PM":1.2,"2PA":1.8,"2P%":66.6666666667,"3PM":0.4,"3PA":1.4,"3P%":28.5714285714,"FTM":0.0,"FTA":0.0,"FT%":0.0,"PTS":3.6,"OFF":0.2,"DEF":1.2,"REB":1.4,"AST":2.8,"TO":0.2,"STL":0.6,"BLK":0.0,"STK":0.6,"PF":1.2,"Fls on:":0.8,"+\/-":10.4,"GW":2.0,"GP":5.0},"P. Estacio":{"TEAM":"SBU","MINS":13.7366666667,"FGM":1.4,"FGA":4.4,"FG%":31.8181818182,"2PM":0.8,"2PA":2.0,"2P%":40.0,"3PM":0.6,"3PA":2.4,"3P%":25.0,"FTM":0.2,"FTA":0.6,"FT%":33.3333333333,"PTS":3.6,"OFF":0.2,"DEF":1.4,"REB":1.6,"AST":1.8,"TO":0.8,"STL":0.2,"BLK":0.0,"STK":0.2,"PF":2.2,"Fls on:":1.0,"+\/-":-3.0,"GW":2.0,"GP":5.0},"M. Songcuya":{"TEAM":"SBU","MINS":14.9138888889,"FGM":1.2222222222,"FGA":2.6111111111,"FG%":46.8085106383,"2PM":1.2222222222,"2PA":2.4444444444,"2P%":50.0,"3PM":0.0,"3PA":0.1666666667,"3P%":0.0,"FTM":0.6666666667,"FTA":1.2222222222,"FT%":54.5454545455,"PTS":3.1111111111,"OFF":1.5555555556,"DEF":2.8333333333,"REB":4.3888888889,"AST":0.5555555556,"TO":0.9444444444,"STL":0.3333333333,"BLK":0.6111111111,"STK":0.9444444444,"PF":2.0555555556,"Fls on:":1.5555555556,"+\/-":3.0555555556,"GW":10.0,"GP":18.0},"N. Gonzales":{"TEAM":"SBU","MINS":15.65,"FGM":1.1538461538,"FGA":4.2307692308,"FG%":27.2727272727,"2PM":0.4615384615,"2PA":2.1538461538,"2P%":21.4285714286,"3PM":0.6923076923,"3PA":2.0769230769,"3P%":33.3333333333,"FTM":0.0769230769,"FTA":0.1538461538,"FT%":50.0,"PTS":3.0769230769,"OFF":0.4615384615,"DEF":1.6153846154,"REB":2.0769230769,"AST":1.6923076923,"TO":1.0,"STL":0.3846153846,"BLK":0.0,"STK":0.3846153846,"PF":1.5384615385,"Fls on:":0.6923076923,"+\/-":-2.6153846154,"GW":7.0,"GP":13.0},"I. Culdora":{"TEAM":"SBU","MINS":5.55,"FGM":0.5,"FGA":2.0,"FG%":25.0,"2PM":0.5,"2PA":2.0,"2P%":25.0,"3PM":0.0,"3PA":0.0,"3P%":0.0,"FTM":2.0,"FTA":4.0,"FT%":50.0,"PTS":3.0,"OFF":1.0,"DEF":0.0,"REB":1.0,"AST":0.0,"TO":0.5,"STL":0.5,"BLK":0.5,"STK":1.0,"PF":0.0,"Fls on:":2.5,"+\/-":2.5,"GW":1.0,"GP":2.0},"O. Tagle":{"TEAM":"SBU","MINS":14.7736111111,"FGM":0.8333333333,"FGA":3.4166666667,"FG%":24.3902439024,"2PM":0.0833333333,"2PA":0.9166666667,"2P%":9.0909090909,"3PM":0.75,"3PA":2.5,"3P%":30.0,"FTM":0.4166666667,"FTA":0.5833333333,"FT%":71.4285714286,"PTS":2.8333333333,"OFF":0.1666666667,"DEF":0.5833333333,"REB":0.75,"AST":1.0833333333,"TO":0.6666666667,"STL":0.3333333333,"BLK":0.0,"STK":0.3333333333,"PF":1.0,"Fls on:":0.4166666667,"+\/-":-1.5,"GW":7.0,"GP":12.0},"D. Celzo":{"TEAM":"SBU","MINS":10.9156862745,"FGM":0.7058823529,"FGA":1.9411764706,"FG%":36.3636363636,"2PM":0.7058823529,"2PA":1.9411764706,"2P%":36.3636363636,"3PM":0.0,"3PA":0.0,"3P%":0.0,"FTM":0.9411764706,"FTA":1.6470588235,"FT%":57.1428571429,"PTS":2.3529411765,"OFF":1.1764705882,"DEF":1.1764705882,"REB":2.3529411765,"AST":0.4117647059,"TO":0.7647058824,"STL":0.2352941176,"BLK":0.1764705882,"STK":0.4117647059,"PF":1.7058823529,"Fls on:":1.4705882353,"+\/-":0.3529411765,"GW":10.0,"GP":17.0},"Z. Jalbuena":{"TEAM":"SBU","MINS":6.0277777778,"FGM":0.6666666667,"FGA":1.6666666667,"FG%":40.0,"2PM":0.3333333333,"2PA":1.3333333333,"2P%":25.0,"3PM":0.3333333333,"3PA":0.3333333333,"3P%":100.0,"FTM":0.0,"FTA":0.0,"FT%":0.0,"PTS":1.6666666667,"OFF":0.3333333333,"DEF":1.6666666667,"REB":2.0,"AST":0.6666666667,"TO":0.0,"STL":0.0,"BLK":0.3333333333,"STK":0.3333333333,"PF":0.3333333333,"Fls on:":0.3333333333,"+\/-":2.3333333333,"GW":2.0,"GP":3.0},"R. Calimag":{"TEAM":"SBU","MINS":7.3016666667,"FGM":0.5,"FGA":2.2,"FG%":22.7272727273,"2PM":0.1,"2PA":0.7,"2P%":14.2857142857,"3PM":0.4,"3PA":1.5,"3P%":26.6666666667,"FTM":0.1,"FTA":0.7,"FT%":14.2857142857,"PTS":1.5,"OFF":0.3,"DEF":1.2,"REB":1.5,"AST":0.3,"TO":0.4,"STL":0.0,"BLK":0.1,"STK":0.1,"PF":1.0,"Fls on:":0.4,"+\/-":-2.3,"GW":5.0,"GP":10.0},"J. Royo":{"TEAM":"SBU","MINS":9.8666666667,"FGM":0.5833333333,"FGA":2.0833333333,"FG%":28.0,"2PM":0.4166666667,"2PA":1.1666666667,"2P%":35.7142857143,"3PM":0.1666666667,"3PA":0.9166666667,"3P%":18.1818181818,"FTM":0.1666666667,"FTA":0.5833333333,"FT%":28.5714285714,"PTS":1.5,"OFF":0.3333333333,"DEF":0.6666666667,"REB":1.0,"AST":0.9166666667,"TO":0.8333333333,"STL":0.3333333333,"BLK":0.0833333333,"STK":0.4166666667,"PF":0.75,"Fls on:":0.8333333333,"+\/-":-0.1666666667,"GW":7.0,"GP":12.0},"J. Bonzalida":{"TEAM":"SBU","MINS":5.1757575758,"FGM":0.4545454545,"FGA":1.3636363636,"FG%":33.3333333333,