{"Z. Jalbuena":{"TEAM":"SBU","MINS":18.0833333333,"FGM":2.0,"FGA":5.0,"FG%":40.0,"2PM":1.0,"2PA":4.0,"2P%":25.0,"3PM":1.0,"3PA":1.0,"3P%":100.0,"FTM":0.0,"FTA":0.0,"FT%":0.0,"PTS":5.0,"OFF":1.0,"DEF":5.0,"REB":6.0,"AST":2.0,"TO":0.0,"STL":0.0,"BLK":1.0,"STK":1.0,"PF":1.0,"Fls on:":1.0,"+\/-":7.0,"GW":2.0,"GP":3.0},"A. Sollano":{"TEAM":"SBU","MINS":5.8666666666,"FGM":0.0,"FGA":1.0,"FG%":0.0,"2PM":0.0,"2PA":1.0,"2P%":0.0,"3PM":0.0,"3PA":0.0,"3P%":0.0,"FTM":0.0,"FTA":0.0,"FT%":0.0,"PTS":0.0,"OFF":0.0,"DEF":0.0,"REB":0.0,"AST":0.0,"TO":0.0,"STL":0.0,"BLK":0.0,"STK":0.0,"PF":1.0,"Fls on:":1.0,"+\/-":-21.0,"GW":2.0,"GP":4.0},"N. Gonzales":{"TEAM":"SBU","MINS":203.4500000001,"FGM":15.0,"FGA":55.0,"FG%":27.2727272727,"2PM":6.0,"2PA":28.0,"2P%":21.4285714286,"3PM":9.0,"3PA":27.0,"3P%":33.3333333333,"FTM":1.0,"FTA":2.0,"FT%":50.0,"PTS":40.0,"OFF":6.0,"DEF":21.0,"REB":27.0,"AST":22.0,"TO":13.0,"STL":5.0,"BLK":0.0,"STK":5.0,"PF":20.0,"Fls on:":9.0,"+\/-":-34.0,"GW":7.0,"GP":13.0},"D. Celzo":{"TEAM":"SBU","MINS":185.5666666668,"FGM":12.0,"FGA":33.0,"FG%":36.3636363636,"2PM":12.0,"2PA":33.0,"2P%":36.3636363636,"3PM":0.0,"3PA":0.0,"3P%":0.0,"FTM":16.0,"FTA":28.0,"FT%":57.1428571429,"PTS":40.0,"OFF":20.0,"DEF":20.0,"REB":40.0,"AST":7.0,"TO":13.0,"STL":4.0,"BLK":3.0,"STK":7.0,"PF":29.0,"Fls on:":25.0,"+\/-":6.0,"GW":10.0,"GP":17.0},"O. Tagle":{"TEAM":"SBU","MINS":177.2833333332,"FGM":10.0,"FGA":41.0,"FG%":24.3902439024,"2PM":1.0,"2PA":11.0,"2P%":9.0909090909,"3PM":9.0,"3PA":30.0,"3P%":30.0,"FTM":5.0,"FTA":7.0,"FT%":71.4285714286,"PTS":34.0,"OFF":2.0,"DEF":7.0,"REB":9.0,"AST":13.0,"TO":8.0,"STL":4.0,"BLK":0.0,"STK":4.0,"PF":12.0,"Fls on:":5.0,"+\/-":-18.0,"GW":7.0,"GP":12.0},"J. Payosing":{"TEAM":"SBU","MINS":334.1000000001,"FGM":49.0,"FGA":132.0,"FG%":37.1212121212,"2PM":42.0,"2PA":95.0,"2P%":44.2105263158,"3PM":7.0,"3PA":37.0,"3P%":18.9189189189,"FTM":30.0,"FTA":54.0,"FT%":55.5555555556,"PTS":135.0,"OFF":27.0,"DEF":72.0,"REB":99.0,"AST":29.0,"TO":18.0,"STL":11.0,"BLK":4.0,"STK":15.0,"PF":27.0,"Fls on:":37.0,"+\/-":26.0,"GW":10.0,"GP":18.0},"R. Jalbuena":{"TEAM":"SBU","MINS":28.85,"FGM":2.0,"FGA":7.0,"FG%":28.5714285714,"2PM":2.0,"2PA":5.0,"2P%":40.0,"3PM":0.0,"3PA":2.0,"3P%":0.0,"FTM":0.0,"FTA":4.0,"FT%":0.0,"PTS":4.0,"OFF":2.0,"DEF":3.0,"REB":5.0,"AST":3.0,"TO":4.0,"STL":1.0,"BLK":1.0,"STK":2.0,"PF":6.0,"Fls on:":4.0,"+\/-":3.0,"GW":2.0,"GP":5.0},"J. Puno":{"TEAM":"SBU","MINS":453.45,"FGM":66.0,"FGA":149.0,"FG%":44.2953020134,"2PM":47.0,"2PA":103.0,"2P%":45.6310679612,"3PM":19.0,"3PA":46.0,"3P%":41.3043478261,"FTM":52.0,"FTA":73.0,"FT%":71.2328767123,"PTS":203.0,"OFF":34.0,"DEF":83.0,"REB":117.0,"AST":26.0,"TO":27.0,"STL":12.0,"BLK":3.0,"STK":15.0,"PF":23.0,"Fls on:":60.0,"+\/-":80.0,"GW":10.0,"GP":18.0},"J. Bonzalida":{"TEAM":"SBU","MINS":56.9333333334,"FGM":5.0,"FGA":15.0,"FG%":33.3333333333,"2PM":3.0,"2PA":6.0,"2P%":50.0,"3PM":2.0,"3PA":9.0,"3P%":22.2222222222,"FTM":0.0,"FTA":0.0,"FT%":0.0,"PTS":12.0,"OFF":4.0,"DEF":7.0,"REB":11.0,"AST":3.0,"TO":1.0,"STL":1.0,"BLK":1.0,"STK":2.0,"PF":13.0,"Fls on:":3.0,"+\/-":-16.0,"GW":7.0,"GP":11.0},"J. Royo":{"TEAM":"SBU","MINS":118.4000000001,"FGM":7.0,"FGA":25.0,"FG%":28.0,"2PM":5.0,"2PA":14.0,"2P%":35.7142857143,"3PM":2.0,"3PA":11.0,"3P%":18.1818181818,"FTM":2.0,"FTA":7.0,"FT%":28.5714285714,"PTS":18.0,"OFF":4.0,"DEF":8.0,"REB":12.0,"AST":11.0,"TO":10.0,"STL":4.0,"BLK":1.0,"STK":5.0,"PF":9.0,"Fls on:":10.0,"+\/-":-2.0,"GW":7.0,"GP":12.0},"P. Estacio":{"TEAM":"SBU","MINS":68.6833333334,"FGM":7.0,"FGA":22.0,"FG%":31.8181818182,"2PM":4.0,"2PA":10.0,"2P%":40.0,"3PM":3.0,"3PA":12.0,"3P%":25.0,"FTM":1.0,"FTA":3.0,"FT%":33.3333333333,"PTS":18.0,"OFF":1.0,"DEF":7.0,"REB":8.0,"AST":9.0,"TO":4.0,"STL":1.0,"BLK":0.0,"STK":1.0,"PF":11.0,"Fls on:":5.0,"+\/-":-15.0,"GW":2.0,"GP":5.0},"R. Calimag":{"TEAM":"SBU","MINS":73.0166666668,"FGM":5.0,"FGA":22.0,"FG%":22.7272727273,"2PM":1.0,"2PA":7.0,"2P%":14.2857142857,"3PM":4.0,"3PA":15.0,"3P%":26.6666666667,"FTM":1.0,"FTA":7.0,"FT%":14.2857142857,"PTS":15.0,"OFF":3.0,"DEF":12.0,"REB":15.0,"AST":3.0,"TO":4.0,"STL":0.0,"BLK":1.0,"STK":1.0,"PF":10.0,"Fls on:":4.0,"+\/-":-23.0,"GW":5.0,"GP":10.0},"I. Culdora":{"TEAM":"SBU","MINS":11.1,"FGM":1.0,"FGA":4.0,"FG%":25.0,"2PM":1.0,"2PA":4.0,"2P%":25.0,"3PM":0.0,"3PA":0.0,"3P%":0.0,"FTM":4.0,"FTA":8.0,"FT%":50.0,"PTS":6.0,"OFF":2.0,"DEF":0.0,"REB":2.0,"AST":0.0,"TO":1.0,"STL":1.0,"BLK":1.0,"STK":2.0,"PF":0.0,"Fls on:":5.0,"+\/-":5.0,"GW":1.0,"GP":2.0},"Y. Andrada":{"TEAM":"SBU","MINS":533.8166666664,"FGM":83.0,"FGA":199.0,"FG%":41.7085427136,"2PM":43.0,"2PA":86.0,"2P%":50.0,"3PM":40.0,"3PA":113.0,"3P%":35.3982300885,"FTM":17.0,"FTA":27.0,"FT%":62.962962963,"PTS":223.0,"OFF":23.0,"DEF":81.0,"REB":104.0,"AST":29.0,"TO":26.0,"STL":9.0,"BLK":8.0,"STK":17.0,"PF":26.0,"Fls on:":26.0,"+\/-":30.0,"GW":10.0,"GP":18.0},"M. Songcuya":{"TEAM":"SBU","MINS":268.4500000001,"FGM":22.0,"FGA":47.0,"FG%":46.8085106383,"2PM":22.0,"2PA":44.0,"2P%":50.0,"3PM":0.0,"3PA":3.0,"3P%":0.0,"FTM":12.0,"FTA":22.0,"FT%":54.5454545455,"PTS":56.0,"OFF":28.0,"DEF":51.0,"REB":79.0,"AST":10.0,"TO":17.0,"STL":6.0,"BLK":11.0,"STK":17.0,"PF":37.0,"Fls on:":28.0,"+\/-":55.0,"GW":10.0,"GP":18.0},"B. Lina":{"TEAM":"SBU","MINS":198.0500000001,"FGM":33.0,"FGA":62.0,"FG%":53.2258064516,"2PM":33.0,"2PA":62.0,"2P%":53.2258064516,"3PM":0.0,"3PA":0.0,"3P%":0.0,"FTM":31.0,"FTA":46.0,"FT%":67.3913043478,"PTS":97.0,"OFF":15.0,"DEF":27.0,"REB":42.0,"AST":9.0,"TO":11.0,"STL":3.0,"BLK":0.0,"STK":3.0,"PF":20.0,"Fls on:":34.0,"+\/-":43.0,"GW":5.0,"GP":9.0},"B. Sajonia":{"TEAM":"SBU","MINS":328.5,"FGM":48.0,"FGA":135.0,"FG%":35.5555555556,"2PM":27.0,"2PA":71.0,"2P%":38.0281690141,"3PM":21.0,"3PA":64.0,"3P%":32.8125,"FTM":47.0,"FTA":63.0,"FT%":74.6031746032,"PTS":164.0,"OFF":10.0,"DEF":48.0,"REB":58.0,"AST":29.0,"TO":30.0,"STL":15.0,"BLK":6.0,"STK":21.0,"PF":28.0,"Fls on:":52.0,"+\/-":64.0,"GW":8.0,"GP":16.0},"K. Culdora":{"TEAM":"SBU","MINS":6.8833333333,"FGM":1.0,"FGA":2.0,"FG%":50.0,"2PM":1.0,"2PA":1.0,"2P%":100.0,"3PM":0.0,"3PA":1.0,"3P%":0.0,"FTM":0.0,"FTA":2.0,"FT%":0.0,"PTS":2.0,"OFF":0.0,"DEF":0.0,"REB":0.0,"AST":0.0,"TO":1.0,"STL":0.0,"BLK":0.0,"STK":0.0,"PF":2.0,"Fls on:":1.0,"+\/-":-7.0,"GW":3.0,"GP":3.0},"RC. Calimag":{"TEAM":"SBU","MINS":165.6833333334,"FGM":25.0,"FGA":74.0,"FG%":33.7837837838,"2PM":14.0,"2PA":33.0,"2P%":42.4242424242,"3PM":11.0,"3PA":41.0,"3P%":26.8292682927,"FTM":5.0,"FTA":9.0,"FT%":55.5555555556,"PTS":66.0,"OFF":4.0,"DEF":16.0,"REB":20.0,"AST":9.0,"TO":6.0,"STL":2.0,"BLK":1.0,"STK":3.0,"PF":15.0,"Fls on:":11.0,"+\/-":2.0,"GW":9.0,"GP":15.0},"J. Tagala":{"TEAM":"SBU","MINS":25.0833333334,"FGM":2.0,"FGA":3.0,"FG%":66.6666666667,"2PM":1.0,"2PA":1.0,"2P%":100.0,"3PM":1.0,"3PA":2.0,"3P%":50.0,"FTM":0.0,"FTA":0.0,"FT%":0.0,"PTS":5.0,"OFF":1.0,"DEF":3.0,"REB":4.0,"AST":3.0,"TO":1.0,"STL":1.0,"BLK":0.0,"STK":1.0,"PF":1.0,"Fls on:":1.0,"+\/-":-12.0,"GW":4.0,"GP":6.0},"E. Tagle":{"TEAM":"SBU","MINS":93.9333333333,"FGM":15.0,"FGA":36.0,"FG%":41.6666666667,"2PM":3.0,"2PA":9.0,"2P%":33.3333333333,"3PM":12.0,"3PA":27.0,"3P%":44.4444444444,"FTM":1.0,"FTA":2.0,"FT%":50.0,"PTS":43.0,"OFF":1.0,"DEF":8.0,"REB":9.0,"AST":6.0,"TO":5.0,"STL":3.0,"BLK":0.0,"STK":3.0,"PF":7.0,"Fls on:":7.0,"+\/-":19.0,"GW":2.0,"GP":5.0},"Z. Estacio":{"TEAM":"SBU","MINS":215.5166666666,"FGM":21.0,"FGA":55.0,"FG%":38.1818181818,"2PM":9.0,"2PA":20.0,"2P%":45.0,"3PM":12.0,"3PA":35.0,"3P%":34.2857142857,"FTM":6.0,"FTA":14.0,"FT%":42.8571428571,"PTS":60.0,"OFF":4.0,"DEF":24.0,"REB":28.0,"AST":24.0,"TO":14.0,"STL":5.0,"BLK":1.0,"STK":6.0,"PF":18.0,"Fls on:":13.0,"+\/-":96.0,"GW":8.0,"GP":13.0},"A. Royo":{"TEAM":"SBU","MINS":77.5833333333,"FGM":8.0,"FGA":16.0,"FG%":50.0,"2PM":6.0,"2PA":9.0,"2P%":66.6666666667,"3PM":2.0,"3PA":7.0,"3P%":28.5714285714,"FTM":0.0,"FTA":0.0,"FT%":0.0,"PTS":18.0,"OFF":1.0,"DEF":6.0,"REB":7.0,"AST":14.0,"TO":1.0,"STL":3.0,"BLK":0.0,"STK":3.0,"PF":6.0,"Fls on:":4.0,"+\/-":52.0,"GW":2.0,"GP":5.0}}