{"T. Felebrico":{"TEAM":"SSCR","SP":63.1111111111,"GP":18.0,"MPG":30.6231481481,"EWA":2.8066486295,"PER":21.0543852906,"WS":1.9648185786,"OWS":1.8107105489,"DWS":0.1541080297,"EFF":17.6111111111,"GmSc":11.3722222222,"TS%":54.9112633983,"EFG%":50.5208333333,"PPWS":1.098225268,"FTR":0.421875,"REB%":15.3707661447,"OREB%":6.7274443155,"DREB%":26.2346487039,"AR":3.9215680939,"pAST%":14.2521279586,"hAST%":14.490844421,"TOR":2.8520495228,"hTO%":10.5387959426,"AST\/TO":1.375,"STL\/TO":0.625,"PPR":-0.4523349712,"USG%":19.6749108549,"STL%":null,"BLK%":4.3632655859,"aSP":61.8231292517,"ORtg":110.975788236,"DRtg":102.9812345705,"Floor%":52.7866780863,"Stop%":0.5500371767,"FFI":52.1689348157,"PIE":11.6010374912,"AV":3.5774630097,"DRE\/100":10.6549199711,"DRE\/75":7.9911899783,"POS":62.3333418141},"R. Are":{"TEAM":"SSCR","SP":76.5,"GP":12.0,"MPG":29.6305555556,"EWA":2.7062045571,"PER":26.118034573,"WS":1.5584299507,"OWS":1.4172292243,"DWS":0.1412007264,"EFF":16.8333333333,"GmSc":13.775,"TS%":49.9724922061,"EFG%":41.4285714286,"PPWS":0.9994498441,"FTR":0.56,"REB%":9.3824742689,"OREB%":8.0224692202,"DREB%":11.0918789885,"AR":7.4610876841,"pAST%":28.1475321207,"hAST%":17.8147268409,"TOR":4.2832170039,"hTO%":10.226972816,"AST\/TO":1.7419354839,"STL\/TO":1.0,"PPR":1.3148092102,"USG%":29.26517114,"STL%":null,"BLK%":6.7641456231,"aSP":74.9387755102,"ORtg":106.0180759795,"DRtg":102.0609522677,"Floor%":49.4128113055,"Stop%":0.5715563237,"FFI":50.5051181645,"PIE":6.9087479368,"AV":2.5514921256,"DRE\/100":8.4378364777,"DRE\/75":6.3283773582,"POS":60.3129220631},"L. Velasco":{"TEAM":"SSCR","SP":27.4705882353,"GP":17.0,"MPG":18.4264705882,"EWA":0.5593452783,"PER":14.4090950018,"WS":0.8116960267,"OWS":0.8154135502,"DWS":-0.0037175236,"EFF":7.8823529412,"GmSc":4.5588235294,"TS%":57.3461091754,"EFG%":52.6315789474,"PPWS":1.1469221835,"FTR":0.4736842105,"REB%":11.8332716179,"OREB%":9.4097581071,"DREB%":14.879411364,"AR":1.097833262,"pAST%":3.550424481,"hAST%":8.4459459459,"TOR":1.097833262,"hTO%":8.4459459459,"AST\/TO":1.0,"STL\/TO":1.2857142857,"PPR":-0.6964652934,"USG%":10.1181183708,"STL%":null,"BLK%":84.4569890901,"aSP":26.9099639856,"ORtg":123.2917761028,"DRtg":105.2631791706,"Floor%":60.6747675599,"Stop%":0.4966780051,"FFI":54.7653880428,"PIE":3.1596321622,"AV":1.8754664695,"DRE\/100":3.4819370215,"DRE\/75":2.6114527661,"POS":37.5070350066},"R. Gabat":{"TEAM":"SSCR","SP":38.2222222222,"GP":18.0,"MPG":21.5305555556,"EWA":0.934401214,"PER":15.6662042063,"WS":0.7514084378,"OWS":0.8259397898,"DWS":-0.0745313519,"EFF":8.0555555556,"GmSc":5.8277777778,"TS%":45.9617428268,"EFG%":42.5714285714,"PPWS":0.9192348565,"FTR":0.1714285714,"REB%":9.5646299427,"OREB%":6.6243591154,"DREB%":13.2602874216,"AR":2.0282508465,"pAST%":7.3381145476,"hAST%":7.4005550416,"TOR":1.5211881349,"hTO%":5.5504162812,"AST\/TO":1.3333333333,"STL\/TO":1.1666666667,"PPR":-0.3216805251,"USG%":21.5774364023,"STL%":null,"BLK%":12.411842147,"aSP":37.4421768707,"ORtg":101.4445975502,"DRtg":106.6760299194,"Floor%":43.9749430509,"Stop%":0.4636410306,"FFI":45.5445747893,"PIE":4.4093374204,"AV":1.9897875398,"DRE\/100":3.1249381397,"DRE\/75":2.3437036048,"POS":43.8253922294},"P. Are":{"TEAM":"SSCR","SP":68.0,"GP":5.0,"MPG":23.8066666667,"EWA":1.2337530116,"PER":31.6531858299,"WS":0.7140217914,"OWS":0.6804432782,"DWS":0.0335785133,"EFF":15.0,"GmSc":13.24,"TS%":55.7572614108,"EFG%":52.9850746269,"PPWS":1.1151452282,"FTR":0.3432835821,"REB%":4.0037945764,"OREB%":3.994010976,"DREB%":4.0160916871,"AR":8.2545010036,"pAST%":36.1536752548,"hAST%":19.0258751903,"TOR":3.3018004015,"hTO%":7.6103500761,"AST\/TO":2.5,"STL\/TO":1.5,"PPR":4.1893235792,"USG%":29.8694023365,"STL%":null,"BLK%":0.0,"aSP":66.612244898,"ORtg":115.3253177865,"DRtg":102.9615395863,"Floor%":52.3708041808,"Stop%":0.5504977085,"FFI":51.3166356769,"PIE":2.8531006838,"AV":1.213603032,"DRE\/100":10.7588562067,"DRE\/75":8.0691421551,"POS":48.4584107293},"R. Escobido":{"TEAM":"SSCR","SP":54.2777777778,"GP":18.0,"MPG":23.8333333333,"EWA":1.2678784939,"PER":16.7604097265,"WS":0.4339881665,"OWS":0.3560858861,"DWS":0.0779022803,"EFF":9.0,"GmSc":6.8944444444,"TS%":41.2356723511,"EFG%":37.9182156134,"PPWS":0.824713447,"FTR":0.1449814126,"REB%":7.5295741722,"OREB%":4.8761070753,"DREB%":10.8647450111,"AR":5.7258786099,"pAST%":22.7171574809,"hAST%":13.5442626503,"TOR":3.7790798826,"hTO%":8.9392133492,"AST\/TO":1.5151515152,"STL\/TO":0.9090909091,"PPR":0.0726499344,"USG%":31.0752533139,"STL%":null,"BLK%":16.8189140702,"aSP":53.1700680272,"ORtg":89.5109126743,"DRtg":103.7484522681,"Floor%":40.0792875064,"Stop%":0.5320971703,"FFI":42.3724588794,"PIE":4.8809243103,"AV":2.1623050678,"DRE\/100":1.5428646186,"DRE\/75":1.157148464,"POS":48.512690663},"A. Aguilar":{"TEAM":"SSCR","SP":29.25,"GP":12.0,"MPG":14.3472222222,"EWA":0.5511266586,"PER":17.2542570215,"WS":0.4178640676,"OWS":0.4022279487,"DWS":0.0156361189,"EFF":5.9166666667,"GmSc":4.2583333333,"TS%":48.2195845697,"EFG%":44.7674418605,"PPWS":0.9643916914,"FTR":0.2209302326,"REB%":9.8423494425,"OREB%":3.865955174,"DREB%":17.3541425637,"AR":2.5681646443,"pAST%":9.488654973,"hAST%":8.0818965517,"TOR":2.2828130172,"hTO%":7.183908046,"AST\/TO":1.125,"STL\/TO":1.0,"PPR":-1.0861622339,"USG%":24.8338880722,"STL%":null,"BLK%":0.0,"aSP":28.6530612245,"ORtg":100.8879883608,"DRtg":104.459164037,"Floor%":41.6542858568,"Stop%":0.5154784534,"FFI":46.4234180131,"PIE":2.192879038,"AV":1.164727868,"DRE\/100":6.5997784644,"DRE\/75":4.9498338483,"POS":29.2037351135},"L. Gabat":{"TEAM":"SSCR","SP":26.9166666667,"GP":12.0,"MPG":14.4791666667,"EWA":0.1828599881,"PER":12.9353874884,"WS":0.3077716239,"OWS":0.2924830893,"DWS":0.0152885346,"EFF":5.0,"GmSc":3.075,"TS%":48.5672656629,"EFG%":43.2432432432,"PPWS":0.9713453133,"FTR":0.2567567568,"REB%":5.7906412622,"OREB%":3.2834792968,"DREB%":8.941919635,"AR":3.3930156068,"pAST%":12.1214203501,"hAST%":11.2824370064,"TOR":3.3930156068,"hTO%":11.2824370064,"AST\/TO":1.0,"STL\/TO":0.9166666667,"PPR":-2.1525287052,"USG%":22.6843652945,"STL%":null,"BLK%":0.0,"aSP":26.3673469388,"ORtg":97.2007524241,"DRtg":104.4813073316,"Floor%":42.0174365631,"Stop%":0.5149606723,"FFI":45.9570906063,"PIE":0.7545390238,"AV":1.026583177,"DRE\/100":1.8907180208,"DRE\/75":1.4180385156,"POS":29.4723077017},"N. Aguilar":{"TEAM":"SSCR","SP":34.5,"GP":6.0,"MPG":17.5555555556,"EWA":0.3476899337,"PER":17.454716139,"WS":0.2099243257,"OWS":0.2384579898,"DWS":-0.0285336641,"EFF":7.5,"GmSc":5.2166666667,"TS%":67.0794633643,"EFG%":67.5675675676,"PPWS":1.3415892673,"FTR":0.1081081081,"REB%":6.5354485098,"OREB%":2.708091113,"DREB%":11.3460944736,"AR":3.2648379998,"pAST%":12.4147416511,"hAST%":12.1191135734,"TOR":5.5968651425,"hTO%":20.7756232687,"AST\/TO":0.5833333333,"STL\/TO":0.3333333333,"PPR":-6.5095260883,"USG%":20.1288655418,"STL%":null,"BLK%":0.0,"aSP":33.7959183673,"ORtg":103.1626009775,"DRtg":107.2912526548,"Floor%":42.611777483,"Stop%":0.4492551531,"FFI":52.7910505856,"PIE":1.5798160811,"AV":0.8273515609,"DRE\/100":2.5026067718,"DRE\/75":1.8769550788,"POS":35.7342896259},"J. Maliwat":{"TEAM":"SSCR","SP":24.5,"GP":6.0,"MPG":9.85,"EWA":0.1020915839,"PER":14.2921503158,"WS":0.144948326,"OWS":0.1604237012,"DWS":-0.0154753752,"EFF":4.0,"GmSc":2.4166666667,"TS%":47.2292191436,"EFG%":46.6666666667,"PPWS":0.9445843829,"FTR":0.1333333333,"REB%":6.2720344066,"OREB%":1.6088678167,"DREB%":12.1332177789,"AR":10.8065059248,"pAST%":34.339252407,"hAST%":42.0984455959,"TOR":1.662539373,"hTO%":6.4766839378,"AST\/TO":6.5,"STL\/TO":1.0,"PPR":10.5471478435,"USG%":12.6369872379,"STL%":null,"BLK%":0.0,"aSP":24.0,"ORtg":115.3922274708,"DRtg":107.2204832174,"Floor%":45.7146270575,"Stop%":0.4509099691,"FFI":45.5728053868,"PIE":0.7309596793,"AV":0.5163440021,"DRE\/100":6.1424376982,"DRE\/75":4.6068282737,"POS":20.0496504768},"H. Ricio":{"TEAM":"SSCR","SP":20.6666666667,"GP":18.0,"MPG":13.6944444444,"EWA":-0.2880904866,"PER":8.4708645922,"WS":0.1089393109,"OWS":0.1174251412,"DWS":-0.0084858303,"EFF":3.8333333333,"GmSc":1.8888888889,"TS%":43.9944134078,