{"R. Are":{"TEAM":"SSCR","MINS":29.6305555556,"FGM":5.5,"FGA":14.5833333333,"FG%":37.7142857143,"2PM":4.4166666667,"2PA":9.8333333333,"2P%":44.9152542373,"3PM":1.0833333333,"3PA":4.75,"3P%":22.8070175439,"FTM":6.0833333333,"FTA":8.1666666667,"FT%":74.4897959184,"PTS":18.1666666667,"OFF":2.5,"DEF":2.75,"REB":5.25,"AST":4.5,"TO":2.5833333333,"STL":2.5833333333,"BLK":0.0833333333,"STK":2.6666666667,"PF":3.3333333333,"Fls on:":6.3333333333,"+\/-":-3.5,"GW":3.0,"GP":12.0},"F. Chuidian":{"TEAM":"SSCR","MINS":1.4166666667,"FGM":0.0,"FGA":0.0,"FG%":0.0,"2PM":0.0,"2PA":0.0,"2P%":0.0,"3PM":0.0,"3PA":0.0,"3P%":0.0,"FTM":0.0,"FTA":1.0,"FT%":0.0,"PTS":0.0,"OFF":0.0,"DEF":0.0,"REB":0.0,"AST":0.0,"TO":0.0,"STL":0.0,"BLK":0.0,"STK":0.0,"PF":0.0,"Fls on:":0.0,"+\/-":6.0,"GW":0.0,"GP":1.0},"A. Aguilar":{"TEAM":"SSCR","MINS":14.3472222222,"FGM":2.5,"FGA":7.1666666667,"FG%":34.8837209302,"2PM":1.0833333333,"2PA":3.0833333333,"2P%":35.1351351351,"3PM":1.4166666667,"3PA":4.0833333333,"3P%":34.693877551,"FTM":1.1666666667,"FTA":1.5833333333,"FT%":73.6842105263,"PTS":7.5833333333,"OFF":0.5833333333,"DEF":2.0833333333,"REB":2.6666666667,"AST":0.75,"TO":0.6666666667,"STL":0.6666666667,"BLK":0.0,"STK":0.6666666667,"PF":1.75,"Fls on:":1.3333333333,"+\/-":0.5833333333,"GW":3.0,"GP":12.0},"H. Ricio":{"TEAM":"SSCR","MINS":15.4277777778,"FGM":1.5833333333,"FGA":4.3333333333,"FG%":36.5384615385,"2PM":1.1666666667,"2PA":2.5,"2P%":46.6666666667,"3PM":0.4166666667,"3PA":1.8333333333,"3P%":22.7272727273,"FTM":0.3333333333,"FTA":0.6666666667,"FT%":50.0,"PTS":3.9166666667,"OFF":1.0833333333,"DEF":1.9166666667,"REB":3.0,"AST":0.5833333333,"TO":0.8333333333,"STL":0.75,"BLK":0.1666666667,"STK":0.9166666667,"PF":2.75,"Fls on:":0.9166666667,"+\/-":-4.6666666667,"GW":3.0,"GP":12.0},"I. Suico":{"TEAM":"SSCR","MINS":9.3366666667,"FGM":0.5,"FGA":2.2,"FG%":22.7272727273,"2PM":0.2,"2PA":0.8,"2P%":25.0,"3PM":0.3,"3PA":1.4,"3P%":21.4285714286,"FTM":0.3,"FTA":0.6,"FT%":50.0,"PTS":1.6,"OFF":0.4,"DEF":0.7,"REB":1.1,"AST":0.2,"TO":0.4,"STL":0.4,"BLK":0.0,"STK":0.4,"PF":2.0,"Fls on:":0.5,"+\/-":-2.8,"GW":3.0,"GP":10.0},"J. Barroga":{"TEAM":"SSCR","MINS":5.1916666667,"FGM":0.3,"FGA":0.7,"FG%":42.8571428571,"2PM":0.3,"2PA":0.4,"2P%":75.0,"3PM":0.0,"3PA":0.3,"3P%":0.0,"FTM":0.2,"FTA":0.3,"FT%":66.6666666667,"PTS":0.8,"OFF":0.7,"DEF":0.6,"REB":1.3,"AST":0.2,"TO":0.3,"STL":0.2,"BLK":0.1,"STK":0.3,"PF":0.5,"Fls on:":0.2,"+\/-":-3.8,"GW":2.0,"GP":10.0},"T. Felebrico":{"TEAM":"SSCR","MINS":30.3638888889,"FGM":4.4166666667,"FGA":9.5,"FG%":46.4912280702,"2PM":3.9166666667,"2PA":7.4166666667,"2P%":52.808988764,"3PM":0.5,"3PA":2.0833333333,"3P%":24.0,"FTM":3.5,"FTA":5.0833333333,"FT%":68.8524590164,"PTS":12.8333333333,"OFF":2.3333333333,"DEF":6.0833333333,"REB":8.4166666667,"AST":2.25,"TO":1.8333333333,"STL":1.25,"BLK":0.0,"STK":1.25,"PF":3.1666666667,"Fls on:":4.25,"+\/-":-5.0833333333,"GW":3.0,"GP":12.0},"C. Cruz":{"TEAM":"SSCR","MINS":4.6194444444,"FGM":0.6666666667,"FGA":1.3333333333,"FG%":50.0,"2PM":0.3333333333,"2PA":0.8333333333,"2P%":40.0,"3PM":0.3333333333,"3PA":0.5,"3P%":66.6666666667,"FTM":0.1666666667,"FTA":0.3333333333,"FT%":50.0,"PTS":1.8333333333,"OFF":0.3333333333,"DEF":0.5,"REB":0.8333333333,"AST":0.0,"TO":0.0,"STL":0.0,"BLK":0.0,"STK":0.0,"PF":1.0,"Fls on:":0.3333333333,"+\/-":0.3333333333,"GW":1.0,"GP":6.0},"M. Pascual":{"TEAM":"SSCR","MINS":10.2291666667,"FGM":0.5,"FGA":1.8333333333,"FG%":27.2727272727,"2PM":0.1666666667,"2PA":0.4166666667,"2P%":40.0,"3PM":0.3333333333,"3PA":1.4166666667,"3P%":23.5294117647,"FTM":0.0,"FTA":0.0,"FT%":0.0,"PTS":1.3333333333,"OFF":0.0,"DEF":0.5833333333,"REB":0.5833333333,"AST":0.75,"TO":0.0833333333,"STL":0.0833333333,"BLK":0.0833333333,"STK":0.1666666667,"PF":0.5,"Fls on:":0.0833333333,"+\/-":-3.1666666667,"GW":3.0,"GP":12.0},"J. Lintol":{"TEAM":"SSCR","MINS":3.8583333333,"FGM":0.4,"FGA":0.8,"FG%":50.0,"2PM":0.4,"2PA":0.8,"2P%":50.0,"3PM":0.0,"3PA":0.0,"3P%":0.0,"FTM":0.1,"FTA":0.2,"FT%":50.0,"PTS":0.9,"OFF":0.4,"DEF":0.2,"REB":0.6,"AST":0.0,"TO":0.2,"STL":0.0,"BLK":0.1,"STK":0.1,"PF":0.3,"Fls on:":0.1,"+\/-":-1.6,"GW":2.0,"GP":10.0},"K. Ramilo":{"TEAM":"SSCR","MINS":3.5125,"FGM":0.25,"FGA":0.5,"FG%":50.0,"2PM":0.0,"2PA":0.0,"2P%":0.0,"3PM":0.25,"3PA":0.5,"3P%":50.0,"FTM":0.0,"FTA":0.0,"FT%":0.0,"PTS":0.75,"OFF":0.0,"DEF":0.25,"REB":0.25,"AST":0.0,"TO":0.0,"STL":0.0,"BLK":0.0,"STK":0.0,"PF":0.5,"Fls on:":0.5,"+\/-":-1.75,"GW":0.0,"GP":4.0},"R. Maliwat":{"TEAM":"SSCR","MINS":7.8416666667,"FGM":0.625,"FGA":2.0,"FG%":31.25,"2PM":0.25,"2PA":1.0,"2P%":25.0,"3PM":0.375,"3PA":1.0,"3P%":37.5,"FTM":0.0,"FTA":0.0,"FT%":0.0,"PTS":1.625,"OFF":0.25,"DEF":0.5,"REB":0.75,"AST":0.5,"TO":0.375,"STL":0.25,"BLK":0.0,"STK":0.25,"PF":1.125,"Fls on:":0.375,"+\/-":-2.75,"GW":2.0,"GP":8.0},"R. Escobido":{"TEAM":"SSCR","MINS":24.8472222222,"FGM":5.1666666667,"FGA":15.6666666667,"FG%":32.9787234043,"2PM":3.9166666667,"2PA":8.9166666667,"2P%":43.9252336449,"3PM":1.25,"3PA":6.75,"3P%":18.5185185185,"FTM":1.5833333333,"FTA":1.8333333333,"FT%":86.3636363636,"PTS":13.1666666667,"OFF":1.25,"DEF":2.5,"REB":3.75,"AST":2.75,"TO":1.6666666667,"STL":1.6666666667,"BLK":0.25,"STK":1.9166666667,"PF":2.4166666667,"Fls on:":1.75,"+\/-":-4.3333333333,"GW":3.0,"GP":12.0},"L. Gabat":{"TEAM":"SSCR","MINS":14.4791666667,"FGM":2.25,"FGA":6.1666666667,"FG%":36.4864864865,"2PM":1.4166666667,"2PA":3.5833333333,"2P%":39.5348837209,"3PM":0.8333333333,"3PA":2.5833333333,"3P%":32.2580645161,"FTM":1.3333333333,"FTA":1.5833333333,"FT%":84.2105263158,"PTS":6.6666666667,"OFF":0.5,"DEF":1.0833333333,"REB":1.5833333333,"AST":1.0,"TO":1.0,"STL":0.9166666667,"BLK":0.0,"STK":0.9166666667,"PF":3.4166666667,"Fls on:":1.0,"+\/-":-1.25,"GW":3.0,"GP":12.0},"R. Gabat":{"TEAM":"SSCR","MINS":22.7638888889,"FGM":3.4166666667,"FGA":10.1666666667,"FG%":33.606557377,"2PM":2.5,"2PA":4.9166666667,"2P%":50.8474576271,"3PM":0.9166666667,"3PA":5.25,"3P%":17.4603174603,"FTM":1.3333333333,"FTA":1.8333333333,"FT%":72.7272727273,"PTS":9.0833333333,"OFF":1.75,"DEF":2.25,"REB":4.0,"AST":0.8333333333,"TO":0.75,"STL":0.5,"BLK":0.0833333333,"STK":0.5833333333,"PF":2.3333333333,"Fls on:":1.8333333333,"+\/-":-3.25,"GW":3.0,"GP":12.0},"L. Velasco":{"TEAM":"SSCR","MINS":17.1833333333,"FGM":1.5454545455,"FGA":3.5454545455,"FG%":43.5897435897,"2PM":1.5454545455,"2PA":3.4545454545,"2P%":44.7368421053,"3PM":0.0,"3PA":0.0909090909,"3P%":0.0,"FTM":1.0,"FTA":1.3636363636,"FT%":73.3333333333,"PTS":4.0909090909,"OFF":1.8181818182,"DEF":2.0,"REB":3.8181818182,"AST":0.3636363636,"TO":0.3636363636,"STL":0.5454545455,"BLK":0.8181818182,"STK":1.3636363636,"PF":2.4545454545,"Fls on:":1.6363636364,"+\/-":-1.0,"GW":3.0,"GP":11.0}}