{"R. Are":{"TEAM":"SSCR","SP":74.0,"GP":17.0,"MPG":27.9176470588,"EWA":3.9320638275,"PER":27.4728619748,"WS":2.300818901,"OWS":2.1275536445,"DWS":0.1732652565,"EFF":16.2941176471,"GmSc":13.6176470588,"TS%":51.4835388159,"EFG%":44.6280991736,"PPWS":1.0296707763,"FTR":0.5,"REB%":8.0334599985,"OREB%":7.0121008827,"DREB%":9.317217066,"AR":7.6600818521,"pAST%":29.9394275674,"hAST%":18.1265922007,"TOR":4.0370701653,"hTO%":9.5532039976,"AST\/TO":1.8974358974,"STL\/TO":1.1025641026,"PPR":2.0360788148,"USG%":29.4167169753,"STL%":null,"BLK%":5.0676458324,"aSP":72.4897959184,"ORtg":108.6850685002,"DRtg":102.2868264996,"Floor%":50.2507836411,"Stop%":0.5662746609,"FFI":50.7443923046,"PIE":9.7618486206,"AV":3.2332592749,"DRE\/100":9.0199660923,"DRE\/75":6.7649745692,"POS":56.8263010826},"T. Felebrico":{"TEAM":"SSCR","SP":63.1111111111,"GP":18.0,"MPG":30.6231481481,"EWA":2.7956357199,"PER":21.014226947,"WS":1.9587816873,"OWS":1.8062873563,"DWS":0.152494331,"EFF":17.6111111111,"GmSc":11.3722222222,"TS%":54.9112633983,"EFG%":50.5208333333,"PPWS":1.098225268,"FTR":0.421875,"REB%":15.3707661447,"OREB%":6.7274443155,"DREB%":26.2346487039,"AR":3.9215680939,"pAST%":14.2521279586,"hAST%":14.490844421,"TOR":2.8520495228,"hTO%":10.5387959426,"AST\/TO":1.375,"STL\/TO":0.625,"PPR":-0.4524059121,"USG%":19.6749108549,"STL%":null,"BLK%":4.3632655859,"aSP":61.8231292517,"ORtg":110.975788236,"DRtg":102.9812345705,"Floor%":52.7866780863,"Stop%":0.5500371767,"FFI":52.1689348157,"PIE":11.6010374912,"AV":3.5774630097,"DRE\/100":10.6549199711,"DRE\/75":7.9911899783,"POS":62.3333418141},"L. Velasco":{"TEAM":"SSCR","SP":27.4705882353,"GP":17.0,"MPG":18.4264705882,"EWA":0.5487522377,"PER":14.3411236959,"WS":0.8089209829,"OWS":0.8132853394,"DWS":-0.0043643565,"EFF":7.8823529412,"GmSc":4.5588235294,"TS%":57.3461091754,"EFG%":52.6315789474,"PPWS":1.1469221835,"FTR":0.4736842105,"REB%":11.8332716179,"OREB%":9.4097581071,"DREB%":14.879411364,"AR":1.097833262,"pAST%":3.550424481,"hAST%":8.4459459459,"TOR":1.097833262,"hTO%":8.4459459459,"AST\/TO":1.0,"STL\/TO":1.2857142857,"PPR":-0.6965745219,"USG%":10.1181183708,"STL%":null,"BLK%":84.4569890901,"aSP":26.9099639856,"ORtg":123.2917761028,"DRtg":105.2631791706,"Floor%":60.6747675599,"Stop%":0.4966780051,"FFI":54.7653880428,"PIE":3.1596321622,"AV":1.8754664695,"DRE\/100":3.4819370215,"DRE\/75":2.6114527661,"POS":37.5070350066},"Re. Gabat":{"TEAM":"SSCR","SP":38.2222222222,"GP":18.0,"MPG":21.5305555556,"EWA":0.9354765939,"PER":15.6717815863,"WS":0.749048207,"OWS":0.8241728319,"DWS":-0.0751246248,"EFF":8.0555555556,"GmSc":5.8277777778,"TS%":45.9617428268,"EFG%":42.5714285714,"PPWS":0.9192348565,"FTR":0.1714285714,"REB%":9.5646299427,"OREB%":6.6243591154,"DREB%":13.2602874216,"AR":2.0282508465,"pAST%":7.3381145476,"hAST%":7.4005550416,"TOR":1.5211881349,"hTO%":5.5504162812,"AST\/TO":1.3333333333,"STL\/TO":1.1666666667,"PPR":-0.3217309752,"USG%":21.5774364023,"STL%":null,"BLK%":12.411842147,"aSP":37.4421768707,"ORtg":101.4445975502,"DRtg":106.6760299194,"Floor%":43.9749430509,"Stop%":0.4636410306,"FFI":45.5445747893,"PIE":4.4093374204,"AV":1.9897875398,"DRE\/100":3.1249381397,"DRE\/75":2.3437036048,"POS":43.8253922294},"A. Aguilar":{"TEAM":"SSCR","SP":31.0,"GP":18.0,"MPG":15.4166666667,"EWA":0.9010234777,"PER":17.3463322172,"WS":0.6452926334,"OWS":0.6587347645,"DWS":-0.0134421311,"EFF":6.4444444444,"GmSc":4.5777777778,"TS%":53.7109375,"EFG%":51.6260162602,"PPWS":1.07421875,"FTR":0.1869918699,"REB%":8.5871173767,"OREB%":3.4264536205,"DREB%":15.0736101956,"AR":2.8326076237,"pAST%":10.5795830241,"hAST%":9.4607379376,"TOR":3.5407595296,"hTO%":11.8259224219,"AST\/TO":0.8,"STL\/TO":0.6,"PPR":-3.145253607,"USG%":23.0479575982,"STL%":null,"BLK%":0.0,"aSP":30.3673469388,"ORtg":102.1159071914,"DRtg":105.5341670439,"Floor%":42.2062167409,"Stop%":0.4903414409,"FFI":48.2553853945,"PIE":3.7726951191,"AV":1.6831553319,"DRE\/100":5.0445757558,"DRE\/75":3.7834318169,"POS":31.3805866177},"R. Escobido":{"TEAM":"SSCR","SP":54.2777777778,"GP":18.0,"MPG":23.8333333333,"EWA":1.2789289947,"PER":16.8121848004,"WS":0.4329050179,"OWS":0.3561342255,"DWS":0.0767707924,"EFF":9.0,"GmSc":6.8944444444,"TS%":41.2356723511,"EFG%":37.9182156134,"PPWS":0.824713447,"FTR":0.1449814126,"REB%":7.5295741722,"OREB%":4.8761070753,"DREB%":10.8647450111,"AR":5.7258786099,"pAST%":22.7171574809,"hAST%":13.5442626503,"TOR":3.7790798826,"hTO%":8.9392133492,"AST\/TO":1.5151515152,"STL\/TO":0.9090909091,"PPR":0.0726613283,"USG%":31.0752533139,"STL%":null,"BLK%":16.8189140702,"aSP":53.1700680272,"ORtg":89.5109126743,"DRtg":103.7484522681,"Floor%":40.0792875064,"Stop%":0.5320971703,"FFI":42.3724588794,"PIE":4.8809243103,"AV":2.1623050678,"DRE\/100":1.5428646186,"DRE\/75":1.157148464,"POS":48.512690663},"Ra. Gabat":{"TEAM":"SSCR","SP":29.6666666667,"GP":18.0,"MPG":15.4222222222,"EWA":0.0239835521,"PER":10.9936561231,"WS":0.20641195,"OWS":0.1104909254,"DWS":0.0959210246,"EFF":5.0555555556,"GmSc":2.7555555556,"TS%":44.9101796407,"EFG%":40.5405405405,"PPWS":0.8982035928,"FTR":0.1891891892,"REB%":7.2487314071,"OREB%":3.4252193072,"DREB%":12.0545441766,"AR":4.0704066458,"pAST%":14.1706581456,"hAST%":13.7526907438,"TOR":4.2473808478,"hTO%":14.3506338197,"AST\/TO":0.9583333333,"STL\/TO":0.875,"PPR":-2.9195405484,"USG%":21.7034994779,"STL%":null,"BLK%":0.0,"aSP":29.0612244898,"ORtg":88.1035182652,"DRtg":102.4402704617,"Floor%":38.5997151614,"Stop%":0.5626866497,"FFI":43.6772527035,"PIE":1.2732846027,"AV":1.4030131757,"DRE\/100":1.8693880635,"DRE\/75":1.4020410476,"POS":31.3918949371},"J. Maliwat":{"TEAM":"SSCR","SP":16.8571428571,"GP":14.0,"MPG":8.7023809524,"EWA":-0.081935598,"PER":9.468230763,"WS":0.1113844112,"OWS":0.1553351102,"DWS":-0.043950699,"EFF":2.5,"GmSc":1.3642857143,"TS%":43.9146800502,"EFG%":43.5483870968,"PPWS":0.878293601,"FTR":0.064516129,"REB%":5.6503467281,"OREB%":2.3413318515,"DREB%":9.8094824998,"AR":6.8550751358,"pAST%":21.6975425659,"hAST%":31.5515961396,"TOR":2.0161985694,"hTO%":9.2798812175,"AST\/TO":3.4,"STL\/TO":0.8,"PPR":4.8612516053,"USG%":12.6441109814,"STL%":null,"BLK%":0.0,"aSP":16.5131195335,"ORtg":100.2308003406,"DRtg":107.9866895655,"Floor%":39.7675339258,"Stop%":0.4329936113,"FFI":43.3513135022,"PIE":0.7781183683,"AV":0.6852226948,"DRE\/100":1.2264968579,"DRE\/75":0.9198726434,"POS":17.7136747625},"C. Ricio":{"TEAM":"SSCR","SP":20.6666666667,"GP":18.0,"MPG":13.6944444444,"EWA":-0.2869829067,"PER":8.4798959736,"WS":0.1083971922,"OWS":0.117375565,"DWS":-0.0089783728,"EFF":3.8333333333,"GmSc":1.8888888889,"TS%":43.9944134078,"EFG%":41.5384615385,"PPWS":0.8798882682,"FTR":0.2307692308,"REB%":9.4522157467,"OREB%":5.7860499778,"DREB%":14.0602582496,"AR":1.7937214858,"pAST%":5.8156658124,"hAST%":9.7192224622,"TOR":2.3916286478,"hTO%":12.9589632829,"AST\/TO":0.75,"STL\/TO":0.8333333333,"PPR":-2.2762303343,"USG%":14.1661836325,"STL%":null,"BLK%":19.5140341748,"aSP":20.2448979592,"ORtg":90.4571437484,"DRtg":105.4398000875,"Floor%":41.5897796689,"Stop%":0.4925480425,"FFI":45.6362259105,"PIE":1.0139118133,"AV":1.1400332638,"DRE\/100":0.6759346084,"DRE\/75":0.5069509563,"POS":27.8750075721},"K. Ramilo":{"TEAM":"SSCR","SP":10.0,"GP":8.0,"MPG":4.28125,"EWA":0.0450541956,"PER":13.4640564439,"WS":0.0760696156,"OWS":0.0997063607,"DWS":-0.0236367451,"EFF":1.25,"GmSc":0.975,"TS%":66.6666666667,"EFG%":66.6666666667,"PPWS":1.3333333333,"FTR":0.0,"REB%":3.0921979848,"OREB%":2.7761777509,"DREB%":3.4894071568,"AR":1.4343952839,"pAST%":4.799138114,"hAST%":9.0909090909,"TOR":1.4343952839,"hTO%":9.0909090909,"AST\/TO":1.0,"STL\/TO":1.0,"PPR":-0.9101229155,"USG%":12.1955934251,"STL%":null,"BLK%":0.0,"aSP":9.7959183673,"ORtg":125.4344177861,"DRtg":110.5733030737,"Floor%":43.2147898296,"Stop%":0.3725103051,"FFI":51.8633033959,"PIE":0.3065314784,"AV":0.2677815834,"DRE\/100":0.6598058372,"DRE\/75":0.4948543779,"POS":8.7144737161},"C. Cruz":{"TEAM":"SSCR","SP":11.0909090909,"GP":11.0,"MPG":5.7348484848,"EWA":-0.066498567,"PER":8.7011817236,"WS":0.0616116116,"OWS":0.0888011609,"DWS":-0.0271895493,