{"V. Suico":{"TEAM":"SSCR","MINS":129.7166666668,"FGM":8.0,"FGA":32.0,"FG%":25.0,"2PM":4.0,"2PA":13.0,"2P%":30.7692307692,"3PM":4.0,"3PA":19.0,"3P%":21.0526315789,"FTM":5.0,"FTA":9.0,"FT%":55.5555555556,"PTS":25.0,"OFF":4.0,"DEF":11.0,"REB":15.0,"AST":2.0,"TO":8.0,"STL":4.0,"BLK":0.0,"STK":4.0,"PF":30.0,"Fls on:":7.0,"+\/-":-33.0,"GW":6.0,"GP":16.0},"T. Felebrico":{"TEAM":"SSCR","MINS":551.2166666666,"FGM":91.0,"FGA":192.0,"FG%":47.3958333333,"2PM":79.0,"2PA":147.0,"2P%":53.7414965986,"3PM":12.0,"3PA":45.0,"3P%":26.6666666667,"FTM":56.0,"FTA":81.0,"FT%":69.1358024691,"PTS":250.0,"OFF":39.0,"DEF":121.0,"REB":160.0,"AST":44.0,"TO":32.0,"STL":20.0,"BLK":1.0,"STK":21.0,"PF":51.0,"Fls on:":69.0,"+\/-":-35.0,"GW":6.0,"GP":18.0},"J. Lintol":{"TEAM":"SSCR","MINS":78.6333333331,"FGM":7.0,"FGA":19.0,"FG%":36.8421052632,"2PM":7.0,"2PA":16.0,"2P%":43.75,"3PM":0.0,"3PA":3.0,"3P%":0.0,"FTM":1.0,"FTA":2.0,"FT%":50.0,"PTS":15.0,"OFF":6.0,"DEF":10.0,"REB":16.0,"AST":0.0,"TO":3.0,"STL":1.0,"BLK":2.0,"STK":3.0,"PF":5.0,"Fls on:":2.0,"+\/-":-39.0,"GW":5.0,"GP":15.0},"A. Aguilar":{"TEAM":"SSCR","MINS":277.5000000001,"FGM":50.0,"FGA":123.0,"FG%":40.6504065041,"2PM":23.0,"2PA":54.0,"2P%":42.5925925926,"3PM":27.0,"3PA":69.0,"3P%":39.1304347826,"FTM":16.0,"FTA":23.0,"FT%":69.5652173913,"PTS":143.0,"OFF":10.0,"DEF":35.0,"REB":45.0,"AST":16.0,"TO":20.0,"STL":12.0,"BLK":0.0,"STK":12.0,"PF":31.0,"Fls on:":22.0,"+\/-":43.0,"GW":6.0,"GP":18.0},"Re. Gabat":{"TEAM":"SSCR","MINS":387.5499999999,"FGM":63.0,"FGA":175.0,"FG%":36.0,"2PM":40.0,"2PA":82.0,"2P%":48.7804878049,"3PM":23.0,"3PA":93.0,"3P%":24.7311827957,"FTM":24.0,"FTA":30.0,"FT%":80.0,"PTS":173.0,"OFF":27.0,"DEF":43.0,"REB":70.0,"AST":16.0,"TO":12.0,"STL":14.0,"BLK":2.0,"STK":16.0,"PF":37.0,"Fls on:":31.0,"+\/-":-29.0,"GW":6.0,"GP":18.0},"Ra. Gabat":{"TEAM":"SSCR","MINS":277.6,"FGM":39.0,"FGA":111.0,"FG%":35.1351351351,"2PM":27.0,"2PA":67.0,"2P%":40.2985074627,"3PM":12.0,"3PA":44.0,"3P%":27.2727272727,"FTM":18.0,"FTA":21.0,"FT%":85.7142857143,"PTS":108.0,"OFF":10.0,"DEF":28.0,"REB":38.0,"AST":23.0,"TO":24.0,"STL":21.0,"BLK":0.0,"STK":21.0,"PF":59.0,"Fls on:":19.0,"+\/-":5.0,"GW":6.0,"GP":18.0},"C. Cruz":{"TEAM":"SSCR","MINS":63.0833333332,"FGM":7.0,"FGA":17.0,"FG%":41.1764705882,"2PM":4.0,"2PA":8.0,"2P%":50.0,"3PM":3.0,"3PA":9.0,"3P%":33.3333333333,"FTM":2.0,"FTA":4.0,"FT%":50.0,"PTS":19.0,"OFF":3.0,"DEF":4.0,"REB":7.0,"AST":1.0,"TO":2.0,"STL":2.0,"BLK":0.0,"STK":2.0,"PF":11.0,"Fls on:":4.0,"+\/-":-13.0,"GW":4.0,"GP":11.0},"M. Pascual":{"TEAM":"SSCR","MINS":210.5666666666,"FGM":8.0,"FGA":30.0,"FG%":26.6666666667,"2PM":3.0,"2PA":6.0,"2P%":50.0,"3PM":5.0,"3PA":24.0,"3P%":20.8333333333,"FTM":2.0,"FTA":2.0,"FT%":100.0,"PTS":23.0,"OFF":3.0,"DEF":11.0,"REB":14.0,"AST":15.0,"TO":5.0,"STL":2.0,"BLK":1.0,"STK":3.0,"PF":20.0,"Fls on:":4.0,"+\/-":-72.0,"GW":6.0,"GP":18.0},"J. Maliwat":{"TEAM":"SSCR","MINS":121.8333333333,"FGM":10.0,"FGA":31.0,"FG%":32.2580645161,"2PM":3.0,"2PA":11.0,"2P%":27.2727272727,"3PM":7.0,"3PA":20.0,"3P%":35.0,"FTM":1.0,"FTA":2.0,"FT%":50.0,"PTS":28.0,"OFF":3.0,"DEF":10.0,"REB":13.0,"AST":17.0,"TO":5.0,"STL":4.0,"BLK":0.0,"STK":4.0,"PF":17.0,"Fls on:":8.0,"+\/-":8.0,"GW":5.0,"GP":14.0},"L. Velasco":{"TEAM":"SSCR","MINS":313.2499999999,"FGM":30.0,"FGA":57.0,"FG%":52.6315789474,"2PM":30.0,"2PA":56.0,"2P%":53.5714285714,"3PM":0.0,"3PA":1.0,"3P%":0.0,"FTM":19.0,"FTA":27.0,"FT%":70.3703703704,"PTS":79.0,"OFF":31.0,"DEF":39.0,"REB":70.0,"AST":7.0,"TO":7.0,"STL":9.0,"BLK":11.0,"STK":20.0,"PF":46.0,"Fls on:":28.0,"+\/-":-24.0,"GW":6.0,"GP":17.0},"R. Escobido":{"TEAM":"SSCR","MINS":429.0000000001,"FGM":91.0,"FGA":269.0,"FG%":33.8289962825,"2PM":69.0,"2PA":154.0,"2P%":44.8051948052,"3PM":22.0,"3PA":115.0,"3P%":19.1304347826,"FTM":32.0,"FTA":39.0,"FT%":82.0512820513,"PTS":236.0,"OFF":22.0,"DEF":39.0,"REB":61.0,"AST":50.0,"TO":33.0,"STL":30.0,"BLK":3.0,"STK":33.0,"PF":46.0,"Fls on:":32.0,"+\/-":-8.0,"GW":6.0,"GP":18.0},"K. Barroga":{"TEAM":"SSCR","MINS":74.4499999999,"FGM":4.0,"FGA":11.0,"FG%":36.3636363636,"2PM":3.0,"2PA":6.0,"2P%":50.0,"3PM":1.0,"3PA":5.0,"3P%":20.0,"FTM":2.0,"FTA":3.0,"FT%":66.6666666667,"PTS":11.0,"OFF":8.0,"DEF":9.0,"REB":17.0,"AST":4.0,"TO":5.0,"STL":4.0,"BLK":1.0,"STK":5.0,"PF":13.0,"Fls on:":2.0,"+\/-":-34.0,"GW":4.0,"GP":13.0},"R. Are":{"TEAM":"SSCR","MINS":474.5999999999,"FGM":97.0,"FGA":242.0,"FG%":40.0826446281,"2PM":75.0,"2PA":156.0,"2P%":48.0769230769,"3PM":22.0,"3PA":86.0,"3P%":25.5813953488,"FTM":88.0,"FTA":121.0,"FT%":72.7272727273,"PTS":304.0,"OFF":35.0,"DEF":37.0,"REB":72.0,"AST":74.0,"TO":39.0,"STL":43.0,"BLK":1.0,"STK":44.0,"PF":52.0,"Fls on:":95.0,"+\/-":-66.0,"GW":5.0,"GP":17.0},"C. Ricio":{"TEAM":"SSCR","MINS":246.5,"FGM":24.0,"FGA":65.0,"FG%":36.9230769231,"2PM":18.0,"2PA":40.0,"2P%":45.0,"3PM":6.0,"3PA":25.0,"3P%":24.0,"FTM":9.0,"FTA":15.0,"FT%":60.0,"PTS":63.0,"OFF":15.0,"DEF":29.0,"REB":44.0,"AST":9.0,"TO":12.0,"STL":10.0,"BLK":2.0,"STK":12.0,"PF":39.0,"Fls on:":16.0,"+\/-":-75.0,"GW":6.0,"GP":18.0},"F. Chuidian":{"TEAM":"SSCR","MINS":3.4833333334,"FGM":0.0,"FGA":0.0,"FG%":0.0,"2PM":0.0,"2PA":0.0,"2P%":0.0,"3PM":0.0,"3PA":0.0,"3P%":0.0,"FTM":1.0,"FTA":2.0,"FT%":50.0,"PTS":1.0,"OFF":0.0,"DEF":0.0,"REB":0.0,"AST":0.0,"TO":1.0,"STL":0.0,"BLK":0.0,"STK":0.0,"PF":0.0,"Fls on:":0.0,"+\/-":3.0,"GW":1.0,"GP":2.0},"K. Ramilo":{"TEAM":"SSCR","MINS":34.25,"FGM":4.0,"FGA":9.0,"FG%":44.4444444444,"2PM":0.0,"2PA":2.0,"2P%":0.0,"3PM":4.0,"3PA":7.0,"3P%":57.1428571429,"FTM":0.0,"FTA":0.0,"FT%":0.0,"PTS":12.0,"OFF":1.0,"DEF":1.0,"REB":2.0,"AST":1.0,"TO":1.0,"STL":1.0,"BLK":0.0,"STK":1.0,"PF":3.0,"Fls on:":3.0,"+\/-":-11.0,"GW":3.0,"GP":8.0}}