{"H. Ricio":{"TEAM":"SSCR","MINS":15.6141025641,"FGM":1.6153846154,"FGA":4.3846153846,"FG%":36.8421052632,"2PM":1.2307692308,"2PA":2.6153846154,"2P%":47.0588235294,"3PM":0.3846153846,"3PA":1.7692307692,"3P%":21.7391304348,"FTM":0.4615384615,"FTA":0.8461538462,"FT%":54.5454545455,"PTS":4.0769230769,"OFF":1.0769230769,"DEF":1.9230769231,"REB":3.0,"AST":0.5384615385,"TO":0.8461538462,"STL":0.7692307692,"BLK":0.1538461538,"STK":0.9230769231,"PF":2.6153846154,"Fls on:":1.0,"+\/-":-4.6923076923,"GW":3.0,"GP":13.0},"R. Maliwat":{"TEAM":"SSCR","MINS":7.8416666667,"FGM":0.625,"FGA":2.0,"FG%":31.25,"2PM":0.25,"2PA":1.0,"2P%":25.0,"3PM":0.375,"3PA":1.0,"3P%":37.5,"FTM":0.0,"FTA":0.0,"FT%":0.0,"PTS":1.625,"OFF":0.25,"DEF":0.5,"REB":0.75,"AST":0.5,"TO":0.375,"STL":0.25,"BLK":0.0,"STK":0.25,"PF":1.125,"Fls on:":0.375,"+\/-":-2.75,"GW":2.0,"GP":8.0},"C. Cruz":{"TEAM":"SSCR","MINS":4.6194444444,"FGM":0.6666666667,"FGA":1.3333333333,"FG%":50.0,"2PM":0.3333333333,"2PA":0.8333333333,"2P%":40.0,"3PM":0.3333333333,"3PA":0.5,"3P%":66.6666666667,"FTM":0.1666666667,"FTA":0.3333333333,"FT%":50.0,"PTS":1.8333333333,"OFF":0.3333333333,"DEF":0.5,"REB":0.8333333333,"AST":0.0,"TO":0.0,"STL":0.0,"BLK":0.0,"STK":0.0,"PF":1.0,"Fls on:":0.3333333333,"+\/-":0.3333333333,"GW":1.0,"GP":6.0},"J. Barroga":{"TEAM":"SSCR","MINS":5.1916666667,"FGM":0.3,"FGA":0.7,"FG%":42.8571428571,"2PM":0.3,"2PA":0.4,"2P%":75.0,"3PM":0.0,"3PA":0.3,"3P%":0.0,"FTM":0.2,"FTA":0.3,"FT%":66.6666666667,"PTS":0.8,"OFF":0.7,"DEF":0.6,"REB":1.3,"AST":0.2,"TO":0.3,"STL":0.2,"BLK":0.1,"STK":0.3,"PF":0.5,"Fls on:":0.2,"+\/-":-3.8,"GW":2.0,"GP":10.0},"J. Pascual":{"TEAM":"SSCR","MINS":12.5833333333,"FGM":0.0,"FGA":0.0,"FG%":0.0,"2PM":0.0,"2PA":0.0,"2P%":0.0,"3PM":0.0,"3PA":0.0,"3P%":0.0,"FTM":0.0,"FTA":0.0,"FT%":0.0,"PTS":0.0,"OFF":0.0,"DEF":0.0,"REB":0.0,"AST":0.0,"TO":0.0,"STL":0.0,"BLK":0.0,"STK":0.0,"PF":2.0,"Fls on:":1.0,"+\/-":-2.0,"GW":0.0,"GP":1.0},"M. Pascual":{"TEAM":"SSCR","MINS":10.2291666667,"FGM":0.5,"FGA":1.8333333333,"FG%":27.2727272727,"2PM":0.1666666667,"2PA":0.4166666667,"2P%":40.0,"3PM":0.3333333333,"3PA":1.4166666667,"3P%":23.5294117647,"FTM":0.0,"FTA":0.0,"FT%":0.0,"PTS":1.3333333333,"OFF":0.0,"DEF":0.5833333333,"REB":0.5833333333,"AST":0.75,"TO":0.0833333333,"STL":0.0833333333,"BLK":0.0833333333,"STK":0.1666666667,"PF":0.5,"Fls on:":0.0833333333,"+\/-":-3.1666666667,"GW":3.0,"GP":12.0},"L. Gabat":{"TEAM":"SSCR","MINS":14.4791666667,"FGM":2.25,"FGA":6.1666666667,"FG%":36.4864864865,"2PM":1.4166666667,"2PA":3.5833333333,"2P%":39.5348837209,"3PM":0.8333333333,"3PA":2.5833333333,"3P%":32.2580645161,"FTM":1.3333333333,"FTA":1.5833333333,"FT%":84.2105263158,"PTS":6.6666666667,"OFF":0.5,"DEF":1.0833333333,"REB":1.5833333333,"AST":1.0,"TO":1.0,"STL":0.9166666667,"BLK":0.0,"STK":0.9166666667,"PF":3.4166666667,"Fls on:":1.0,"+\/-":-1.25,"GW":3.0,"GP":12.0},"V. Suico":{"TEAM":"SSCR","MINS":10.5833333333,"FGM":0.0,"FGA":0.0,"FG%":0.0,"2PM":0.0,"2PA":0.0,"2P%":0.0,"3PM":0.0,"3PA":0.0,"3P%":0.0,"FTM":1.0,"FTA":2.0,"FT%":50.0,"PTS":1.0,"OFF":0.0,"DEF":1.0,"REB":1.0,"AST":0.0,"TO":1.0,"STL":0.0,"BLK":0.0,"STK":0.0,"PF":4.0,"Fls on:":1.0,"+\/-":-4.0,"GW":0.0,"GP":1.0},"R. Gabat":{"TEAM":"SSCR","MINS":21.6474358974,"FGM":3.3076923077,"FGA":9.9230769231,"FG%":33.3333333333,"2PM":2.3846153846,"2PA":4.8461538462,"2P%":49.2063492063,"3PM":0.9230769231,"3PA":5.0769230769,"3P%":18.1818181818,"FTM":1.3076923077,"FTA":1.7692307692,"FT%":73.9130434783,"PTS":8.8461538462,"OFF":1.6923076923,"DEF":2.0769230769,"REB":3.7692307692,"AST":0.7692307692,"TO":0.6923076923,"STL":0.4615384615,"BLK":0.0769230769,"STK":0.5384615385,"PF":2.2307692308,"Fls on:":1.7692307692,"+\/-":-3.5384615385,"GW":3.0,"GP":13.0},"R. Escobido":{"TEAM":"SSCR","MINS":25.3307692308,"FGM":4.9230769231,"FGA":15.6153846154,"FG%":31.5270935961,"2PM":3.6923076923,"2PA":8.9230769231,"2P%":41.3793103448,"3PM":1.2307692308,"3PA":6.6923076923,"3P%":18.3908045977,"FTM":1.6153846154,"FTA":1.9230769231,"FT%":84.0,"PTS":12.6923076923,"OFF":1.2307692308,"DEF":2.6153846154,"REB":3.8461538462,"AST":2.9230769231,"TO":1.8461538462,"STL":1.6923076923,"BLK":0.2307692308,"STK":1.9230769231,"PF":2.3846153846,"Fls on:":1.7692307692,"+\/-":-2.8461538462,"GW":3.0,"GP":13.0},"I. Suico":{"TEAM":"SSCR","MINS":9.3366666667,"FGM":0.5,"FGA":2.2,"FG%":22.7272727273,"2PM":0.2,"2PA":0.8,"2P%":25.0,"3PM":0.3,"3PA":1.4,"3P%":21.4285714286,"FTM":0.3,"FTA":0.6,"FT%":50.0,"PTS":1.6,"OFF":0.4,"DEF":0.7,"REB":1.1,"AST":0.2,"TO":0.4,"STL":0.4,"BLK":0.0,"STK":0.4,"PF":2.0,"Fls on:":0.5,"+\/-":-2.8,"GW":3.0,"GP":10.0},"K. Ramilo":{"TEAM":"SSCR","MINS":3.5125,"FGM":0.25,"FGA":0.5,"FG%":50.0,"2PM":0.0,"2PA":0.0,"2P%":0.0,"3PM":0.25,"3PA":0.5,"3P%":50.0,"FTM":0.0,"FTA":0.0,"FT%":0.0,"PTS":0.75,"OFF":0.0,"DEF":0.25,"REB":0.25,"AST":0.0,"TO":0.0,"STL":0.0,"BLK":0.0,"STK":0.0,"PF":0.5,"Fls on:":0.5,"+\/-":-1.75,"GW":0.0,"GP":4.0},"N. Aguilar":{"TEAM":"SSCR","MINS":31.3166666667,"FGM":5.0,"FGA":12.0,"FG%":41.6666666667,"2PM":2.0,"2PA":5.0,"2P%":40.0,"3PM":3.0,"3PA":7.0,"3P%":42.8571428571,"FTM":1.0,"FTA":2.0,"FT%":50.0,"PTS":14.0,"OFF":2.0,"DEF":3.0,"REB":5.0,"AST":0.0,"TO":2.0,"STL":2.0,"BLK":0.0,"STK":2.0,"PF":1.0,"Fls on:":1.0,"+\/-":-2.0,"GW":0.0,"GP":1.0},"R. Are":{"TEAM":"SSCR","MINS":29.6305555556,"FGM":5.5,"FGA":14.5833333333,"FG%":37.7142857143,"2PM":4.4166666667,"2PA":9.8333333333,"2P%":44.9152542373,"3PM":1.0833333333,"3PA":4.75,"3P%":22.8070175439,"FTM":6.0833333333,"FTA":8.1666666667,"FT%":74.4897959184,"PTS":18.1666666667,"OFF":2.5,"DEF":2.75,"REB":5.25,"AST":4.5,"TO":2.5833333333,"STL":2.5833333333,"BLK":0.0833333333,"STK":2.6666666667,"PF":3.3333333333,"Fls on:":6.3333333333,"+\/-":-3.5,"GW":3.0,"GP":12.0},"A. Aguilar":{"TEAM":"SSCR","MINS":14.3472222222,"FGM":2.5,"FGA":7.1666666667,"FG%":34.8837209302,"2PM":1.0833333333,"2PA":3.0833333333,"2P%":35.1351351351,"3PM":1.4166666667,"3PA":4.0833333333,"3P%":34.693877551,"FTM":1.1666666667,"FTA":1.5833333333,"FT%":73.6842105263,"PTS":7.5833333333,"OFF":0.5833333333,"DEF":2.0833333333,"REB":2.6666666667,"AST":0.75,"TO":0.6666666667,"STL":0.6666666667,"BLK":0.0,"STK":0.6666666667,"PF":1.75,"Fls on:":1.3333333333,"+\/-":0.5833333333,"GW":3.0,"GP":12.0},"P. Gabat":{"TEAM":"SSCR","MINS":19.65,"FGM":1.0,"FGA":6.0,"FG%":16.6666666667,"2PM":0.0,"2PA":3.0,"2P%":0.0,"3PM":1.0,"3PA":3.0,"3P%":33.3333333333,"FTM":0.0,"FTA":0.0,"FT%":0.0,"PTS":3.0,"OFF":0.0,"DEF":2.0,"REB":2.0,"AST":1.0,"TO":1.0,"STL":2.0,"BLK":0.0,"STK":2.0,"PF":5.0,"Fls on:":3.0,"+\/-":2.0,"GW":0.0,"GP":1.0},"J. Lintol":{"TEAM":"SSCR","MINS":3.8583333333,"FGM":0.4,"FGA":0.8,"FG%":50.0,"2PM":0.4,"2PA":0.8,"2P%":50.0,"3PM":0.0,"3PA":0.0,"3P%":0.0,"FTM":0.1,"FTA":0.2,"FT%":50.0,"PTS":0.9,"OFF":0.4,"DEF":0.2,"REB":0.6,"AST":0.0,"TO":0.2,"STL":0.0,"BLK":0.1,"STK":0.1,"PF":0.3,"Fls on:":0.1,"+\/-":-1.6,"GW":2.0,"GP":10.0},"P. Are":{"TEAM":"SSCR","MINS":28.35,"FGM":10.0,"FGA":18.0,"FG%":55.5555555556,"2PM":8.0,"2PA":10.0,"2P%":80.0,"3PM":2.0,"3PA":8.0,"3P%":25.0,"FTM":5.0,"FTA":6.0,"FT%":83.3333333333,"PTS":27.0,"OFF":1.0,"DEF":1.0,"REB":2.0,"AST":4.0,"TO":2.0,"STL":5.0,"BLK":0.0,"STK":5.0,"PF":5.0,"Fls on:":6.0,"+\/-":-6.0,"GW":0.0,"GP":1.0},"J. Maliwat":{"TEAM":"SSCR","MINS":10.1666666667,"FGM":1.0,"FGA":1.0,"FG%":100.0,"2PM":0.0,"2PA":0.0,"2P%":0.0,"3PM":1.0,"3PA":1.0,"3P%":100.0,"FTM":0.0,"FTA":0.0,"FT%":0.0,"PTS":3.0,"OFF":0.0,"DEF":0.0,"REB":0.0,"AST":1.0,"TO":0.0,"STL":0.0,"BLK":0.0,"STK":0.0,"PF":3.0,"Fls on:":0.0,"+\/-":1.0,"GW":0.0,"GP":1.0},"F. Chuidian":{"TEAM":"SSCR","MINS":1.4166666667,"FGM":0.0,"FGA":0.0,"FG%":0.0,"2PM":0.0,"2PA":0.0,"2P%":0.0,"3PM":0.0,"3PA":0.0,"3P%":0.0,"FTM":0.0,"FTA":1.0,"FT%":0.0,"PTS":0.0,"OFF":0.0,"DEF":0.0,"REB":0.0,"AST":0.0,"TO":0.0,"STL":0.0,"BLK":0.0,"STK":0.0,"PF":0.0,"Fls on:":0.0,"+\/-":6.0,"GW":0.0,"GP":1.0},"T. Felebrico":{"TEAM":"SSCR","MINS":31.3,"FGM":4.6923076923,"FGA":10.3076923077,"FG%":45.5223880597,"2PM":4.1538461538,"2PA":8.0769230769,"2P%":51.4285714286,"3PM":0.5384615385,"3PA":2.2307692308,"3P%":24.1379310345,"FTM":3.3846153846,