{"C. Cruz":{"TEAM":"SSCR","MINS":25.5499999999,"FGM":4.0,"FGA":8.0,"FG%":50.0,"2PM":2.0,"2PA":5.0,"2P%":40.0,"3PM":2.0,"3PA":3.0,"3P%":66.6666666667,"FTM":1.0,"FTA":2.0,"FT%":50.0,"PTS":11.0,"OFF":2.0,"DEF":3.0,"REB":5.0,"AST":0.0,"TO":0.0,"STL":0.0,"BLK":0.0,"STK":0.0,"PF":6.0,"Fls on:":2.0,"+\/-":0.0,"GP":5.0},"J. Lintol":{"TEAM":"SSCR","MINS":36.6666666665,"FGM":4.0,"FGA":8.0,"FG%":50.0,"2PM":4.0,"2PA":8.0,"2P%":50.0,"3PM":0.0,"3PA":0.0,"3P%":0.0,"FTM":1.0,"FTA":2.0,"FT%":50.0,"PTS":9.0,"OFF":4.0,"DEF":2.0,"REB":6.0,"AST":0.0,"TO":2.0,"STL":0.0,"BLK":1.0,"STK":1.0,"PF":3.0,"Fls on:":1.0,"+\/-":-18.0,"GP":9.0},"I. Suico":{"TEAM":"SSCR","MINS":85.3000000001,"FGM":5.0,"FGA":20.0,"FG%":25.0,"2PM":2.0,"2PA":7.0,"2P%":28.5714285714,"3PM":3.0,"3PA":13.0,"3P%":23.0769230769,"FTM":3.0,"FTA":6.0,"FT%":50.0,"PTS":16.0,"OFF":4.0,"DEF":5.0,"REB":9.0,"AST":2.0,"TO":3.0,"STL":4.0,"BLK":0.0,"STK":4.0,"PF":19.0,"Fls on:":5.0,"+\/-":-25.0,"GP":9.0},"M. Pascual":{"TEAM":"SSCR","MINS":115.8333333333,"FGM":5.0,"FGA":19.0,"FG%":26.3157894737,"2PM":2.0,"2PA":4.0,"2P%":50.0,"3PM":3.0,"3PA":15.0,"3P%":20.0,"FTM":0.0,"FTA":0.0,"FT%":0.0,"PTS":13.0,"OFF":0.0,"DEF":6.0,"REB":6.0,"AST":9.0,"TO":1.0,"STL":1.0,"BLK":1.0,"STK":2.0,"PF":5.0,"Fls on:":1.0,"+\/-":-39.0,"GP":11.0},"L. Velasco":{"TEAM":"SSCR","MINS":181.7499999999,"FGM":16.0,"FGA":37.0,"FG%":43.2432432432,"2PM":16.0,"2PA":36.0,"2P%":44.4444444444,"3PM":0.0,"3PA":1.0,"3P%":0.0,"FTM":11.0,"FTA":15.0,"FT%":73.3333333333,"PTS":43.0,"OFF":19.0,"DEF":21.0,"REB":40.0,"AST":4.0,"TO":4.0,"STL":6.0,"BLK":9.0,"STK":15.0,"PF":24.0,"Fls on:":18.0,"+\/-":-8.0,"GP":10.0},"L. Gabat":{"TEAM":"SSCR","MINS":160.0166666666,"FGM":24.0,"FGA":68.0,"FG%":35.2941176471,"2PM":17.0,"2PA":42.0,"2P%":40.4761904762,"3PM":7.0,"3PA":26.0,"3P%":26.9230769231,"FTM":16.0,"FTA":19.0,"FT%":84.2105263158,"PTS":71.0,"OFF":5.0,"DEF":11.0,"REB":16.0,"AST":12.0,"TO":11.0,"STL":11.0,"BLK":0.0,"STK":11.0,"PF":40.0,"Fls on:":12.0,"+\/-":-27.0,"GP":11.0},"T. Felebrico":{"TEAM":"SSCR","MINS":331.5666666666,"FGM":41.0,"FGA":96.0,"FG%":42.7083333333,"2PM":36.0,"2PA":73.0,"2P%":49.3150684932,"3PM":5.0,"3PA":23.0,"3P%":21.7391304348,"FTM":37.0,"FTA":53.0,"FT%":69.8113207547,"PTS":124.0,"OFF":27.0,"DEF":63.0,"REB":90.0,"AST":26.0,"TO":22.0,"STL":15.0,"BLK":0.0,"STK":15.0,"PF":35.0,"Fls on:":45.0,"+\/-":-54.0,"GP":11.0},"F. Chuidian":{"TEAM":"SSCR","MINS":1.4166666667,"FGM":0.0,"FGA":0.0,"FG%":0.0,"2PM":0.0,"2PA":0.0,"2P%":0.0,"3PM":0.0,"3PA":0.0,"3P%":0.0,"FTM":0.0,"FTA":1.0,"FT%":0.0,"PTS":0.0,"OFF":0.0,"DEF":0.0,"REB":0.0,"AST":0.0,"TO":0.0,"STL":0.0,"BLK":0.0,"STK":0.0,"PF":0.0,"Fls on:":0.0,"+\/-":6.0,"GP":1.0},"R. Gabat":{"TEAM":"SSCR","MINS":244.0499999998,"FGM":33.0,"FGA":108.0,"FG%":30.5555555556,"2PM":26.0,"2PA":52.0,"2P%":50.0,"3PM":7.0,"3PA":56.0,"3P%":12.5,"FTM":15.0,"FTA":21.0,"FT%":71.4285714286,"PTS":88.0,"OFF":19.0,"DEF":25.0,"REB":44.0,"AST":8.0,"TO":9.0,"STL":6.0,"BLK":1.0,"STK":7.0,"PF":26.0,"Fls on:":20.0,"+\/-":-32.0,"GP":11.0},"R. Escobido":{"TEAM":"SSCR","MINS":267.8166666667,"FGM":59.0,"FGA":173.0,"FG%":34.1040462428,"2PM":45.0,"2PA":98.0,"2P%":45.9183673469,"3PM":14.0,"3PA":75.0,"3P%":18.6666666667,"FTM":17.0,"FTA":20.0,"FT%":85.0,"PTS":149.0,"OFF":14.0,"DEF":24.0,"REB":38.0,"AST":23.0,"TO":19.0,"STL":20.0,"BLK":1.0,"STK":21.0,"PF":26.0,"Fls on:":19.0,"+\/-":-45.0,"GP":11.0},"A. Aguilar":{"TEAM":"SSCR","MINS":162.15,"FGM":30.0,"FGA":82.0,"FG%":36.5853658537,"2PM":13.0,"2PA":33.0,"2P%":39.3939393939,"3PM":17.0,"3PA":49.0,"3P%":34.693877551,"FTM":14.0,"FTA":19.0,"FT%":73.6842105263,"PTS":91.0,"OFF":7.0,"DEF":25.0,"REB":32.0,"AST":8.0,"TO":8.0,"STL":8.0,"BLK":0.0,"STK":8.0,"PF":19.0,"Fls on:":16.0,"+\/-":13.0,"GP":11.0},"J. Barroga":{"TEAM":"SSCR","MINS":47.8166666666,"FGM":3.0,"FGA":7.0,"FG%":42.8571428571,"2PM":3.0,"2PA":4.0,"2P%":75.0,"3PM":0.0,"3PA":3.0,"3P%":0.0,"FTM":2.0,"FTA":3.0,"FT%":66.6666666667,"PTS":8.0,"OFF":7.0,"DEF":6.0,"REB":13.0,"AST":2.0,"TO":3.0,"STL":2.0,"BLK":0.0,"STK":2.0,"PF":5.0,"Fls on:":2.0,"+\/-":-35.0,"GP":9.0},"K. Ramilo":{"TEAM":"SSCR","MINS":10.6166666667,"FGM":1.0,"FGA":2.0,"FG%":50.0,"2PM":0.0,"2PA":0.0,"2P%":0.0,"3PM":1.0,"3PA":2.0,"3P%":50.0,"FTM":0.0,"FTA":0.0,"FT%":0.0,"PTS":3.0,"OFF":0.0,"DEF":1.0,"REB":1.0,"AST":0.0,"TO":0.0,"STL":0.0,"BLK":0.0,"STK":0.0,"PF":1.0,"Fls on:":2.0,"+\/-":-3.0,"GP":3.0},"R. Are":{"TEAM":"SSCR","MINS":325.2333333333,"FGM":62.0,"FGA":162.0,"FG%":38.2716049383,"2PM":49.0,"2PA":107.0,"2P%":45.7943925234,"3PM":13.0,"3PA":55.0,"3P%":23.6363636364,"FTM":67.0,"FTA":90.0,"FT%":74.4444444444,"PTS":204.0,"OFF":25.0,"DEF":29.0,"REB":54.0,"AST":48.0,"TO":25.0,"STL":28.0,"BLK":1.0,"STK":29.0,"PF":36.0,"Fls on:":70.0,"+\/-":-36.0,"GP":11.0},"H. Ricio":{"TEAM":"SSCR","MINS":172.0166666667,"FGM":17.0,"FGA":48.0,"FG%":35.4166666667,"2PM":13.0,"2PA":28.0,"2P%":46.4285714286,"3PM":4.0,"3PA":20.0,"3P%":20.0,"FTM":3.0,"FTA":5.0,"FT%":60.0,"PTS":41.0,"OFF":12.0,"DEF":19.0,"REB":31.0,"AST":7.0,"TO":9.0,"STL":9.0,"BLK":2.0,"STK":11.0,"PF":29.0,"Fls on:":7.0,"+\/-":-47.0,"GP":11.0},"R. Maliwat":{"TEAM":"SSCR","MINS":56.15,"FGM":5.0,"FGA":14.0,"FG%":35.7142857143,"2PM":2.0,"2PA":7.0,"2P%":28.5714285714,"3PM":3.0,"3PA":7.0,"3P%":42.8571428571,"FTM":0.0,"FTA":0.0,"FT%":0.0,"PTS":13.0,"OFF":1.0,"DEF":3.0,"REB":4.0,"AST":4.0,"TO":3.0,"STL":2.0,"BLK":0.0,"STK":2.0,"PF":8.0,"Fls on:":3.0,"+\/-":-25.0,"GP":7.0}}