{"R. Are":{"TEAM":"SSCR","MINS":355.5666666666,"FGM":66.0,"FGA":175.0,"FG%":37.7142857143,"2PM":53.0,"2PA":118.0,"2P%":44.9152542373,"3PM":13.0,"3PA":57.0,"3P%":22.8070175439,"FTM":73.0,"FTA":98.0,"FT%":74.4897959184,"PTS":218.0,"OFF":30.0,"DEF":33.0,"REB":63.0,"AST":54.0,"TO":31.0,"STL":31.0,"BLK":1.0,"STK":32.0,"PF":40.0,"Fls on:":76.0,"+\/-":-42.0,"GW":3.0,"GP":12.0},"F. Chuidian":{"TEAM":"SSCR","MINS":1.4166666667,"FGM":0.0,"FGA":0.0,"FG%":0.0,"2PM":0.0,"2PA":0.0,"2P%":0.0,"3PM":0.0,"3PA":0.0,"3P%":0.0,"FTM":0.0,"FTA":1.0,"FT%":0.0,"PTS":0.0,"OFF":0.0,"DEF":0.0,"REB":0.0,"AST":0.0,"TO":0.0,"STL":0.0,"BLK":0.0,"STK":0.0,"PF":0.0,"Fls on:":0.0,"+\/-":6.0,"GW":0.0,"GP":1.0},"A. Aguilar":{"TEAM":"SSCR","MINS":172.1666666667,"FGM":30.0,"FGA":86.0,"FG%":34.8837209302,"2PM":13.0,"2PA":37.0,"2P%":35.1351351351,"3PM":17.0,"3PA":49.0,"3P%":34.693877551,"FTM":14.0,"FTA":19.0,"FT%":73.6842105263,"PTS":91.0,"OFF":7.0,"DEF":25.0,"REB":32.0,"AST":9.0,"TO":8.0,"STL":8.0,"BLK":0.0,"STK":8.0,"PF":21.0,"Fls on:":16.0,"+\/-":7.0,"GW":3.0,"GP":12.0},"H. Ricio":{"TEAM":"SSCR","MINS":185.1333333334,"FGM":19.0,"FGA":52.0,"FG%":36.5384615385,"2PM":14.0,"2PA":30.0,"2P%":46.6666666667,"3PM":5.0,"3PA":22.0,"3P%":22.7272727273,"FTM":4.0,"FTA":8.0,"FT%":50.0,"PTS":47.0,"OFF":13.0,"DEF":23.0,"REB":36.0,"AST":7.0,"TO":10.0,"STL":9.0,"BLK":2.0,"STK":11.0,"PF":33.0,"Fls on:":11.0,"+\/-":-56.0,"GW":3.0,"GP":12.0},"I. Suico":{"TEAM":"SSCR","MINS":93.3666666668,"FGM":5.0,"FGA":22.0,"FG%":22.7272727273,"2PM":2.0,"2PA":8.0,"2P%":25.0,"3PM":3.0,"3PA":14.0,"3P%":21.4285714286,"FTM":3.0,"FTA":6.0,"FT%":50.0,"PTS":16.0,"OFF":4.0,"DEF":7.0,"REB":11.0,"AST":2.0,"TO":4.0,"STL":4.0,"BLK":0.0,"STK":4.0,"PF":20.0,"Fls on:":5.0,"+\/-":-28.0,"GW":3.0,"GP":10.0},"J. Barroga":{"TEAM":"SSCR","MINS":51.9166666666,"FGM":3.0,"FGA":7.0,"FG%":42.8571428571,"2PM":3.0,"2PA":4.0,"2P%":75.0,"3PM":0.0,"3PA":3.0,"3P%":0.0,"FTM":2.0,"FTA":3.0,"FT%":66.6666666667,"PTS":8.0,"OFF":7.0,"DEF":6.0,"REB":13.0,"AST":2.0,"TO":3.0,"STL":2.0,"BLK":1.0,"STK":3.0,"PF":5.0,"Fls on:":2.0,"+\/-":-38.0,"GW":2.0,"GP":10.0},"T. Felebrico":{"TEAM":"SSCR","MINS":364.3666666666,"FGM":53.0,"FGA":114.0,"FG%":46.4912280702,"2PM":47.0,"2PA":89.0,"2P%":52.808988764,"3PM":6.0,"3PA":25.0,"3P%":24.0,"FTM":42.0,"FTA":61.0,"FT%":68.8524590164,"PTS":154.0,"OFF":28.0,"DEF":73.0,"REB":101.0,"AST":27.0,"TO":22.0,"STL":15.0,"BLK":0.0,"STK":15.0,"PF":38.0,"Fls on:":51.0,"+\/-":-61.0,"GW":3.0,"GP":12.0},"C. Cruz":{"TEAM":"SSCR","MINS":27.7166666666,"FGM":4.0,"FGA":8.0,"FG%":50.0,"2PM":2.0,"2PA":5.0,"2P%":40.0,"3PM":2.0,"3PA":3.0,"3P%":66.6666666667,"FTM":1.0,"FTA":2.0,"FT%":50.0,"PTS":11.0,"OFF":2.0,"DEF":3.0,"REB":5.0,"AST":0.0,"TO":0.0,"STL":0.0,"BLK":0.0,"STK":0.0,"PF":6.0,"Fls on:":2.0,"+\/-":2.0,"GW":1.0,"GP":6.0},"M. Pascual":{"TEAM":"SSCR","MINS":122.75,"FGM":6.0,"FGA":22.0,"FG%":27.2727272727,"2PM":2.0,"2PA":5.0,"2P%":40.0,"3PM":4.0,"3PA":17.0,"3P%":23.5294117647,"FTM":0.0,"FTA":0.0,"FT%":0.0,"PTS":16.0,"OFF":0.0,"DEF":7.0,"REB":7.0,"AST":9.0,"TO":1.0,"STL":1.0,"BLK":1.0,"STK":2.0,"PF":6.0,"Fls on:":1.0,"+\/-":-38.0,"GW":3.0,"GP":12.0},"J. Lintol":{"TEAM":"SSCR","MINS":38.5833333332,"FGM":4.0,"FGA":8.0,"FG%":50.0,"2PM":4.0,"2PA":8.0,"2P%":50.0,"3PM":0.0,"3PA":0.0,"3P%":0.0,"FTM":1.0,"FTA":2.0,"FT%":50.0,"PTS":9.0,"OFF":4.0,"DEF":2.0,"REB":6.0,"AST":0.0,"TO":2.0,"STL":0.0,"BLK":1.0,"STK":1.0,"PF":3.0,"Fls on:":1.0,"+\/-":-16.0,"GW":2.0,"GP":10.0},"K. Ramilo":{"TEAM":"SSCR","MINS":14.05,"FGM":1.0,"FGA":2.0,"FG%":50.0,"2PM":0.0,"2PA":0.0,"2P%":0.0,"3PM":1.0,"3PA":2.0,"3P%":50.0,"FTM":0.0,"FTA":0.0,"FT%":0.0,"PTS":3.0,"OFF":0.0,"DEF":1.0,"REB":1.0,"AST":0.0,"TO":0.0,"STL":0.0,"BLK":0.0,"STK":0.0,"PF":2.0,"Fls on:":2.0,"+\/-":-7.0,"GW":0.0,"GP":4.0},"R. Maliwat":{"TEAM":"SSCR","MINS":62.7333333333,"FGM":5.0,"FGA":16.0,"FG%":31.25,"2PM":2.0,"2PA":8.0,"2P%":25.0,"3PM":3.0,"3PA":8.0,"3P%":37.5,"FTM":0.0,"FTA":0.0,"FT%":0.0,"PTS":13.0,"OFF":2.0,"DEF":4.0,"REB":6.0,"AST":4.0,"TO":3.0,"STL":2.0,"BLK":0.0,"STK":2.0,"PF":9.0,"Fls on:":3.0,"+\/-":-22.0,"GW":2.0,"GP":8.0},"R. Escobido":{"TEAM":"SSCR","MINS":298.1666666667,"FGM":62.0,"FGA":188.0,"FG%":32.9787234043,"2PM":47.0,"2PA":107.0,"2P%":43.9252336449,"3PM":15.0,"3PA":81.0,"3P%":18.5185185185,"FTM":19.0,"FTA":22.0,"FT%":86.3636363636,"PTS":158.0,"OFF":15.0,"DEF":30.0,"REB":45.0,"AST":33.0,"TO":20.0,"STL":20.0,"BLK":3.0,"STK":23.0,"PF":29.0,"Fls on:":21.0,"+\/-":-52.0,"GW":3.0,"GP":12.0},"L. Gabat":{"TEAM":"SSCR","MINS":173.7499999999,"FGM":27.0,"FGA":74.0,"FG%":36.4864864865,"2PM":17.0,"2PA":43.0,"2P%":39.5348837209,"3PM":10.0,"3PA":31.0,"3P%":32.2580645161,"FTM":16.0,"FTA":19.0,"FT%":84.2105263158,"PTS":80.0,"OFF":6.0,"DEF":13.0,"REB":19.0,"AST":12.0,"TO":12.0,"STL":11.0,"BLK":0.0,"STK":11.0,"PF":41.0,"Fls on:":12.0,"+\/-":-15.0,"GW":3.0,"GP":12.0},"R. Gabat":{"TEAM":"SSCR","MINS":273.1666666665,"FGM":41.0,"FGA":122.0,"FG%":33.606557377,"2PM":30.0,"2PA":59.0,"2P%":50.8474576271,"3PM":11.0,"3PA":63.0,"3P%":17.4603174603,"FTM":16.0,"FTA":22.0,"FT%":72.7272727273,"PTS":109.0,"OFF":21.0,"DEF":27.0,"REB":48.0,"AST":10.0,"TO":9.0,"STL":6.0,"BLK":1.0,"STK":7.0,"PF":28.0,"Fls on:":22.0,"+\/-":-39.0,"GW":3.0,"GP":12.0},"L. Velasco":{"TEAM":"SSCR","MINS":189.0166666666,"FGM":17.0,"FGA":39.0,"FG%":43.5897435897,"2PM":17.0,"2PA":38.0,"2P%":44.7368421053,"3PM":0.0,"3PA":1.0,"3P%":0.0,"FTM":11.0,"FTA":15.0,"FT%":73.3333333333,"PTS":45.0,"OFF":20.0,"DEF":22.0,"REB":42.0,"AST":4.0,"TO":4.0,"STL":6.0,"BLK":9.0,"STK":15.0,"PF":27.0,"Fls on:":18.0,"+\/-":-11.0,"GW":3.0,"GP":11.0}}