{"P. Are":{"TEAM":"SSCR","MINS":28.35,"FGM":10.582010582,"FGA":19.0476190476,"FG%":55.5555555556,"2PM":8.4656084656,"2PA":10.582010582,"2P%":80.0,"3PM":2.1164021164,"3PA":8.4656084656,"3P%":25.0,"FTM":5.291005291,"FTA":6.3492063492,"FT%":83.3333333333,"PTS":28.5714285714,"OFF":1.0582010582,"DEF":1.0582010582,"REB":2.1164021164,"AST":4.2328042328,"TO":2.1164021164,"STL":5.291005291,"BLK":0.0,"STK":5.291005291,"PF":5.291005291,"Fls on:":6.3492063492,"+\/-":-6.3492063492,"GW":0.0,"GP":1.0},"R. Are":{"TEAM":"SSCR","MINS":29.6305555556,"FGM":5.568575982,"FGA":14.7651635886,"FG%":37.7142857143,"2PM":4.4717352583,"2PA":9.9559388769,"2P%":44.9152542373,"3PM":1.0968407237,"3PA":4.8092247117,"3P%":22.8070175439,"FTM":6.1591825255,"FTA":8.2684916096,"FT%":74.4897959184,"PTS":18.3931752133,"OFF":2.5311709009,"DEF":2.784287991,"REB":5.3154588919,"AST":4.5561076216,"TO":2.6155432643,"STL":2.6155432643,"BLK":0.0843723634,"STK":2.6999156276,"PF":3.3748945345,"Fls on:":6.4122996156,"+\/-":-3.5436392613,"GW":3.0,"GP":12.0},"N. Aguilar":{"TEAM":"SSCR","MINS":26.0666666667,"FGM":6.3299232736,"FGA":12.6598465473,"FG%":50.0,"2PM":2.8772378517,"2PA":5.7544757033,"2P%":50.0,"3PM":3.452685422,"3PA":6.905370844,"3P%":50.0,"FTM":1.1508951407,"FTA":2.3017902813,"FT%":50.0,"PTS":17.26342711,"OFF":1.726342711,"DEF":4.0281329923,"REB":5.7544757033,"AST":0.5754475703,"TO":3.452685422,"STL":1.1508951407,"BLK":0.0,"STK":1.1508951407,"PF":1.726342711,"Fls on:":2.3017902813,"+\/-":11.5089514066,"GW":1.0,"GP":2.0},"A. Aguilar":{"TEAM":"SSCR","MINS":14.3472222222,"FGM":5.2274927396,"FGA":14.9854791868,"FG%":34.8837209302,"2PM":2.2652468538,"2PA":6.4472410455,"2P%":35.1351351351,"3PM":2.9622458858,"3PA":8.5382381413,"3P%":34.693877551,"FTM":2.4394966118,"FTA":3.3107454017,"FT%":73.6842105263,"PTS":15.8567279768,"OFF":1.2197483059,"DEF":4.3562439497,"REB":5.5759922556,"AST":1.5682478219,"TO":1.3939980639,"STL":1.3939980639,"BLK":0.0,"STK":1.3939980639,"PF":3.6592449177,"Fls on:":2.7879961278,"+\/-":1.2197483059,"GW":3.0,"GP":12.0},"R. Escobido":{"TEAM":"SSCR","MINS":24.594047619,"FGM":5.9247785469,"FGA":18.2971102183,"FG%":32.380952381,"2PM":4.5307130064,"2PA":10.6297497459,"2P%":42.6229508197,"3PM":1.3940655404,"3PA":7.6673604724,"3P%":18.1818181818,"FTM":2.0039692144,"FTA":2.3524855995,"FT%":85.1851851852,"PTS":15.2475918486,"OFF":1.568323733,"DEF":3.136647466,"REB":4.704971199,"AST":3.4851638511,"TO":2.2653565032,"STL":2.0039692144,"BLK":0.2613872888,"STK":2.2653565032,"PF":2.8752601772,"Fls on:":2.0910983107,"+\/-":-2.9623892734,"GW":4.0,"GP":14.0},"K. Ramilo":{"TEAM":"SSCR","MINS":3.7866666667,"FGM":4.7535211268,"FGA":9.5070422535,"FG%":50.0,"2PM":0.0,"2PA":1.5845070423,"2P%":0.0,"3PM":4.7535211268,"3PA":7.9225352113,"3P%":60.0,"FTM":0.0,"FTA":0.0,"FT%":0.0,"PTS":14.2605633803,"OFF":0.0,"DEF":1.5845070423,"REB":1.5845070423,"AST":0.0,"TO":1.5845070423,"STL":0.0,"BLK":0.0,"STK":0.0,"PF":4.7535211268,"Fls on:":3.1690140845,"+\/-":-14.2605633803,"GW":1.0,"GP":5.0},"L. Gabat":{"TEAM":"SSCR","MINS":14.4791666667,"FGM":4.6618705036,"FGA":12.7769784173,"FG%":36.4864864865,"2PM":2.9352517986,"2PA":7.4244604317,"2P%":39.5348837209,"3PM":1.726618705,"3PA":5.3525179856,"3P%":32.2580645161,"FTM":2.7625899281,"FTA":3.2805755396,"FT%":84.2105263158,"PTS":13.8129496403,"OFF":1.035971223,"DEF":2.2446043165,"REB":3.2805755396,"AST":2.071942446,"TO":2.071942446,"STL":1.8992805755,"BLK":0.0,"STK":1.8992805755,"PF":7.0791366907,"Fls on:":2.071942446,"+\/-":-2.5899280576,"GW":3.0,"GP":12.0},"T. Felebrico":{"TEAM":"SSCR","MINS":30.8833333333,"FGM":4.7876031146,"FGA":10.2690617531,"FG%":46.6216216216,"2PM":4.2325186956,"2PA":8.0487240768,"2P%":52.5862068966,"3PM":0.5550844191,"3PA":2.2203376764,"3P%":25.0,"FTM":3.052964305,"FTA":4.4406753527,"FT%":68.75,"PTS":13.1832549534,"OFF":2.2897232287,"DEF":6.2446997147,"REB":8.5344229435,"AST":2.0815665716,"TO":1.7346388097,"STL":1.0407832858,"BLK":0.0,"STK":1.0407832858,"PF":2.8448076478,"Fls on:":3.8855909336,"+\/-":-3.2611209621,"GW":4.0,"GP":14.0},"R. Gabat":{"TEAM":"SSCR","MINS":21.5654761905,"FGM":4.7695280155,"FGA":14.1098537124,"FG%":33.8028169014,"2PM":3.3784156776,"2PA":6.9555616892,"2P%":48.5714285714,"3PM":1.3911123378,"3PA":7.1542920232,"3P%":19.4444444444,"FTM":1.6892078388,"FTA":2.2853988407,"FT%":73.9130434783,"PTS":12.6193762076,"OFF":2.4841291747,"DEF":3.2790505106,"REB":5.7631796853,"AST":1.0930168369,"TO":0.8942865029,"STL":0.7949213359,"BLK":0.198730334,"STK":0.9936516699,"PF":2.9809550097,"Fls on:":2.2853988407,"+\/-":-3.7758763456,"GW":4.0,"GP":14.0},"J. Maliwat":{"TEAM":"SSCR","MINS":14.0166666667,"FGM":4.2806183115,"FGA":7.4910820452,"FG%":57.1428571429,"2PM":1.0701545779,"2PA":1.0701545779,"2P%":100.0,"3PM":3.2104637336,"3PA":6.4209274673,"3P%":50.0,"FTM":0.0,"FTA":0.0,"FT%":0.0,"PTS":11.7717003567,"OFF":1.0701545779,"DEF":4.2806183115,"REB":5.3507728894,"AST":6.4209274673,"TO":0.0,"STL":0.0,"BLK":0.0,"STK":0.0,"PF":6.4209274673,"Fls on:":1.0701545779,"+\/-":20.3329369797,"GW":1.0,"GP":2.0},"C. Cruz":{"TEAM":"SSCR","MINS":4.8809523809,"FGM":3.512195122,"FGA":8.7804878049,"FG%":40.0,"2PM":1.756097561,"2PA":4.3902439024,"2P%":40.0,"3PM":1.756097561,"3PA":4.3902439024,"3P%":40.0,"FTM":0.8780487805,"FTA":1.756097561,"FT%":50.0,"PTS":9.6585365854,"OFF":1.756097561,"DEF":2.6341463415,"REB":4.3902439024,"AST":0.0,"TO":0.0,"STL":0.0,"BLK":0.0,"STK":0.0,"PF":5.2682926829,"Fls on:":1.756097561,"+\/-":0.8780487805,"GW":2.0,"GP":7.0},"P. Gabat":{"TEAM":"SSCR","MINS":19.15,"FGM":3.9164490862,"FGA":9.3994778068,"FG%":41.6666666667,"2PM":2.3498694517,"2PA":5.4830287206,"2P%":42.8571428571,"3PM":1.5665796345,"3PA":3.9164490862,"3P%":40.0,"FTM":0.0,"FTA":0.0,"FT%":0.0,"PTS":9.3994778068,"OFF":0.0,"DEF":4.6997389034,"REB":4.6997389034,"AST":5.4830287206,"TO":3.9164490862,"STL":3.1331592689,"BLK":0.0,"STK":3.1331592689,"PF":7.0496083551,"Fls on:":3.1331592689,"+\/-":6.2663185379,"GW":1.0,"GP":2.0},"F. Chuidian":{"TEAM":"SSCR","MINS":1.7416666667,"FGM":0.0,"FGA":0.0,"FG%":0.0,"2PM":0.0,"2PA":0.0,"2P%":0.0,"3PM":0.0,"3PA":0.0,"3P%":0.0,"FTM":8.6124401912,"FTA":17.2248803824,"FT%":50.0,"PTS":8.6124401912,"OFF":0.0,"DEF":0.0,"REB":0.0,"AST":0.0,"TO":8.6124401912,"STL":0.0,"BLK":0.0,"STK":0.0,"PF":0.0,"Fls on:":0.0,"+\/-":25.8373205737,"GW":1.0,"GP":2.0},"L. Velasco":{"TEAM":"SSCR","MINS":19.0076923077,"FGM":3.0352084176,"FGA":6.0704168353,"FG%":50.0,"2PM":3.0352084176,"2PA":5.9490084986,"2P%":51.0204081633,"3PM":0.0,"3PA":0.1214083367,"3P%":0.0,"FTM":1.6997167139,"FTA":2.3067583974,"FT%":73.6842105263,"PTS":7.7701335492,"OFF":3.3994334278,"DEF":3.5208417645,"REB":6.9202751922,"AST":0.7284500202,"TO":0.7284500202,"STL":0.8498583569,"BLK":1.3354917038,"STK":2.1853500607,"PF":3.6422501012,"Fls on:":2.6709834075,"+\/-":-0.8498583569,"GW":4.0,"GP":13.0},"H. Ricio":{"TEAM":"SSCR","MINS":14.9892857143,"FGM":3.0021443888,"FGA":8.1486776269,"FG%":36.8421052632,"2PM":2.2873481058,"2PA":4.8606147248,"2P%":47.0588235294,"3PM":0.7147962831,"3PA":3.2880629021,"3P%":21.7391304348,"FTM":0.8577555397,"FTA":1.5725518227,"FT%":54.5454545455,"PTS":7.5768406004,"OFF":2.0014295926,"DEF":3.7169406719,"REB":5.7183702645,"AST":1.0007147963,"TO":1.5725518227,"STL":1.4295925661,"BLK":0.2859185132,"STK":1.7155110793,"PF":4.8606147248,"Fls on:":1.858470336,"+\/-":-9.0064331665,"GW":4.0,"GP":14.0},"J. Lintol":{"TEAM":"SSCR","MINS":4.2166666667,"FGM":3.23392023,"FGA":5.821056414,"FG%":55.5555555556,"2PM":3.23392023,"2PA":5.821056414,"2P%":55.5555555556,"3PM":0.0,"3PA":0.0,"3P%":0.0,"FTM":0.646784046,"FTA":1.293568092,"FT%":50.0,"PTS":7.1146245059,"OFF":2.587136184,"DEF":1.940352138,"REB":4.527488322,"AST":0.0,"TO":1.940352138,"STL":0.0,"BLK":0.646784046,"STK":0.646784046,"PF":1.940352138,"Fls on:":1.293568092,"+\/-":-9.7017606899,"GW":3.0,"GP":11.0},"R. Maliwat":{"TEAM":"SSCR","MINS":7.8416666667,"FGM":2.3910733262,"FGA":7.651434644,"FG%":31.25,"2PM":0.9564293305,"2PA":3.825717322,"2P%":25.0,"3PM":1.4346439957,"3PA":3.825717322,"3P%":37.5,"FTM":0.0,"FTA":0.0,"FT%":0.0,"PTS":6.2167906482,