{"P. Are":{"TEAM":"SSCR","MINS":23.8066666667,"FGM":7.8129375525,"FGA":16.8860263232,"FG%":46.2686567164,"2PM":5.5446653598,"2PA":9.5771492579,"2P%":57.8947368421,"3PM":2.2682721927,"3PA":7.3088770652,"3P%":31.0344827586,"FTM":3.7804536544,"FTA":5.7966956035,"FT%":65.2173913043,"PTS":21.6746009521,"OFF":1.2601512181,"DEF":1.0081209745,"REB":2.2682721927,"AST":5.0406048726,"TO":2.016241949,"STL":3.0243629236,"BLK":0.0,"STK":3.0243629236,"PF":3.0243629236,"Fls on:":4.788574629,"+\/-":-6.0487258471,"GW":2.0,"GP":5.0},"R. Are":{"TEAM":"SSCR","MINS":29.6305555556,"FGM":5.568575982,"FGA":14.7651635886,"FG%":37.7142857143,"2PM":4.4717352583,"2PA":9.9559388769,"2P%":44.9152542373,"3PM":1.0968407237,"3PA":4.8092247117,"3P%":22.8070175439,"FTM":6.1591825255,"FTA":8.2684916096,"FT%":74.4897959184,"PTS":18.3931752133,"OFF":2.5311709009,"DEF":2.784287991,"REB":5.3154588919,"AST":4.5561076216,"TO":2.6155432643,"STL":2.6155432643,"BLK":0.0843723634,"STK":2.6999156276,"PF":3.3748945345,"Fls on:":6.4122996156,"+\/-":-3.5436392613,"GW":3.0,"GP":12.0},"R. Escobido":{"TEAM":"SSCR","MINS":23.8333333333,"FGM":6.3636363636,"FGA":18.8111888112,"FG%":33.8289962825,"2PM":4.8251748252,"2PA":10.7692307692,"2P%":44.8051948052,"3PM":1.5384615385,"3PA":8.041958042,"3P%":19.1304347826,"FTM":2.2377622378,"FTA":2.7272727273,"FT%":82.0512820513,"PTS":16.5034965035,"OFF":1.5384615385,"DEF":2.7272727273,"REB":4.2657342657,"AST":3.4965034965,"TO":2.3076923077,"STL":2.0979020979,"BLK":0.2097902098,"STK":2.3076923077,"PF":3.2167832168,"Fls on:":2.2377622378,"+\/-":-0.5594405594,"GW":6.0,"GP":18.0},"A. Aguilar":{"TEAM":"SSCR","MINS":14.3472222222,"FGM":5.2274927396,"FGA":14.9854791868,"FG%":34.8837209302,"2PM":2.2652468538,"2PA":6.4472410455,"2P%":35.1351351351,"3PM":2.9622458858,"3PA":8.5382381413,"3P%":34.693877551,"FTM":2.4394966118,"FTA":3.3107454017,"FT%":73.6842105263,"PTS":15.8567279768,"OFF":1.2197483059,"DEF":4.3562439497,"REB":5.5759922556,"AST":1.5682478219,"TO":1.3939980639,"STL":1.3939980639,"BLK":0.0,"STK":1.3939980639,"PF":3.6592449177,"Fls on:":2.7879961278,"+\/-":1.2197483059,"GW":3.0,"GP":12.0},"N. Aguilar":{"TEAM":"SSCR","MINS":17.5555555556,"FGM":5.6962025316,"FGA":10.5379746835,"FG%":54.0540540541,"2PM":2.8481012658,"2PA":4.8417721519,"2P%":58.8235294118,"3PM":2.8481012658,"3PA":5.6962025316,"3P%":50.0,"FTM":0.5696202532,"FTA":1.1392405063,"FT%":50.0,"PTS":14.8101265823,"OFF":0.8544303797,"DEF":2.8481012658,"REB":3.7025316456,"AST":1.9936708861,"TO":3.417721519,"STL":1.1392405063,"BLK":0.0,"STK":1.1392405063,"PF":2.8481012658,"Fls on:":1.7088607595,"+\/-":10.253164557,"GW":3.0,"GP":6.0},"L. Gabat":{"TEAM":"SSCR","MINS":14.4791666667,"FGM":4.6618705036,"FGA":12.7769784173,"FG%":36.4864864865,"2PM":2.9352517986,"2PA":7.4244604317,"2P%":39.5348837209,"3PM":1.726618705,"3PA":5.3525179856,"3P%":32.2580645161,"FTM":2.7625899281,"FTA":3.2805755396,"FT%":84.2105263158,"PTS":13.8129496403,"OFF":1.035971223,"DEF":2.2446043165,"REB":3.2805755396,"AST":2.071942446,"TO":2.071942446,"STL":1.8992805755,"BLK":0.0,"STK":1.8992805755,"PF":7.0791366907,"Fls on:":2.071942446,"+\/-":-2.5899280576,"GW":3.0,"GP":12.0},"T. Felebrico":{"TEAM":"SSCR","MINS":30.6231481481,"FGM":4.9526804342,"FGA":10.4496114655,"FG%":47.3958333333,"2PM":4.2995797176,"2PA":8.0004837783,"2P%":53.7414965986,"3PM":0.6531007166,"3PA":2.4491276872,"3P%":26.6666666667,"FTM":3.0478033441,"FTA":4.408429837,"FT%":69.1358024691,"PTS":13.6062649291,"OFF":2.1225773289,"DEF":6.5854322257,"REB":8.7080095546,"AST":2.3947026275,"TO":1.7416019109,"STL":1.0885011943,"BLK":0.0544250597,"STK":1.142926254,"PF":2.7756780455,"Fls on:":3.7553291204,"+\/-":-1.9048770901,"GW":6.0,"GP":18.0},"R. Gabat":{"TEAM":"SSCR","MINS":21.5305555556,"FGM":4.8767900916,"FGA":13.5466391433,"FG%":36.0,"2PM":3.0963746613,"2PA":6.3475680557,"2P%":48.7804878049,"3PM":1.7804154303,"3PA":7.1990710876,"3P%":24.7311827957,"FTM":1.8578247968,"FTA":2.322280996,"FT%":80.0,"PTS":13.3918204103,"OFF":2.0900528964,"DEF":3.3286027609,"REB":5.4186556573,"AST":1.2385498645,"TO":0.9289123984,"STL":1.0837311315,"BLK":0.1548187331,"STK":1.2385498645,"PF":2.8641465617,"Fls on:":2.3996903625,"+\/-":-2.2448716295,"GW":6.0,"GP":18.0},"K. Ramilo":{"TEAM":"SSCR","MINS":4.28125,"FGM":3.503649635,"FGA":7.8832116788,"FG%":44.4444444444,"2PM":0.0,"2PA":1.7518248175,"2P%":0.0,"3PM":3.503649635,"3PA":6.1313868613,"3P%":57.1428571429,"FTM":0.0,"FTA":0.0,"FT%":0.0,"PTS":10.5109489051,"OFF":0.8759124088,"DEF":0.8759124088,"REB":1.7518248175,"AST":0.8759124088,"TO":0.8759124088,"STL":0.8759124088,"BLK":0.0,"STK":0.8759124088,"PF":2.6277372263,"Fls on:":2.6277372263,"+\/-":-9.6350364964,"GW":3.0,"GP":8.0},"C. Cruz":{"TEAM":"SSCR","MINS":5.7348484848,"FGM":3.3289299868,"FGA":8.0845442536,"FG%":41.1764705882,"2PM":1.9022457067,"2PA":3.8044914135,"2P%":50.0,"3PM":1.4266842801,"3PA":4.2800528402,"3P%":33.3333333333,"FTM":0.9511228534,"FTA":1.9022457067,"FT%":50.0,"PTS":9.035667107,"OFF":1.4266842801,"DEF":1.9022457067,"REB":3.3289299868,"AST":0.4755614267,"TO":0.9511228534,"STL":0.9511228534,"BLK":0.0,"STK":0.9511228534,"PF":5.2311756935,"Fls on:":1.9022457067,"+\/-":-6.1822985469,"GW":4.0,"GP":11.0},"F. Chuidian":{"TEAM":"SSCR","MINS":1.7416666667,"FGM":0.0,"FGA":0.0,"FG%":0.0,"2PM":0.0,"2PA":0.0,"2P%":0.0,"3PM":0.0,"3PA":0.0,"3P%":0.0,"FTM":8.6124401912,"FTA":17.2248803824,"FT%":50.0,"PTS":8.6124401912,"OFF":0.0,"DEF":0.0,"REB":0.0,"AST":0.0,"TO":8.6124401912,"STL":0.0,"BLK":0.0,"STK":0.0,"PF":0.0,"Fls on:":0.0,"+\/-":25.8373205737,"GW":1.0,"GP":2.0},"P. Gabat":{"TEAM":"SSCR","MINS":17.3083333333,"FGM":3.4665382764,"FGA":10.6884930188,"FG%":32.4324324324,"2PM":2.888781897,"2PA":6.9330765527,"2P%":41.6666666667,"3PM":0.5777563794,"3PA":3.7554164661,"3P%":15.3846153846,"FTM":0.5777563794,"FTA":0.5777563794,"FT%":100.0,"PTS":8.0885893115,"OFF":1.1555127588,"DEF":4.3331728454,"REB":5.4886856042,"AST":3.1776600867,"TO":3.4665382764,"STL":2.888781897,"BLK":0.0,"STK":2.888781897,"PF":5.1998074145,"Fls on:":2.0221473279,"+\/-":5.7775637939,"GW":3.0,"GP":6.0},"H. Ricio":{"TEAM":"SSCR","MINS":13.6944444444,"FGM":2.9208924949,"FGA":7.9107505071,"FG%":36.9230769231,"2PM":2.1906693712,"2PA":4.8681541582,"2P%":45.0,"3PM":0.7302231237,"3PA":3.0425963489,"3P%":24.0,"FTM":1.0953346856,"FTA":1.8255578093,"FT%":60.0,"PTS":7.6673427992,"OFF":1.8255578093,"DEF":3.5294117647,"REB":5.354969574,"AST":1.0953346856,"TO":1.4604462475,"STL":1.2170385396,"BLK":0.2434077079,"STK":1.4604462475,"PF":4.7464503043,"Fls on:":1.9472616633,"+\/-":-9.1277890467,"GW":6.0,"GP":18.0},"J. Maliwat":{"TEAM":"SSCR","MINS":9.85,"FGM":2.538071066,"FGA":7.614213198,"FG%":33.3333333333,"2PM":0.5076142132,"2PA":1.5228426396,"2P%":33.3333333333,"3PM":2.0304568528,"3PA":6.0913705584,"3P%":33.3333333333,"FTM":0.5076142132,"FTA":1.0152284264,"FT%":50.0,"PTS":7.614213198,"OFF":0.5076142132,"DEF":3.0456852792,"REB":3.5532994924,"AST":6.5989847716,"TO":1.0152284264,"STL":1.0152284264,"BLK":0.0,"STK":1.0152284264,"PF":4.0609137056,"Fls on:":2.538071066,"+\/-":15.2284263959,"GW":3.0,"GP":6.0},"L. Velasco":{"TEAM":"SSCR","MINS":18.4264705882,"FGM":2.8731045491,"FGA":5.4588986433,"FG%":52.6315789474,"2PM":2.8731045491,"2PA":5.3631284916,"2P%":53.5714285714,"3PM":0.0,"3PA":0.0957701516,"3P%":0.0,"FTM":1.8196328811,"FTA":2.5857940942,"FT%":70.3703703704,"PTS":7.5658419793,"OFF":2.9688747007,"DEF":3.7350359138,"REB":6.7039106145,"AST":0.6703910615,"TO":0.6703910615,"STL":0.8619313647,"BLK":1.053471668,"STK":1.9154030327,"PF":4.4054269753,"Fls on:":2.6815642458,"+\/-":-2.2984836393,"GW":6.0,"GP":17.0},"V. Suico":{"TEAM":"SSCR","MINS":6.0583333333,"FGM":2.4759284732,"FGA":8.2530949106,"FG%":30.0,"2PM":1.6506189821,"2PA":4.1265474553,"2P%":40.0,"3PM":0.8253094911,"3PA":4.1265474553,"3P%":20.0,"FTM":1.6506189821,"FTA":2.4759284732,"FT%":66.6666666667,"PTS":7.4277854195,"OFF":0.0,"DEF":3.3012379642,"REB":3.3012379642,"AST":0.0,"TO":3.3012379642,"STL":0.0,"BLK":0.0,"STK":0.0,"PF":8.2530949106,"Fls on:":1.6506189821,"+\/-":-4.1265474553,"GW":3.0,"GP":6.0},