{"C. Cruz":{"TEAM":"SSCR","MINS":5.11,"FGM":4.6966731898,"FGA":9.3933463797,"FG%":50.0,"2PM":2.3483365949,"2PA":5.8708414873,"2P%":40.0,"3PM":2.3483365949,"3PA":3.5225048924,"3P%":66.6666666667,"FTM":1.1741682975,"FTA":2.3483365949,"FT%":50.0,"PTS":12.9158512721,"OFF":2.3483365949,"DEF":3.5225048924,"REB":5.8708414873,"AST":0.0,"TO":0.0,"STL":0.0,"BLK":0.0,"STK":0.0,"PF":7.0450097848,"Fls on:":2.3483365949,"+\/-":0.0,"GP":5.0},"J. Lintol":{"TEAM":"SSCR","MINS":4.0740740741,"FGM":3.2727272727,"FGA":6.5454545455,"FG%":50.0,"2PM":3.2727272727,"2PA":6.5454545455,"2P%":50.0,"3PM":0.0,"3PA":0.0,"3P%":0.0,"FTM":0.8181818182,"FTA":1.6363636364,"FT%":50.0,"PTS":7.3636363637,"OFF":3.2727272727,"DEF":1.6363636364,"REB":4.9090909091,"AST":0.0,"TO":1.6363636364,"STL":0.0,"BLK":0.8181818182,"STK":0.8181818182,"PF":2.4545454546,"Fls on:":0.8181818182,"+\/-":-14.7272727273,"GP":9.0},"I. Suico":{"TEAM":"SSCR","MINS":9.4777777778,"FGM":1.7584994138,"FGA":7.0339976553,"FG%":25.0,"2PM":0.7033997655,"2PA":2.4618991794,"2P%":28.5714285714,"3PM":1.0550996483,"3PA":4.572098476,"3P%":23.0769230769,"FTM":1.0550996483,"FTA":2.1101992966,"FT%":50.0,"PTS":5.6271981243,"OFF":1.4067995311,"DEF":1.7584994138,"REB":3.1652989449,"AST":0.7033997655,"TO":1.0550996483,"STL":1.4067995311,"BLK":0.0,"STK":1.4067995311,"PF":6.6822977726,"Fls on:":1.7584994138,"+\/-":-8.7924970692,"GP":9.0},"M. Pascual":{"TEAM":"SSCR","MINS":10.5303030303,"FGM":1.2949640288,"FGA":4.9208633094,"FG%":26.3157894737,"2PM":0.5179856115,"2PA":1.035971223,"2P%":50.0,"3PM":0.7769784173,"3PA":3.8848920863,"3P%":20.0,"FTM":0.0,"FTA":0.0,"FT%":0.0,"PTS":3.3669064748,"OFF":0.0,"DEF":1.5539568345,"REB":1.5539568345,"AST":2.3309352518,"TO":0.2589928058,"STL":0.2589928058,"BLK":0.2589928058,"STK":0.5179856115,"PF":1.2949640288,"Fls on:":0.2589928058,"+\/-":-10.1007194245,"GP":11.0},"L. Velasco":{"TEAM":"SSCR","MINS":18.175,"FGM":2.6409903714,"FGA":6.1072902338,"FG%":43.2432432432,"2PM":2.6409903714,"2PA":5.9422283356,"2P%":44.4444444444,"3PM":0.0,"3PA":0.1650618982,"3P%":0.0,"FTM":1.8156808803,"FTA":2.4759284732,"FT%":73.3333333333,"PTS":7.0976616231,"OFF":3.136176066,"DEF":3.4662998625,"REB":6.6024759285,"AST":0.6602475928,"TO":0.6602475928,"STL":0.9903713893,"BLK":1.4855570839,"STK":2.4759284732,"PF":3.9614855571,"Fls on:":2.9711141678,"+\/-":-1.3204951857,"GP":10.0},"L. Gabat":{"TEAM":"SSCR","MINS":14.546969697,"FGM":4.4995312988,"FGA":12.7486720133,"FG%":35.2941176471,"2PM":3.1871680033,"2PA":7.8741797729,"2P%":40.4761904762,"3PM":1.3123632955,"3PA":4.8744922404,"3P%":26.9230769231,"FTM":2.9996875325,"FTA":3.5621289449,"FT%":84.2105263158,"PTS":13.3111134257,"OFF":0.9374023539,"DEF":2.0622851786,"REB":2.9996875325,"AST":2.2497656494,"TO":2.0622851786,"STL":2.0622851786,"BLK":0.0,"STK":2.0622851786,"PF":7.4992188314,"Fls on:":2.2497656494,"+\/-":-5.0619727112,"GP":11.0},"T. Felebrico":{"TEAM":"SSCR","MINS":30.1424242424,"FGM":3.7096612044,"FGA":8.6860359908,"FG%":42.7083333333,"2PM":3.2572634965,"2PA":6.6050065346,"2P%":49.3150684932,"3PM":0.4523977079,"3PA":2.0810294561,"3P%":21.7391304348,"FTM":3.3477430381,"FTA":4.7954157032,"FT%":69.8113207547,"PTS":11.2194631547,"OFF":2.4429476224,"DEF":5.7002111189,"REB":8.1431587413,"AST":2.3524680808,"TO":1.9905499145,"STL":1.3571931236,"BLK":0.0,"STK":1.3571931236,"PF":3.166783955,"Fls on:":4.0715793707,"+\/-":-4.8858952448,"GP":11.0},"F. Chuidian":{"TEAM":"SSCR","MINS":1.4166666667,"FGM":0.0,"FGA":0.0,"FG%":0.0,"2PM":0.0,"2PA":0.0,"2P%":0.0,"3PM":0.0,"3PA":0.0,"3P%":0.0,"FTM":0.0,"FTA":21.1764705877,"FT%":0.0,"PTS":0.0,"OFF":0.0,"DEF":0.0,"REB":0.0,"AST":0.0,"TO":0.0,"STL":0.0,"BLK":0.0,"STK":0.0,"PF":0.0,"Fls on:":0.0,"+\/-":127.0588235264,"GP":1.0},"R. Gabat":{"TEAM":"SSCR","MINS":22.1863636363,"FGM":4.0565457898,"FGA":13.2759680393,"FG%":30.5555555556,"2PM":3.1960663798,"2PA":6.3921327597,"2P%":50.0,"3PM":0.86047941,"3PA":6.8838352797,"3P%":12.5,"FTM":1.8438844499,"FTA":2.5814382299,"FT%":71.4285714286,"PTS":10.8174554395,"OFF":2.3355869699,"DEF":3.0731407498,"REB":5.4087277197,"AST":0.98340504,"TO":1.1063306699,"STL":0.73755378,"BLK":0.12292563,"STK":0.86047941,"PF":3.1960663798,"Fls on:":2.4585125999,"+\/-":-3.9336201598,"GP":11.0},"R. Escobido":{"TEAM":"SSCR","MINS":24.346969697,"FGM":6.6089986931,"FGA":19.3789283714,"FG%":34.1040462428,"2PM":5.0407617151,"2PA":10.9776588462,"2P%":45.9183673469,"3PM":1.568236978,"3PA":8.4012695252,"3P%":18.6666666667,"FTM":1.904287759,"FTA":2.24033854,"FT%":85.0,"PTS":16.6905221233,"OFF":1.568236978,"DEF":2.6884062481,"REB":4.2566432261,"AST":2.5763893211,"TO":2.128321613,"STL":2.24033854,"BLK":0.112016927,"STK":2.352355467,"PF":2.9124401021,"Fls on:":2.128321613,"+\/-":-5.0407617151,"GP":11.0},"A. Aguilar":{"TEAM":"SSCR","MINS":14.7409090909,"FGM":5.5504162812,"FGA":15.1711378353,"FG%":36.5853658537,"2PM":2.4051803885,"2PA":6.1054579093,"2P%":39.3939393939,"3PM":3.1452358927,"3PA":9.065679926,"3P%":34.693877551,"FTM":2.5901942646,"FTA":3.5152636448,"FT%":73.6842105263,"PTS":16.8362627197,"OFF":1.2950971323,"DEF":4.625346901,"REB":5.9204440333,"AST":1.4801110083,"TO":1.4801110083,"STL":1.4801110083,"BLK":0.0,"STK":1.4801110083,"PF":3.5152636448,"Fls on:":2.9602220167,"+\/-":2.4051803885,"GP":11.0},"J. Barroga":{"TEAM":"SSCR","MINS":5.312962963,"FGM":1.882188916,"FGA":4.3917741373,"FG%":42.8571428571,"2PM":1.882188916,"2PA":2.5095852213,"2P%":75.0,"3PM":0.0,"3PA":1.882188916,"3P%":0.0,"FTM":1.2547926107,"FTA":1.882188916,"FT%":66.6666666667,"PTS":5.0191704427,"OFF":4.3917741373,"DEF":3.764377832,"REB":8.1561519693,"AST":1.2547926107,"TO":1.882188916,"STL":1.2547926107,"BLK":0.0,"STK":1.2547926107,"PF":3.1369815267,"Fls on:":1.2547926107,"+\/-":-21.9588706867,"GP":9.0},"K. Ramilo":{"TEAM":"SSCR","MINS":3.5388888889,"FGM":2.8257456829,"FGA":5.6514913658,"FG%":50.0,"2PM":0.0,"2PA":0.0,"2P%":0.0,"3PM":2.8257456829,"3PA":5.6514913658,"3P%":50.0,"FTM":0.0,"FTA":0.0,"FT%":0.0,"PTS":8.4772370486,"OFF":0.0,"DEF":2.8257456829,"REB":2.8257456829,"AST":0.0,"TO":0.0,"STL":0.0,"BLK":0.0,"STK":0.0,"PF":2.8257456829,"Fls on:":5.6514913658,"+\/-":-8.4772370486,"GP":3.0},"R. Are":{"TEAM":"SSCR","MINS":29.5666666667,"FGM":5.7189709952,"FGA":14.9431177616,"FG%":38.2716049383,"2PM":4.5198319155,"2PA":9.8698370401,"2P%":45.7943925234,"3PM":1.1991390796,"3PA":5.0732807215,"3P%":23.6363636364,"FTM":6.1801783335,"FTA":8.3017320898,"FT%":74.4444444444,"PTS":18.8172594035,"OFF":2.3060366916,"DEF":2.6750025623,"REB":4.9810392539,"AST":4.4275904479,"TO":2.3060366916,"STL":2.5827610946,"BLK":0.0922414677,"STK":2.6750025623,"PF":3.3206928359,"Fls on:":6.4569027365,"+\/-":-3.3206928359,"GP":11.0},"H. Ricio":{"TEAM":"SSCR","MINS":15.6378787879,"FGM":2.9648289894,"FGA":8.3712818525,"FG%":35.4166666667,"2PM":2.2672221684,"2PA":4.8832477473,"2P%":46.4285714286,"3PM":0.697606821,"3PA":3.4880341052,"3P%":20.0,"FTM":0.5232051158,"FTA":0.8720085263,"FT%":60.0,"PTS":7.1504699157,"OFF":2.0928204631,"DEF":3.3136324,"REB":5.4064528631,"AST":1.2208119368,"TO":1.5696153473,"STL":1.5696153473,"BLK":0.3488034105,"STK":1.9184187579,"PF":5.0576494526,"Fls on:":1.2208119368,"+\/-":-8.1968801473,"GP":11.0},"R. Maliwat":{"TEAM":"SSCR","MINS":8.0214285714,"FGM":2.6714158504,"FGA":7.4799643811,"FG%":35.7142857143,"2PM":1.0685663402,"2PA":3.7399821906,"2P%":28.5714285714,"3PM":1.6028495102,"3PA":3.7399821906,"3P%":42.8571428571,"FTM":0.0,"FTA":0.0,"FT%":0.0,"PTS":6.945681211,"OFF":0.5342831701,"DEF":1.6028495102,"REB":2.1371326803,"AST":2.1371326803,"TO":1.6028495102,"STL":1.0685663402,"BLK":0.0,"STK":1.0685663402,"PF":4.2742653606,"Fls on:":1.6028495102,"+\/-":-13.357079252,"GP":7.0}}