{"L. Gabat":{"TEAM":"SSCR","MINS":173.7499999999,"FGM":27.0,"FGA":74.0,"FG%":36.4864864865,"2PM":17.0,"2PA":43.0,"2P%":39.5348837209,"3PM":10.0,"3PA":31.0,"3P%":32.2580645161,"FTM":16.0,"FTA":19.0,"FT%":84.2105263158,"PTS":80.0,"OFF":6.0,"DEF":13.0,"REB":19.0,"AST":12.0,"TO":12.0,"STL":11.0,"BLK":0.0,"STK":11.0,"PF":41.0,"Fls on:":12.0,"+\/-":-15.0,"GW":3.0,"GP":12.0},"I. Suico":{"TEAM":"SSCR","MINS":93.3666666668,"FGM":5.0,"FGA":22.0,"FG%":22.7272727273,"2PM":2.0,"2PA":8.0,"2P%":25.0,"3PM":3.0,"3PA":14.0,"3P%":21.4285714286,"FTM":3.0,"FTA":6.0,"FT%":50.0,"PTS":16.0,"OFF":4.0,"DEF":7.0,"REB":11.0,"AST":2.0,"TO":4.0,"STL":4.0,"BLK":0.0,"STK":4.0,"PF":20.0,"Fls on:":5.0,"+\/-":-28.0,"GW":3.0,"GP":10.0},"J. Pascual":{"TEAM":"SSCR","MINS":33.1333333333,"FGM":0.0,"FGA":1.0,"FG%":0.0,"2PM":0.0,"2PA":0.0,"2P%":0.0,"3PM":0.0,"3PA":1.0,"3P%":0.0,"FTM":0.0,"FTA":0.0,"FT%":0.0,"PTS":0.0,"OFF":0.0,"DEF":1.0,"REB":1.0,"AST":3.0,"TO":2.0,"STL":0.0,"BLK":0.0,"STK":0.0,"PF":5.0,"Fls on:":1.0,"+\/-":-6.0,"GW":1.0,"GP":2.0},"N. Aguilar":{"TEAM":"SSCR","MINS":52.1333333334,"FGM":11.0,"FGA":22.0,"FG%":50.0,"2PM":5.0,"2PA":10.0,"2P%":50.0,"3PM":6.0,"3PA":12.0,"3P%":50.0,"FTM":2.0,"FTA":4.0,"FT%":50.0,"PTS":30.0,"OFF":3.0,"DEF":7.0,"REB":10.0,"AST":1.0,"TO":6.0,"STL":2.0,"BLK":0.0,"STK":2.0,"PF":3.0,"Fls on:":4.0,"+\/-":20.0,"GW":1.0,"GP":2.0},"T. Felebrico":{"TEAM":"SSCR","MINS":432.3666666666,"FGM":69.0,"FGA":148.0,"FG%":46.6216216216,"2PM":61.0,"2PA":116.0,"2P%":52.5862068966,"3PM":8.0,"3PA":32.0,"3P%":25.0,"FTM":44.0,"FTA":64.0,"FT%":68.75,"PTS":190.0,"OFF":33.0,"DEF":90.0,"REB":123.0,"AST":30.0,"TO":25.0,"STL":15.0,"BLK":0.0,"STK":15.0,"PF":41.0,"Fls on:":56.0,"+\/-":-47.0,"GW":4.0,"GP":14.0},"V. Suico":{"TEAM":"SSCR","MINS":17.45,"FGM":0.0,"FGA":2.0,"FG%":0.0,"2PM":0.0,"2PA":2.0,"2P%":0.0,"3PM":0.0,"3PA":0.0,"3P%":0.0,"FTM":1.0,"FTA":2.0,"FT%":50.0,"PTS":1.0,"OFF":0.0,"DEF":2.0,"REB":2.0,"AST":0.0,"TO":2.0,"STL":0.0,"BLK":0.0,"STK":0.0,"PF":5.0,"Fls on:":1.0,"+\/-":-6.0,"GW":1.0,"GP":2.0},"K. Ramilo":{"TEAM":"SSCR","MINS":18.9333333333,"FGM":3.0,"FGA":6.0,"FG%":50.0,"2PM":0.0,"2PA":1.0,"2P%":0.0,"3PM":3.0,"3PA":5.0,"3P%":60.0,"FTM":0.0,"FTA":0.0,"FT%":0.0,"PTS":9.0,"OFF":0.0,"DEF":1.0,"REB":1.0,"AST":0.0,"TO":1.0,"STL":0.0,"BLK":0.0,"STK":0.0,"PF":3.0,"Fls on:":2.0,"+\/-":-9.0,"GW":1.0,"GP":5.0},"F. Chuidian":{"TEAM":"SSCR","MINS":3.4833333334,"FGM":0.0,"FGA":0.0,"FG%":0.0,"2PM":0.0,"2PA":0.0,"2P%":0.0,"3PM":0.0,"3PA":0.0,"3P%":0.0,"FTM":1.0,"FTA":2.0,"FT%":50.0,"PTS":1.0,"OFF":0.0,"DEF":0.0,"REB":0.0,"AST":0.0,"TO":1.0,"STL":0.0,"BLK":0.0,"STK":0.0,"PF":0.0,"Fls on:":0.0,"+\/-":3.0,"GW":1.0,"GP":2.0},"A. Aguilar":{"TEAM":"SSCR","MINS":172.1666666667,"FGM":30.0,"FGA":86.0,"FG%":34.8837209302,"2PM":13.0,"2PA":37.0,"2P%":35.1351351351,"3PM":17.0,"3PA":49.0,"3P%":34.693877551,"FTM":14.0,"FTA":19.0,"FT%":73.6842105263,"PTS":91.0,"OFF":7.0,"DEF":25.0,"REB":32.0,"AST":9.0,"TO":8.0,"STL":8.0,"BLK":0.0,"STK":8.0,"PF":21.0,"Fls on:":16.0,"+\/-":7.0,"GW":3.0,"GP":12.0},"H. Ricio":{"TEAM":"SSCR","MINS":209.8500000001,"FGM":21.0,"FGA":57.0,"FG%":36.8421052632,"2PM":16.0,"2PA":34.0,"2P%":47.0588235294,"3PM":5.0,"3PA":23.0,"3P%":21.7391304348,"FTM":6.0,"FTA":11.0,"FT%":54.5454545455,"PTS":53.0,"OFF":14.0,"DEF":26.0,"REB":40.0,"AST":7.0,"TO":11.0,"STL":10.0,"BLK":2.0,"STK":12.0,"PF":34.0,"Fls on:":13.0,"+\/-":-63.0,"GW":4.0,"GP":14.0},"R. Maliwat":{"TEAM":"SSCR","MINS":62.7333333333,"FGM":5.0,"FGA":16.0,"FG%":31.25,"2PM":2.0,"2PA":8.0,"2P%":25.0,"3PM":3.0,"3PA":8.0,"3P%":37.5,"FTM":0.0,"FTA":0.0,"FT%":0.0,"PTS":13.0,"OFF":2.0,"DEF":4.0,"REB":6.0,"AST":4.0,"TO":3.0,"STL":2.0,"BLK":0.0,"STK":2.0,"PF":9.0,"Fls on:":3.0,"+\/-":-22.0,"GW":2.0,"GP":8.0},"L. Velasco":{"TEAM":"SSCR","MINS":247.0999999999,"FGM":25.0,"FGA":50.0,"FG%":50.0,"2PM":25.0,"2PA":49.0,"2P%":51.0204081633,"3PM":0.0,"3PA":1.0,"3P%":0.0,"FTM":14.0,"FTA":19.0,"FT%":73.6842105263,"PTS":64.0,"OFF":28.0,"DEF":29.0,"REB":57.0,"AST":6.0,"TO":6.0,"STL":7.0,"BLK":11.0,"STK":18.0,"PF":30.0,"Fls on:":22.0,"+\/-":-7.0,"GW":4.0,"GP":13.0},"P. Gabat":{"TEAM":"SSCR","MINS":38.3,"FGM":5.0,"FGA":12.0,"FG%":41.6666666667,"2PM":3.0,"2PA":7.0,"2P%":42.8571428571,"3PM":2.0,"3PA":5.0,"3P%":40.0,"FTM":0.0,"FTA":0.0,"FT%":0.0,"PTS":12.0,"OFF":0.0,"DEF":6.0,"REB":6.0,"AST":7.0,"TO":5.0,"STL":4.0,"BLK":0.0,"STK":4.0,"PF":9.0,"Fls on:":4.0,"+\/-":8.0,"GW":1.0,"GP":2.0},"R. Are":{"TEAM":"SSCR","MINS":355.5666666666,"FGM":66.0,"FGA":175.0,"FG%":37.7142857143,"2PM":53.0,"2PA":118.0,"2P%":44.9152542373,"3PM":13.0,"3PA":57.0,"3P%":22.8070175439,"FTM":73.0,"FTA":98.0,"FT%":74.4897959184,"PTS":218.0,"OFF":30.0,"DEF":33.0,"REB":63.0,"AST":54.0,"TO":31.0,"STL":31.0,"BLK":1.0,"STK":32.0,"PF":40.0,"Fls on:":76.0,"+\/-":-42.0,"GW":3.0,"GP":12.0},"M. Pascual":{"TEAM":"SSCR","MINS":122.75,"FGM":6.0,"FGA":22.0,"FG%":27.2727272727,"2PM":2.0,"2PA":5.0,"2P%":40.0,"3PM":4.0,"3PA":17.0,"3P%":23.5294117647,"FTM":0.0,"FTA":0.0,"FT%":0.0,"PTS":16.0,"OFF":0.0,"DEF":7.0,"REB":7.0,"AST":9.0,"TO":1.0,"STL":1.0,"BLK":1.0,"STK":2.0,"PF":6.0,"Fls on:":1.0,"+\/-":-38.0,"GW":3.0,"GP":12.0},"K. Barroga":{"TEAM":"SSCR","MINS":5.4833333333,"FGM":0.0,"FGA":1.0,"FG%":0.0,"2PM":0.0,"2PA":1.0,"2P%":0.0,"3PM":0.0,"3PA":0.0,"3P%":0.0,"FTM":0.0,"FTA":0.0,"FT%":0.0,"PTS":0.0,"OFF":0.0,"DEF":0.0,"REB":0.0,"AST":0.0,"TO":1.0,"STL":0.0,"BLK":0.0,"STK":0.0,"PF":3.0,"Fls on:":0.0,"+\/-":-4.0,"GW":1.0,"GP":1.0},"J. Lintol":{"TEAM":"SSCR","MINS":46.3833333332,"FGM":5.0,"FGA":9.0,"FG%":55.5555555556,"2PM":5.0,"2PA":9.0,"2P%":55.5555555556,"3PM":0.0,"3PA":0.0,"3P%":0.0,"FTM":1.0,"FTA":2.0,"FT%":50.0,"PTS":11.0,"OFF":4.0,"DEF":3.0,"REB":7.0,"AST":0.0,"TO":3.0,"STL":0.0,"BLK":1.0,"STK":1.0,"PF":3.0,"Fls on:":2.0,"+\/-":-15.0,"GW":3.0,"GP":11.0},"J. Barroga":{"TEAM":"SSCR","MINS":51.9166666666,"FGM":3.0,"FGA":7.0,"FG%":42.8571428571,"2PM":3.0,"2PA":4.0,"2P%":75.0,"3PM":0.0,"3PA":3.0,"3P%":0.0,"FTM":2.0,"FTA":3.0,"FT%":66.6666666667,"PTS":8.0,"OFF":7.0,"DEF":6.0,"REB":13.0,"AST":2.0,"TO":3.0,"STL":2.0,"BLK":1.0,"STK":3.0,"PF":5.0,"Fls on:":2.0,"+\/-":-38.0,"GW":2.0,"GP":10.0},"P. Are":{"TEAM":"SSCR","MINS":28.35,"FGM":10.0,"FGA":18.0,"FG%":55.5555555556,"2PM":8.0,"2PA":10.0,"2P%":80.0,"3PM":2.0,"3PA":8.0,"3P%":25.0,"FTM":5.0,"FTA":6.0,"FT%":83.3333333333,"PTS":27.0,"OFF":1.0,"DEF":1.0,"REB":2.0,"AST":4.0,"TO":2.0,"STL":5.0,"BLK":0.0,"STK":5.0,"PF":5.0,"Fls on:":6.0,"+\/-":-6.0,"GW":0.0,"GP":1.0},"C. Cruz":{"TEAM":"SSCR","MINS":34.1666666666,"FGM":4.0,"FGA":10.0,"FG%":40.0,"2PM":2.0,"2PA":5.0,"2P%":40.0,"3PM":2.0,"3PA":5.0,"3P%":40.0,"FTM":1.0,"FTA":2.0,"FT%":50.0,"PTS":11.0,"OFF":2.0,"DEF":3.0,"REB":5.0,"AST":0.0,"TO":0.0,"STL":0.0,"BLK":0.0,"STK":0.0,"PF":6.0,"Fls on:":2.0,"+\/-":1.0,"GW":2.0,"GP":7.0},"R. Escobido":{"TEAM":"SSCR","MINS":344.3166666667,"FGM":68.0,"FGA":210.0,"FG%":32.380952381,"2PM":52.0,"2PA":122.0,"2P%":42.6229508197,"3PM":16.0,"3PA":88.0,"3P%":18.1818181818,"FTM":23.0,"FTA":27.0,"FT%":85.1851851852,"PTS":175.0,"OFF":18.0,"DEF":36.0,"REB":54.0,"AST":40.0,"TO":26.0,"STL":23.0,"BLK":3.0,"STK":26.0,"PF":33.0,"Fls on:":24.0,"+\/-":-34.0,"GW":4.0,"GP":14.0},"R. Gabat":{"TEAM":"SSCR","MINS":301.9166666665,"FGM":48.0,"FGA":142.0,"FG%":33.8028169014,"2PM":34.0,"2PA":70.0,"2P%":48.5714285714,"3PM":14.0,"3PA":72.0,"3P%":19.4444444444,"FTM":17.0,"FTA":23.0,"FT%":73.9130434783,"PTS":127.0,"OFF":25.0,"DEF":33.0,"REB":58.0,"AST":11.0,"TO":9.0,"STL":8.0,"BLK":2.0,"STK":10.0,"PF":30.0,"Fls on:":23.0,"+\/-":-38.0,"GW":4.0,"GP":14.0},"J. Maliwat":{"TEAM":"SSCR","MINS":28.0333333334,"FGM":4.0,"FGA":7.0,"FG%":57.1428571429,"2PM":1.0,"2PA":1.0,"2P%":100.0,"3PM":3.0,"3PA":6.0,"3P%":50.0,"FTM":0.0,"FTA":0.0,"FT%":0.0,"PTS":11.0,"OFF":1.0,"DEF":4.0,"REB":5.0,"AST":6.0,"TO":0.0,"STL":0.0,"BLK":0.0,"STK":0.0,"PF":6.0,"Fls on:":1.0,"+\/-":19.0,"GW":1.0,"GP":2.0}}