{"R. Are":{"TEAM":"SSCR","SP":76.5,"GP":12.0,"MPG":29.6305555556,"EWA":2.7266098816,"PER":26.2333848187,"WS":1.5537518998,"OWS":1.4520728905,"DWS":0.1016790093,"EFF":16.8333333333,"GmSc":13.775,"TS%":49.9724922061,"EFG%":41.4285714286,"PPWS":0.9994498441,"FTR":0.56,"REB%":9.1208262096,"OREB%":7.7498576572,"DREB%":10.8687413091,"AR":7.444730762,"pAST%":28.3276642526,"TOR":4.2738269189,"AST\/TO":1.7419354839,"PPR":1.3093964367,"USG%":28.8979944185,"aSP":74.5043478261,"ORtg":106.6406478612,"DRtg":102.7890146308,"Floor%":49.7221124089,"Stop%":0.5678837107,"FFI":50.4529433731,"PIE":8.922046285,"AV":2.5514921256},"T. Felebrico":{"TEAM":"SSCR","SP":60.0714285714,"GP":14.0,"MPG":30.8833333333,"EWA":1.9508991514,"PER":19.8894024233,"WS":1.3697388985,"OWS":1.3240018563,"DWS":0.0457370422,"EFF":16.7142857143,"GmSc":10.7642857143,"TS%":53.9282470481,"EFG%":49.3243243243,"PPWS":1.078564941,"FTR":0.4324324324,"REB%":14.6442649732,"OREB%":7.01060094,"DREB%":24.3767979361,"AR":3.4013030366,"pAST%":12.342837517,"TOR":2.8344191972,"AST\/TO":1.2,"PPR":-1.0768122574,"USG%":19.1897611994,"aSP":58.5043478261,"ORtg":109.6717657176,"DRtg":104.1980142348,"Floor%":52.5617703692,"Stop%":0.5349569483,"FFI":51.9097316049,"PIE":10.7490864799,"AV":2.849000978},"L. Velasco":{"TEAM":"SSCR","SP":28.4615384615,"GP":13.0,"MPG":19.0076923077,"EWA":0.5645463439,"PER":15.4122223846,"WS":0.6072463297,"OWS":0.6389505351,"DWS":-0.0317042054,"EFF":8.3846153846,"GmSc":5.0923076923,"TS%":54.8320767649,"EFG%":50.0,"PPWS":1.0966415353,"FTR":0.38,"REB%":11.8745396465,"OREB%":10.408275937,"DREB%":13.7439512191,"AR":1.1902954725,"pAST%":3.9128289754,"TOR":1.1902954725,"AST\/TO":1.0,"PPR":-0.7536668982,"USG%":10.7429471204,"aSP":27.7190635452,"ORtg":120.5081834841,"DRtg":106.0285704145,"Floor%":58.960626004,"Stop%":0.4921788751,"FFI":52.4840813193,"PIE":3.6236297199,"AV":1.6063884716},"A. Aguilar":{"TEAM":"SSCR","SP":29.25,"GP":12.0,"MPG":14.3472222222,"EWA":0.5695936439,"PER":17.4698541581,"WS":0.4266179298,"OWS":0.4284453665,"DWS":-0.0018274367,"EFF":5.9166666667,"GmSc":4.2583333333,"TS%":48.2195845697,"EFG%":44.7674418605,"PPWS":0.9643916914,"FTR":0.2209302326,"REB%":9.5678768933,"OREB%":3.7345861336,"DREB%":17.0050256012,"AR":2.562534464,"pAST%":9.5481172835,"TOR":2.2778084124,"AST\/TO":1.125,"PPR":-1.0816907485,"USG%":24.5223086332,"aSP":28.4869565217,"ORtg":101.9952388959,"DRtg":105.1082348931,"Floor%":42.0988286548,"Stop%":0.5136860983,"FFI":46.3983953562,"PIE":2.8319123021,"AV":1.164727868},"L. Gabat":{"TEAM":"SSCR","SP":26.9166666667,"GP":12.0,"MPG":14.4791666667,"EWA":0.2026253763,"PER":13.1640403246,"WS":0.3076300851,"OWS":0.3119064714,"DWS":-0.0042763863,"EFF":5.0,"GmSc":3.075,"TS%":48.5672656629,"EFG%":43.2432432432,"PPWS":0.9713453133,"FTR":0.2567567568,"REB%":5.6291582669,"OREB%":3.1719033719,"DREB%":8.7620331433,"AR":3.3855771079,"pAST%":12.1948525351,"TOR":3.3855771079,"AST\/TO":1.0,"PPR":-2.1436672292,"USG%":22.399754935,"aSP":26.2144927536,"ORtg":98.0253171104,"DRtg":105.2176980609,"Floor%":42.3802250233,"Stop%":0.5111280651,"FFI":45.936635046,"PIE":0.9744214373,"AV":1.026583177},"R. Gabat":{"TEAM":"SSCR","SP":35.7857142857,"GP":14.0,"MPG":21.5654761905,"EWA":0.3769763389,"PER":13.3297072298,"WS":0.3038096284,"OWS":0.4304799838,"DWS":-0.1266703554,"EFF":6.9285714286,"GmSc":4.85,"TS%":41.7433605049,"EFG%":38.7323943662,"PPWS":0.8348672101,"FTR":0.161971831,"REB%":9.889072871,"OREB%":7.6058268129,"DREB%":12.8000953402,"AR":1.7860017244,"pAST%":6.4742034128,"TOR":1.4612741382,"AST\/TO":1.2222222222,"PPR":-0.5140245392,"USG%":22.0111388407,"aSP":34.852173913,"ORtg":95.7276426446,"DRtg":108.3061201397,"Floor%":42.7605141132,"Stop%":0.438955057,"FFI":44.0783820393,"PIE":3.2582216809,"AV":1.4718362872},"P. Are":{"TEAM":"SSCR","SP":92.0,"GP":1.0,"MPG":28.35,"EWA":0.4929105725,"PER":45.7670987897,"WS":0.2839137666,"OWS":0.2493263136,"DWS":0.0345874529,"EFF":27.0,"GmSc":22.8,"TS%":65.4069767442,"EFG%":61.1111111111,"PPWS":1.3081395349,"FTR":0.3333333333,"REB%":3.6315464546,"OREB%":3.2399659663,"DREB%":4.1307916393,"AR":6.9164494121,"pAST%":38.236149786,"TOR":3.4582247061,"AST\/TO":2.0,"PPR":2.1896659675,"USG%":32.938476452,"aSP":89.6,"ORtg":128.7144631682,"DRtg":95.4847753001,"Floor%":58.6665503568,"Stop%":0.7385757051,"FFI":54.2278814612,"PIE":1.3093788063,"AV":0.5640317198},"J. Maliwat":{"TEAM":"SSCR","SP":35.5,"GP":2.0,"MPG":14.0166666667,"EWA":0.1814278675,"PER":23.8284428171,"WS":0.1879264727,"OWS":0.2034657532,"DWS":-0.0155392804,"EFF":9.5,"GmSc":5.7,"TS%":78.5714285714,"EFG%":78.5714285714,"PPWS":1.5714285714,"FTR":0.0,"REB%":9.1814216992,"OREB%":3.2765648684,"DREB%":16.7098135039,"AR":10.4918672265,"pAST%":36.9623055907,"TOR":0.0,"AST\/TO":null,"PPR":13.2864036055,"USG%":10.2991989364,"aSP":34.5739130435,"ORtg":181.2307774581,"DRtg":109.3599386156,"Floor%":69.6190807008,"Stop%":0.4143284848,"FFI":57.0838844022,"PIE":0.7612667479,"AV":0.4333570897},"R. Escobido":{"TEAM":"SSCR","SP":53.5714285714,"GP":14.0,"MPG":24.594047619,"EWA":0.8092853725,"PER":15.5443243099,"WS":0.1862137321,"OWS":0.1539667529,"DWS":0.0322469792,"EFF":8.7857142857,"GmSc":6.4928571429,"TS%":39.4357310258,"EFG%":36.1904761905,"PPWS":0.7887146205,"FTR":0.1285714286,"REB%":8.0732868977,"OREB%":4.8018431655,"DREB%":12.2442110859,"AR":5.6947966746,"pAST%":22.1598285664,"TOR":3.7016178385,"AST\/TO":1.5384615385,"PPR":0.180290518,"USG%":29.6936503442,"aSP":52.1739130435,"ORtg":87.5133914406,"DRtg":104.2928544541,"Floor%":39.1522248363,"Stop%":0.5327406373,"FFI":41.4397260782,"PIE":4.8416565164,"AV":1.7587719834},"N. Aguilar":{"TEAM":"SSCR","SP":50.5,"GP":2.0,"MPG":26.0666666667,"EWA":0.2396859437,"PER":20.0610884953,"WS":0.1082161321,"OWS":0.1196711356,"DWS":-0.0114550035,"EFF":12.0,"GmSc":8.95,"TS%":63.1313131313,"EFG%":63.6363636364,"PPWS":1.2626262626,"FTR":0.1818181818,"REB%":9.8741376586,"OREB%":5.2856605901,"DREB%":15.7242122918,"AR":0.9402877598,"pAST%":3.7556334502,"TOR":5.6417265585,"AST\/TO":0.1666666667,"PPR":-9.525886984,"USG%":23.5449396102,"aSP":49.1826086957,"ORtg":101.0598974021,"DRtg":106.7434694113,"Floor%":41.7696991897,"Stop%":0.4754724762,"FFI":52.8285186602,"PIE":1.1875761267,"AV":0.5163440021},"H. Ricio":{"TEAM":"SSCR","SP":21.9285714286,"GP":14.0,"MPG":14.9892857143,"EWA":-0.2311423931,"PER":8.6060557058,"WS":0.0565104421,"OWS":0.0582197843,"DWS":-0.0017093422,"EFF":4.2857142857,"GmSc":2.0571428571,"TS%":42.8525226391,"EFG%":41.2280701754,"PPWS":0.8570504528,"FTR":0.1929824561,"REB%":9.8121841303,"OREB%":6.1279127568,"DREB%":14.5094425414,"AR":1.6351791587,"pAST%":5.3657544884,"TOR":2.5695672494,"AST\/TO":0.6363636364,"PPR":-2.8102539276,"USG%":14.3166402327,"aSP":21.3565217391,"ORtg":88.1096643704,"DRtg":105.0889289867,"Floor%":40.6197698117,"Stop%":0.5141372559,"FFI":44.9691556513,"PIE":1.0962241169,"AV":1.026583177},"C. Cruz":{"TEAM":"SSCR","SP":8.8571428571,"GP":7.0,"MPG":4.8809523809,"EWA":-0.0225027743,"PER":9.4961782512,"WS":0.051973477,"OWS":0.0806889565,"DWS":-0.0287154795,"EFF":1.2857142857,"GmSc":0.7285714286,"TS%":50.5514705882,"EFG%":50.0,"PPWS":1.0110294118,"FTR":0.2,"REB%":7.5332445357,"OREB%":5.3767630328,"DREB%":10.2826486514,"AR":0.0,"pAST%":0.0,"TOR":0.0,"AST\/TO":null,"PPR":0.0,"USG%":13.1342849065,"aSP":8.6260869565,"ORtg":115.5727155985,"DRtg":111.5975267354,"Floor%":49.0520768577,"Stop%":0.3620385253,"FFI":49.0753526066,"PIE":0.1218026797,"AV":0.2474358297},"K. Ramilo":{"TEAM":"SSCR","SP":6.8,"GP":5.0,"MPG":3.7866666667,"EWA":0.0254101202,"PER":13.5175884639,"WS":0.0409113244,"OWS":0.060164539,"DWS":-0.0192532146,"EFF":1.2,"GmSc":0.82,"TS%":75.0,"EFG%":75.0,"PPWS":1.5,"FTR":0.0,"REB%":2.7188646652,"OREB%":0.0,"DREB%":6.1852786782,"AR":0.0,"pAST%":0.0,"TOR":2.5891022117,"AST\/TO":0.0,"PPR":-4.9180745741,"USG%":15.2493420872,"aSP":6.6226086957,"ORtg":122.3432326724,"DRtg":112.9772938206,"Floor%":40.7810775575,"Stop%":0.3297948946,"FFI":54.3527244471,"PIE":0.1827040195,"AV":0.1825551726},"J. Barroga":{"TEAM":"SSCR","SP":8.7,"GP":10.0,"MPG":5.1916666667,"EWA":-0.0018537356,