{"R. Are":{"TEAM":"SSCR","SP":76.5,"GP":12.0,"MPG":29.6305555556,"EWA":2.6764079753,"PER":25.9495960358,"WS":0.9632992097,"OWS":0.9178483189,"DWS":0.0454508908,"EFF":16.8333333333,"GmSc":13.775,"TS%":49.9724922061,"EFG%":41.4285714286,"PPWS":0.983976529,"FTR":0.56,"REB%":9.1498407567,"OREB%":7.5991943434,"DREB%":11.2337411402,"AR":7.4508761755,"pAST%":28.9463488925,"TOR":4.2773548415,"AST\/TO":1.7419354839,"PPR":1.306934563,"USG%":28.808721438,"aSP":74.3551401869,"ORtg":106.4477248117,"DRtg":103.957893617,"Floor%":49.6525037486,"Stop%":0.5617596957,"FFI":50.4219287297,"PIE":9.6667766414,"AV":2.5514921256},"T. Felebrico":{"TEAM":"SSCR","SP":59.5384615385,"GP":13.0,"MPG":31.3,"EWA":1.7196074079,"PER":19.314497149,"WS":0.7812234798,"OWS":0.77963934,"DWS":0.0015841398,"EFF":16.5384615385,"GmSc":10.7153846154,"TS%":53.3423778984,"EFG%":48.1343283582,"PPWS":1.0523114355,"FTR":0.4776119403,"REB%":14.3411764818,"OREB%":7.0832019714,"DREB%":24.0951060274,"AR":3.6171639298,"pAST%":13.1571396952,"TOR":2.7731590128,"AST\/TO":1.3043478261,"PPR":-0.6852332752,"USG%":18.7109531632,"aSP":57.8691588785,"ORtg":109.5094705809,"DRtg":105.4482531469,"Floor%":52.603859059,"Stop%":0.5269900998,"FFI":52.1412610888,"PIE":10.491586935,"AV":2.673680756},"R. Escobido":{"TEAM":"SSCR","SP":53.6153846154,"GP":13.0,"MPG":25.3307692308,"EWA":0.6295056002,"PER":14.6624119541,"WS":0.0228035269,"OWS":0.0228197699,"DWS":-0.0000162429,"EFF":8.5384615385,"GmSc":6.3538461538,"TS%":38.5514018692,"EFG%":35.4679802956,"PPWS":0.7678883072,"FTR":0.1231527094,"REB%":7.841015281,"OREB%":4.3761841515,"DREB%":12.4973720479,"AR":5.6614345698,"pAST%":22.3667128743,"TOR":3.5756428862,"AST\/TO":1.5833333333,"PPR":0.3763153081,"USG%":29.7181421516,"aSP":52.1121495327,"ORtg":86.0490081477,"DRtg":105.4956638267,"Floor%":38.3689226405,"Stop%":0.5258840242,"FFI":41.0158088674,"PIE":4.6519300561,"AV":1.6284444162},"A. Aguilar":{"TEAM":"SSCR","SP":29.25,"GP":12.0,"MPG":14.3472222222,"EWA":0.5538416769,"PER":17.2859541373,"WS":0.2590048472,"OWS":0.2702907373,"DWS":-0.0112858901,"EFF":5.9166666667,"GmSc":4.2583333333,"TS%":48.2195845697,"EFG%":44.7674418605,"PPWS":0.9576427256,"FTR":0.2209302326,"REB%":9.5983135673,"OREB%":3.6619828488,"DREB%":17.5760973836,"AR":2.5646497633,"pAST%":9.7522279233,"TOR":2.2796886785,"AST\/TO":1.125,"PPR":-1.0796569978,"USG%":24.4465532175,"aSP":28.4299065421,"ORtg":101.8860128802,"DRtg":106.2833665783,"Floor%":42.0554717692,"Stop%":0.507507179,"FFI":46.3834046327,"PIE":3.0682942923,"AV":1.164727868},"P. Are":{"TEAM":"SSCR","SP":92.0,"GP":1.0,"MPG":28.35,"EWA":0.4859998953,"PER":45.277135436,"WS":0.1806550645,"OWS":0.1598732961,"DWS":0.0207817684,"EFF":27.0,"GmSc":22.8,"TS%":65.4069767442,"EFG%":61.1111111111,"PPWS":1.2949640288,"FTR":0.3333333333,"REB%":3.6430988812,"OREB%":3.1769784856,"DREB%":4.2695140734,"AR":6.9221587444,"pAST%":39.4615526461,"TOR":3.4610793722,"AST\/TO":2.0,"PPR":2.185549047,"USG%":32.8367214332,"aSP":89.4205607477,"ORtg":128.5510635787,"DRtg":96.6798747481,"Floor%":58.6073294739,"Stop%":0.731553474,"FFI":54.2145702985,"PIE":1.418673705,"AV":0.5640317198},"L. Velasco":{"TEAM":"SSCR","SP":27.8333333333,"GP":12.0,"MPG":18.8763888889,"EWA":0.4858275586,"PER":15.1310001891,"WS":0.3288322119,"OWS":0.3540800728,"DWS":-0.0252478609,"EFF":8.3333333333,"GmSc":5.0,"TS%":52.1978021978,"EFG%":47.9166666667,"PPWS":1.0340136054,"FTR":0.3125,"REB%":12.0828597394,"OREB%":10.7357141424,"DREB%":13.8932771254,"AR":1.2995282199,"pAST%":4.3512836965,"TOR":1.0829401832,"AST\/TO":1.2,"PPR":-0.4103030236,"USG%":10.8188855628,"aSP":27.0529595016,"ORtg":118.0684152863,"DRtg":106.8354476315,"Floor%":57.744165912,"Stop%":0.4946273102,"FFI":50.7305744493,"PIE":3.4312108215,"AV":1.5058465048},"L. Gabat":{"TEAM":"SSCR","SP":26.9166666667,"GP":12.0,"MPG":14.4791666667,"EWA":0.1888624099,"PER":13.0048255768,"WS":0.1805150831,"OWS":0.1942954342,"DWS":-0.013780351,"EFF":5.0,"GmSc":3.075,"TS%":48.5672656629,"EFG%":43.2432432432,"PPWS":0.9635651912,"FTR":0.2567567568,"REB%":5.6470653593,"OREB%":3.1102390815,"DREB%":9.0562843843,"AR":3.3883718056,"pAST%":12.4466847615,"TOR":3.3883718056,"AST\/TO":1.0,"PPR":-2.1396367937,"USG%":22.3305566074,"aSP":26.1619937695,"ORtg":97.8750106663,"DRtg":106.4488282334,"Floor%":42.3219088305,"Stop%":0.5036470132,"FFI":45.9236035136,"PIE":1.0557571758,"AV":1.026583177},"R. Gabat":{"TEAM":"SSCR","SP":33.0769230769,"GP":13.0,"MPG":21.6474358974,"EWA":0.1357017081,"PER":11.7892405091,"WS":0.0906579537,"OWS":0.2100892928,"DWS":-0.119431339,"EFF":6.1538461538,"GmSc":4.3153846154,"TS%":41.3312248419,"EFG%":37.984496124,"PPWS":0.8218688583,"FTR":0.1782945736,"REB%":8.9916686008,"OREB%":7.041094989,"DREB%":11.6130277081,"AR":1.7433509068,"pAST%":6.3741064337,"TOR":1.5690158161,"AST\/TO":1.1111111111,"PPR":-0.7706050489,"USG%":21.642145785,"aSP":32.1495327103,"ORtg":94.1603736057,"DRtg":110.5986047289,"Floor%":42.3210618789,"Stop%":0.4068340971,"FFI":43.884182098,"PIE":2.6064005279,"AV":1.2737910571},"N. Aguilar":{"TEAM":"SSCR","SP":44.0,"GP":1.0,"MPG":31.3166666667,"EWA":0.0907365413,"PER":16.6437503335,"WS":0.0316489865,"OWS":0.0351188979,"DWS":-0.0034699114,"EFF":11.0,"GmSc":9.1,"TS%":54.347826087,"EFG%":54.1666666667,"PPWS":1.0810810811,"FTR":0.1666666667,"REB%":8.2449590166,"OREB%":5.7520387483,"DREB%":11.5951731329,"AR":0.0,"pAST%":0.0,"TOR":3.1332070315,"AST\/TO":0.0,"PPR":-5.935527827,"USG%":19.5372678636,"aSP":42.7663551402,"ORtg":100.0788175588,"DRtg":106.8275036769,"Floor%":40.7672846427,"Stop%":0.4948126401,"FFI":49.5337726585,"PIE":0.5938634114,"AV":0.2876240645},"C. Cruz":{"TEAM":"SSCR","SP":7.8333333333,"GP":6.0,"MPG":4.6194444444,"EWA":0.0478239846,"PER":14.288173506,"WS":0.0551957709,"OWS":0.06977381,"DWS":-0.0145780391,"EFF":1.8333333333,"GmSc":1.0833333333,"TS%":61.9369369369,"EFG%":62.5,"PPWS":1.2290502793,"FTR":0.25,"REB%":9.3158616911,"OREB%":6.4991466074,"DREB%":13.101220876,"AR":0.0,"pAST%":0.0,"TOR":0.0,"AST\/TO":null,"PPR":0.0,"USG%":13.173719024,"aSP":7.6137071651,"ORtg":135.0666897765,"DRtg":111.820072329,"Floor%":57.4891668824,"Stop%":0.3783376611,"FFI":55.0498293215,"PIE":0.263939294,"AV":0.2876240645},"J. Maliwat":{"TEAM":"SSCR","SP":10.0,"GP":1.0,"MPG":10.1666666667,"EWA":0.0135821999,"PER":13.5052677203,"WS":0.0247999582,"OWS":0.0330796658,"DWS":-0.0082797075,"EFF":4.0,"GmSc":2.2,"TS%":150.0,"EFG%":150.0,"PPWS":3.0,"FTR":0.0,"REB%":0.0,"OREB%":0.0,"DREB%":0.0,"AR":4.825652469,"pAST%":16.0741111667,"TOR":0.0,"AST\/TO":null,"PPR":6.0944572606,"USG%":4.0444348576,"aSP":9.7196261682,"ORtg":282.8234255698,"DRtg":115.288593521,"Floor%":100.0,"Stop%":0.2974182064,"FFI":85.0,"PIE":0.0659848235,"AV":0.1346870059},"J. Barroga":{"TEAM":"SSCR","SP":8.7,"GP":10.0,"MPG":5.1916666667,"EWA":-0.0047806942,"PER":10.6349111667,"WS":0.0214140039,"OWS":0.0300082298,"DWS":-0.0085942259,"EFF":1.8,"GmSc":0.97,"TS%":48.0769230769,"EFG%":42.8571428571,"PPWS":0.9495548961,"FTR":0.4285714286,"REB%":12.9309543435,"OREB%":12.1439110203,"DREB%":13.988655099,"AR":1.8899826684,"pAST%":5.9039911716,"TOR":2.8349740026,"AST\/TO":0.6666666667,"PPR":-2.9836428002,"USG%":8.9655318071,"aSP":8.4560747664,"ORtg":98.5169967154,"DRtg":107.4857554419,"Floor%":47.984123859,"Stop%":0.4794558437,"FFI":50.2914672748,"PIE":0.5938634114,"AV":0.4161358043},"F. Chuidian":{"TEAM":"SSCR","SP":0.0,"GP":1.0,"MPG":1.4166666667,"EWA":-0.0174223667,"PER":-13.8992637949,"WS":-0.0083315838,"OWS":-0.0069739456,"DWS":-0.0013576382,"EFF":-1.0,"GmSc":-0.4,"TS%":0.0,"EFG%":0.0,"PPWS":0.0,"FTR":0.0,"REB%":0.0,"OREB%":0.0,"DREB%":0.0,"AR":0.0,"pAST%":0.0,"TOR":0.0,"AST\/TO":null,"PPR":0.0,"USG%":12.7708978325,"aSP":0.0,"ORtg":0.0,"DRtg":117.0194858713,"Floor%":0.0,"Stop%":0.2570370591,"FFI":25.0,"PIE":-0.0659848235,"AV":null},"K. Ramilo":{"TEAM":"SSCR","SP":2.0,"GP":4.0,"MPG":3.5125,"EWA":-0.0280478634,"PER":6.8074586826,"WS":0.0104988283,"OWS":0.0199688204,"DWS":-0.0094699921,"EFF":0.75,"GmSc":0.375,"TS%":75.0,"EFG%":75.0,"PPWS":1.5,"FTR":0.0,"REB%":3.6755107929,"OREB%":0.0,"DREB%":8.6149981482,"AR":0.0,