{"M. Gojo Cruz":{"TEAM":"UPHSD","MINS":27.7958333333,"FGM":4.6666666667,"FGA":11.25,"FG%":41.4814814815,"2PM":2.5833333333,"2PA":5.4166666667,"2P%":47.6923076923,"3PM":2.0833333333,"3PA":5.8333333333,"3P%":35.7142857143,"FTM":2.0,"FTA":2.75,"FT%":72.7272727273,"PTS":13.4166666667,"OFF":1.0833333333,"DEF":4.3333333333,"REB":5.4166666667,"AST":2.5833333333,"TO":1.4166666667,"STL":1.1666666667,"BLK":0.75,"STK":1.9166666667,"PF":1.1666666667,"Fls on:":2.0833333333,"+\/-":4.4166666667,"GW":5.0,"GP":12.0},"R. Cauguiran":{"TEAM":"UPHSD","MINS":4.9305555555,"FGM":0.1666666667,"FGA":0.8333333333,"FG%":20.0,"2PM":0.1666666667,"2PA":0.8333333333,"2P%":20.0,"3PM":0.0,"3PA":0.0,"3P%":0.0,"FTM":0.6666666667,"FTA":1.0,"FT%":66.6666666667,"PTS":1.0,"OFF":0.6666666667,"DEF":1.5,"REB":2.1666666667,"AST":0.1666666667,"TO":0.5,"STL":0.5,"BLK":0.1666666667,"STK":0.6666666667,"PF":1.3333333333,"Fls on:":0.6666666667,"+\/-":-1.0,"GW":2.0,"GP":6.0},"E. Pizarro":{"TEAM":"UPHSD","MINS":11.9212121212,"FGM":2.0,"FGA":3.6363636364,"FG%":55.0,"2PM":2.0,"2PA":3.6363636364,"2P%":55.0,"3PM":0.0,"3PA":0.0,"3P%":0.0,"FTM":0.6363636364,"FTA":1.2727272727,"FT%":50.0,"PTS":4.6363636364,"OFF":1.0909090909,"DEF":1.4545454545,"REB":2.5454545455,"AST":0.8181818182,"TO":1.0,"STL":1.1818181818,"BLK":0.2727272727,"STK":1.4545454545,"PF":2.5454545455,"Fls on:":1.4545454545,"+\/-":0.6363636364,"GW":5.0,"GP":11.0},"H. Montemayor":{"TEAM":"UPHSD","MINS":8.5888888889,"FGM":0.8333333333,"FGA":2.0833333333,"FG%":40.0,"2PM":0.3333333333,"2PA":0.8333333333,"2P%":40.0,"3PM":0.5,"3PA":1.25,"3P%":40.0,"FTM":0.25,"FTA":0.25,"FT%":100.0,"PTS":2.4166666667,"OFF":0.25,"DEF":0.8333333333,"REB":1.0833333333,"AST":0.5,"TO":0.6666666667,"STL":0.3333333333,"BLK":0.0,"STK":0.3333333333,"PF":1.25,"Fls on:":0.3333333333,"+\/-":-2.9166666667,"GW":5.0,"GP":12.0},"R. Danag":{"TEAM":"UPHSD","MINS":0.9333333333,"FGM":0.0,"FGA":0.0,"FG%":0.0,"2PM":0.0,"2PA":0.0,"2P%":0.0,"3PM":0.0,"3PA":0.0,"3P%":0.0,"FTM":0.0,"FTA":0.0,"FT%":0.0,"PTS":0.0,"OFF":0.0,"DEF":0.0,"REB":0.0,"AST":0.0,"TO":0.0,"STL":0.0,"BLK":0.0,"STK":0.0,"PF":0.0,"Fls on:":0.0,"+\/-":0.0,"GW":1.0,"GP":1.0},"N. Sevilla":{"TEAM":"UPHSD","MINS":5.8958333333,"FGM":0.75,"FGA":2.5,"FG%":30.0,"2PM":0.75,"2PA":2.25,"2P%":33.3333333333,"3PM":0.0,"3PA":0.25,"3P%":0.0,"FTM":0.0,"FTA":0.0,"FT%":0.0,"PTS":1.5,"OFF":0.25,"DEF":1.0,"REB":1.25,"AST":0.0,"TO":0.75,"STL":0.25,"BLK":0.0,"STK":0.25,"PF":0.25,"Fls on:":0.5,"+\/-":-1.5,"GW":2.0,"GP":4.0},"J. Boral":{"TEAM":"UPHSD","MINS":22.2944444444,"FGM":2.25,"FGA":8.5833333333,"FG%":26.213592233,"2PM":1.6666666667,"2PA":5.25,"2P%":31.746031746,"3PM":0.5833333333,"3PA":3.3333333333,"3P%":17.5,"FTM":2.0,"FTA":2.75,"FT%":72.7272727273,"PTS":7.0833333333,"OFF":1.5833333333,"DEF":4.0,"REB":5.5833333333,"AST":1.6666666667,"TO":1.4166666667,"STL":0.5,"BLK":0.3333333333,"STK":0.8333333333,"PF":1.5833333333,"Fls on:":2.5833333333,"+\/-":-4.3333333333,"GW":5.0,"GP":12.0},"A. Gelsano":{"TEAM":"UPHSD","MINS":14.6861111111,"FGM":1.4166666667,"FGA":3.75,"FG%":37.7777777778,"2PM":1.3333333333,"2PA":2.5,"2P%":53.3333333333,"3PM":0.0833333333,"3PA":1.25,"3P%":6.6666666667,"FTM":0.8333333333,"FTA":1.4166666667,"FT%":58.8235294118,"PTS":3.75,"OFF":1.1666666667,"DEF":2.0833333333,"REB":3.25,"AST":1.75,"TO":1.0833333333,"STL":0.4166666667,"BLK":0.25,"STK":0.6666666667,"PF":1.9166666667,"Fls on:":1.4166666667,"+\/-":1.75,"GW":5.0,"GP":12.0},"C. Pagaran":{"TEAM":"UPHSD","MINS":25.4347222222,"FGM":4.0,"FGA":11.4166666667,"FG%":35.0364963504,"2PM":2.8333333333,"2PA":6.5,"2P%":43.5897435897,"3PM":1.1666666667,"3PA":4.9166666667,"3P%":23.7288135593,"FTM":1.5833333333,"FTA":2.75,"FT%":57.5757575758,"PTS":10.75,"OFF":0.75,"DEF":3.8333333333,"REB":4.5833333333,"AST":1.8333333333,"TO":1.1666666667,"STL":0.4166666667,"BLK":0.5833333333,"STK":1.0,"PF":1.0833333333,"Fls on:":2.1666666667,"+\/-":-1.5,"GW":5.0,"GP":12.0},"S. Orgo":{"TEAM":"UPHSD","MINS":28.4069444444,"FGM":2.9166666667,"FGA":8.25,"FG%":35.3535353535,"2PM":1.5833333333,"2PA":3.6666666667,"2P%":43.1818181818,"3PM":1.3333333333,"3PA":4.5833333333,"3P%":29.0909090909,"FTM":1.4166666667,"FTA":1.9166666667,"FT%":73.9130434783,"PTS":8.5833333333,"OFF":0.9166666667,"DEF":3.9166666667,"REB":4.8333333333,"AST":3.5,"TO":2.5833333333,"STL":1.5,"BLK":0.0,"STK":1.5,"PF":1.9166666667,"Fls on:":2.4166666667,"+\/-":1.75,"GW":5.0,"GP":12.0},"R. Movida":{"TEAM":"UPHSD","MINS":1.3777777778,"FGM":0.0,"FGA":0.3333333333,"FG%":0.0,"2PM":0.0,"2PA":0.0,"2P%":0.0,"3PM":0.0,"3PA":0.3333333333,"3P%":0.0,"FTM":0.0,"FTA":0.0,"FT%":0.0,"PTS":0.0,"OFF":0.0,"DEF":0.0,"REB":0.0,"AST":0.0,"TO":0.0,"STL":0.0,"BLK":0.0,"STK":0.0,"PF":0.0,"Fls on:":0.0,"+\/-":-2.0,"GW":2.0,"GP":3.0},"J. Manuel":{"TEAM":"UPHSD","MINS":12.9180555555,"FGM":1.0,"FGA":3.8333333333,"FG%":26.0869565217,"2PM":0.8333333333,"2PA":2.5,"2P%":33.3333333333,"3PM":0.1666666667,"3PA":1.3333333333,"3P%":12.5,"FTM":0.8333333333,"FTA":1.4166666667,"FT%":58.8235294118,"PTS":3.0,"OFF":0.5,"DEF":1.6666666667,"REB":2.1666666667,"AST":1.1666666667,"TO":1.3333333333,"STL":0.5,"BLK":0.1666666667,"STK":0.6666666667,"PF":1.4166666667,"Fls on:":1.0,"+\/-":-3.6666666667,"GW":5.0,"GP":12.0},"C. Abis":{"TEAM":"UPHSD","MINS":25.0361111111,"FGM":3.5833333333,"FGA":9.3333333333,"FG%":38.3928571429,"2PM":3.0833333333,"2PA":7.5833333333,"2P%":40.6593406593,"3PM":0.5,"3PA":1.75,"3P%":28.5714285714,"FTM":1.0,"FTA":1.9166666667,"FT%":52.1739130435,"PTS":8.6666666667,"OFF":1.8333333333,"DEF":2.6666666667,"REB":4.5,"AST":1.9166666667,"TO":1.9166666667,"STL":0.75,"BLK":0.5,"STK":1.25,"PF":1.3333333333,"Fls on:":1.8333333333,"+\/-":-1.5833333333,"GW":5.0,"GP":12.0},"J. Nunez":{"TEAM":"UPHSD","MINS":24.7541666667,"FGM":1.1666666667,"FGA":3.4166666667,"FG%":34.1463414634,"2PM":1.1666666667,"2PA":3.1666666667,"2P%":36.8421052632,"3PM":0.0,"3PA":0.25,"3P%":0.0,"FTM":0.6666666667,"FTA":1.4166666667,"FT%":47.0588235294,"PTS":3.0,"OFF":2.0,"DEF":3.1666666667,"REB":5.1666666667,"AST":1.0833333333,"TO":0.75,"STL":0.4166666667,"BLK":0.9166666667,"STK":1.3333333333,"PF":2.75,"Fls on:":2.0,"+\/-":1.1666666667,"GW":5.0,"GP":12.0},"A. Javier":{"TEAM":"UPHSD","MINS":0.9,"FGM":0.0,"FGA":0.5,"FG%":0.0,"2PM":0.0,"2PA":0.5,"2P%":0.0,"3PM":0.0,"3PA":0.0,"3P%":0.0,"FTM":0.0,"FTA":0.0,"FT%":0.0,"PTS":0.0,"OFF":0.0,"DEF":0.0,"REB":0.0,"AST":0.5,"TO":0.0,"STL":0.0,"BLK":0.0,"STK":0.0,"PF":0.5,"Fls on:":0.0,"+\/-":-2.5,"GW":1.0,"GP":2.0},"B. Manuel":{"TEAM":"UPHSD","MINS":3.6166666667,"FGM":0.0,"FGA":2.0,"FG%":0.0,"2PM":0.0,"2PA":0.0,"2P%":0.0,"3PM":0.0,"3PA":2.0,"3P%":0.0,"FTM":0.0,"FTA":0.0,"FT%":0.0,"PTS":0.0,"OFF":0.0,"DEF":0.0,"REB":0.0,"AST":0.0,"TO":0.0,"STL":0.0,"BLK":0.0,"STK":0.0,"PF":0.0,"Fls on:":0.0,"+\/-":0.0,"GW":0.0,"GP":1.0},"K. Thompson":{"TEAM":"UPHSD","MINS":0.2,"FGM":0.0,"FGA":1.0,"FG%":0.0,"2PM":0.0,"2PA":1.0,"2P%":0.0,"3PM":0.0,"3PA":0.0,"3P%":0.0,"FTM":0.0,"FTA":0.0,"FT%":0.0,"PTS":0.0,"OFF":0.0,"DEF":0.0,"REB":0.0,"AST":0.0,"TO":0.0,"STL":0.0,"BLK":0.0,"STK":0.0,"PF":0.0,"Fls on:":0.0,"+\/-":0.0,"GW":0.0,"GP":1.0}}