{"M. Gojo Cruz":{"TEAM":"UPHSD","MINS":333.5499999999,"FGM":56.0,"FGA":135.0,"FG%":41.4814814815,"2PM":31.0,"2PA":65.0,"2P%":47.6923076923,"3PM":25.0,"3PA":70.0,"3P%":35.7142857143,"FTM":24.0,"FTA":33.0,"FT%":72.7272727273,"PTS":161.0,"OFF":13.0,"DEF":52.0,"REB":65.0,"AST":31.0,"TO":17.0,"STL":14.0,"BLK":9.0,"STK":23.0,"PF":14.0,"Fls on:":25.0,"+\/-":53.0,"GW":5.0,"GP":12.0},"R. Cauguiran":{"TEAM":"UPHSD","MINS":29.5833333333,"FGM":1.0,"FGA":5.0,"FG%":20.0,"2PM":1.0,"2PA":5.0,"2P%":20.0,"3PM":0.0,"3PA":0.0,"3P%":0.0,"FTM":4.0,"FTA":6.0,"FT%":66.6666666667,"PTS":6.0,"OFF":4.0,"DEF":9.0,"REB":13.0,"AST":1.0,"TO":3.0,"STL":3.0,"BLK":1.0,"STK":4.0,"PF":8.0,"Fls on:":4.0,"+\/-":-6.0,"GW":2.0,"GP":6.0},"E. Pizarro":{"TEAM":"UPHSD","MINS":131.1333333334,"FGM":22.0,"FGA":40.0,"FG%":55.0,"2PM":22.0,"2PA":40.0,"2P%":55.0,"3PM":0.0,"3PA":0.0,"3P%":0.0,"FTM":7.0,"FTA":14.0,"FT%":50.0,"PTS":51.0,"OFF":12.0,"DEF":16.0,"REB":28.0,"AST":9.0,"TO":11.0,"STL":13.0,"BLK":3.0,"STK":16.0,"PF":28.0,"Fls on:":16.0,"+\/-":7.0,"GW":5.0,"GP":11.0},"H. Montemayor":{"TEAM":"UPHSD","MINS":103.0666666667,"FGM":10.0,"FGA":25.0,"FG%":40.0,"2PM":4.0,"2PA":10.0,"2P%":40.0,"3PM":6.0,"3PA":15.0,"3P%":40.0,"FTM":3.0,"FTA":3.0,"FT%":100.0,"PTS":29.0,"OFF":3.0,"DEF":10.0,"REB":13.0,"AST":6.0,"TO":8.0,"STL":4.0,"BLK":0.0,"STK":4.0,"PF":15.0,"Fls on:":4.0,"+\/-":-35.0,"GW":5.0,"GP":12.0},"R. Danag":{"TEAM":"UPHSD","MINS":0.9333333333,"FGM":0.0,"FGA":0.0,"FG%":0.0,"2PM":0.0,"2PA":0.0,"2P%":0.0,"3PM":0.0,"3PA":0.0,"3P%":0.0,"FTM":0.0,"FTA":0.0,"FT%":0.0,"PTS":0.0,"OFF":0.0,"DEF":0.0,"REB":0.0,"AST":0.0,"TO":0.0,"STL":0.0,"BLK":0.0,"STK":0.0,"PF":0.0,"Fls on:":0.0,"+\/-":0.0,"GW":1.0,"GP":1.0},"N. Sevilla":{"TEAM":"UPHSD","MINS":23.5833333333,"FGM":3.0,"FGA":10.0,"FG%":30.0,"2PM":3.0,"2PA":9.0,"2P%":33.3333333333,"3PM":0.0,"3PA":1.0,"3P%":0.0,"FTM":0.0,"FTA":0.0,"FT%":0.0,"PTS":6.0,"OFF":1.0,"DEF":4.0,"REB":5.0,"AST":0.0,"TO":3.0,"STL":1.0,"BLK":0.0,"STK":1.0,"PF":1.0,"Fls on:":2.0,"+\/-":-6.0,"GW":2.0,"GP":4.0},"J. Boral":{"TEAM":"UPHSD","MINS":267.5333333334,"FGM":27.0,"FGA":103.0,"FG%":26.213592233,"2PM":20.0,"2PA":63.0,"2P%":31.746031746,"3PM":7.0,"3PA":40.0,"3P%":17.5,"FTM":24.0,"FTA":33.0,"FT%":72.7272727273,"PTS":85.0,"OFF":19.0,"DEF":48.0,"REB":67.0,"AST":20.0,"TO":17.0,"STL":6.0,"BLK":4.0,"STK":10.0,"PF":19.0,"Fls on:":31.0,"+\/-":-52.0,"GW":5.0,"GP":12.0},"A. Gelsano":{"TEAM":"UPHSD","MINS":176.2333333332,"FGM":17.0,"FGA":45.0,"FG%":37.7777777778,"2PM":16.0,"2PA":30.0,"2P%":53.3333333333,"3PM":1.0,"3PA":15.0,"3P%":6.6666666667,"FTM":10.0,"FTA":17.0,"FT%":58.8235294118,"PTS":45.0,"OFF":14.0,"DEF":25.0,"REB":39.0,"AST":21.0,"TO":13.0,"STL":5.0,"BLK":3.0,"STK":8.0,"PF":23.0,"Fls on:":17.0,"+\/-":21.0,"GW":5.0,"GP":12.0},"C. Pagaran":{"TEAM":"UPHSD","MINS":305.2166666668,"FGM":48.0,"FGA":137.0,"FG%":35.0364963504,"2PM":34.0,"2PA":78.0,"2P%":43.5897435897,"3PM":14.0,"3PA":59.0,"3P%":23.7288135593,"FTM":19.0,"FTA":33.0,"FT%":57.5757575758,"PTS":129.0,"OFF":9.0,"DEF":46.0,"REB":55.0,"AST":22.0,"TO":14.0,"STL":5.0,"BLK":7.0,"STK":12.0,"PF":13.0,"Fls on:":26.0,"+\/-":-18.0,"GW":5.0,"GP":12.0},"S. Orgo":{"TEAM":"UPHSD","MINS":340.8833333333,"FGM":35.0,"FGA":99.0,"FG%":35.3535353535,"2PM":19.0,"2PA":44.0,"2P%":43.1818181818,"3PM":16.0,"3PA":55.0,"3P%":29.0909090909,"FTM":17.0,"FTA":23.0,"FT%":73.9130434783,"PTS":103.0,"OFF":11.0,"DEF":47.0,"REB":58.0,"AST":42.0,"TO":31.0,"STL":18.0,"BLK":0.0,"STK":18.0,"PF":23.0,"Fls on:":29.0,"+\/-":21.0,"GW":5.0,"GP":12.0},"R. Movida":{"TEAM":"UPHSD","MINS":4.1333333334,"FGM":0.0,"FGA":1.0,"FG%":0.0,"2PM":0.0,"2PA":0.0,"2P%":0.0,"3PM":0.0,"3PA":1.0,"3P%":0.0,"FTM":0.0,"FTA":0.0,"FT%":0.0,"PTS":0.0,"OFF":0.0,"DEF":0.0,"REB":0.0,"AST":0.0,"TO":0.0,"STL":0.0,"BLK":0.0,"STK":0.0,"PF":0.0,"Fls on:":0.0,"+\/-":-6.0,"GW":2.0,"GP":3.0},"J. Manuel":{"TEAM":"UPHSD","MINS":155.0166666666,"FGM":12.0,"FGA":46.0,"FG%":26.0869565217,"2PM":10.0,"2PA":30.0,"2P%":33.3333333333,"3PM":2.0,"3PA":16.0,"3P%":12.5,"FTM":10.0,"FTA":17.0,"FT%":58.8235294118,"PTS":36.0,"OFF":6.0,"DEF":20.0,"REB":26.0,"AST":14.0,"TO":16.0,"STL":6.0,"BLK":2.0,"STK":8.0,"PF":17.0,"Fls on:":12.0,"+\/-":-44.0,"GW":5.0,"GP":12.0},"C. Abis":{"TEAM":"UPHSD","MINS":300.4333333333,"FGM":43.0,"FGA":112.0,"FG%":38.3928571429,"2PM":37.0,"2PA":91.0,"2P%":40.6593406593,"3PM":6.0,"3PA":21.0,"3P%":28.5714285714,"FTM":12.0,"FTA":23.0,"FT%":52.1739130435,"PTS":104.0,"OFF":22.0,"DEF":32.0,"REB":54.0,"AST":23.0,"TO":23.0,"STL":9.0,"BLK":6.0,"STK":15.0,"PF":16.0,"Fls on:":22.0,"+\/-":-19.0,"GW":5.0,"GP":12.0},"J. Nunez":{"TEAM":"UPHSD","MINS":297.0500000001,"FGM":14.0,"FGA":41.0,"FG%":34.1463414634,"2PM":14.0,"2PA":38.0,"2P%":36.8421052632,"3PM":0.0,"3PA":3.0,"3P%":0.0,"FTM":8.0,"FTA":17.0,"FT%":47.0588235294,"PTS":36.0,"OFF":24.0,"DEF":38.0,"REB":62.0,"AST":13.0,"TO":9.0,"STL":5.0,"BLK":11.0,"STK":16.0,"PF":33.0,"Fls on:":24.0,"+\/-":14.0,"GW":5.0,"GP":12.0},"A. Javier":{"TEAM":"UPHSD","MINS":1.8,"FGM":0.0,"FGA":1.0,"FG%":0.0,"2PM":0.0,"2PA":1.0,"2P%":0.0,"3PM":0.0,"3PA":0.0,"3P%":0.0,"FTM":0.0,"FTA":0.0,"FT%":0.0,"PTS":0.0,"OFF":0.0,"DEF":0.0,"REB":0.0,"AST":1.0,"TO":0.0,"STL":0.0,"BLK":0.0,"STK":0.0,"PF":1.0,"Fls on:":0.0,"+\/-":-5.0,"GW":1.0,"GP":2.0},"B. Manuel":{"TEAM":"UPHSD","MINS":3.6166666667,"FGM":0.0,"FGA":2.0,"FG%":0.0,"2PM":0.0,"2PA":0.0,"2P%":0.0,"3PM":0.0,"3PA":2.0,"3P%":0.0,"FTM":0.0,"FTA":0.0,"FT%":0.0,"PTS":0.0,"OFF":0.0,"DEF":0.0,"REB":0.0,"AST":0.0,"TO":0.0,"STL":0.0,"BLK":0.0,"STK":0.0,"PF":0.0,"Fls on:":0.0,"+\/-":0.0,"GW":0.0,"GP":1.0},"K. Thompson":{"TEAM":"UPHSD","MINS":0.2,"FGM":0.0,"FGA":1.0,"FG%":0.0,"2PM":0.0,"2PA":1.0,"2P%":0.0,"3PM":0.0,"3PA":0.0,"3P%":0.0,"FTM":0.0,"FTA":0.0,"FT%":0.0,"PTS":0.0,"OFF":0.0,"DEF":0.0,"REB":0.0,"AST":0.0,"TO":0.0,"STL":0.0,"BLK":0.0,"STK":0.0,"PF":0.0,"Fls on:":0.0,"+\/-":0.0,"GW":0.0,"GP":1.0}}