{"M. Gojo Cruz":{"TEAM":"UPHSD","MINS":28.6047619047,"FGM":4.4285714286,"FGA":11.2142857143,"FG%":39.4904458599,"2PM":2.5714285714,"2PA":5.6428571429,"2P%":45.5696202532,"3PM":1.8571428571,"3PA":5.5714285714,"3P%":33.3333333333,"FTM":2.2142857143,"FTA":3.0,"FT%":73.8095238095,"PTS":12.9285714286,"OFF":1.0,"DEF":4.5714285714,"REB":5.5714285714,"AST":2.6428571429,"TO":1.8571428571,"STL":1.1428571429,"BLK":0.7857142857,"STK":1.9285714286,"PF":1.3571428571,"Fls on:":2.2142857143,"+\/-":3.9285714286,"GW":6.0,"GP":14.0},"J. Abis":{"TEAM":"UPHSD","MINS":31.7666666666,"FGM":6.0,"FGA":11.5,"FG%":52.1739130435,"2PM":6.0,"2PA":10.0,"2P%":60.0,"3PM":0.0,"3PA":1.5,"3P%":0.0,"FTM":0.0,"FTA":0.0,"FT%":0.0,"PTS":12.0,"OFF":3.5,"DEF":4.5,"REB":8.0,"AST":4.5,"TO":2.5,"STL":0.0,"BLK":0.0,"STK":0.0,"PF":3.0,"Fls on:":1.5,"+\/-":3.5,"GW":1.0,"GP":2.0},"C. Pagaran":{"TEAM":"UPHSD","MINS":25.2392857143,"FGM":4.0,"FGA":11.4285714286,"FG%":35.0,"2PM":2.8571428571,"2PA":6.2857142857,"2P%":45.4545454545,"3PM":1.1428571429,"3PA":5.1428571429,"3P%":22.2222222222,"FTM":1.7142857143,"FTA":2.8571428571,"FT%":60.0,"PTS":10.8571428571,"OFF":0.7142857143,"DEF":3.7142857143,"REB":4.4285714286,"AST":1.8571428571,"TO":1.3571428571,"STL":0.6428571429,"BLK":0.7142857143,"STK":1.3571428571,"PF":1.3571428571,"Fls on:":2.2142857143,"+\/-":-1.2857142857,"GW":6.0,"GP":14.0},"C. Abis":{"TEAM":"UPHSD","MINS":25.0361111111,"FGM":3.5833333333,"FGA":9.3333333333,"FG%":38.3928571429,"2PM":3.0833333333,"2PA":7.5833333333,"2P%":40.6593406593,"3PM":0.5,"3PA":1.75,"3P%":28.5714285714,"FTM":1.0,"FTA":1.9166666667,"FT%":52.1739130435,"PTS":8.6666666667,"OFF":1.8333333333,"DEF":2.6666666667,"REB":4.5,"AST":1.9166666667,"TO":1.9166666667,"STL":0.75,"BLK":0.5,"STK":1.25,"PF":1.3333333333,"Fls on:":1.8333333333,"+\/-":-1.5833333333,"GW":5.0,"GP":12.0},"S. Orgo":{"TEAM":"UPHSD","MINS":28.4069444444,"FGM":2.9166666667,"FGA":8.25,"FG%":35.3535353535,"2PM":1.5833333333,"2PA":3.6666666667,"2P%":43.1818181818,"3PM":1.3333333333,"3PA":4.5833333333,"3P%":29.0909090909,"FTM":1.4166666667,"FTA":1.9166666667,"FT%":73.9130434783,"PTS":8.5833333333,"OFF":0.9166666667,"DEF":3.9166666667,"REB":4.8333333333,"AST":3.5,"TO":2.5833333333,"STL":1.5,"BLK":0.0,"STK":1.5,"PF":1.9166666667,"Fls on:":2.4166666667,"+\/-":1.75,"GW":5.0,"GP":12.0},"J. Boral":{"TEAM":"UPHSD","MINS":22.8345238095,"FGM":2.5,"FGA":8.6428571429,"FG%":28.9256198347,"2PM":1.7142857143,"2PA":5.2857142857,"2P%":32.4324324324,"3PM":0.7857142857,"3PA":3.3571428571,"3P%":23.4042553191,"FTM":2.0714285714,"FTA":3.0714285714,"FT%":67.4418604651,"PTS":7.8571428571,"OFF":1.7857142857,"DEF":3.7857142857,"REB":5.5714285714,"AST":1.6428571429,"TO":1.2857142857,"STL":0.5,"BLK":0.2857142857,"STK":0.7857142857,"PF":1.6428571429,"Fls on:":2.8571428571,"+\/-":-4.4285714286,"GW":6.0,"GP":14.0},"E. Pizarro":{"TEAM":"UPHSD","MINS":12.6141025641,"FGM":1.9230769231,"FGA":3.6923076923,"FG%":52.0833333333,"2PM":1.9230769231,"2PA":3.6923076923,"2P%":52.0833333333,"3PM":0.0,"3PA":0.0,"3P%":0.0,"FTM":0.6923076923,"FTA":1.4615384615,"FT%":47.3684210526,"PTS":4.5384615385,"OFF":1.5384615385,"DEF":1.4615384615,"REB":3.0,"AST":1.1538461538,"TO":1.0769230769,"STL":1.0769230769,"BLK":0.2307692308,"STK":1.3076923077,"PF":2.5384615385,"Fls on:":1.6923076923,"+\/-":0.9230769231,"GW":6.0,"GP":13.0},"A. Manuel":{"TEAM":"UPHSD","MINS":30.2416666667,"FGM":1.5,"FGA":5.5,"FG%":27.2727272727,"2PM":1.0,"2PA":2.5,"2P%":40.0,"3PM":0.5,"3PA":3.0,"3P%":16.6666666667,"FTM":1.0,"FTA":1.0,"FT%":100.0,"PTS":4.5,"OFF":0.5,"DEF":5.0,"REB":5.5,"AST":5.0,"TO":3.0,"STL":1.0,"BLK":0.0,"STK":1.0,"PF":2.0,"Fls on:":1.5,"+\/-":-4.0,"GW":1.0,"GP":2.0},"J. Nunez":{"TEAM":"UPHSD","MINS":24.6773809524,"FGM":1.5,"FGA":4.2142857143,"FG%":35.593220339,"2PM":1.5,"2PA":4.0,"2P%":37.5,"3PM":0.0,"3PA":0.2142857143,"3P%":0.0,"FTM":1.2857142857,"FTA":2.4285714286,"FT%":52.9411764706,"PTS":4.2857142857,"OFF":2.0714285714,"DEF":3.1428571429,"REB":5.2142857143,"AST":1.1428571429,"TO":1.1428571429,"STL":0.3571428571,"BLK":0.7857142857,"STK":1.1428571429,"PF":2.7142857143,"Fls on:":2.6428571429,"+\/-":0.5714285714,"GW":6.0,"GP":14.0},"A. Gelsano":{"TEAM":"UPHSD","MINS":14.6861111111,"FGM":1.4166666667,"FGA":3.75,"FG%":37.7777777778,"2PM":1.3333333333,"2PA":2.5,"2P%":53.3333333333,"3PM":0.0833333333,"3PA":1.25,"3P%":6.6666666667,"FTM":0.8333333333,"FTA":1.4166666667,"FT%":58.8235294118,"PTS":3.75,"OFF":1.1666666667,"DEF":2.0833333333,"REB":3.25,"AST":1.75,"TO":1.0833333333,"STL":0.4166666667,"BLK":0.25,"STK":0.6666666667,"PF":1.9166666667,"Fls on:":1.4166666667,"+\/-":1.75,"GW":5.0,"GP":12.0},"H. Montemayor":{"TEAM":"UPHSD","MINS":9.1666666667,"FGM":0.9285714286,"FGA":2.0714285714,"FG%":44.8275862069,"2PM":0.3571428571,"2PA":0.7857142857,"2P%":45.4545454545,"3PM":0.5714285714,"3PA":1.2857142857,"3P%":44.4444444444,"FTM":0.5714285714,"FTA":0.6428571429,"FT%":88.8888888889,"PTS":3.0,"OFF":0.2857142857,"DEF":1.0,"REB":1.2857142857,"AST":0.5,"TO":0.5714285714,"STL":0.2857142857,"BLK":0.0,"STK":0.2857142857,"PF":1.2142857143,"Fls on:":0.5714285714,"+\/-":-1.9285714286,"GW":6.0,"GP":14.0},"J. Manuel":{"TEAM":"UPHSD","MINS":12.9180555555,"FGM":1.0,"FGA":3.8333333333,"FG%":26.0869565217,"2PM":0.8333333333,"2PA":2.5,"2P%":33.3333333333,"3PM":0.1666666667,"3PA":1.3333333333,"3P%":12.5,"FTM":0.8333333333,"FTA":1.4166666667,"FT%":58.8235294118,"PTS":3.0,"OFF":0.5,"DEF":1.6666666667,"REB":2.1666666667,"AST":1.1666666667,"TO":1.3333333333,"STL":0.5,"BLK":0.1666666667,"STK":0.6666666667,"PF":1.4166666667,"Fls on:":1.0,"+\/-":-3.6666666667,"GW":5.0,"GP":12.0},"N. Sevilla":{"TEAM":"UPHSD","MINS":5.8958333333,"FGM":0.75,"FGA":2.5,"FG%":30.0,"2PM":0.75,"2PA":2.25,"2P%":33.3333333333,"3PM":0.0,"3PA":0.25,"3P%":0.0,"FTM":0.0,"FTA":0.0,"FT%":0.0,"PTS":1.5,"OFF":0.25,"DEF":1.0,"REB":1.25,"AST":0.0,"TO":0.75,"STL":0.25,"BLK":0.0,"STK":0.25,"PF":0.25,"Fls on:":0.5,"+\/-":-1.5,"GW":2.0,"GP":4.0},"G. Gelsano":{"TEAM":"UPHSD","MINS":10.35,"FGM":0.5,"FGA":1.5,"FG%":33.3333333333,"2PM":0.5,"2PA":1.5,"2P%":33.3333333333,"3PM":0.0,"3PA":0.0,"3P%":0.0,"FTM":0.0,"FTA":0.0,"FT%":0.0,"PTS":1.0,"OFF":0.0,"DEF":2.0,"REB":2.0,"AST":0.5,"TO":0.5,"STL":0.5,"BLK":0.5,"STK":1.0,"PF":3.0,"Fls on:":0.0,"+\/-":-3.0,"GW":1.0,"GP":2.0},"R. Cauguiran":{"TEAM":"UPHSD","MINS":4.9305555555,"FGM":0.1666666667,"FGA":0.8333333333,"FG%":20.0,"2PM":0.1666666667,"2PA":0.8333333333,"2P%":20.0,"3PM":0.0,"3PA":0.0,"3P%":0.0,"FTM":0.6666666667,"FTA":1.0,"FT%":66.6666666667,"PTS":1.0,"OFF":0.6666666667,"DEF":1.5,"REB":2.1666666667,"AST":0.1666666667,"TO":0.5,"STL":0.5,"BLK":0.1666666667,"STK":0.6666666667,"PF":1.3333333333,"Fls on:":0.6666666667,"+\/-":-1.0,"GW":2.0,"GP":6.0},"A. Javier":{"TEAM":"UPHSD","MINS":2.3111111111,"FGM":0.0,"FGA":0.3333333333,"FG%":0.0,"2PM":0.0,"2PA":0.3333333333,"2P%":0.0,"3PM":0.0,"3PA":0.0,"3P%":0.0,"FTM":0.0,"FTA":0.0,"FT%":0.0,"PTS":0.0,"OFF":0.0,"DEF":0.3333333333,"REB":0.3333333333,"AST":0.6666666667,"TO":0.6666666667,"STL":0.3333333333,"BLK":0.0,"STK":0.3333333333,"PF":0.3333333333,"Fls on:":0.3333333333,"+\/-":0.6666666667,"GW":1.0,"GP":3.0},"K. Thompson":{"TEAM":"UPHSD","MINS":0.2,"FGM":0.0,"FGA":1.0,"FG%":0.0,"2PM":0.0,"2PA":1.0,"2P%":0.0,"3PM":0.0,"3PA":0.0,"3P%":0.0,"FTM":0.0,"FTA":0.0,"FT%":0.0,"PTS":0.0,"OFF":0.0,"DEF":0.0,"REB":0.0,"AST":0.0,"TO":0.0,"STL":0.0,"BLK":0.0,"STK":0.0,"PF":0.0,"Fls on:":0.0,"+\/-":0.0,"GW":0.0,"GP":1.0},"R. Danag":{"TEAM":"UPHSD","MINS":0.9333333333,"FGM":0.0,"FGA":0.0,"FG%":0.0,"2PM":0.0,"2PA":0.0,"2P%":0.0,"3PM":0.0,"3PA":0.0,"3P%":0.0,"FTM":0.0,"FTA":0.0,"FT%":0.0,"PTS":0.0,"OFF":0.0,"DEF":0.0,"REB":0.0,"AST":0.0,"TO":0.0,"STL":0.0,"BLK":0.0,"STK":0.0,"PF":0.0,"Fls on:":0.0,"+\/-":0.0,"GW":1.0,"GP":1.0},"R. Movida":{"TEAM":"UPHSD","MINS":1.3458333334,"FGM":0.0,"FGA":0.25,"FG%":0.0,"2PM":0.0,"2PA":0.0,"2P%":0.0,"3PM":0.0,"3PA":0.25,"3P%":0.0,"FTM":0.0,"FTA":0.0,"FT%":0.0,"PTS":0.0,"OFF":0.0,"DEF":0.0,"REB":0.0,"AST":0.0,"TO":0.0,"STL":0.0,"BLK":0.0,"STK":0.0,"PF":0.0,"Fls on:":0.0,"+\/-":-2.5,"GW":2.0,"GP":4.0},