{"M. Gojo Cruz":{"TEAM":"UPHSD","SP":57.8888888889,"GP":18.0,"MPG":29.25,"EWA":2.2312828052,"PER":19.3382876323,"WS":1.9869617621,"OWS":1.1316638328,"DWS":0.8552979293,"EFF":13.2777777778,"GmSc":9.6166666667,"TS%":51.3026409707,"EFG%":47.4489795918,"PPWS":1.0260528194,"FTR":0.3265306122,"REB%":9.9441490154,"OREB%":3.642322748,"DREB%":15.7259644439,"AR":5.2257368327,"pAST%":21.5985873357,"hAST%":16.068903458,"TOR":3.8670452562,"hTO%":11.8909885589,"AST\/TO":1.3513513514,"STL\/TO":0.6216216216,"PPR":-0.724417494,"USG%":22.8893322772,"STL%":null,"BLK%":73.9741090619,"aSP":56.3243243243,"ORtg":100.51676225,"DRtg":92.3643298332,"Floor%":44.5364870135,"Stop%":0.6021753223,"FFI":48.639254256,"PIE":12.3034227567,"AV":2.8945371705,"DRE\/100":7.953665388,"DRE\/75":5.965249041,"POS":53.1557150064},"C. Pagaran":{"TEAM":"UPHSD","SP":47.1666666667,"GP":18.0,"MPG":25.6981481482,"EWA":0.9484763646,"PER":14.9414329312,"WS":0.9823084108,"OWS":0.3706691397,"DWS":0.6116392711,"EFF":9.0,"GmSc":6.6111111111,"TS%":45.0180072029,"EFG%":42.4882629108,"PPWS":0.9003601441,"FTR":0.2159624413,"REB%":8.8681600728,"OREB%":3.4141420178,"DREB%":13.8721262884,"AR":3.5688050705,"pAST%":15.6319864241,"hAST%":10.2305278952,"TOR":3.5688050705,"hTO%":10.2305278952,"AST\/TO":1.0,"STL\/TO":0.5,"PPR":-2.2487518886,"USG%":26.2604635419,"STL%":null,"BLK%":66.1558775515,"aSP":45.8918918919,"ORtg":90.378862988,"DRtg":94.7467707967,"Floor%":41.3762266599,"Stop%":0.5491801459,"FFI":45.02536892,"PIE":7.8014184397,"AV":2.1623050678,"DRE\/100":2.9989101948,"DRE\/75":2.2491826461,"POS":46.7009722789},"E. Pizarro":{"TEAM":"UPHSD","SP":31.2941176471,"GP":17.0,"MPG":13.7656862745,"EWA":0.7465832405,"PER":17.2325018735,"WS":0.7521648473,"OWS":0.2044208658,"DWS":0.5477439815,"EFF":6.8823529412,"GmSc":3.8588235294,"TS%":52.5606469003,"EFG%":50.8196721311,"PPWS":1.051212938,"FTR":0.4918032787,"REB%":14.3001029963,"OREB%":12.5329826762,"DREB%":15.9214049963,"AR":4.9379695997,"pAST%":19.706494964,"hAST%":17.4708818636,"TOR":5.8785352377,"hTO%":20.7986688852,"AST\/TO":0.84,"STL\/TO":0.76,"PPR":-4.8894698317,"USG%":19.5609400692,"STL%":null,"BLK%":71.3270963178,"aSP":30.4483306836,"ORtg":91.825484175,"DRtg":86.7191329878,"Floor%":46.4001747361,"Stop%":0.727747459,"FFI":53.7418807586,"PIE":3.3919210607,"AV":1.6940261168,"DRE\/100":7.4185497073,"DRE\/75":5.5639122805,"POS":25.016235777},"J. Boral":{"TEAM":"UPHSD","SP":41.0,"GP":18.0,"MPG":23.337962963,"EWA":0.3003721935,"PER":12.2572103366,"WS":0.6990309773,"OWS":0.1397143207,"DWS":0.5593166566,"EFF":7.2222222222,"GmSc":4.9222222222,"TS%":41.1652944902,"EFG%":35.9375,"PPWS":0.8233058898,"FTR":0.41875,"REB%":11.8207937798,"OREB%":7.7873631345,"DREB%":15.5213958824,"AR":3.4057581354,"pAST%":13.269308689,"hAST%":10.7225338172,"TOR":3.5367488329,"hTO%":11.134938964,"AST\/TO":0.962962963,"STL\/TO":0.4444444444,"PPR":-2.3936308108,"USG%":23.7797435749,"STL%":null,"BLK%":39.7343288791,"aSP":39.8918918919,"ORtg":87.484759418,"DRtg":94.6744878618,"Floor%":41.3701556851,"Stop%":0.5507880123,"FFI":46.3295354187,"PIE":5.0878815911,"AV":1.8333197604,"DRE\/100":2.3141495212,"DRE\/75":1.7356121409,"POS":42.4118327552},"S. Orgo":{"TEAM":"UPHSD","SP":50.5,"GP":12.0,"MPG":28.4069444444,"EWA":0.3599812339,"PER":12.9426097298,"WS":0.6884300105,"OWS":0.1654376261,"DWS":0.5229923843,"EFF":10.0,"GmSc":6.1916666667,"TS%":47.1957478006,"EFG%":43.4343434343,"PPWS":0.943914956,"FTR":0.2323232323,"REB%":9.1836746703,"OREB%":3.6401124291,"DREB%":14.2697961111,"AR":6.7798397447,"pAST%":25.3954246564,"hAST%":23.0617175489,"TOR":5.0041674306,"hTO%":17.0217439051,"AST\/TO":1.3548387097,"STL\/TO":0.5806451613,"PPR":-0.9154431122,"USG%":18.9678977564,"STL%":null,"BLK%":0.0,"aSP":49.1351351351,"ORtg":89.1605412668,"DRtg":93.075933655,"Floor%":38.3569931445,"Stop%":0.5863463592,"FFI":45.3355664868,"PIE":5.6429232192,"AV":1.7265002271,"DRE\/100":4.9362708656,"DRE\/75":3.7022031492,"POS":51.6236390801},"J. Abis":{"TEAM":"UPHSD","SP":61.1666666667,"GP":6.0,"MPG":29.9527777778,"EWA":0.8499564382,"PER":20.3261436012,"WS":0.6685705581,"OWS":0.4406008565,"DWS":0.2279697016,"EFF":15.3333333333,"GmSc":10.1666666667,"TS%":48.9382879894,"EFG%":48.1818181818,"PPWS":0.9787657598,"FTR":0.2181818182,"REB%":11.4127290485,"OREB%":10.6705903375,"DREB%":12.0936283414,"AR":9.1856269987,"pAST%":37.6674994804,"hAST%":29.6208530806,"TOR":3.3680632329,"hTO%":10.8609794629,"AST\/TO":2.7272727273,"STL\/TO":0.5454545455,"PPR":5.2091879741,"USG%":18.3022370282,"STL%":null,"BLK%":77.3983553896,"aSP":59.5135135135,"ORtg":104.8496264494,"DRtg":95.1707004679,"Floor%":51.2030702646,"Stop%":0.5397502259,"FFI":48.8375568047,"PIE":4.1936478569,"AV":1.4145606597,"DRE\/100":5.1392126077,"DRE\/75":3.8544094557,"POS":54.4328656139},"J. Nunez":{"TEAM":"UPHSD","SP":28.9444444444,"GP":18.0,"MPG":22.5916666667,"EWA":-0.524317593,"PER":8.228389618,"WS":0.5415008132,"OWS":0.0610738509,"DWS":0.4804269623,"EFF":6.0555555556,"GmSc":3.0277777778,"TS%":40.1891252955,"EFG%":34.328358209,"PPWS":0.8037825059,"FTR":0.5970149254,"REB%":10.7512387735,"OREB%":8.5994128108,"DREB%":12.725501475,"AR":2.5710393904,"pAST%":8.7944943713,"hAST%":15.625,"TOR":2.4357215278,"hTO%":14.8026315789,"AST\/TO":1.0555555556,"STL\/TO":0.5,"PPR":-1.3642495712,"USG%":11.6426387806,"STL%":null,"BLK%":82.0938365833,"aSP":28.1621621622,"ORtg":87.1408632752,"DRtg":95.8570650553,"Floor%":44.4081711737,"Stop%":0.524482686,"FFI":48.7975193444,"PIE":2.6210299106,"AV":1.6063884716,"DRE\/100":0.0531973031,"DRE\/75":0.0398979774,"POS":41.0555964053},"H. Montemayor":{"TEAM":"UPHSD","SP":17.6111111111,"GP":18.0,"MPG":10.275,"EWA":-0.0023352422,"PER":10.7946210501,"WS":0.4465328326,"OWS":0.2693166162,"DWS":0.1772162164,"EFF":3.0555555556,"GmSc":1.8444444444,"TS%":58.0708661417,"EFG%":51.1904761905,"PPWS":1.1614173228,"FTR":0.4761904762,"REB%":6.7122444629,"OREB%":3.0496047053,"DREB%":10.0726524084,"AR":2.9752370288,"pAST%":10.9026752071,"hAST%":13.3689839572,"TOR":4.1653318404,"hTO%":18.7165775401,"AST\/TO":0.7142857143,"STL\/TO":0.3571428571,"PPR":-4.1244207688,"USG%":16.167598276,"STL%":null,"BLK%":15.0416592983,"aSP":17.1351351351,"ORtg":99.6155831436,"DRtg":97.6168817441,"Floor%":42.4174769246,"Stop%":0.4853372057,"FFI":52.1876356,"PIE":1.7884674684,"AV":0.9617290231,"DRE\/100":1.6991178369,"DRE\/75":1.2743383777,"POS":18.6726486048},"G. Gelsano":{"TEAM":"UPHSD","SP":22.3333333333,"GP":6.0,"MPG":10.2472222222,"EWA":0.3428084704,"PER":22.0270212891,"WS":0.3812170611,"OWS":0.2704445058,"DWS":0.1107725553,"EFF":6.5,"GmSc":3.7166666667,"TS%":66.1057692308,"EFG%":57.1428571429,"PPWS":1.3221153846,"FTR":0.4285714286,"REB%":14.9240185945,"OREB%":11.0083372452,"DREB%":18.5165877766,"AR":3.579962625,"pAST%":14.2135148438,"hAST%":17.667844523,"TOR":1.7899813125,"hTO%":8.8339222615,"AST\/TO":2.0,"STL\/TO":1.0,"PPR":1.1278912066,"USG%":13.9898591642,"STL%":null,"BLK%":90.4946019155,"aSP":21.7297297297,"ORtg":134.0329714357,"DRtg":90.9676929027,"Floor%":62.417193099,"Stop%":0.6332422077,"FFI":56.0398864066,"PIE":1.4184397163,"AV":0.7431545832,"DRE\/100":12.0384633545,"DRE\/75":9.0288475159,"POS":18.6221683437},"C. Abis":{"TEAM":"UPHSD","SP":42.3333333333,"GP":12.0,"MPG":25.0361111111,"EWA":0.2278642787,"PER":12.3444886284,"WS":0.3339177979,"OWS":0.0080435862,"DWS":0.3258742117,"EFF":7.75,"GmSc":5.275,"TS%":42.5810678022,"EFG%":41.0714285714,"PPWS":0.851621356,"FTR":0.2053571429,"REB%":9.7015227943,"OREB%":8.2604259971,"DREB%":11.0237039118,"AR":4.2126524027,"pAST%":17.2147852956,"hAST%":13.6807042589,"TOR":4.2126524027,"hTO%":13.6807042589,"AST\/TO":1.0,"STL\/TO":0.3913043478,"PPR":-2.6544487186,"USG%":22.2896881635,"STL%":null,"BLK%":55.5588460778,"aSP":41.1891891892,"ORtg":85.4001718316,"DRtg":96.6197114079,"Floor%":40.8618680581,"Stop%":0.5075183295,"FFI":45.1078506702,"PIE":3.8852913969,"AV":1.4260768066,"DRE\/100":-1.4550810187,"DRE\/75":-1.091310764,"POS":45.4978593877},"A. Gelsano":{"TEAM":"UPHSD","SP":28.3333333333,"GP":12.0,"MPG":14.6861111111,"EWA":0.0885274854,"PER":11.8296855253,