{"M. Gojo Cruz":{"TEAM":"UPHSD","MINS":28.7511111111,"FGM":4.5333333333,"FGA":11.1333333333,"FG%":40.7185628743,"2PM":2.7333333333,"2PA":5.8666666667,"2P%":46.5909090909,"3PM":1.8,"3PA":5.2666666667,"3P%":34.1772151899,"FTM":2.2,"FTA":3.1333333333,"FT%":70.2127659574,"PTS":13.0666666667,"OFF":1.0666666667,"DEF":4.6666666667,"REB":5.7333333333,"AST":2.6666666667,"TO":1.8666666667,"STL":1.1333333333,"BLK":0.8,"STK":1.9333333333,"PF":1.4,"Fls on:":2.6,"+\/-":3.8,"GW":6.0,"GP":15.0},"C. Pagaran":{"TEAM":"UPHSD","MINS":25.1555555556,"FGM":4.2666666667,"FGA":11.8,"FG%":36.1581920904,"2PM":3.1333333333,"2PA":6.5333333333,"2P%":47.9591836735,"3PM":1.1333333333,"3PA":5.2666666667,"3P%":21.5189873418,"FTM":1.6666666667,"FTA":2.7333333333,"FT%":60.9756097561,"PTS":11.3333333333,"OFF":0.6666666667,"DEF":3.6,"REB":4.2666666667,"AST":1.7333333333,"TO":1.4,"STL":0.6666666667,"BLK":0.7333333333,"STK":1.4,"PF":1.3333333333,"Fls on:":2.1333333333,"+\/-":-1.1333333333,"GW":6.0,"GP":15.0},"J. Abis":{"TEAM":"UPHSD","MINS":31.1444444444,"FGM":4.6666666667,"FGA":10.6666666667,"FG%":43.75,"2PM":4.6666666667,"2PA":9.3333333333,"2P%":50.0,"3PM":0.0,"3PA":1.3333333333,"3P%":0.0,"FTM":0.0,"FTA":0.0,"FT%":0.0,"PTS":9.3333333333,"OFF":2.6666666667,"DEF":4.0,"REB":6.6666666667,"AST":4.3333333333,"TO":2.0,"STL":1.0,"BLK":0.0,"STK":1.0,"PF":2.3333333333,"Fls on:":1.6666666667,"+\/-":4.0,"GW":1.0,"GP":3.0},"C. Abis":{"TEAM":"UPHSD","MINS":25.0361111111,"FGM":3.5833333333,"FGA":9.3333333333,"FG%":38.3928571429,"2PM":3.0833333333,"2PA":7.5833333333,"2P%":40.6593406593,"3PM":0.5,"3PA":1.75,"3P%":28.5714285714,"FTM":1.0,"FTA":1.9166666667,"FT%":52.1739130435,"PTS":8.6666666667,"OFF":1.8333333333,"DEF":2.6666666667,"REB":4.5,"AST":1.9166666667,"TO":1.9166666667,"STL":0.75,"BLK":0.5,"STK":1.25,"PF":1.3333333333,"Fls on:":1.8333333333,"+\/-":-1.5833333333,"GW":5.0,"GP":12.0},"S. Orgo":{"TEAM":"UPHSD","MINS":28.4069444444,"FGM":2.9166666667,"FGA":8.25,"FG%":35.3535353535,"2PM":1.5833333333,"2PA":3.6666666667,"2P%":43.1818181818,"3PM":1.3333333333,"3PA":4.5833333333,"3P%":29.0909090909,"FTM":1.4166666667,"FTA":1.9166666667,"FT%":73.9130434783,"PTS":8.5833333333,"OFF":0.9166666667,"DEF":3.9166666667,"REB":4.8333333333,"AST":3.5,"TO":2.5833333333,"STL":1.5,"BLK":0.0,"STK":1.5,"PF":1.9166666667,"Fls on:":2.4166666667,"+\/-":1.75,"GW":5.0,"GP":12.0},"J. Boral":{"TEAM":"UPHSD","MINS":23.0377777778,"FGM":2.4666666667,"FGA":8.6,"FG%":28.6821705426,"2PM":1.6666666667,"2PA":5.2666666667,"2P%":31.6455696203,"3PM":0.8,"3PA":3.3333333333,"3P%":24.0,"FTM":1.9333333333,"FTA":2.8666666667,"FT%":67.4418604651,"PTS":7.6666666667,"OFF":1.7333333333,"DEF":3.7333333333,"REB":5.4666666667,"AST":1.6,"TO":1.2,"STL":0.6,"BLK":0.2666666667,"STK":0.8666666667,"PF":1.7333333333,"Fls on:":2.6666666667,"+\/-":-4.7333333333,"GW":6.0,"GP":15.0},"A. Manuel":{"TEAM":"UPHSD","MINS":28.9333333334,"FGM":1.6666666667,"FGA":6.6666666667,"FG%":25.0,"2PM":1.0,"2PA":2.3333333333,"2P%":42.8571428571,"3PM":0.6666666667,"3PA":4.3333333333,"3P%":15.3846153846,"FTM":0.6666666667,"FTA":0.6666666667,"FT%":100.0,"PTS":4.6666666667,"OFF":0.6666666667,"DEF":4.3333333333,"REB":5.0,"AST":3.6666666667,"TO":2.6666666667,"STL":0.6666666667,"BLK":0.0,"STK":0.6666666667,"PF":1.6666666667,"Fls on:":1.6666666667,"+\/-":-5.3333333333,"GW":1.0,"GP":3.0},"E. Pizarro":{"TEAM":"UPHSD","MINS":13.280952381,"FGM":1.8571428571,"FGA":3.6428571429,"FG%":50.9803921569,"2PM":1.8571428571,"2PA":3.6428571429,"2P%":50.9803921569,"3PM":0.0,"3PA":0.0,"3P%":0.0,"FTM":0.7142857143,"FTA":1.5,"FT%":47.619047619,"PTS":4.4285714286,"OFF":1.4285714286,"DEF":1.5714285714,"REB":3.0,"AST":1.2857142857,"TO":1.2142857143,"STL":1.1428571429,"BLK":0.3571428571,"STK":1.5,"PF":2.5714285714,"Fls on:":1.6428571429,"+\/-":1.2142857143,"GW":6.0,"GP":14.0},"J. Nunez":{"TEAM":"UPHSD","MINS":24.23,"FGM":1.4,"FGA":4.0666666667,"FG%":34.4262295082,"2PM":1.4,"2PA":3.8666666667,"2P%":36.2068965517,"3PM":0.0,"3PA":0.2,"3P%":0.0,"FTM":1.3333333333,"FTA":2.4,"FT%":55.5555555556,"PTS":4.1333333333,"OFF":1.9333333333,"DEF":3.1333333333,"REB":5.0666666667,"AST":1.0666666667,"TO":1.0666666667,"STL":0.3333333333,"BLK":0.7333333333,"STK":1.0666666667,"PF":2.7333333333,"Fls on:":2.5333333333,"+\/-":-0.1333333333,"GW":6.0,"GP":15.0},"A. Gelsano":{"TEAM":"UPHSD","MINS":14.6861111111,"FGM":1.4166666667,"FGA":3.75,"FG%":37.7777777778,"2PM":1.3333333333,"2PA":2.5,"2P%":53.3333333333,"3PM":0.0833333333,"3PA":1.25,"3P%":6.6666666667,"FTM":0.8333333333,"FTA":1.4166666667,"FT%":58.8235294118,"PTS":3.75,"OFF":1.1666666667,"DEF":2.0833333333,"REB":3.25,"AST":1.75,"TO":1.0833333333,"STL":0.4166666667,"BLK":0.25,"STK":0.6666666667,"PF":1.9166666667,"Fls on:":1.4166666667,"+\/-":1.75,"GW":5.0,"GP":12.0},"J. Manuel":{"TEAM":"UPHSD","MINS":12.9180555555,"FGM":1.0,"FGA":3.8333333333,"FG%":26.0869565217,"2PM":0.8333333333,"2PA":2.5,"2P%":33.3333333333,"3PM":0.1666666667,"3PA":1.3333333333,"3P%":12.5,"FTM":0.8333333333,"FTA":1.4166666667,"FT%":58.8235294118,"PTS":3.0,"OFF":0.5,"DEF":1.6666666667,"REB":2.1666666667,"AST":1.1666666667,"TO":1.3333333333,"STL":0.5,"BLK":0.1666666667,"STK":0.6666666667,"PF":1.4166666667,"Fls on:":1.0,"+\/-":-3.6666666667,"GW":5.0,"GP":12.0},"H. Montemayor":{"TEAM":"UPHSD","MINS":9.1144444444,"FGM":0.8666666667,"FGA":2.1333333333,"FG%":40.625,"2PM":0.3333333333,"2PA":0.7333333333,"2P%":45.4545454545,"3PM":0.5333333333,"3PA":1.4,"3P%":38.0952380952,"FTM":0.5333333333,"FTA":0.6,"FT%":88.8888888889,"PTS":2.8,"OFF":0.2666666667,"DEF":0.9333333333,"REB":1.2,"AST":0.4666666667,"TO":0.5333333333,"STL":0.2666666667,"BLK":0.0,"STK":0.2666666667,"PF":1.2,"Fls on:":0.5333333333,"+\/-":-2.4666666667,"GW":6.0,"GP":15.0},"N. Sevilla":{"TEAM":"UPHSD","MINS":5.8958333333,"FGM":0.75,"FGA":2.5,"FG%":30.0,"2PM":0.75,"2PA":2.25,"2P%":33.3333333333,"3PM":0.0,"3PA":0.25,"3P%":0.0,"FTM":0.0,"FTA":0.0,"FT%":0.0,"PTS":1.5,"OFF":0.25,"DEF":1.0,"REB":1.25,"AST":0.0,"TO":0.75,"STL":0.25,"BLK":0.0,"STK":0.25,"PF":0.25,"Fls on:":0.5,"+\/-":-1.5,"GW":2.0,"GP":4.0},"G. Gelsano":{"TEAM":"UPHSD","MINS":8.4611111111,"FGM":0.6666666667,"FGA":1.3333333333,"FG%":50.0,"2PM":0.6666666667,"2PA":1.3333333333,"2P%":50.0,"3PM":0.0,"3PA":0.0,"3P%":0.0,"FTM":0.0,"FTA":0.0,"FT%":0.0,"PTS":1.3333333333,"OFF":0.3333333333,"DEF":1.6666666667,"REB":2.0,"AST":0.3333333333,"TO":0.3333333333,"STL":0.3333333333,"BLK":0.3333333333,"STK":0.6666666667,"PF":2.0,"Fls on:":0.0,"+\/-":-4.6666666667,"GW":1.0,"GP":3.0},"R. Cauguiran":{"TEAM":"UPHSD","MINS":4.9305555555,"FGM":0.1666666667,"FGA":0.8333333333,"FG%":20.0,"2PM":0.1666666667,"2PA":0.8333333333,"2P%":20.0,"3PM":0.0,"3PA":0.0,"3P%":0.0,"FTM":0.6666666667,"FTA":1.0,"FT%":66.6666666667,"PTS":1.0,"OFF":0.6666666667,"DEF":1.5,"REB":2.1666666667,"AST":0.1666666667,"TO":0.5,"STL":0.5,"BLK":0.1666666667,"STK":0.6666666667,"PF":1.3333333333,"Fls on:":0.6666666667,"+\/-":-1.0,"GW":2.0,"GP":6.0},"R. Movida":{"TEAM":"UPHSD","MINS":2.5533333333,"FGM":0.2,"FGA":0.4,"FG%":50.0,"2PM":0.2,"2PA":0.2,"2P%":100.0,"3PM":0.0,"3PA":0.2,"3P%":0.0,"FTM":0.0,"FTA":0.0,"FT%":0.0,"PTS":0.4,"OFF":0.0,"DEF":0.0,"REB":0.0,"AST":0.4,"TO":0.0,"STL":0.0,"BLK":0.0,"STK":0.0,"PF":0.0,"Fls on:":0.0,"+\/-":-0.2,"GW":2.0,"GP":5.0},"R. Danag":{"TEAM":"UPHSD","MINS":0.9333333333,"FGM":0.0,"FGA":0.0,"FG%":0.0,"2PM":0.0,"2PA":0.0,"2P%":0.0,"3PM":0.0,"3PA":0.0,"3P%":0.0,"FTM":0.0,"FTA":0.0,"FT%":0.0,"PTS":0.0,"OFF":0.0,"DEF":0.0,"REB":0.0,"AST":0.0,"TO":0.0,"STL":0.0,"BLK":0.0,"STK":0.0,"PF":0.0,"Fls on:":0.0,"+\/-":0.0,"GW":1.0,"GP":1.0},"A. Javier":{"TEAM":"UPHSD","MINS":2.3111111111,"FGM":0.0,"FGA":0.3333333333,"FG%":0.0,"2PM":0.0,"2PA":0.3333333333,"2P%":0.0,"3PM":0.0,"3PA":0.0,"3P%":0.0,"FTM":0.0,"FTA":0.0,"FT%":0.0,"PTS":0.0,"OFF":0.0,"DEF":0.3333333333,"REB":0.3333333333,"AST":0.6666666667,"TO":0.6666666667,"STL":0.3333333333,"BLK":0.0,"STK":0.3333333333,"PF":0.3333333333,"Fls on:":0.3333333333,"+\/-":0.6666666667,"GW":1.0,"GP":3.0},"J. Thompson":{"TEAM":"UPHSD","MINS":2.3,"FGM":0.0,"FGA":0.0,"FG%":0.0,"2PM":0.0,"2PA":0.0,"2P%":0.0,