{"M. Gojo Cruz":{"TEAM":"UPHSD","SP":58.2857142857,"GP":14.0,"MPG":28.6047619047,"EWA":1.8535574115,"PER":20.1232721752,"WS":1.7162139096,"OWS":0.9655746409,"DWS":0.7506392687,"EFF":13.6428571429,"GmSc":9.75,"TS%":51.5728288124,"EFG%":47.7707006369,"PPWS":1.0314565762,"FTR":0.2675159236,"REB%":10.1773156543,"OREB%":3.8548183013,"DREB%":15.8718937495,"AR":5.1179648737,"pAST%":21.5033938488,"TOR":3.5964077491,"AST\/TO":1.4230769231,"PPR":-0.3480869952,"USG%":23.1959904754,"aSP":56.275862069,"ORtg":102.4896607727,"DRtg":90.5618151572,"Floor%":44.3494313263,"Stop%":0.6071549266,"FFI":47.9928808313,"PIE":13.0204081633,"AV":2.4465592098},"E. Pizarro":{"TEAM":"UPHSD","SP":30.3076923077,"GP":13.0,"MPG":12.6141025641,"EWA":0.6595025384,"PER":18.903748972,"WS":0.6460350822,"OWS":0.2592498827,"DWS":0.3867851995,"EFF":6.3846153846,"GmSc":3.8846153846,"TS%":52.3420865862,"EFG%":52.0833333333,"PPWS":1.0468417317,"FTR":0.3958333333,"REB%":12.4271033916,"OREB%":13.4484593592,"DREB%":11.507183462,"AR":5.0670302678,"pAST%":21.1728544536,"TOR":4.7292282499,"AST\/TO":1.0714285714,"PPR":-2.5502086552,"USG%":19.7821491999,"aSP":29.2625994695,"ORtg":97.4413928563,"DRtg":86.7319156176,"Floor%":49.0987849989,"Stop%":0.692666993,"FFI":53.2782181427,"PIE":3.1428571429,"AV":1.309451069},"C. Pagaran":{"TEAM":"UPHSD","SP":47.0714285714,"GP":14.0,"MPG":25.2392857143,"EWA":0.6106932356,"PER":14.2938740728,"WS":0.8141444216,"OWS":0.2558438595,"DWS":0.5583005621,"EFF":8.5714285714,"GmSc":6.1571428571,"TS%":42.7927927928,"EFG%":40.0,"PPWS":0.8558558559,"FTR":0.25,"REB%":9.1683589632,"OREB%":3.120593171,"DREB%":14.6154904815,"AR":4.0759627091,"pAST%":17.2726507391,"TOR":2.9785881335,"AST\/TO":1.3684210526,"PPR":-0.4931273477,"USG%":25.6522681048,"aSP":45.4482758621,"ORtg":90.1492280443,"DRtg":92.8900061606,"Floor%":41.2555257663,"Stop%":0.5551722514,"FFI":44.6294716008,"PIE":7.4285714286,"AV":1.7265002271},"S. Orgo":{"TEAM":"UPHSD","SP":50.5,"GP":12.0,"MPG":28.4069444444,"EWA":0.3724996825,"PER":13.0164240803,"WS":0.7701849358,"OWS":0.1620181664,"DWS":0.6081667694,"EFF":10.0,"GmSc":6.1916666667,"TS%":47.1957478006,"EFG%":43.4343434343,"PPWS":0.943914956,"FTR":0.2323232323,"REB%":8.8905215781,"OREB%":3.5581902606,"DREB%":13.6932720457,"AR":6.8250442601,"pAST%":25.5722660586,"TOR":5.0375326682,"AST\/TO":1.3548387097,"PPR":-0.9200912932,"USG%":18.9514181064,"aSP":48.7586206897,"ORtg":89.2535000748,"DRtg":91.2761189031,"Floor%":38.2764980393,"Stop%":0.5912063126,"FFI":45.3108407436,"PIE":7.4693877551,"AV":1.7265002271},"C. Abis":{"TEAM":"UPHSD","SP":42.3333333333,"GP":12.0,"MPG":25.0361111111,"EWA":0.2361825374,"PER":12.4001405755,"WS":0.4024733797,"OWS":0.0044638835,"DWS":0.3980094962,"EFF":7.75,"GmSc":5.275,"TS%":42.5810678022,"EFG%":41.0714285714,"PPWS":0.851621356,"FTR":0.2053571429,"REB%":9.3918394151,"OREB%":8.0745218461,"DREB%":10.5783274995,"AR":4.2407402216,"pAST%":17.3456477897,"TOR":4.2407402216,"AST\/TO":1.0,"PPR":-2.6679267357,"USG%":22.2703224824,"aSP":40.8735632184,"ORtg":85.4888625611,"DRtg":94.9085522321,"Floor%":40.8130261375,"Stop%":0.5101031722,"FFI":45.0636478853,"PIE":5.1428571429,"AV":1.4260768066},"J. Abis":{"TEAM":"UPHSD","SP":63.0,"GP":2.0,"MPG":31.7666666666,"EWA":0.2284259883,"PER":18.0466983692,"WS":0.2056664247,"OWS":0.1398668607,"DWS":0.065799564,"EFF":16.5,"GmSc":9.6,"TS%":52.1739130435,"EFG%":52.1739130435,"PPWS":1.0434782609,"FTR":0.0,"REB%":13.1590142083,"OREB%":12.1489472907,"DREB%":14.0687662608,"AR":7.8469849115,"pAST%":35.8078722441,"TOR":4.359436062,"AST\/TO":1.8,"PPR":1.6455602675,"USG%":20.319066057,"aSP":60.8275862069,"ORtg":101.840998645,"DRtg":97.1950244752,"Floor%":49.5529015927,"Stop%":0.4590519725,"FFI":47.20949566,"PIE":1.9183673469,"AV":0.6556410848},"J. Boral":{"TEAM":"UPHSD","SP":41.1428571429,"GP":14.0,"MPG":22.8345238095,"EWA":0.203683505,"PER":12.1006543301,"WS":0.6269115863,"OWS":0.1217377104,"DWS":0.505173876,"EFF":7.4285714286,"GmSc":4.7,"TS%":39.3081761006,"EFG%":33.4710743802,"PPWS":0.786163522,"FTR":0.3553719008,"REB%":12.7491027861,"OREB%":8.6230769795,"DREB%":16.4653520571,"AR":3.9853804929,"pAST%":15.1465863693,"TOR":3.1189934292,"AST\/TO":1.2777777778,"PPR":-0.8720957531,"USG%":22.7753202713,"aSP":39.724137931,"ORtg":88.0922675494,"DRtg":92.8883395753,"Floor%":40.4034937097,"Stop%":0.5552094621,"FFI":44.6638753031,"PIE":5.4285714286,"AV":1.5507997051},"H. Montemayor":{"TEAM":"UPHSD","SP":17.5714285714,"GP":14.0,"MPG":9.1666666667,"EWA":0.148117607,"PER":13.139867975,"WS":0.4496297526,"OWS":0.2798379337,"DWS":0.1697918189,"EFF":3.2857142857,"GmSc":1.9714285714,"TS%":63.713592233,"EFG%":58.6206896552,"PPWS":1.2742718447,"FTR":0.3103448276,"REB%":7.3288873289,"OREB%":3.4368673152,"DREB%":10.8343711083,"AR":3.0214855033,"pAST%":11.2887529543,"TOR":3.4531262895,"AST\/TO":0.875,"PPR":-2.7155306233,"USG%":14.715256127,"aSP":16.9655172414,"ORtg":109.4123308815,"DRtg":94.9222467043,"Floor%":44.1331198016,"Stop%":0.5097974089,"FFI":52.9275401665,"PIE":2.2040816327,"AV":0.8411028006},"A. Gelsano":{"TEAM":"UPHSD","SP":28.3333333333,"GP":12.0,"MPG":14.6861111111,"EWA":0.0920798808,"PER":11.8702017803,"WS":0.3725889366,"OWS":0.0911093644,"DWS":0.2814795722,"EFF":5.4166666667,"GmSc":2.8666666667,"TS%":42.8734756098,"EFG%":38.8888888889,"PPWS":0.8574695122,"FTR":0.3777777778,"REB%":11.5632939541,"OREB%":8.7595587426,"DREB%":14.088576011,"AR":6.6007485461,"pAST%":24.4170871498,"TOR":4.0861776714,"AST\/TO":1.6153846154,"PPR":0.5932358369,"USG%":17.1304182831,"aSP":27.3563218391,"ORtg":89.8551680382,"DRtg":92.7541625549,"Floor%":43.9722642698,"Stop%":0.558205299,"FFI":46.9525895529,"PIE":2.7346938776,"AV":1.0900984516},"R. Cauguiran":{"TEAM":"UPHSD","SP":13.8333333333,"GP":6.0,"MPG":4.9305555555,"EWA":0.0244300566,"PER":12.4798675069,"WS":0.0916436849,"OWS":-0.027637506,"DWS":0.1192811909,"EFF":2.5,"GmSc":0.9666666667,"TS%":39.2670157068,"EFG%":20.0,"PPWS":0.7853403141,"FTR":1.2,"REB%":22.9615531024,"OREB%":14.9092272265,"DREB%":30.2141616825,"AR":1.8724698894,"pAST%":6.1383780923,"TOR":5.6174096681,"AST\/TO":0.3333333333,"PPR":-8.2460338363,"USG%":16.5821894803,"aSP":13.3563218391,"ORtg":77.2242407099,"DRtg":73.498148207,"Floor%":39.0139741655,"Stop%":0.9881438811,"FFI":52.5774930283,"PIE":0.3673469388,"AV":0.362951963},"R. Danag":{"TEAM":"UPHSD","SP":15.0,"GP":1.0,"MPG":0.9333333333,"EWA":-0.0050242123,"PER":0.0,"WS":-0.0000136009,"OWS":0.0,"DWS":-0.0000136009,"EFF":0.0,"GmSc":0.0,"TS%":0.0,"EFG%":0.0,"PPWS":0.0,"FTR":0.0,"REB%":0.0,"OREB%":0.0,"DREB%":0.0,"AR":0.0,"pAST%":0.0,"TOR":0.0,"AST\/TO":null,"PPR":0.0,"USG%":0.0,"aSP":14.4827586207,"ORtg":null,"DRtg":105.5008942762,"Floor%":null,"Stop%":0.2736026983,"FFI":25.0,"PIE":0.0,"AV":0.0},"K. Thompson":{"TEAM":"UPHSD","SP":0.0,"GP":1.0,"MPG":0.2,"EWA":-0.0222604288,"PER":-212.8973090945,"WS":-0.0196860192,"OWS":-0.0196831047,"DWS":-0.0000029145,"EFF":-1.0,"GmSc":-0.7,"TS%":0.0,"EFG%":0.0,"PPWS":0.0,"FTR":0.0,"REB%":0.0,"OREB%":0.0,"DREB%":0.0,"AR":0.0,"pAST%":0.0,"TOR":0.0,"AST\/TO":null,"PPR":0.0,"USG%":230.5246422893,"aSP":0.0,"ORtg":0.0,"DRtg":105.5008942762,"Floor%":0.0,"Stop%":0.2736026983,"FFI":25.0,"PIE":-0.0816326531,"AV":null},"A. Javier":{"TEAM":"UPHSD","SP":9.0,"GP":3.0,"MPG":2.3111111111,"EWA":-0.0474383386,"PER":-2.9325568141,"WS":-0.0379961018,"OWS":-0.060770448,"DWS":0.0227743462,"EFF":0.3333333333,"GmSc":-0.1333333333,"TS%":0.0,"EFG%":0.0,"PPWS":0.0,"FTR":0.0,"REB%":7.5363825364,"OREB%":0.0,"DREB%":14.324288725,"AR":15.9790098733,"pAST%":49.3533015659,"TOR":15.9790098733,"AST\/TO":1.0,"PPR":-10.0526854804,"USG%":19.9492478905,"aSP":8.6896551724,"ORtg":28.2875444339,"DRtg":79.4080228248,"Floor%":12.5352647884,"Stop%":0.8561911796,"FFI":21.0052475317,"PIE":0.0,"AV":0.0476190476},"R. Movida":{"TEAM":"UPHSD","SP":7.5,"GP":4.0,"MPG":1.3458333334,"EWA":-0.0501627505,"PER":-7.9094975514,"WS":-0.0197615525,"OWS":-0.0196831047,"DWS":-0.0000784478,"EFF":-0.25,"GmSc":-0.175,"TS%":0.0,"EFG%":0.0,"PPWS":0.0,"FTR":0.0,"REB%":0.0,"OREB%":0.0,"DREB%":0.0,"AR":0.0,"pAST%":0.0,"TOR":0.0,