{"M. Gojo Cruz":{"TEAM":"UPHSD","MINS":29.2537037037,"FGM":4.3333333333,"FGA":10.8888888889,"FG%":39.7959183673,"2PM":2.6666666667,"2PA":5.8888888889,"2P%":45.2830188679,"3PM":1.6666666667,"3PA":5.0,"3P%":33.3333333333,"FTM":2.4444444444,"FTA":3.5555555556,"FT%":68.75,"PTS":12.7777777778,"OFF":0.9444444444,"DEF":4.4444444444,"REB":5.3888888889,"AST":2.7777777778,"TO":2.0555555556,"STL":1.2777777778,"BLK":0.7777777778,"STK":2.0555555556,"PF":1.3333333333,"Fls on:":3.0555555556,"+\/-":2.6111111111,"GW":7.0,"GP":18.0},"C. Pagaran":{"TEAM":"UPHSD","MINS":25.7027777778,"FGM":4.4444444444,"FGA":11.8333333333,"FG%":37.558685446,"2PM":3.2777777778,"2PA":6.6111111111,"2P%":49.5798319328,"3PM":1.1666666667,"3PA":5.2222222222,"3P%":22.3404255319,"FTM":1.6111111111,"FTA":2.5555555556,"FT%":63.0434782609,"PTS":11.6666666667,"OFF":0.7777777778,"DEF":3.4444444444,"REB":4.2222222222,"AST":1.6666666667,"TO":1.6666666667,"STL":0.8333333333,"BLK":0.6111111111,"STK":1.4444444444,"PF":1.2777777778,"Fls on:":2.1111111111,"+\/-":-2.5,"GW":7.0,"GP":18.0},"J. Abis":{"TEAM":"UPHSD","MINS":26.6796296296,"FGM":3.8333333333,"FGA":9.2777777778,"FG%":41.3173652695,"2PM":3.4444444444,"2PA":7.7777777778,"2P%":44.2857142857,"3PM":0.3888888889,"3PA":1.5,"3P%":25.9259259259,"FTM":1.0,"FTA":1.9444444444,"FT%":51.4285714286,"PTS":9.0555555556,"OFF":2.1666666667,"DEF":2.9444444444,"REB":5.1111111111,"AST":2.9444444444,"TO":1.8888888889,"STL":0.8333333333,"BLK":0.6111111111,"STK":1.4444444444,"PF":1.6111111111,"Fls on:":2.0,"+\/-":-0.7777777778,"GW":7.0,"GP":18.0},"J. Boral":{"TEAM":"UPHSD","MINS":23.337962963,"FGM":2.8333333333,"FGA":8.8888888889,"FG%":31.875,"2PM":2.1111111111,"2PA":5.6666666667,"2P%":37.2549019608,"3PM":0.7222222222,"3PA":3.2222222222,"3P%":22.4137931034,"FTM":2.2777777778,"FTA":3.7222222222,"FT%":61.1940298507,"PTS":8.6666666667,"OFF":1.6111111111,"DEF":3.5,"REB":5.1111111111,"AST":1.4444444444,"TO":1.5,"STL":0.6666666667,"BLK":0.3333333333,"STK":1.0,"PF":1.6666666667,"Fls on:":3.0,"+\/-":-4.5555555556,"GW":7.0,"GP":18.0},"S. Orgo":{"TEAM":"UPHSD","MINS":28.4069444444,"FGM":2.9166666667,"FGA":8.25,"FG%":35.3535353535,"2PM":1.5833333333,"2PA":3.6666666667,"2P%":43.1818181818,"3PM":1.3333333333,"3PA":4.5833333333,"3P%":29.0909090909,"FTM":1.4166666667,"FTA":1.9166666667,"FT%":73.9130434783,"PTS":8.5833333333,"OFF":0.9166666667,"DEF":3.9166666667,"REB":4.8333333333,"AST":3.5,"TO":2.5833333333,"STL":1.5,"BLK":0.0,"STK":1.5,"PF":1.9166666667,"Fls on:":2.4166666667,"+\/-":1.75,"GW":5.0,"GP":12.0},"E. Pizarro":{"TEAM":"UPHSD","MINS":13.7696078431,"FGM":1.8235294118,"FGA":3.5882352941,"FG%":50.8196721311,"2PM":1.8235294118,"2PA":3.5882352941,"2P%":50.8196721311,"3PM":0.0,"3PA":0.0,"3P%":0.0,"FTM":0.9411764706,"FTA":1.7647058824,"FT%":53.3333333333,"PTS":4.5882352941,"OFF":1.5294117647,"DEF":2.1764705882,"REB":3.7058823529,"AST":1.2352941176,"TO":1.5294117647,"STL":1.1176470588,"BLK":0.3529411765,"STK":1.4705882353,"PF":2.7058823529,"Fls on:":1.7647058824,"+\/-":0.5882352941,"GW":7.0,"GP":17.0},"J. Nunez":{"TEAM":"UPHSD","MINS":22.5916666667,"FGM":1.2777777778,"FGA":3.7222222222,"FG%":34.328358209,"2PM":1.2777777778,"2PA":3.5555555556,"2P%":35.9375,"3PM":0.0,"3PA":0.1666666667,"3P%":0.0,"FTM":1.2222222222,"FTA":2.2222222222,"FT%":55.0,"PTS":3.7777777778,"OFF":1.7222222222,"DEF":2.7777777778,"REB":4.5,"AST":1.0555555556,"TO":1.0,"STL":0.5,"BLK":0.6666666667,"STK":1.1666666667,"PF":2.5,"Fls on:":2.3333333333,"+\/-":-1.2222222222,"GW":7.0,"GP":18.0},"A. Gelsano":{"TEAM":"UPHSD","MINS":13.2064814815,"FGM":1.3888888889,"FGA":3.2777777778,"FG%":42.3728813559,"2PM":1.3333333333,"2PA":2.3888888889,"2P%":55.8139534884,"3PM":0.0555555556,"3PA":0.8888888889,"3P%":6.25,"FTM":0.8888888889,"FTA":1.2777777778,"FT%":69.5652173913,"PTS":3.7222222222,"OFF":1.1111111111,"DEF":2.0,"REB":3.1111111111,"AST":1.3888888889,"TO":0.8333333333,"STL":0.3888888889,"BLK":0.2777777778,"STK":0.6666666667,"PF":1.9444444444,"Fls on:":1.1666666667,"+\/-":1.1111111111,"GW":7.0,"GP":18.0},"A. Manuel":{"TEAM":"UPHSD","MINS":16.5027777778,"FGM":1.1666666667,"FGA":4.1111111111,"FG%":28.3783783784,"2PM":0.8888888889,"2PA":2.2777777778,"2P%":39.0243902439,"3PM":0.2777777778,"3PA":1.8333333333,"3P%":15.1515151515,"FTM":0.7222222222,"FTA":1.1666666667,"FT%":61.9047619048,"PTS":3.3333333333,"OFF":0.5,"DEF":2.2222222222,"REB":2.7222222222,"AST":1.8888888889,"TO":1.7222222222,"STL":0.5,"BLK":0.1111111111,"STK":0.6111111111,"PF":1.5,"Fls on:":1.0555555556,"+\/-":-4.4444444444,"GW":7.0,"GP":18.0},"I. Montemayor":{"TEAM":"UPHSD","MINS":10.275,"FGM":0.9444444444,"FGA":2.3333333333,"FG%":40.4761904762,"2PM":0.4444444444,"2PA":0.8333333333,"2P%":53.3333333333,"3PM":0.5,"3PA":1.5,"3P%":33.3333333333,"FTM":0.8888888889,"FTA":1.1111111111,"FT%":80.0,"PTS":3.2777777778,"OFF":0.2777777778,"DEF":1.0,"REB":1.2777777778,"AST":0.5555555556,"TO":0.7777777778,"STL":0.2777777778,"BLK":0.0555555556,"STK":0.3333333333,"PF":1.2777777778,"Fls on:":0.8888888889,"+\/-":-1.4444444444,"GW":7.0,"GP":18.0},"N. Sevilla":{"TEAM":"UPHSD","MINS":4.6357142857,"FGM":0.4285714286,"FGA":1.5714285714,"FG%":27.2727272727,"2PM":0.4285714286,"2PA":1.4285714286,"2P%":30.0,"3PM":0.0,"3PA":0.1428571429,"3P%":0.0,"FTM":0.1428571429,"FTA":0.2857142857,"FT%":50.0,"PTS":1.0,"OFF":0.1428571429,"DEF":0.5714285714,"REB":0.7142857143,"AST":0.0,"TO":0.7142857143,"STL":0.1428571429,"BLK":0.0,"STK":0.1428571429,"PF":0.2857142857,"Fls on:":0.4285714286,"+\/-":-2.0,"GW":3.0,"GP":7.0},"R. Cauguiran":{"TEAM":"UPHSD","MINS":4.8523809524,"FGM":0.1428571429,"FGA":0.7142857143,"FG%":20.0,"2PM":0.1428571429,"2PA":0.7142857143,"2P%":20.0,"3PM":0.0,"3PA":0.0,"3P%":0.0,"FTM":0.5714285714,"FTA":1.1428571429,"FT%":50.0,"PTS":0.8571428571,"OFF":0.7142857143,"DEF":1.2857142857,"REB":2.0,"AST":0.1428571429,"TO":0.5714285714,"STL":0.4285714286,"BLK":0.1428571429,"STK":0.5714285714,"PF":1.2857142857,"Fls on:":0.8571428571,"+\/-":-2.2857142857,"GW":3.0,"GP":7.0},"R. Movida":{"TEAM":"UPHSD","MINS":2.7416666667,"FGM":0.1666666667,"FGA":0.5,"FG%":33.3333333333,"2PM":0.1666666667,"2PA":0.1666666667,"2P%":100.0,"3PM":0.0,"3PA":0.3333333333,"3P%":0.0,"FTM":0.1666666667,"FTA":0.3333333333,"FT%":50.0,"PTS":0.5,"OFF":0.0,"DEF":0.0,"REB":0.0,"AST":0.3333333333,"TO":0.0,"STL":0.0,"BLK":0.0,"STK":0.0,"PF":0.0,"Fls on:":0.1666666667,"+\/-":0.1666666667,"GW":2.0,"GP":6.0},"R. Danag":{"TEAM":"UPHSD","MINS":2.85,"FGM":0.0,"FGA":0.0,"FG%":0.0,"2PM":0.0,"2PA":0.0,"2P%":0.0,"3PM":0.0,"3PA":0.0,"3P%":0.0,"FTM":0.0,"FTA":0.0,"FT%":0.0,"PTS":0.0,"OFF":0.0,"DEF":0.0,"REB":0.0,"AST":0.5,"TO":0.0,"STL":0.0,"BLK":0.0,"STK":0.0,"PF":0.0,"Fls on:":0.0,"+\/-":-3.0,"GW":1.0,"GP":2.0},"A. Javier":{"TEAM":"UPHSD","MINS":2.3111111111,"FGM":0.0,"FGA":0.3333333333,"FG%":0.0,"2PM":0.0,"2PA":0.3333333333,"2P%":0.0,"3PM":0.0,"3PA":0.0,"3P%":0.0,"FTM":0.0,"FTA":0.0,"FT%":0.0,"PTS":0.0,"OFF":0.0,"DEF":0.3333333333,"REB":0.3333333333,"AST":0.6666666667,"TO":0.6666666667,"STL":0.3333333333,"BLK":0.0,"STK":0.3333333333,"PF":0.3333333333,"Fls on:":0.3333333333,"+\/-":0.6666666667,"GW":1.0,"GP":3.0},"B. Manuel":{"TEAM":"UPHSD","MINS":3.6166666667,"FGM":0.0,"FGA":2.0,"FG%":0.0,"2PM":0.0,"2PA":0.0,"2P%":0.0,"3PM":0.0,"3PA":2.0,"3P%":0.0,"FTM":0.0,"FTA":0.0,"FT%":0.0,"PTS":0.0,"OFF":0.0,"DEF":0.0,"REB":0.0,"AST":0.0,"TO":0.0,"STL":0.0,"BLK":0.0,"STK":0.0,"PF":0.0,"Fls on:":0.0,"+\/-":0.0,"GW":0.0,"GP":1.0},"J. Thompson":{"TEAM":"UPHSD","MINS":1.69,"FGM":0.0,"FGA":0.4,"FG%":0.0,"2PM":0.0,"2PA":0.2,"2P%":0.0,"3PM":0.0,"3PA":0.2,"3P%":0.0,"FTM":0.0,"FTA":0.0,"FT%":0.0,"PTS":0.0,"OFF":0.2,"DEF":0.2,"REB":0.4,"AST":0.2,"TO":0.2,"STL":0.0,"BLK":0.0,"STK":0.0,"PF":0.0,"Fls on:":0.0,"+\/-":-1.2,"GW":1.0,"GP":5.0}}