{"M. Gojo Cruz":{"TEAM":"UPHSD","SP":59.0,"GP":12.0,"MPG":27.7958333333,"EWA":2.0374742383,"PER":23.0979889641,"WS":1.1781255486,"OWS":0.7384316131,"DWS":0.4396939355,"EFF":14.5833333333,"GmSc":10.7833333333,"TS%":53.8389513109,"EFG%":50.7407407407,"PPWS":1.068524971,"FTR":0.2444444444,"REB%":10.1432491593,"OREB%":4.2588211702,"DREB%":15.4959517278,"AR":5.1819062236,"pAST%":22.4531184155,"TOR":2.8416905097,"AST\/TO":1.8235294118,"PPR":1.1554157712,"USG%":23.2178558926,"aSP":57.2121212121,"ORtg":108.7710579584,"DRtg":90.2104450885,"Floor%":46.5380306553,"Stop%":0.6073301596,"FFI":49.1043045696,"PIE":14.2247510669,"AV":2.2911801696},"E. Pizarro":{"TEAM":"UPHSD","SP":28.7272727273,"GP":11.0,"MPG":11.9212121212,"EWA":0.5668921926,"PER":19.5092728045,"WS":0.3773993666,"OWS":0.1364897873,"DWS":0.2409095793,"EFF":6.1818181818,"GmSc":3.7636363636,"TS%":55.2426343154,"EFG%":55.0,"PPWS":1.0932475884,"FTR":0.35,"REB%":11.1139800397,"OREB%":9.9994276422,"DREB%":12.1278198712,"AR":3.8266453059,"pAST%":16.5758806983,"TOR":4.6770109294,"AST\/TO":0.8181818182,"PPR":-4.00760315,"USG%":20.2719615281,"aSP":27.8567493113,"ORtg":97.408976952,"DRtg":84.15142569,"Floor%":49.1419864838,"Stop%":0.7426524674,"FFI":53.0806327961,"PIE":3.0820293978,"AV":1.1276190125},"C. Pagaran":{"TEAM":"UPHSD","SP":45.9166666667,"GP":12.0,"MPG":25.4347222222,"EWA":0.5000780345,"PER":14.1132567554,"WS":0.4636059733,"OWS":0.1542385979,"DWS":0.3093673755,"EFF":8.4166666667,"GmSc":6.075,"TS%":42.5686378036,"EFG%":40.1459854015,"PPWS":0.8449320452,"FTR":0.2408759124,"REB%":9.3794878782,"OREB%":3.2221166667,"DREB%":14.9804701249,"AR":4.0188633203,"pAST%":16.9778492853,"TOR":2.5574584766,"AST\/TO":1.5714285714,"PPR":0.2295769605,"USG%":25.2208016556,"aSP":44.5252525253,"ORtg":90.5206989685,"DRtg":93.7673907499,"Floor%":41.3326081935,"Stop%":0.5278892363,"FFI":44.6765915609,"PIE":7.5865339023,"AV":1.5171262948},"S. Orgo":{"TEAM":"UPHSD","SP":50.5,"GP":12.0,"MPG":28.4069444444,"EWA":0.3881984616,"PER":13.1089910758,"WS":0.526539815,"OWS":0.0979623997,"DWS":0.4285774153,"EFF":10.0,"GmSc":6.1916666667,"TS%":47.1957478006,"EFG%":43.4343434343,"PPWS":0.9370025017,"FTR":0.2323232323,"REB%":8.8561896391,"OREB%":3.5260942306,"DREB%":13.7046499203,"AR":6.8696138095,"pAST%":25.7144765453,"TOR":5.0704292403,"AST\/TO":1.3548387097,"PPR":-0.9250033223,"USG%":19.116615925,"aSP":48.9696969697,"ORtg":88.95602304,"DRtg":90.9223526723,"Floor%":38.0770347609,"Stop%":0.5914303959,"FFI":45.2961973946,"PIE":8.6770981508,"AV":1.7265002271},"C. Abis":{"TEAM":"UPHSD","SP":42.3333333333,"GP":12.0,"MPG":25.0361111111,"EWA":0.2548629422,"PER":12.5251187633,"WS":0.2738469633,"OWS":-0.0098303194,"DWS":0.2836772827,"EFF":7.75,"GmSc":5.275,"TS%":42.5810678022,"EFG%":41.0714285714,"PPWS":0.846044336,"FTR":0.2053571429,"REB%":9.3555715701,"OREB%":8.0016870407,"DREB%":10.587117136,"AR":4.2684335043,"pAST%":17.4510038351,"TOR":4.2684335043,"AST\/TO":1.0,"PPR":-2.6821698156,"USG%":22.464450894,"aSP":41.0505050505,"ORtg":85.2162996139,"DRtg":94.577410974,"Floor%":40.623354667,"Stop%":0.5097982221,"FFI":45.0421576035,"PIE":5.9743954481,"AV":1.4260768066},"A. Gelsano":{"TEAM":"UPHSD","SP":28.3333333333,"GP":12.0,"MPG":14.6861111111,"EWA":0.0998687531,"PER":11.9590364685,"WS":0.2535491383,"OWS":0.0553177957,"DWS":0.1982313426,"EFF":5.4166666667,"GmSc":2.8666666667,"TS%":42.8734756098,"EFG%":38.8888888889,"PPWS":0.8478568064,"FTR":0.3777777778,"REB%":11.5186407467,"OREB%":8.6805446823,"DREB%":14.1002823475,"AR":6.6438533783,"pAST%":24.5511358,"TOR":4.1128616152,"AST\/TO":1.6153846154,"PPR":0.5964029049,"USG%":17.2797426089,"aSP":27.4747474747,"ORtg":89.5053804697,"DRtg":92.468690041,"Floor%":43.7291048373,"Stop%":0.5568944541,"FFI":46.9301157549,"PIE":3.1768610716,"AV":1.0900984516},"R. Cauguiran":{"TEAM":"UPHSD","SP":13.8333333333,"GP":6.0,"MPG":4.9305555555,"EWA":0.0252606702,"PER":12.5363024383,"WS":0.0623451262,"OWS":-0.0199006363,"DWS":0.0822457625,"EFF":2.5,"GmSc":0.9666666667,"TS%":39.2670157068,"EFG%":20.0,"PPWS":0.7643312102,"FTR":1.2,"REB%":22.8728839917,"OREB%":14.7747411622,"DREB%":30.2392669269,"AR":1.8846976693,"pAST%":6.1682242991,"TOR":5.6540930078,"AST\/TO":0.3333333333,"PPR":-8.2900563791,"USG%":16.7267349446,"aSP":13.4141414141,"ORtg":77.007990317,"DRtg":73.1404927977,"Floor%":38.8376964348,"Stop%":0.9885709488,"FFI":52.5414249805,"PIE":0.426742532,"AV":0.362951963},"R. Danag":{"TEAM":"UPHSD","SP":15.0,"GP":1.0,"MPG":0.9333333333,"EWA":-0.0050242123,"PER":0.0,"WS":0.0000299087,"OWS":0.0,"DWS":0.0000299087,"EFF":0.0,"GmSc":0.0,"TS%":0.0,"EFG%":0.0,"PPWS":0.0,"FTR":0.0,"REB%":0.0,"OREB%":0.0,"DREB%":0.0,"AR":0.0,"pAST%":0.0,"TOR":0.0,"AST\/TO":null,"PPR":0.0,"USG%":0.0,"aSP":14.5454545455,"ORtg":null,"DRtg":105.228453637,"Floor%":null,"Stop%":0.271917539,"FFI":25.0,"PIE":0.0,"AV":0.0},"A. Javier":{"TEAM":"UPHSD","SP":9.5,"GP":2.0,"MPG":0.9,"EWA":-0.0195437355,"PER":-11.0038380049,"WS":-0.0067605227,"OWS":-0.0073967167,"DWS":0.000636194,"EFF":0.0,"GmSc":-0.2,"TS%":0.0,"EFG%":0.0,"PPWS":0.0,"FTR":0.0,"REB%":0.0,"OREB%":0.0,"DREB%":0.0,"AR":30.9753552127,"pAST%":95.4861111111,"TOR":0.0,"AST\/TO":null,"PPR":38.9281747958,"USG%":25.837122778,"aSP":9.2121212121,"ORtg":49.6622627717,"DRtg":101.4756905922,"Floor%":21.903111299,"Stop%":0.3557318533,"FFI":25.0,"PIE":-0.0948316738,"AV":0.0},"K. Thompson":{"TEAM":"UPHSD","SP":0.0,"GP":1.0,"MPG":0.2,"EWA":-0.0221928745,"PER":-212.2183887053,"WS":-0.013762283,"OWS":-0.013768692,"DWS":0.000006409,"EFF":-1.0,"GmSc":-0.7,"TS%":0.0,"EFG%":0.0,"PPWS":0.0,"FTR":0.0,"REB%":0.0,"OREB%":0.0,"DREB%":0.0,"AR":0.0,"pAST%":0.0,"TOR":0.0,"AST\/TO":null,"PPR":0.0,"USG%":232.5341050021,"aSP":0.0,"ORtg":0.0,"DRtg":105.228453637,"Floor%":0.0,"Stop%":0.271917539,"FFI":25.0,"PIE":-0.0948316738,"AV":null},"R. Movida":{"TEAM":"UPHSD","SP":10.0,"GP":3.0,"MPG":1.3777777778,"EWA":-0.0433663405,"PER":-10.2686317114,"WS":-0.0136362391,"OWS":-0.013768692,"DWS":0.000132453,"EFF":-0.3333333333,"GmSc":-0.2333333333,"TS%":0.0,"EFG%":0.0,"PPWS":0.0,"FTR":0.0,"REB%":0.0,"OREB%":0.0,"DREB%":0.0,"AR":0.0,"pAST%":0.0,"TOR":0.0,"AST\/TO":null,"PPR":0.0,"USG%":11.2516502419,"aSP":9.696969697,"ORtg":0.0,"DRtg":105.228453637,"Floor%":0.0,"Stop%":0.271917539,"FFI":25.0,"PIE":-0.0948316738,"AV":null},"B. Manuel":{"TEAM":"UPHSD","SP":0.0,"GP":1.0,"MPG":3.6166666667,"EWA":-0.0617013377,"PER":-23.4711581976,"WS":-0.0274214877,"OWS":-0.0275373841,"DWS":0.0001158964,"EFF":-2.0,"GmSc":-1.4,"TS%":0.0,"EFG%":0.0,"PPWS":0.0,"FTR":0.0,"REB%":0.0,"OREB%":0.0,"DREB%":0.0,"AR":0.0,"pAST%":0.0,"TOR":0.0,"AST\/TO":null,"PPR":0.0,"USG%":25.7180576958,"aSP":0.0,"ORtg":0.0,"DRtg":105.228453637,"Floor%":0.0,"Stop%":0.271917539,"FFI":25.0,"PIE":-0.1896633476,"AV":null},"H. Montemayor":{"TEAM":"UPHSD","SP":15.9166666667,"GP":12.0,"MPG":8.5888888889,"EWA":-0.0876961039,"PER":9.1097557999,"WS":0.1421087812,"OWS":0.0423323728,"DWS":0.0997764084,"EFF":2.4166666667,"GmSc":1.2333333333,"TS%":55.0911854103,"EFG%":52.0,"PPWS":1.0974456008,"FTR":0.12,"REB%":6.5652278598,"OREB%":3.1806070783,"DREB%":9.6440094141,"AR":3.2458004815,"pAST%":12.0081509873,"TOR":4.3277339754,"AST\/TO":0.75,"PPR":-4.079148976,"USG%":15.4862299166,"aSP":15.4343434343,"ORtg":91.796787344,"DRtg":94.298935374,"Floor%":36.2719641313,"Stop%":0.5160177039,"FFI":47.1541879218,"PIE":1.1853959222,"AV":0.5950852745},"J. Boral":{"TEAM":"UPHSD","SP":39.5,"GP":12.0,"MPG":22.2944444444,"EWA":-0.0903969236,"PER":10.1408404567,"WS":0.2054691583,"OWS":-0.114175139,"DWS":0.3196442973,"EFF":6.6666666667,"GmSc":3.8333333333,"TS%":36.1640571818,"EFG%":29.6116504854,"PPWS":0.7162418369,"FTR":0.3203883495,"REB%":13.035316609,"OREB%":7.7603748084,"DREB%":17.8336070422,"AR":4.1681265425,"pAST%":15.5453594747,"TOR":3.5429075611,"AST\/TO":1.1764705882,"PPR":-1.4405267773,"USG%":23.384366662,"aSP":38.303030303,"ORtg":81.2293223802,"DRtg":91.6518075203,"Floor%":37.3585730012,"Stop%":0.575138731,"FFI":42.3168335083,"PIE":4.6941678521,"AV":1.2737910571},"N. Sevilla":{"TEAM":"UPHSD","SP":13.25,"GP":4.0,