{"C. Pagaran":{"TEAM":"UPHSD","MINS":25.7027777778,"FGM":5.1875067546,"FGA":13.811736734,"FG%":37.558685446,"2PM":3.8257862315,"2PA":7.7164162974,"2P%":49.5798319328,"3PM":1.3617205231,"3PA":6.0953204366,"3P%":22.3404255319,"FTM":1.8804711985,"FTA":2.9828163839,"FT%":63.0434782609,"PTS":13.6172052307,"OFF":0.907813682,"DEF":4.0203177348,"REB":4.9281314168,"AST":1.945315033,"TO":1.945315033,"STL":0.9726575165,"BLK":0.7132821788,"STK":1.6859396952,"PF":1.4914081919,"Fls on:":2.4640657084,"+\/-":-2.9179725494,"GW":7.0,"GP":18.0},"M. Gojo Cruz":{"TEAM":"UPHSD","MINS":29.2537037037,"FGM":4.4438817497,"FGA":11.1666772172,"FG%":39.7959183673,"2PM":2.7346964614,"2PA":6.0391213522,"2P%":45.2830188679,"3PM":1.7091852883,"3PA":5.127555865,"3P%":33.3333333333,"FTM":2.5068050896,"FTA":3.6462619485,"FT%":68.75,"PTS":13.1037538773,"OFF":0.9685383301,"DEF":4.5578274356,"REB":5.5263657657,"AST":2.8486421472,"TO":2.107995189,"STL":1.3103753877,"BLK":0.7976198012,"STK":2.107995189,"PF":1.3673482307,"Fls on:":3.133506362,"+\/-":2.6777236184,"GW":7.0,"GP":18.0},"J. Boral":{"TEAM":"UPHSD","MINS":23.337962963,"FGM":3.6421344971,"FGA":11.4263043047,"FG%":31.875,"2PM":2.7137472724,"2PA":7.2842689942,"2P%":37.2549019608,"3PM":0.9283872248,"3PA":4.1420353105,"3P%":22.4137931034,"FTM":2.9279904781,"FTA":4.7847649276,"FT%":61.1940298507,"PTS":11.1406466971,"OFF":2.0710176552,"DEF":4.49910732,"REB":6.5701249752,"AST":1.8567744495,"TO":1.9281888514,"STL":0.8569728229,"BLK":0.4284864114,"STK":1.2854592343,"PF":2.1424320571,"Fls on:":3.8563777028,"+\/-":-5.8559809562,"GW":7.0,"GP":18.0},"J. Abis":{"TEAM":"UPHSD","MINS":26.6796296296,"FGM":4.3104046644,"FGA":10.4324286805,"FG%":41.3173652695,"2PM":3.8731172347,"2PA":8.7457485944,"2P%":44.2857142857,"3PM":0.4372874297,"3PA":1.6866800861,"3P%":25.9259259259,"FTM":1.1244533907,"FTA":2.1864371486,"FT%":51.4285714286,"PTS":10.1825501492,"OFF":2.4363156799,"DEF":3.3108905393,"REB":5.7472062192,"AST":3.3108905393,"TO":2.1239675158,"STL":0.9370444923,"BLK":0.687165961,"STK":1.6242104533,"PF":1.8116193517,"Fls on:":2.2489067814,"+\/-":-0.8745748594,"GW":7.0,"GP":18.0},"E. Pizarro":{"TEAM":"UPHSD","MINS":13.7696078431,"FGM":3.9729441082,"FGA":7.8177287291,"FG%":50.8196721311,"2PM":3.9729441082,"2PA":7.8177287291,"2P%":50.8196721311,"3PM":0.0,"3PA":0.0,"3P%":0.0,"FTM":2.0505517978,"FTA":3.8447846209,"FT%":53.3333333333,"PTS":9.9964400142,"OFF":3.3321466714,"DEF":4.7419010324,"REB":8.0740477038,"AST":2.6913492346,"TO":3.3321466714,"STL":2.4350302599,"BLK":0.7689569242,"STK":3.2039871841,"PF":5.8953364187,"Fls on:":3.8447846209,"+\/-":1.2815948736,"GW":7.0,"GP":17.0},"I. Montemayor":{"TEAM":"UPHSD","MINS":10.275,"FGM":2.7575020276,"FGA":6.8126520681,"FG%":40.4761904762,"2PM":1.297648013,"2PA":2.4330900243,"2P%":53.3333333333,"3PM":1.4598540146,"3PA":4.3795620438,"3P%":33.3333333333,"FTM":2.595296026,"FTA":3.2441200324,"FT%":80.0,"PTS":9.5701540957,"OFF":0.8110300081,"DEF":2.9197080292,"REB":3.7307380373,"AST":1.6220600162,"TO":2.2708840227,"STL":0.8110300081,"BLK":0.1622060016,"STK":0.9732360097,"PF":3.7307380373,"Fls on:":2.595296026,"+\/-":-4.2173560422,"GW":7.0,"GP":18.0},"S. Orgo":{"TEAM":"UPHSD","MINS":28.4069444444,"FGM":3.0802327287,"FGA":8.7126582897,"FG%":35.3535353535,"2PM":1.6721263384,"2PA":3.8722925732,"2P%":43.1818181818,"3PM":1.4081063903,"3PA":4.8403657165,"3P%":29.0909090909,"FTM":1.4961130397,"FTA":2.024152936,"FT%":73.9130434783,"PTS":9.0646848873,"OFF":0.9680731433,"DEF":4.1363125214,"REB":5.1043856647,"AST":3.6962792744,"TO":2.7282061311,"STL":1.584119689,"BLK":0.0,"STK":1.584119689,"PF":2.024152936,"Fls on:":2.5521928323,"+\/-":1.8481396372,"GW":5.0,"GP":12.0},"A. Gelsano":{"TEAM":"UPHSD","MINS":13.2064814815,"FGM":3.1550164762,"FGA":7.4458388838,"FG%":42.3728813559,"2PM":3.0288158172,"2PA":5.4266283391,"2P%":55.8139534884,"3PM":0.126200659,"3PA":2.0192105448,"3P%":6.25,"FTM":2.0192105448,"FTA":2.9026151581,"FT%":69.5652173913,"PTS":8.4554441562,"OFF":2.524013181,"DEF":4.5432237257,"REB":7.0672369067,"AST":3.1550164762,"TO":1.8930098857,"STL":0.8834046133,"BLK":0.6310032952,"STK":1.5144079086,"PF":4.4170230667,"Fls on:":2.65021384,"+\/-":2.524013181,"GW":7.0,"GP":18.0},"N. Sevilla":{"TEAM":"UPHSD","MINS":4.6357142857,"FGM":2.7734976888,"FGA":10.1694915254,"FG%":27.2727272727,"2PM":2.7734976888,"2PA":9.2449922958,"2P%":30.0,"3PM":0.0,"3PA":0.9244992296,"3P%":0.0,"FTM":0.9244992296,"FTA":1.8489984592,"FT%":50.0,"PTS":6.4714946071,"OFF":0.9244992296,"DEF":3.6979969183,"REB":4.6224961479,"AST":0.0,"TO":4.6224961479,"STL":0.9244992296,"BLK":0.0,"STK":0.9244992296,"PF":1.8489984592,"Fls on:":2.7734976888,"+\/-":-12.9429892142,"GW":3.0,"GP":7.0},"A. Manuel":{"TEAM":"UPHSD","MINS":16.5027777778,"FGM":2.1208550749,"FGA":7.4734893116,"FG%":28.3783783784,"2PM":1.6158895809,"2PA":4.140717051,"2P%":39.0243902439,"3PM":0.504965494,"3PA":3.3327722606,"3P%":15.1515151515,"FTM":1.3129102845,"FTA":2.1208550749,"FT%":61.9047619048,"PTS":6.0595859283,"OFF":0.9089378892,"DEF":4.0397239522,"REB":4.9486618414,"AST":3.4337653594,"TO":3.130786063,"STL":0.9089378892,"BLK":0.2019861976,"STK":1.1109240869,"PF":2.7268136677,"Fls on:":1.9188688773,"+\/-":-8.0794479044,"GW":7.0,"GP":18.0},"R. Movida":{"TEAM":"UPHSD","MINS":2.7416666667,"FGM":1.8237082067,"FGA":5.4711246201,"FG%":33.3333333333,"2PM":1.8237082067,"2PA":1.8237082067,"2P%":100.0,"3PM":0.0,"3PA":3.6474164134,"3P%":0.0,"FTM":1.8237082067,"FTA":3.6474164134,"FT%":50.0,"PTS":5.4711246201,"OFF":0.0,"DEF":0.0,"REB":0.0,"AST":3.6474164134,"TO":0.0,"STL":0.0,"BLK":0.0,"STK":0.0,"PF":0.0,"Fls on:":1.8237082067,"+\/-":1.8237082067,"GW":2.0,"GP":6.0},"R. Cauguiran":{"TEAM":"UPHSD","MINS":4.8523809524,"FGM":0.883218842,"FGA":4.41609421,"FG%":20.0,"2PM":0.883218842,"2PA":4.41609421,"2P%":20.0,"3PM":0.0,"3PA":0.0,"3P%":0.0,"FTM":3.532875368,"FTA":7.065750736,"FT%":50.0,"PTS":5.299313052,"OFF":4.41609421,"DEF":7.948969578,"REB":12.3650637881,"AST":0.883218842,"TO":3.532875368,"STL":2.649656526,"BLK":0.883218842,"STK":3.532875368,"PF":7.948969578,"Fls on:":5.299313052,"+\/-":-14.1315014721,"GW":3.0,"GP":7.0},"J. Nunez":{"TEAM":"UPHSD","MINS":22.5916666667,"FGM":1.6967908521,"FGA":4.9428255256,"FG%":34.328358209,"2PM":1.6967908521,"2PA":4.7215049797,"2P%":35.9375,"3PM":0.0,"3PA":0.2213205459,"3P%":0.0,"FTM":1.6230173368,"FTA":2.9509406123,"FT%":55.0,"PTS":5.0165990409,"OFF":2.2869789745,"DEF":3.6886757654,"REB":5.9756547399,"AST":1.4016967909,"TO":1.3279232755,"STL":0.6639616378,"BLK":0.8852821837,"STK":1.5492438215,"PF":3.3198081889,"Fls on:":3.0984876429,"+\/-":-1.6230173368,"GW":7.0,"GP":18.0},"B. Manuel":{"TEAM":"UPHSD","MINS":3.6166666667,"FGM":0.0,"FGA":16.589861751,"FG%":0.0,"2PM":0.0,"2PA":0.0,"2P%":0.0,"3PM":0.0,"3PA":16.589861751,"3P%":0.0,"FTM":0.0,"FTA":0.0,"FT%":0.0,"PTS":0.0,"OFF":0.0,"DEF":0.0,"REB":0.0,"AST":0.0,"TO":0.0,"STL":0.0,"BLK":0.0,"STK":0.0,"PF":0.0,"Fls on:":0.0,"+\/-":0.0,"GW":0.0,"GP":1.0},"J. Thompson":{"TEAM":"UPHSD","MINS":1.69,"FGM":0.0,"FGA":7.1005917161,"FG%":0.0,"2PM":0.0,"2PA":3.550295858,"2P%":0.0,"3PM":0.0,"3PA":3.550295858,"3P%":0.0,"FTM":0.0,"FTA":0.0,"FT%":0.0,"PTS":0.0,"OFF":3.550295858,"DEF":3.550295858,"REB":7.1005917161,"AST":3.550295858,"TO":3.550295858,"STL":0.0,"BLK":0.0,"STK":0.0,"PF":0.0,"Fls on:":0.0,"+\/-":-21.3017751482,"GW":1.0,"GP":5.0},"R. Danag":{"TEAM":"UPHSD","MINS":2.85,"FGM":0.0,"FGA":0.0,"FG%":0.0,"2PM":0.0,"2PA":0.0,"2P%":0.0,"3PM":0.0,"3PA":0.0,"3P%":0.0,"FTM":0.0,"FTA":0.0,"FT%":0.0,"PTS":0.0,"OFF":0.0,"DEF":0.0,"REB":0.0,"AST":5.2631578947,"TO":0.0,"STL":0.0,"BLK":0.0,"STK":0.0,"PF":0.0,"Fls on:":0.0,"+\/-":-31.5789473684,"GW":1.0,"GP":2.0},"A. Javier":{"TEAM":"UPHSD","MINS":2.3111111111,"FGM":0.0,"FGA":4.3269230769,"FG%":0.0,"2PM":0.0,"2PA":4.3269230769,"2P%":0.0,"3PM":0.0,"3PA":0.0,"3P%":0.0,"FTM":0.0,"FTA":0.0,"FT%":0.0,"PTS":0.0,"OFF":0.0,"DEF":4.3269230769,"REB":4.3269230769,"AST":8.6538461539,"TO":8.6538461539,"STL":4.3269230769,"BLK":0.0,"STK":4.3269230769,"PF":4.3269230769,"Fls on:":4.3269230769,"+\/-":8.6538461539,"GW":1.0,