{"C. Pagaran":{"TEAM":"UPHSD","MINS":25.6981481482,"FGM":5.1884413058,"FGA":13.8142249766,"FG%":37.558685446,"2PM":3.826475463,"2PA":7.7178064423,"2P%":49.5798319328,"3PM":1.3619658428,"3PA":6.0964185343,"3P%":22.3404255319,"FTM":1.8808099733,"FTA":2.9833537508,"FT%":63.0434782609,"PTS":13.6196584276,"OFF":0.9079772285,"DEF":4.021042012,"REB":4.9290192405,"AST":1.9456654897,"TO":1.9456654897,"STL":0.9728327448,"BLK":0.7134106795,"STK":1.6862434244,"PF":1.4916768754,"Fls on:":2.4645096202,"+\/-":-2.9184982345,"GW":7.0,"GP":18.0},"M. Gojo Cruz":{"TEAM":"UPHSD","MINS":29.25,"FGM":4.4444444444,"FGA":11.1680911681,"FG%":39.7959183673,"2PM":2.735042735,"2PA":6.0398860399,"2P%":45.2830188679,"3PM":1.7094017094,"3PA":5.1282051282,"3P%":33.3333333333,"FTM":2.5071225071,"FTA":3.6467236467,"FT%":68.75,"PTS":13.1054131054,"OFF":0.9686609687,"DEF":4.5584045584,"REB":5.5270655271,"AST":2.849002849,"TO":2.1082621083,"STL":1.3105413105,"BLK":0.7977207977,"STK":2.1082621083,"PF":1.3675213675,"Fls on:":3.1339031339,"+\/-":2.6780626781,"GW":7.0,"GP":18.0},"J. Boral":{"TEAM":"UPHSD","MINS":23.337962963,"FGM":3.6421344971,"FGA":11.4263043047,"FG%":31.875,"2PM":2.7137472724,"2PA":7.2842689942,"2P%":37.2549019608,"3PM":0.9283872248,"3PA":4.1420353105,"3P%":22.4137931034,"FTM":2.9279904781,"FTA":4.7847649276,"FT%":61.1940298507,"PTS":11.1406466971,"OFF":2.0710176552,"DEF":4.49910732,"REB":6.5701249752,"AST":1.8567744495,"TO":1.9281888514,"STL":0.8569728229,"BLK":0.4284864114,"STK":1.2854592343,"PF":2.1424320571,"Fls on:":3.8563777028,"+\/-":-5.8559809562,"GW":7.0,"GP":18.0},"G. Gelsano":{"TEAM":"UPHSD","MINS":10.2472222222,"FGM":3.9034968826,"FGA":6.8311195446,"FG%":57.1428571429,"2PM":3.9034968826,"2PA":6.3431824343,"2P%":61.5384615385,"3PM":0.0,"3PA":0.4879371103,"3P%":0.0,"FTM":2.927622662,"FTA":2.927622662,"FT%":100.0,"PTS":10.7346164272,"OFF":2.927622662,"DEF":5.3673082136,"REB":8.2949308756,"AST":1.9517484413,"TO":0.9758742207,"STL":0.9758742207,"BLK":0.9758742207,"STK":1.9517484413,"PF":5.8552453239,"Fls on:":1.9517484413,"+\/-":-0.4879371103,"GW":2.0,"GP":6.0},"C. Abis":{"TEAM":"UPHSD","MINS":25.0361111111,"FGM":4.2937978476,"FGA":11.1838455564,"FG%":38.3928571429,"2PM":3.6946632642,"2PA":9.0868745146,"2P%":40.6593406593,"3PM":0.5991345834,"3PA":2.0969710418,"3P%":28.5714285714,"FTM":1.1982691668,"FTA":2.2966825696,"FT%":52.1739130435,"PTS":10.3849994452,"OFF":2.1968268057,"DEF":3.1953844447,"REB":5.3922112504,"AST":2.2966825696,"TO":2.2966825696,"STL":0.8987018751,"BLK":0.5991345834,"STK":1.4978364584,"PF":1.5976922223,"Fls on:":2.1968268057,"+\/-":-1.897259514,"GW":5.0,"GP":12.0},"E. Pizarro":{"TEAM":"UPHSD","MINS":13.7656862745,"FGM":3.9740759205,"FGA":7.8199558436,"FG%":50.8196721311,"2PM":3.9740759205,"2PA":7.8199558436,"2P%":50.8196721311,"3PM":0.0,"3PA":0.0,"3P%":0.0,"FTM":2.051135959,"FTA":3.8458799231,"FT%":53.3333333333,"PTS":9.9992878,"OFF":3.3330959333,"DEF":4.6150559077,"REB":7.948151841,"AST":2.6921159462,"TO":3.2048999359,"STL":2.4357239513,"BLK":0.7691759846,"STK":3.2048999359,"PF":5.8970158821,"Fls on:":3.8458799231,"+\/-":1.2819599744,"GW":7.0,"GP":17.0},"J. Abis":{"TEAM":"UPHSD","MINS":29.9527777778,"FGM":4.3401650747,"FGA":9.1811184272,"FG%":47.2727272727,"2PM":4.1732356487,"2PA":8.1795418715,"2P%":51.0204081633,"3PM":0.1669294259,"3PA":1.0015765557,"3P%":16.6666666667,"FTM":1.0015765557,"FTA":2.0031531114,"FT%":50.0,"PTS":9.848836131,"OFF":2.8378002411,"DEF":3.5055179449,"REB":6.343318186,"AST":5.0078827784,"TO":1.8362236854,"STL":1.0015765557,"BLK":0.8346471297,"STK":1.8362236854,"PF":2.1700825373,"Fls on:":2.3370119633,"+\/-":0.8346471297,"GW":2.0,"GP":6.0},"H. Montemayor":{"TEAM":"UPHSD","MINS":10.275,"FGM":2.7575020276,"FGA":6.8126520681,"FG%":40.4761904762,"2PM":1.297648013,"2PA":2.4330900243,"2P%":53.3333333333,"3PM":1.4598540146,"3PA":4.3795620438,"3P%":33.3333333333,"FTM":2.595296026,"FTA":3.2441200324,"FT%":80.0,"PTS":9.5701540957,"OFF":0.8110300081,"DEF":2.9197080292,"REB":3.7307380373,"AST":1.6220600162,"TO":2.2708840227,"STL":0.8110300081,"BLK":0.1622060016,"STK":0.9732360097,"PF":3.7307380373,"Fls on:":2.595296026,"+\/-":-4.2173560422,"GW":7.0,"GP":18.0},"S. Orgo":{"TEAM":"UPHSD","MINS":28.4069444444,"FGM":3.0802327287,"FGA":8.7126582897,"FG%":35.3535353535,"2PM":1.6721263384,"2PA":3.8722925732,"2P%":43.1818181818,"3PM":1.4081063903,"3PA":4.8403657165,"3P%":29.0909090909,"FTM":1.4961130397,"FTA":2.024152936,"FT%":73.9130434783,"PTS":9.0646848873,"OFF":0.9680731433,"DEF":4.1363125214,"REB":5.1043856647,"AST":3.6962792744,"TO":2.7282061311,"STL":1.584119689,"BLK":0.0,"STK":1.584119689,"PF":2.024152936,"Fls on:":2.5521928323,"+\/-":1.8481396372,"GW":5.0,"GP":12.0},"A. Gelsano":{"TEAM":"UPHSD","MINS":14.6861111111,"FGM":2.8938906752,"FGA":7.6602988462,"FG%":37.7777777778,"2PM":2.723661812,"2PA":5.1068658975,"2P%":53.3333333333,"3PM":0.1702288632,"3PA":2.5534329487,"3P%":6.6666666667,"FTM":1.7022886325,"FTA":2.8938906752,"FT%":58.8235294118,"PTS":7.6602988462,"OFF":2.3832040855,"DEF":4.2557215812,"REB":6.6389256667,"AST":3.5748061282,"TO":2.2129752222,"STL":0.8511443162,"BLK":0.5106865897,"STK":1.361830906,"PF":3.9152638547,"Fls on:":2.8938906752,"+\/-":3.5748061282,"GW":5.0,"GP":12.0},"J. Manuel":{"TEAM":"UPHSD","MINS":12.9180555555,"FGM":2.3223309322,"FGA":8.9022685733,"FG%":26.0869565217,"2PM":1.9352757768,"2PA":5.8058273304,"2P%":33.3333333333,"3PM":0.3870551554,"3PA":3.0964412429,"3P%":12.5,"FTM":1.9352757768,"FTA":3.2899688206,"FT%":58.8235294118,"PTS":6.9669927965,"OFF":1.1611654661,"DEF":3.8705515536,"REB":5.0317170197,"AST":2.7093860875,"TO":3.0964412429,"STL":1.1611654661,"BLK":0.3870551554,"STK":1.5482206214,"PF":3.2899688206,"Fls on:":2.3223309322,"+\/-":-8.5152134179,"GW":5.0,"GP":12.0},"N. Sevilla":{"TEAM":"UPHSD","MINS":4.6357142857,"FGM":2.7734976888,"FGA":10.1694915254,"FG%":27.2727272727,"2PM":2.7734976888,"2PA":9.2449922958,"2P%":30.0,"3PM":0.0,"3PA":0.9244992296,"3P%":0.0,"FTM":0.9244992296,"FTA":1.8489984592,"FT%":50.0,"PTS":6.4714946071,"OFF":0.9244992296,"DEF":3.6979969183,"REB":4.6224961479,"AST":0.0,"TO":4.6224961479,"STL":0.9244992296,"BLK":0.0,"STK":0.9244992296,"PF":1.8489984592,"Fls on:":2.7734976888,"+\/-":-12.9429892142,"GW":3.0,"GP":7.0},"R. Movida":{"TEAM":"UPHSD","MINS":2.7416666667,"FGM":1.8237082067,"FGA":5.4711246201,"FG%":33.3333333333,"2PM":1.8237082067,"2PA":1.8237082067,"2P%":100.0,"3PM":0.0,"3PA":3.6474164134,"3P%":0.0,"FTM":1.8237082067,"FTA":3.6474164134,"FT%":50.0,"PTS":5.4711246201,"OFF":0.0,"DEF":0.0,"REB":0.0,"AST":3.6474164134,"TO":0.0,"STL":0.0,"BLK":0.0,"STK":0.0,"PF":0.0,"Fls on:":1.8237082067,"+\/-":1.8237082067,"GW":2.0,"GP":6.0},"R. Cauguiran":{"TEAM":"UPHSD","MINS":4.8523809524,"FGM":0.883218842,"FGA":4.41609421,"FG%":20.0,"2PM":0.883218842,"2PA":4.41609421,"2P%":20.0,"3PM":0.0,"3PA":0.0,"3P%":0.0,"FTM":3.532875368,"FTA":7.065750736,"FT%":50.0,"PTS":5.299313052,"OFF":4.41609421,"DEF":7.948969578,"REB":12.3650637881,"AST":0.883218842,"TO":3.532875368,"STL":2.649656526,"BLK":0.883218842,"STK":3.532875368,"PF":7.948969578,"Fls on:":5.299313052,"+\/-":-14.1315014721,"GW":3.0,"GP":7.0},"A. Manuel":{"TEAM":"UPHSD","MINS":23.6583333334,"FGM":1.9020781965,"FGA":5.9175766115,"FG%":32.1428571429,"2PM":1.268052131,"2PA":2.3247622402,"2P%":54.5454545455,"3PM":0.6340260655,"3PA":3.5928143713,"3P%":17.6470588235,"FTM":0.6340260655,"FTA":0.8453680874,"FT%":75.0,"PTS":5.0722085241,"OFF":0.6340260655,"DEF":4.2268404368,"REB":4.8608665023,"AST":4.2268404368,"TO":3.1701303276,"STL":0.6340260655,"BLK":0.0,"STK":0.6340260655,"PF":2.1134202184,"Fls on:":1.4793941529,"+\/-":-7.6083127862,"GW":2.0,"GP":6.0},"J. Nunez":{"TEAM":"UPHSD","MINS":22.5916666667,"FGM":1.6967908521,"FGA":4.9428255256,"FG%":34.328358209,"2PM":1.6967908521,"2PA":4.7215049797,"2P%":35.9375,"3PM":0.0,"3PA":0.2213205459,"3P%":0.0,"FTM":1.6230173368,"FTA":2.9509406123,"FT%":55.0,"PTS":5.0165990409,"OFF":2.2869789745,"DEF":3.6886757654,"REB":5.9756547399,"AST":1.4016967909,"TO":1.3279232755,"STL":0.6639616378,"BLK":0.8852821837,