{"SBU":{"2PM":189.0,"2PA":455.0,"3PM":91.0,"3PA":363.0,"FTM":134.0,"FTA":198.0,"OFF":125.0,"DEF":307.0,"AST":166.0,"TO":112.0,"STL":72.0,"BLK":33.0,"PF":226.0,"Fls on:":213.0,"+\/-":-49.0,"GW":51.0,"GP":12.0,"MINS":2400.0,"FGM":280.0,"FGA":818.0,"FG%":34.2298288509,"2P%":41.5384615385,"3P%":25.0688705234,"FT%":67.6767676768,"PTS":785.0,"REB":432.0,"STK":105.0},"LPU":{"2PM":277.0,"2PA":515.0,"3PM":90.0,"3PA":310.0,"FTM":163.0,"FTA":264.0,"OFF":146.0,"DEF":356.0,"AST":221.0,"TO":172.0,"STL":78.0,"BLK":41.0,"PF":255.0,"Fls on:":238.0,"+\/-":11.0,"GW":81.0,"GP":12.0,"MINS":2400.0,"FGM":367.0,"FGA":825.0,"FG%":44.4848484848,"2P%":53.786407767,"3P%":29.0322580645,"FT%":61.7424242424,"PTS":987.0,"REB":502.0,"STK":119.0},"EAC":{"2PM":224.0,"2PA":535.0,"3PM":91.0,"3PA":318.0,"FTM":203.0,"FTA":314.0,"OFF":171.0,"DEF":360.0,"AST":203.0,"TO":172.0,"STL":87.0,"BLK":40.0,"PF":268.0,"Fls on:":261.0,"+\/-":0.0,"GW":81.0,"GP":12.0,"MINS":2400.0,"FGM":315.0,"FGA":853.0,"FG%":36.9284876905,"2P%":41.8691588785,"3P%":28.6163522013,"FT%":64.6496815287,"PTS":924.0,"REB":531.0,"STK":127.0},"SSCR":{"2PM":280.0,"2PA":519.0,"3PM":88.0,"3PA":277.0,"FTM":236.0,"FTA":366.0,"OFF":129.0,"DEF":383.0,"AST":263.0,"TO":203.0,"STL":72.0,"BLK":44.0,"PF":245.0,"Fls on:":302.0,"+\/-":81.6,"GW":120.0,"GP":12.0,"MINS":2400.0,"FGM":368.0,"FGA":796.0,"FG%":46.2311557789,"2P%":53.9499036609,"3P%":31.7689530686,"FT%":64.4808743169,"PTS":1060.0,"REB":512.0,"STK":116.0},"CSJL":{"2PM":248.0,"2PA":559.0,"3PM":84.0,"3PA":333.0,"FTM":156.0,"FTA":240.0,"OFF":165.0,"DEF":303.0,"AST":205.0,"TO":129.0,"STL":104.0,"BLK":33.0,"PF":231.0,"Fls on:":237.0,"+\/-":25.0,"GW":73.0,"GP":12.0,"MINS":2400.0,"FGM":332.0,"FGA":892.0,"FG%":37.2197309417,"2P%":44.3649373882,"3P%":25.2252252252,"FT%":65.0,"PTS":904.0,"REB":468.0,"STK":137.0},"UPHSD":{"2PM":188.0,"2PA":448.0,"3PM":99.0,"3PA":372.0,"FTM":133.0,"FTA":212.0,"OFF":151.0,"DEF":315.0,"AST":176.0,"TO":156.0,"STL":101.0,"BLK":28.0,"PF":215.0,"Fls on:":208.0,"+\/-":15.0,"GW":91.0,"GP":12.0,"MINS":2400.0,"FGM":287.0,"FGA":820.0,"FG%":35.0,"2P%":41.9642857143,"3P%":26.6129032258,"FT%":62.7358490566,"PTS":806.0,"REB":466.0,"STK":129.0},"MU":{"2PM":224.0,"2PA":517.0,"3PM":75.0,"3PA":262.0,"FTM":222.0,"FTA":335.0,"OFF":112.0,"DEF":296.0,"AST":180.0,"TO":150.0,"STL":91.0,"BLK":31.0,"PF":248.0,"Fls on:":281.0,"+\/-":-36.0,"GW":35.0,"GP":12.0,"MINS":2400.0,"FGM":299.0,"FGA":779.0,"FG%":38.3825417202,"2P%":43.3268858801,"3P%":28.6259541985,"FT%":66.2686567164,"PTS":895.0,"REB":408.0,"STK":122.0},"JRU":{"2PM":289.0,"2PA":549.0,"3PM":76.0,"3PA":276.0,"FTM":160.0,"FTA":247.0,"OFF":134.0,"DEF":297.0,"AST":166.0,"TO":163.0,"STL":100.0,"BLK":44.0,"PF":281.0,"Fls on:":236.0,"+\/-":58.2,"GW":120.0,"GP":12.0,"MINS":2400.0,"FGM":365.0,"FGA":825.0,"FG%":44.2424242424,"2P%":52.6411657559,"3P%":27.5362318841,"FT%":64.7773279352,"PTS":966.0,"REB":431.0,"STK":144.0},"AU":{"2PM":252.0,"2PA":552.0,"3PM":90.0,"3PA":294.0,"FTM":206.0,"FTA":301.0,"OFF":141.0,"DEF":361.0,"AST":222.0,"TO":187.0,"STL":93.0,"BLK":44.0,"PF":285.0,"Fls on:":246.0,"+\/-":43.0,"GW":107.0,"GP":12.0,"MINS":2400.0,"FGM":342.0,"FGA":846.0,"FG%":40.4255319149,"2P%":45.652173913,"3P%":30.612244898,"FT%":68.438538206,"PTS":980.0,"REB":502.0,"STK":137.0},"CSB":{"2PM":249.0,"2PA":552.0,"3PM":68.0,"3PA":318.0,"FTM":146.0,"FTA":244.0,"OFF":145.0,"DEF":246.0,"AST":151.0,"TO":137.0,"STL":113.0,"BLK":39.0,"PF":235.0,"Fls on:":231.0,"+\/-":-149.0,"GW":25.0,"GP":12.0,"MINS":2400.0,"FGM":317.0,"FGA":870.0,"FG%":36.4367816092,"2P%":45.1086956522,"3P%":21.3836477987,"FT%":59.8360655738,"PTS":848.0,"REB":391.0,"STK":152.0},"League":{"2PM":242.0,"2PA":520.1,"3PM":85.2,"3PA":312.3,"FTM":175.9,"FTA":272.1,"OFF":141.9,"DEF":322.4,"AST":195.3,"TO":158.1,"STL":91.1,"BLK":37.7,"PF":248.9,"Fls on:":245.3,"+\/-":-0.02,"GW":78.4,"GP":12.0,"MINS":2400.0,"FGM":327.2,"FGA":832.4,"FG%":39.308024988,"2P%":46.5295135551,"3P%":27.2814601345,"FT%":64.6453509739,"PTS":915.5,"REB":464.3,"STK":128.8}}