{"CSB":{"MINS":204.1666666667,"FGM":31.6666666667,"FGA":69.0833333333,"2PM":24.6666666667,"2PA":44.5,"3PM":7.0,"3PA":24.5833333333,"FTM":12.75,"FTA":21.5833333333,"PTS":83.0833333333,"OFF":13.75,"DEF":31.1666666667,"REB":44.9166666667,"AST":18.0833333333,"TO":16.0,"STL":7.1666666667,"BLK":4.0833333333,"STK":11.25,"PF":19.25,"Fls on:":19.1666666667,"+\/-":12.4166666667,"GW":140.0,"GP":12,"W":10,"L":2,"FG%":45.8383594692,"2P%":55.4307116105,"3P%":28.4745762712,"FT%":59.0733590734,"W%":0.8333333333},"MU":{"MINS":202.0833333333,"FGM":27.3333333333,"FGA":67.9166666667,"2PM":18.8333333333,"2PA":39.0833333333,"3PM":8.5,"3PA":28.8333333333,"FTM":14.4166666667,"FTA":22.8333333333,"PTS":77.5833333333,"OFF":13.1666666667,"DEF":27.1666666667,"REB":40.3333333333,"AST":16.0,"TO":13.6666666667,"STL":7.5833333333,"BLK":2.5,"STK":10.0833333333,"PF":23.9166666667,"Fls on:":20.3333333333,"+\/-":3.0166666667,"GW":109.0,"GP":12,"W":9,"L":3,"FG%":40.245398773,"2P%":48.1876332623,"3P%":29.4797687861,"FT%":63.1386861314,"W%":0.75},"SBU":{"MINS":204.1666666667,"FGM":24.5,"FGA":64.1666666667,"2PM":15.75,"2PA":36.4166666667,"3PM":8.75,"3PA":27.75,"FTM":11.75,"FTA":20.0,"PTS":69.5,"OFF":11.25,"DEF":29.6666666667,"REB":40.9166666667,"AST":13.5,"TO":11.5833333333,"STL":4.8333333333,"BLK":2.5,"STK":7.3333333333,"PF":17.75,"Fls on:":18.6666666667,"+\/-":4.0833333333,"GW":106.0,"GP":12,"W":8,"L":4,"FG%":38.1818181818,"2P%":43.2494279176,"3P%":31.5315315315,"FT%":58.75,"W%":0.6666666667},"CSJL":{"MINS":206.25,"FGM":25.9166666667,"FGA":63.8333333333,"2PM":18.9166666667,"2PA":37.3333333333,"3PM":7.0,"3PA":26.5,"FTM":14.4166666667,"FTA":19.3333333333,"PTS":73.25,"OFF":8.9166666667,"DEF":27.75,"REB":36.6666666667,"AST":15.75,"TO":15.1666666667,"STL":6.0833333333,"BLK":4.5833333333,"STK":10.6666666667,"PF":20.25,"Fls on:":18.9166666667,"+\/-":-2.0833333333,"GW":77.0,"GP":12,"W":6,"L":6,"FG%":40.6005221932,"2P%":50.6696428571,"3P%":26.4150943396,"FT%":74.5689655172,"W%":0.5},"EAC":{"MINS":202.0833333333,"FGM":26.6666666667,"FGA":72.0833333333,"2PM":18.1666666667,"2PA":44.3333333333,"3PM":8.5,"3PA":27.75,"FTM":15.1666666667,"FTA":25.8333333333,"PTS":77.0,"OFF":12.0833333333,"DEF":26.6666666667,"REB":38.75,"AST":18.0833333333,"TO":13.1666666667,"STL":7.8333333333,"BLK":3.8333333333,"STK":11.6666666667,"PF":22.0833333333,"Fls on:":22.1666666667,"+\/-":-0.0333333333,"GW":85.0,"GP":12,"W":6,"L":6,"FG%":36.9942196532,"2P%":40.977443609,"3P%":30.6306306306,"FT%":58.7096774194,"W%":0.5},"LPU":{"MINS":202.0833333333,"FGM":28.3333333333,"FGA":70.4166666667,"2PM":20.5,"2PA":41.25,"3PM":7.8333333333,"3PA":29.1666666667,"FTM":16.8333333333,"FTA":23.3333333333,"PTS":81.3333333333,"OFF":9.8333333333,"DEF":25.6666666667,"REB":35.5,"AST":17.5,"TO":11.25,"STL":7.8333333333,"BLK":1.5833333333,"STK":9.4166666667,"PF":20.0833333333,"Fls on:":21.0,"+\/-":-0.9166666667,"GW":77.0,"GP":12,"W":6,"L":6,"FG%":40.2366863905,"2P%":49.696969697,"3P%":26.8571428571,"FT%":72.1428571429,"W%":0.5},"League":{"MINS":203.3333333333,"FGM":27.2666666667,"FGA":69.3666666667,"2PM":20.1666666667,"2PA":43.3416666667,"3PM":7.1,"3PA":26.025,"FTM":14.6583333333,"FTA":22.675,"PTS":76.2916666667,"OFF":11.825,"DEF":26.8666666667,"REB":38.6916666667,"AST":16.275,"TO":13.175,"STL":7.5916666667,"BLK":3.1416666667,"STK":10.7333333333,"PF":20.7416666667,"Fls on:":20.4416666667,"+\/-":-0.0016666667,"GW":78.4,"GP":12,"W":6,"L":6,"FG%":39.308024988,"2P%":46.5295135551,"3P%":27.2814601345,"FT%":64.6453509739,"W%":0.5},"UPHSD":{"MINS":206.25,"FGM":24.0,"FGA":66.9166666667,"2PM":17.5833333333,"2PA":42.0833333333,"3PM":6.4166666667,"3PA":24.8333333333,"FTM":11.5,"FTA":18.25,"PTS":65.9166666667,"OFF":11.5,"DEF":28.9166666667,"REB":40.4166666667,"AST":16.9166666667,"TO":13.75,"STL":7.4166666667,"BLK":3.8333333333,"STK":11.25,"PF":17.5833333333,"Fls on:":17.6666666667,"+\/-":-1.25,"GW":58.0,"GP":12,"W":5,"L":7,"FG%":35.8655043587,"2P%":41.7821782178,"3P%":25.8389261745,"FT%":63.0136986301,"W%":0.4166666667},"AU":{"MINS":204.1666666667,"FGM":29.6666666667,"FGA":72.8333333333,"2PM":25.3333333333,"2PA":53.8333333333,"3PM":4.3333333333,"3PA":19.0,"FTM":14.4166666667,"FTA":25.4166666667,"PTS":78.0833333333,"OFF":12.0,"DEF":25.5833333333,"REB":37.5833333333,"AST":15.25,"TO":12.4166666667,"STL":9.6666666667,"BLK":2.8333333333,"STK":12.5,"PF":21.0,"Fls on:":23.1666666667,"+\/-":-3.5833333333,"GW":51.0,"GP":12,"W":4,"L":8,"FG%":40.7322654462,"2P%":47.0588235294,"3P%":22.8070175439,"FT%":56.7213114754,"W%":0.3333333333},"JRU":{"MINS":200.0,"FGM":26.0,"FGA":68.5,"2PM":20.8333333333,"2PA":48.0,"3PM":5.1666666667,"3PA":20.5,"FTM":18.5,"FTA":27.0,"PTS":75.6666666667,"OFF":12.5,"DEF":23.0833333333,"REB":35.5833333333,"AST":17.25,"TO":14.0,"STL":7.9166666667,"BLK":4.0833333333,"STK":12.0,"PF":19.8333333333,"Fls on:":23.0833333333,"+\/-":-4.8333333333,"GW":44.0,"GP":12,"W":3,"L":9,"FG%":37.9562043796,"2P%":43.4027777778,"3P%":25.2032520325,"FT%":68.5185185185,"W%":0.25},"SSCR":{"MINS":202.0833333333,"FGM":28.5833333333,"FGA":77.9166666667,"2PM":21.0833333333,"2PA":46.5833333333,"3PM":7.5,"3PA":31.3333333333,"FTM":16.8333333333,"FTA":23.1666666667,"PTS":81.5,"OFF":13.25,"DEF":23.0,"REB":36.25,"AST":14.4166666667,"TO":10.75,"STL":9.5833333333,"BLK":1.5833333333,"STK":11.1666666667,"PF":25.6666666667,"Fls on:":20.25,"+\/-":-6.8333333333,"GW":37.0,"GP":12,"W":3,"L":9,"FG%":36.6844919786,"2P%":45.259391771,"3P%":23.9361702128,"FT%":72.6618705036,"W%":0.25}}