{"CSB":{"OFF":79.929977036,"DEF":67.9845742492,"NET":11.9454027867,"PACE":77.9588613818,"hAST%":16.0507707329,"hTO%":14.2016035977,"TOR":20.5236450564,"AR":23.1959946731,"STL%":9.1928826815,"BLK%":8.8768115942,"EFG%":50.9047044632,"TS%":52.8654449818,"PPWS":1.0573088996,"REB%":57.9569892473,"OREB%":40.1459854015,"DREB%":72.0616570328,"FTR":0.312424608,"FFI":38.2083592491,"Py-W":11.1625219574,"Py-L":0.8374780426,"PPR":-1.9289951212,"HHI":0.095340183},"SBU":{"OFF":73.1990458947,"DEF":68.8983825268,"NET":4.3006633679,"PACE":71.2099445599,"hAST%":13.7684854666,"hTO%":11.8137004929,"TOR":16.2664546433,"AR":18.9580262749,"STL%":6.7874415058,"BLK%":6.5934065934,"EFG%":45.0,"TS%":47.6244860667,"PPWS":0.9524897213,"REB%":53.196099675,"OREB%":30.5429864253,"DREB%":74.0124740125,"FTR":0.3116883117,"FFI":32.8505356212,"Py-W":8.6985508951,"Py-L":3.3014491049,"PPR":-1.3830904201,"HHI":0.1212957691},"MU":{"OFF":75.9413137534,"DEF":73.0048075288,"NET":2.9365062246,"PACE":76.6216662895,"hAST%":14.8657437517,"hTO%":12.6978227879,"TOR":17.8365563273,"AR":20.8818220418,"STL%":9.8971135719,"BLK%":5.8027079304,"EFG%":46.5030674847,"TS%":49.7562956946,"PPWS":0.9951259139,"REB%":54.2600896861,"OREB%":34.8017621145,"DREB%":74.4292237443,"FTR":0.336196319,"FFI":35.0636632839,"Py-W":7.832509618,"Py-L":4.167490382,"PPR":-1.508116102,"HHI":0.1316291342},"EAC":{"OFF":71.8255124666,"DEF":71.8255124666,"NET":0.0,"PACE":80.4031854654,"hAST%":15.7657657658,"hTO%":11.4792211566,"TOR":16.3758022651,"AR":22.490817035,"STL%":9.7425659046,"BLK%":8.5981308411,"EFG%":42.8901734104,"TS%":46.1354104254,"PPWS":0.9227082085,"REB%":46.686746988,"OREB%":28.7128712871,"DREB%":65.1731160896,"FTR":0.3583815029,"FFI":32.3683167312,"Py-W":6.0,"Py-L":6.0,"PPR":-0.5322912778,"HHI":0.1099164184},"League":{"OFF":73.5093791172,"DEF":73.5093791172,"NET":0.0,"PACE":77.8387066891,"hAST%":14.9595105107,"hTO%":12.1100799373,"TOR":16.926026344,"AR":20.9086207779,"STL%":9.7530740034,"BLK%":7.2486060373,"EFG%":44.4257568477,"TS%":48.0767210994,"PPWS":0.961534422,"REB%":50.0,"OREB%":30.5621365496,"DREB%":69.4378634504,"FTR":0.3268861124,"FFI":33.0175283217,"Py-W":6.0,"Py-L":6.0,"PPR":-1.143442623,"HHI":0.0098835842},"LPU":{"OFF":76.9519419157,"DEF":77.8192281463,"NET":-0.8672862306,"PACE":79.2702542411,"hAST%":15.9914712154,"hTO%":10.2802314956,"TOR":14.1919565008,"AR":22.0763767791,"STL%":9.8818067487,"BLK%":3.6893203883,"EFG%":45.798816568,"TS%":50.4028093369,"PPWS":1.0080561867,"REB%":45.9051724138,"OREB%":24.8945147679,"DREB%":67.8414096916,"FTR":0.3313609467,"FFI":31.8168329072,"Py-W":5.463479155,"Py-L":6.536520845,"PPR":0.2024620462,"HHI":0.1159592515},"UPHSD":{"OFF":66.822289018,"DEF":68.0894626403,"NET":-1.2671736223,"PACE":73.9835475955,"hAST%":16.0175482894,"hTO%":13.0191894963,"TOR":18.5852131276,"AR":22.8654440298,"STL%":10.0247513234,"BLK%":10.2678571429,"EFG%":40.6600249066,"TS%":43.9757160648,"PPWS":0.8795143213,"REB%":50.9989484753,"OREB%":30.4635761589,"DREB%":69.6787148594,"FTR":0.2727272727,"FFI":31.0939375672,"Py-W":5.1050107469,"Py-L":6.8949892531,"PPR":-1.2611130148,"HHI":0.1268106271},"CSJL":{"OFF":71.9621217363,"DEF":74.008825995,"NET":-2.0467042587,"PACE":76.3422459962,"hAST%":15.2532524131,"hTO%":14.6883171385,"TOR":19.8666760046,"AR":20.6307789278,"STL%":7.9685019139,"BLK%":9.8389982111,"EFG%":46.0835509138,"TS%":50.6289742881,"PPWS":1.0125794858,"REB%":48.4581497797,"OREB%":26.0975609756,"DREB%":66.8674698795,"FTR":0.3028720627,"FFI":33.1626825017,"Py-W":4.6760062212,"Py-L":7.3239937788,"PPR":-2.3069782622,"HHI":0.1118514291},"AU":{"OFF":71.3225559547,"DEF":74.5956294937,"NET":-3.273073539,"PACE":82.1093680899,"hAST%":13.6546784062,"hTO%":11.1177436204,"TOR":15.1221072035,"AR":18.5727893842,"STL%":11.7729156752,"BLK%":6.1594202899,"EFG%":43.7070938215,"TS%":46.4689545725,"PPWS":0.9293790915,"REB%":47.3242392445,"OREB%":28.5148514851,"DREB%":68.5267857143,"FTR":0.3489702517,"FFI":32.2008884022,"Py-W":3.9342441939,"Py-L":8.0657558061,"PPR":-1.0447216177,"HHI":0.108802247},"JRU":{"OFF":73.1155345186,"DEF":77.7859100715,"NET":-4.6703755529,"PACE":77.6168845289,"hAST%":15.4528352593,"hTO%":12.5414315148,"TOR":18.0373124804,"AR":22.2245457347,"STL%":10.1996707478,"BLK%":8.9253187614,"EFG%":41.7274939173,"TS%":47.0680932239,"PPWS":0.9413618645,"REB%":49.7668997669,"OREB%":33.5570469799,"DREB%":67.396593674,"FTR":0.3941605839,"FFI":33.8241438421,"Py-W":3.24925929,"Py-L":8.75074071,"PPR":-1.2535723889,"HHI":0.1186564847},"SSCR":{"OFF":73.7591193454,"DEF":79.9434217854,"NET":-6.18430244,"PACE":82.8711087422,"hAST%":12.7269517111,"hTO%":9.4900391372,"TOR":12.9719514595,"AR":17.3964930426,"STL%":11.564142774,"BLK%":3.6608863198,"EFG%":41.4973262032,"TS%":46.2490069232,"PPWS":0.9249801385,"REB%":45.934530095,"OREB%":29.3357933579,"DREB%":68.1481481481,"FTR":0.2973262032,"FFI":30.1689700659,"Py-W":2.5938260066,"Py-L":9.4061739934,"PPR":-0.529350492,"HHI":0.1337774599}}