{"CSB":{"2PM":20.2142857143,"2PA":45.5,"3PM":5.7142857143,"3PA":26.3571428571,"FTM":11.6428571429,"FTA":19.8571428571,"OFF":11.7142857143,"DEF":21.7142857143,"AST":12.8571428571,"TO":11.3571428571,"STL":9.1428571429,"BLK":3.2142857143,"PF":19.9285714286,"Fls on:":19.2142857143,"+\/-":-11.2857142857,"GW":25.0,"GP":14.0,"MINS":200.0,"FGM":25.9285714286,"FGA":71.8571428571,"FG%":36.083499006,"2P%":44.4270015699,"3P%":21.6802168022,"FT%":58.6330935252,"PTS":69.2142857143,"REB":33.4285714286,"STK":12.3571428571},"SBU":{"2PM":16.1333333333,"2PA":37.9333333333,"3PM":7.1333333333,"3PA":29.8666666667,"FTM":11.1333333333,"FTA":17.0,"OFF":10.5333333333,"DEF":24.3333333333,"AST":13.7333333333,"TO":10.1333333333,"STL":5.9333333333,"BLK":2.7333333333,"PF":19.2,"Fls on:":18.0666666667,"+\/-":-5.9333333333,"GW":62.0,"GP":15.0,"MINS":200.0,"FGM":23.2666666667,"FGA":67.8,"FG%":34.3166175025,"2P%":42.5307557118,"3P%":23.8839285714,"FT%":65.4901960784,"PTS":64.8,"REB":34.8666666667,"STK":8.6666666667},"MU":{"2PM":18.4666666667,"2PA":41.8666666667,"3PM":5.7333333333,"3PA":20.8666666667,"FTM":17.5333333333,"FTA":26.8666666667,"OFF":9.0,"DEF":24.7333333333,"AST":14.8666666667,"TO":13.7333333333,"STL":7.4,"BLK":2.8,"PF":19.4,"Fls on:":22.8,"+\/-":-3.6,"GW":35.0,"GP":15.0,"MINS":200.0,"FGM":24.2,"FGA":62.7333333333,"FG%":38.5759829968,"2P%":44.1082802548,"3P%":27.4760383387,"FT%":65.2605459057,"PTS":71.6666666667,"REB":33.7333333333,"STK":10.2},"League":{"2PM":20.0723684211,"2PA":42.9473684211,"3PM":7.0526315789,"3PA":25.9934210526,"FTM":14.6447368421,"FTA":22.7828947368,"OFF":11.6381578947,"DEF":26.7171052632,"AST":16.4802631579,"TO":13.4473684211,"STL":7.625,"BLK":3.0328947368,"PF":20.8618421053,"Fls on:":20.5855263158,"+\/-":-0.0013157895,"GW":98.5,"GP":15.2,"MINS":200.0,"FGM":27.125,"FGA":68.9407894737,"FG%":39.3453573814,"2P%":46.7371323529,"3P%":27.1323715515,"FT%":64.2795264222,"PTS":75.9473684211,"REB":38.3552631579,"STK":10.6578947368},"LPU":{"2PM":22.5,"2PA":42.875,"3PM":7.625,"3PA":26.25,"FTM":14.0,"FTA":22.5,"OFF":12.3125,"DEF":28.625,"AST":19.375,"TO":14.3125,"STL":6.625,"BLK":3.1875,"PF":22.4375,"Fls on:":19.6875,"+\/-":0.5,"GW":102.0,"GP":16.0,"MINS":200.0,"FGM":30.125,"FGA":69.125,"FG%":43.5804701627,"2P%":52.4781341108,"3P%":29.0476190476,"FT%":62.2222222222,"PTS":81.875,"REB":40.9375,"STK":9.8125},"EAC":{"2PM":17.8666666667,"2PA":42.4,"3PM":7.9333333333,"3PA":28.0,"FTM":16.4666666667,"FTA":25.5333333333,"OFF":13.7333333333,"DEF":30.3333333333,"AST":17.1333333333,"TO":14.0,"STL":7.1333333333,"BLK":3.2666666667,"PF":21.6666666667,"Fls on:":21.8666666667,"+\/-":1.6,"GW":110.0,"GP":15.0,"MINS":200.0,"FGM":25.8,"FGA":70.4,"FG%":36.6477272727,"2P%":42.1383647799,"3P%":28.3333333333,"FT%":64.4908616188,"PTS":76.0,"REB":44.0666666667,"STK":10.4},"UPHSD":{"2PM":15.5625,"2PA":37.0625,"3PM":8.5625,"3PA":31.3125,"FTM":11.125,"FTA":18.25,"OFF":12.3125,"DEF":25.375,"AST":15.3125,"TO":13.0625,"STL":9.3125,"BLK":2.375,"PF":18.625,"Fls on:":17.375,"+\/-":2.1875,"GW":129.0,"GP":16.0,"MINS":200.0,"FGM":24.125,"FGA":68.375,"FG%":35.2833638026,"2P%":41.9898819562,"3P%":27.3453093812,"FT%":60.9589041096,"PTS":67.9375,"REB":37.6875,"STK":11.6875},"CSJL":{"2PM":21.2666666667,"2PA":48.0,"3PM":7.2666666667,"3PA":28.1333333333,"FTM":13.0,"FTA":20.0666666667,"OFF":14.0666666667,"DEF":25.4,"AST":17.5333333333,"TO":10.9333333333,"STL":8.7333333333,"BLK":2.6666666667,"PF":20.7333333333,"Fls on:":20.0,"+\/-":2.4,"GW":100.0,"GP":15.0,"MINS":200.0,"FGM":28.5333333333,"FGA":76.1333333333,"FG%":37.4781085814,"2P%":44.3055555556,"3P%":25.8293838863,"FT%":64.7840531561,"PTS":77.3333333333,"REB":39.4666666667,"STK":11.4},"AU":{"2PM":21.3333333333,"2PA":45.6666666667,"3PM":7.1333333333,"3PA":23.5333333333,"FTM":16.2,"FTA":23.2666666667,"OFF":11.3333333333,"DEF":30.2,"AST":18.4,"TO":16.3333333333,"STL":7.3333333333,"BLK":3.2666666667,"PF":23.8,"Fls on:":19.9333333333,"+\/-":3.0,"GW":122.0,"GP":15.0,"MINS":200.0,"FGM":28.4666666667,"FGA":69.2,"FG%":41.1368015414,"2P%":46.7153284672,"3P%":30.3116147309,"FT%":69.6275071633,"PTS":80.2666666667,"REB":41.5333333333,"STK":10.6},"JRU":{"2PM":23.8125,"2PA":44.9375,"3PM":6.0,"3PA":21.8125,"FTM":15.5,"FTA":23.6875,"OFF":10.4375,"DEF":24.75,"AST":13.9375,"TO":13.625,"STL":8.25,"BLK":3.5625,"PF":22.9375,"Fls on:":21.75,"+\/-":4.575,"GW":155.0,"GP":16.0,"MINS":200.0,"FGM":29.8125,"FGA":66.75,"FG%":44.6629213483,"2P%":52.9902642559,"3P%":27.5071633238,"FT%":65.4353562005,"PTS":81.125,"REB":35.1875,"STK":11.8125},"SSCR":{"2PM":23.4666666667,"2PA":43.6666666667,"3PM":7.2666666667,"3PA":23.7333333333,"FTM":19.8666666667,"FTA":30.8666666667,"OFF":10.9333333333,"DEF":31.4666666667,"AST":21.4666666667,"TO":16.8,"STL":6.4,"BLK":3.2666666667,"PF":19.7333333333,"Fls on:":25.2666666667,"+\/-":5.3066666667,"GW":145.0,"GP":15.0,"MINS":200.0,"FGM":30.7333333333,"FGA":67.4,"FG%":45.5984174085,"2P%":53.7404580153,"3P%":30.6179775281,"FT%":64.3628509719,"PTS":88.6,"REB":42.4,"STK":9.6666666667}}