{"LPU":{"2PM":360.0,"2PA":686.0,"3PM":122.0,"3PA":420.0,"FTM":224.0,"FTA":360.0,"OFF":197.0,"DEF":458.0,"AST":310.0,"TO":229.0,"STL":106.0,"BLK":51.0,"PF":359.0,"Fls on:":315.0,"+\/-":8.0,"GW":102.0,"GP":16.0,"MINS":3200.0,"FGM":482.0,"FGA":1106.0,"FG%":43.5804701627,"2P%":52.4781341108,"3P%":29.0476190476,"FT%":62.2222222222,"PTS":1310.0,"REB":655.0,"STK":157.0},"SBU":{"2PM":242.0,"2PA":569.0,"3PM":107.0,"3PA":448.0,"FTM":167.0,"FTA":255.0,"OFF":158.0,"DEF":365.0,"AST":206.0,"TO":152.0,"STL":89.0,"BLK":41.0,"PF":288.0,"Fls on:":271.0,"+\/-":-89.0,"GW":62.0,"GP":15.0,"MINS":3000.0,"FGM":349.0,"FGA":1017.0,"FG%":34.3166175025,"2P%":42.5307557118,"3P%":23.8839285714,"FT%":65.4901960784,"PTS":972.0,"REB":523.0,"STK":130.0},"JRU":{"2PM":381.0,"2PA":719.0,"3PM":96.0,"3PA":349.0,"FTM":248.0,"FTA":379.0,"OFF":167.0,"DEF":396.0,"AST":223.0,"TO":218.0,"STL":132.0,"BLK":57.0,"PF":367.0,"Fls on:":348.0,"+\/-":73.2,"GW":155.0,"GP":16.0,"MINS":3200.0,"FGM":477.0,"FGA":1068.0,"FG%":44.6629213483,"2P%":52.9902642559,"3P%":27.5071633238,"FT%":65.4353562005,"PTS":1298.0,"REB":563.0,"STK":189.0},"CSJL":{"2PM":319.0,"2PA":720.0,"3PM":109.0,"3PA":422.0,"FTM":195.0,"FTA":301.0,"OFF":211.0,"DEF":381.0,"AST":263.0,"TO":164.0,"STL":131.0,"BLK":40.0,"PF":311.0,"Fls on:":300.0,"+\/-":36.0,"GW":100.0,"GP":15.0,"MINS":3000.0,"FGM":428.0,"FGA":1142.0,"FG%":37.4781085814,"2P%":44.3055555556,"3P%":25.8293838863,"FT%":64.7840531561,"PTS":1160.0,"REB":592.0,"STK":171.0},"EAC":{"2PM":268.0,"2PA":636.0,"3PM":119.0,"3PA":420.0,"FTM":247.0,"FTA":383.0,"OFF":206.0,"DEF":455.0,"AST":257.0,"TO":210.0,"STL":107.0,"BLK":49.0,"PF":325.0,"Fls on:":328.0,"+\/-":24.0,"GW":110.0,"GP":15.0,"MINS":3000.0,"FGM":387.0,"FGA":1056.0,"FG%":36.6477272727,"2P%":42.1383647799,"3P%":28.3333333333,"FT%":64.4908616188,"PTS":1140.0,"REB":661.0,"STK":156.0},"SSCR":{"2PM":352.0,"2PA":655.0,"3PM":109.0,"3PA":356.0,"FTM":298.0,"FTA":463.0,"OFF":164.0,"DEF":472.0,"AST":322.0,"TO":252.0,"STL":96.0,"BLK":49.0,"PF":296.0,"Fls on:":379.0,"+\/-":79.6,"GW":145.0,"GP":15.0,"MINS":3000.0,"FGM":461.0,"FGA":1011.0,"FG%":45.5984174085,"2P%":53.7404580153,"3P%":30.6179775281,"FT%":64.3628509719,"PTS":1329.0,"REB":636.0,"STK":145.0},"CSB":{"2PM":283.0,"2PA":637.0,"3PM":80.0,"3PA":369.0,"FTM":163.0,"FTA":278.0,"OFF":164.0,"DEF":304.0,"AST":180.0,"TO":159.0,"STL":128.0,"BLK":45.0,"PF":279.0,"Fls on:":269.0,"+\/-":-158.0,"GW":25.0,"GP":14.0,"MINS":2800.0,"FGM":363.0,"FGA":1006.0,"FG%":36.083499006,"2P%":44.4270015699,"3P%":21.6802168022,"FT%":58.6330935252,"PTS":969.0,"REB":468.0,"STK":173.0},"AU":{"2PM":320.0,"2PA":685.0,"3PM":107.0,"3PA":353.0,"FTM":243.0,"FTA":349.0,"OFF":170.0,"DEF":453.0,"AST":276.0,"TO":245.0,"STL":110.0,"BLK":49.0,"PF":357.0,"Fls on:":299.0,"+\/-":45.0,"GW":122.0,"GP":15.0,"MINS":3000.0,"FGM":427.0,"FGA":1038.0,"FG%":41.1368015414,"2P%":46.7153284672,"3P%":30.3116147309,"FT%":69.6275071633,"PTS":1204.0,"REB":623.0,"STK":159.0},"UPHSD":{"2PM":249.0,"2PA":593.0,"3PM":137.0,"3PA":501.0,"FTM":178.0,"FTA":292.0,"OFF":197.0,"DEF":406.0,"AST":245.0,"TO":209.0,"STL":149.0,"BLK":38.0,"PF":298.0,"Fls on:":278.0,"+\/-":35.0,"GW":129.0,"GP":16.0,"MINS":3200.0,"FGM":386.0,"FGA":1094.0,"FG%":35.2833638026,"2P%":41.9898819562,"3P%":27.3453093812,"FT%":60.9589041096,"PTS":1087.0,"REB":603.0,"STK":187.0},"MU":{"2PM":277.0,"2PA":628.0,"3PM":86.0,"3PA":313.0,"FTM":263.0,"FTA":403.0,"OFF":135.0,"DEF":371.0,"AST":223.0,"TO":206.0,"STL":111.0,"BLK":42.0,"PF":291.0,"Fls on:":342.0,"+\/-":-54.0,"GW":35.0,"GP":15.0,"MINS":3000.0,"FGM":363.0,"FGA":941.0,"FG%":38.5759829968,"2P%":44.1082802548,"3P%":27.4760383387,"FT%":65.2605459057,"PTS":1075.0,"REB":506.0,"STK":153.0},"League":{"2PM":305.1,"2PA":652.8,"3PM":107.2,"3PA":395.1,"FTM":222.6,"FTA":346.3,"OFF":176.9,"DEF":406.1,"AST":250.5,"TO":204.4,"STL":115.9,"BLK":46.1,"PF":317.1,"Fls on:":312.9,"+\/-":-0.02,"GW":98.5,"GP":15.2,"MINS":3040.0,"FGM":412.3,"FGA":1047.9,"FG%":39.3453573814,"2P%":46.7371323529,"3P%":27.1323715515,"FT%":64.2795264222,"PTS":1154.4,"REB":583.0,"STK":162.0}}