{"AU":{"MINS":425.0,"FGM":61.0,"FGA":153.0,"2PM":55.0,"2PA":119.0,"3PM":6.0,"3PA":34.0,"FTM":19.0,"FTA":43.0,"PTS":147.0,"OFF":24.0,"DEF":69.0,"REB":93.0,"AST":26.0,"TO":25.0,"STL":21.0,"BLK":1.0,"STK":22.0,"PF":41.0,"Fls on:":44.0,"+\/-":-9.0,"GW":0.0,"GP":2.0,"W":0.0,"L":2.0,"FG%":39.8692810458,"2P%":46.218487395,"3P%":17.6470588235,"FT%":44.1860465116},"CSB":{"MINS":425.0,"FGM":58.0,"FGA":139.0,"2PM":48.0,"2PA":90.0,"3PM":10.0,"3PA":49.0,"FTM":22.0,"FTA":38.0,"PTS":148.0,"OFF":28.0,"DEF":64.0,"REB":92.0,"AST":31.0,"TO":28.0,"STL":14.0,"BLK":9.0,"STK":23.0,"PF":36.0,"Fls on:":43.0,"+\/-":18.0,"GW":25.0,"GP":2.0,"W":2.0,"L":0.0,"FG%":41.726618705,"2P%":53.3333333333,"3P%":20.4081632653,"FT%":57.8947368421},"CSJL":{"MINS":400.0,"FGM":53.0,"FGA":112.0,"2PM":43.0,"2PA":71.0,"3PM":10.0,"3PA":41.0,"FTM":38.0,"FTA":51.0,"PTS":154.0,"OFF":17.0,"DEF":51.0,"REB":68.0,"AST":30.0,"TO":33.0,"STL":12.0,"BLK":10.0,"STK":22.0,"PF":47.0,"Fls on:":48.0,"+\/-":1.0,"GW":13.0,"GP":2.0,"W":1.0,"L":1.0,"FG%":47.3214285714,"2P%":60.5633802817,"3P%":24.3902439024,"FT%":74.5098039216},"EAC":{"MINS":425.0,"FGM":49.0,"FGA":148.0,"2PM":33.0,"2PA":97.0,"3PM":16.0,"3PA":51.0,"FTM":39.0,"FTA":62.0,"PTS":153.0,"OFF":16.0,"DEF":68.0,"REB":84.0,"AST":40.0,"TO":22.0,"STL":11.0,"BLK":13.0,"STK":24.0,"PF":45.0,"Fls on:":54.0,"+\/-":4.0,"GW":14.0,"GP":2.0,"W":1.0,"L":1.0,"FG%":33.1081081081,"2P%":34.0206185567,"3P%":31.3725490196,"FT%":62.9032258065},"JRU":{"MINS":400.0,"FGM":39.0,"FGA":124.0,"2PM":27.0,"2PA":81.0,"3PM":12.0,"3PA":43.0,"FTM":38.0,"FTA":56.0,"PTS":128.0,"OFF":26.0,"DEF":38.0,"REB":64.0,"AST":28.0,"TO":25.0,"STL":12.0,"BLK":8.0,"STK":20.0,"PF":43.0,"Fls on:":48.0,"+\/-":-24.0,"GW":0.0,"GP":2.0,"W":0.0,"L":2.0,"FG%":31.4516129032,"2P%":33.3333333333,"3P%":27.9069767442,"FT%":67.8571428571},"LPU":{"MINS":400.0,"FGM":50.0,"FGA":141.0,"2PM":34.0,"2PA":78.0,"3PM":16.0,"3PA":63.0,"FTM":40.0,"FTA":57.0,"PTS":156.0,"OFF":22.0,"DEF":53.0,"REB":75.0,"AST":35.0,"TO":24.0,"STL":9.0,"BLK":1.0,"STK":10.0,"PF":53.0,"Fls on:":50.0,"+\/-":-18.0,"GW":0.0,"GP":2.0,"W":0.0,"L":2.0,"FG%":35.4609929078,"2P%":43.5897435897,"3P%":25.3968253968,"FT%":70.1754385965},"MU":{"MINS":400.0,"FGM":47.0,"FGA":140.0,"2PM":32.0,"2PA":77.0,"3PM":15.0,"3PA":63.0,"FTM":25.0,"FTA":41.0,"PTS":134.0,"OFF":28.0,"DEF":57.0,"REB":85.0,"AST":32.0,"TO":28.0,"STL":19.0,"BLK":4.0,"STK":23.0,"PF":49.0,"Fls on:":33.0,"+\/-":-10.0,"GW":12.0,"GP":2.0,"W":1.0,"L":1.0,"FG%":33.5714285714,"2P%":41.5584415584,"3P%":23.8095238095,"FT%":60.9756097561},"SBU":{"MINS":625.0,"FGM":78.0,"FGA":195.0,"2PM":51.0,"2PA":114.0,"3PM":27.0,"3PA":81.0,"FTM":46.0,"FTA":83.0,"PTS":229.0,"OFF":42.0,"DEF":97.0,"REB":139.0,"AST":41.0,"TO":41.0,"STL":14.0,"BLK":11.0,"STK":25.0,"PF":62.0,"Fls on:":75.0,"+\/-":21.0,"GW":27.0,"GP":3.0,"W":2.0,"L":1.0,"FG%":40.0,"2P%":44.7368421053,"3P%":33.3333333333,"FT%":55.421686747},"SSCR":{"MINS":600.0,"FGM":93.0,"FGA":251.0,"2PM":72.0,"2PA":136.0,"3PM":21.0,"3PA":115.0,"FTM":54.0,"FTA":74.0,"PTS":261.0,"OFF":51.0,"DEF":69.0,"REB":120.0,"AST":48.0,"TO":26.0,"STL":27.0,"BLK":4.0,"STK":31.0,"PF":85.0,"Fls on:":71.0,"+\/-":-1.0,"GW":26.0,"GP":3.0,"W":2.0,"L":1.0,"FG%":37.0517928287,"2P%":52.9411764706,"3P%":18.2608695652,"FT%":72.972972973},"UPHSD":{"MINS":400.0,"FGM":53.0,"FGA":133.0,"2PM":38.0,"2PA":84.0,"3PM":15.0,"3PA":49.0,"FTM":30.0,"FTA":46.0,"PTS":151.0,"OFF":33.0,"DEF":50.0,"REB":83.0,"AST":34.0,"TO":32.0,"STL":15.0,"BLK":7.0,"STK":22.0,"PF":44.0,"Fls on:":35.0,"+\/-":18.0,"GW":25.0,"GP":2.0,"W":2.0,"L":0.0,"FG%":39.8496240602,"2P%":45.2380952381,"3P%":30.612244898,"FT%":65.2173913043},"League":{"MINS":450.0,"FGM":58.1,"FGA":153.6,"2PM":43.3,"2PA":94.7,"3PM":14.8,"3PA":58.9,"FTM":35.1,"FTA":55.1,"PTS":166.1,"OFF":28.7,"DEF":61.6,"REB":90.3,"AST":34.5,"TO":28.4,"STL":15.4,"BLK":6.8,"STK":22.2,"PF":50.5,"Fls on:":50.1,"+\/-":0.0,"GW":14.2,"GP":2.2,"W":1.1,"L":1.1,"FG%":37.8255208333,"2P%":45.7233368532,"3P%":25.1273344652,"FT%":63.7023593466}}