{"JRU":{"2PM":430.0,"2PA":799.0,"3PM":102.0,"3PA":384.0,"FTM":291.0,"FTA":452.0,"OFF":188.0,"DEF":446.0,"AST":255.0,"TO":249.0,"STL":152.0,"BLK":69.0,"PF":405.0,"Fls on:":398.0,"+\/-":84.2,"GW":181.0,"GP":18.0,"MINS":3600.0,"FGM":532.0,"FGA":1183.0,"FG%":44.9704142012,"2P%":53.8172715895,"3P%":26.5625,"FT%":64.3805309735,"PTS":1457.0,"REB":634.0,"STK":221.0},"CSB":{"2PM":355.0,"2PA":804.0,"3PM":114.0,"3PA":467.0,"FTM":214.0,"FTA":352.0,"OFF":196.0,"DEF":396.0,"AST":240.0,"TO":188.0,"STL":153.0,"BLK":51.0,"PF":356.0,"Fls on:":342.0,"+\/-":-168.0,"GW":45.0,"GP":18.0,"MINS":3600.0,"FGM":469.0,"FGA":1271.0,"FG%":36.9000786782,"2P%":44.1542288557,"3P%":24.4111349036,"FT%":60.7954545455,"PTS":1266.0,"REB":592.0,"STK":204.0},"LPU":{"2PM":399.0,"2PA":770.0,"3PM":137.0,"3PA":487.0,"FTM":247.0,"FTA":399.0,"OFF":226.0,"DEF":515.0,"AST":353.0,"TO":249.0,"STL":117.0,"BLK":57.0,"PF":404.0,"Fls on:":352.0,"+\/-":-2.0,"GW":102.0,"GP":18.0,"MINS":3600.0,"FGM":536.0,"FGA":1257.0,"FG%":42.6412092283,"2P%":51.8181818182,"3P%":28.1314168378,"FT%":61.9047619048,"PTS":1456.0,"REB":741.0,"STK":174.0},"UPHSD":{"2PM":286.0,"2PA":665.0,"3PM":159.0,"3PA":560.0,"FTM":203.0,"FTA":329.0,"OFF":215.0,"DEF":448.0,"AST":289.0,"TO":243.0,"STL":170.0,"BLK":39.0,"PF":358.0,"Fls on:":313.0,"+\/-":42.0,"GW":144.0,"GP":18.0,"MINS":3600.0,"FGM":445.0,"FGA":1225.0,"FG%":36.3265306122,"2P%":43.007518797,"3P%":28.3928571429,"FT%":61.7021276596,"PTS":1252.0,"REB":663.0,"STK":209.0},"SSCR":{"2PM":394.0,"2PA":728.0,"3PM":124.0,"3PA":400.0,"FTM":336.0,"FTA":528.0,"OFF":177.0,"DEF":536.0,"AST":371.0,"TO":289.0,"STL":111.0,"BLK":59.0,"PF":329.0,"Fls on:":433.0,"+\/-":84.6,"GW":159.0,"GP":17.0,"MINS":3400.0,"FGM":518.0,"FGA":1128.0,"FG%":45.9219858156,"2P%":54.1208791209,"3P%":31.0,"FT%":63.6363636364,"PTS":1496.0,"REB":713.0,"STK":170.0},"AU":{"2PM":365.0,"2PA":781.0,"3PM":116.0,"3PA":395.0,"FTM":260.0,"FTA":377.0,"OFF":192.0,"DEF":521.0,"AST":310.0,"TO":278.0,"STL":122.0,"BLK":56.0,"PF":406.0,"Fls on:":336.0,"+\/-":53.0,"GW":135.0,"GP":17.0,"MINS":3400.0,"FGM":481.0,"FGA":1176.0,"FG%":40.9013605442,"2P%":46.7349551857,"3P%":29.3670886076,"FT%":68.9655172414,"PTS":1338.0,"REB":713.0,"STK":178.0},"SBU":{"2PM":275.0,"2PA":641.0,"3PM":128.0,"3PA":503.0,"FTM":183.0,"FTA":282.0,"OFF":168.0,"DEF":421.0,"AST":238.0,"TO":170.0,"STL":100.0,"BLK":44.0,"PF":330.0,"Fls on:":305.0,"+\/-":-77.0,"GW":85.0,"GP":17.0,"MINS":3400.0,"FGM":403.0,"FGA":1144.0,"FG%":35.2272727273,"2P%":42.9017160686,"3P%":25.4473161034,"FT%":64.8936170213,"PTS":1117.0,"REB":589.0,"STK":144.0},"EAC":{"2PM":331.0,"2PA":777.0,"3PM":130.0,"3PA":510.0,"FTM":287.0,"FTA":445.0,"OFF":252.0,"DEF":549.0,"AST":305.0,"TO":239.0,"STL":128.0,"BLK":62.0,"PF":383.0,"Fls on:":385.0,"+\/-":16.0,"GW":125.0,"GP":18.0,"MINS":3600.0,"FGM":461.0,"FGA":1287.0,"FG%":35.8197358197,"2P%":42.5997425997,"3P%":25.4901960784,"FT%":64.4943820225,"PTS":1339.0,"REB":801.0,"STK":190.0},"MU":{"2PM":319.0,"2PA":715.0,"3PM":99.0,"3PA":364.0,"FTM":292.0,"FTA":451.0,"OFF":158.0,"DEF":420.0,"AST":253.0,"TO":231.0,"STL":127.0,"BLK":48.0,"PF":336.0,"Fls on:":384.0,"+\/-":-72.0,"GW":35.0,"GP":17.0,"MINS":3400.0,"FGM":418.0,"FGA":1079.0,"FG%":38.7395736793,"2P%":44.6153846154,"3P%":27.1978021978,"FT%":64.7450110865,"PTS":1227.0,"REB":578.0,"STK":175.0},"CSJL":{"2PM":384.0,"2PA":863.0,"3PM":120.0,"3PA":481.0,"FTM":253.0,"FTA":385.0,"OFF":256.0,"DEF":460.0,"AST":331.0,"TO":212.0,"STL":154.0,"BLK":47.0,"PF":355.0,"Fls on:":367.0,"+\/-":39.0,"GW":125.0,"GP":18.0,"MINS":3600.0,"FGM":504.0,"FGA":1344.0,"FG%":37.5,"2P%":44.4959443801,"3P%":24.948024948,"FT%":65.7142857143,"PTS":1381.0,"REB":716.0,"STK":201.0},"League":{"2PM":353.8,"2PA":754.3,"3PM":122.9,"3PA":455.1,"FTM":256.6,"FTA":400.0,"OFF":202.8,"DEF":471.2,"AST":294.5,"TO":234.8,"STL":133.4,"BLK":53.2,"PF":366.2,"Fls on:":361.5,"+\/-":-0.02,"GW":113.6,"GP":17.6,"MINS":3520.0,"FGM":476.7,"FGA":1209.4,"FG%":39.4162394576,"2P%":46.9044146891,"3P%":27.0050538343,"FT%":64.15,"PTS":1332.9,"REB":674.0,"STK":186.6}}