{"CSB":{"OFF":78.3211700206,"DEF":69.1454680935,"NET":9.1757019271,"PACE":76.2884415341,"hAST%":16.7301142056,"hTO%":13.374073332,"TOR":19.4437493217,"AR":24.3228924099,"STL%":8.6659407089,"BLK%":8.3333333333,"EFG%":49.1843393148,"TS%":51.3831159524,"PPWS":1.027662319,"REB%":57.2871572872,"OREB%":37.5394321767,"DREB%":73.9361702128,"FTR":0.3140293638,"FFI":36.7529999485,"Py-W":15.8423872732,"Py-L":2.1576127268,"PPR":-1.2379354168,"HHI":0.1013647442},"SBU":{"OFF":73.7251244003,"DEF":68.9706565788,"NET":4.7544678215,"PACE":71.44982259,"hAST%":14.5902810862,"hTO%":11.7317770367,"TOR":16.2187040836,"AR":20.1704695456,"STL%":7.1625748999,"BLK%":6.24024961,"EFG%":45.235892692,"TS%":48.2541222114,"PPWS":0.9650824442,"REB%":53.253968254,"OREB%":30.1824212272,"DREB%":74.4292237443,"FTR":0.32839963,"FFI":33.1115117927,"Py-W":12.647146204,"Py-L":4.352853796,"PPR":-1.0619377965,"HHI":0.1089170027},"MU":{"OFF":75.3043140477,"DEF":71.1304028765,"NET":4.1739111712,"PACE":76.1029753131,"hAST%":15.799174932,"hTO%":12.4528219082,"TOR":17.5458858495,"AR":22.2608595799,"STL%":10.4347779281,"BLK%":5.7342657343,"EFG%":46.6287215412,"TS%":49.6605193137,"PPWS":0.9932103863,"REB%":52.854812398,"OREB%":32.4758842444,"DREB%":73.8410596026,"FTR":0.3301225919,"FFI":34.4849758069,"Py-W":12.1292124323,"Py-L":4.8707875677,"PPR":-1.0440590003,"HHI":0.1287370341},"LPU":{"OFF":76.8753122777,"DEF":76.7698591744,"NET":0.1054531033,"PACE":79.0240692364,"hAST%":15.9636519924,"hTO%":10.7959313154,"TOR":14.8337365255,"AR":21.9342454784,"STL%":9.7719875689,"BLK%":4.4155844156,"EFG%":46.3503649635,"TS%":50.9277371039,"PPWS":1.0185547421,"REB%":46.3043478261,"OREB%":24.9271137026,"DREB%":67.4351585014,"FTR":0.3657745337,"FFI":32.7206208622,"Py-W":9.0988292618,"Py-L":8.9011707382,"PPR":-0.0808701428,"HHI":0.1184204832},"League":{"OFF":73.0588226468,"DEF":73.0588226468,"NET":0.0,"PACE":77.7533678338,"hAST%":15.3809996344,"hTO%":12.2630177051,"TOR":17.1597884887,"AR":21.5228181854,"STL%":9.7492154361,"BLK%":7.0528967254,"EFG%":44.4972713742,"TS%":48.1052403638,"PPWS":0.9621048073,"REB%":50.0,"OREB%":30.0890207715,"DREB%":69.9109792285,"FTR":0.330742517,"FFI":33.0677975804,"Py-W":8.8,"Py-L":8.8,"PPR":-1.075990676,"HHI":0.00995721},"EAC":{"OFF":69.5786993506,"DEF":70.4201651024,"NET":-0.8414657518,"PACE":79.226833089,"hAST%":15.4817079184,"hTO%":11.2907997239,"TOR":16.0579714299,"AR":22.0183538383,"STL%":9.1158789777,"BLK%":9.1377091377,"EFG%":41.6280864198,"TS%":44.5394559655,"PPWS":0.8907891193,"REB%":47.4064346684,"OREB%":28.7012987013,"DREB%":66.5338645418,"FTR":0.3317901235,"FFI":31.3828390175,"Py-W":8.1371333801,"Py-L":9.8628666199,"PPR":-0.5324387546,"HHI":0.109958185},"CSJL":{"OFF":71.5840629726,"DEF":73.6643747877,"NET":-2.0803118151,"PACE":78.1132899485,"hAST%":15.2239875258,"hTO%":14.4864933204,"TOR":19.558487151,"AR":20.5541919514,"STL%":8.1790037177,"BLK%":8.3429895713,"EFG%":45.8439355386,"TS%":50.2877870376,"PPWS":1.0057557408,"REB%":48.0029048656,"OREB%":25.3246753247,"DREB%":66.3600525624,"FTR":0.2994062765,"FFI":32.7832252157,"Py-W":6.9727944814,"Py-L":11.0272055186,"PPR":-2.2001064846,"HHI":0.1197647482},"UPHSD":{"OFF":67.4285329867,"DEF":69.7690275202,"NET":-2.3404945334,"PACE":74.7705228536,"hAST%":16.4963260548,"hTO%":14.3106929498,"TOR":20.4328887839,"AR":23.5535481618,"STL%":10.1792936851,"BLK%":10.3759398496,"EFG%":41.8244406196,"TS%":45.5010378749,"PPWS":0.9100207575,"REB%":51.6763848397,"OREB%":31.7073170732,"DREB%":69.9720670391,"FTR":0.3278829604,"FFI":33.0977062646,"Py-W":6.6024793425,"Py-L":11.3975206575,"PPR":-1.7893659965,"HHI":0.1235475719},"AU":{"OFF":69.9234407043,"DEF":72.8074425388,"NET":-2.8840018345,"PACE":81.0760681962,"hAST%":13.5517074097,"hTO%":11.1261099745,"TOR":15.308789612,"AR":18.6462508545,"STL%":12.4066494012,"BLK%":6.6581306018,"EFG%":41.8292682927,"TS%":44.9791380807,"PPWS":0.8995827616,"REB%":47.5349521707,"OREB%":29.689608637,"DREB%":68.932038835,"FTR":0.3666666667,"FFI":31.9968264475,"Py-W":5.8435631283,"Py-L":11.1564368717,"PPR":-1.1026384726,"HHI":0.1088337446},"SSCR":{"OFF":74.2618508242,"DEF":78.7354562956,"NET":-4.4736054713,"PACE":83.8250047758,"hAST%":13.4784755947,"hTO%":10.3918017944,"TOR":14.1751891013,"AR":18.3856413097,"STL%":11.5085693694,"BLK%":3.2967032967,"EFG%":43.60333081,"TS%":47.6740728727,"PPWS":0.9534814575,"REB%":46.2292609351,"OREB%":28.2463186078,"DREB%":69.4300518135,"FTR":0.2732778198,"FFI":30.7335606184,"Py-W":4.7892623202,"Py-L":12.2107376798,"PPR":-0.7295976243,"HHI":0.1290191826},"JRU":{"OFF":73.6682985199,"DEF":78.1753175117,"NET":-4.5070189918,"PACE":77.6566508019,"hAST%":16.3040226561,"hTO%":12.6642867115,"TOR":18.171155935,"AR":23.3935747667,"STL%":9.8009778075,"BLK%":7.7596996245,"EFG%":43.2189542484,"TS%":48.1876123091,"PPWS":0.9637522462,"REB%":50.1180173092,"OREB%":32.9323308271,"DREB%":68.9768976898,"FTR":0.3725490196,"FFI":34.0050721426,"Py-W":5.0195560968,"Py-L":12.9804439032,"PPR":-1.0012454443,"HHI":0.1179309214}}