{"AU":{"POS":1378.293159336,"PACE":81.0760681962},"CSB":{"POS":1373.1919476139,"PACE":76.2884415341},"CSJL":{"POS":1406.0392190726,"PACE":78.1132899485},"EAC":{"POS":1426.082995602,"PACE":79.226833089},"JRU":{"POS":1397.8197144346,"PACE":77.6566508019},"LPU":{"POS":1422.4332462549,"PACE":79.0240692364},"MU":{"POS":1293.750580322,"PACE":76.1029753131},"SBU":{"POS":1214.6469840296,"PACE":71.44982259},"SSCR":{"POS":1425.0250811883,"PACE":83.8250047758},"UPHSD":{"POS":1345.8694113639,"PACE":74.7705228536},"League":{"POS":1368.3152339218,"PACE":77.7533678338}}