{"CSB":{"2PM":19.7222222222,"2PA":44.6666666667,"3PM":6.3333333333,"3PA":25.9444444444,"FTM":11.8888888889,"FTA":19.5555555556,"OFF":10.8888888889,"DEF":21.9444444444,"AST":13.3333333333,"TO":10.3888888889,"STL":8.5,"BLK":2.8333333333,"PF":19.7777777778,"Fls on:":19.0,"+\/-":-9.3333333333,"GW":45.0,"GP":18,"MINS":200.0,"FGM":26.0555555556,"FGA":70.6111111111,"FG%":36.9000786782,"2P%":44.1542288557,"3P%":24.4111349036,"FT%":60.7954545455,"PTS":70.3333333333,"REB":32.8333333333,"STK":11.3333333333},"MU":{"2PM":18.7777777778,"2PA":42.3888888889,"3PM":5.6111111111,"3PA":21.0,"FTM":17.6111111111,"FTA":27.2222222222,"OFF":9.2222222222,"DEF":25.1111111111,"AST":14.8333333333,"TO":13.5,"STL":7.5555555556,"BLK":3.0555555556,"PF":20.0555555556,"Fls on:":22.8333333333,"+\/-":-4.3333333333,"GW":35.0,"GP":18,"MINS":200.0,"FGM":24.3888888889,"FGA":63.3888888889,"FG%":38.4750219106,"2P%":44.2988204456,"3P%":26.7195767196,"FT%":64.693877551,"PTS":72.0,"REB":34.3333333333,"STK":10.6111111111},"SBU":{"2PM":16.1666666667,"2PA":37.1111111111,"3PM":7.6666666667,"3PA":29.8888888889,"FTM":11.1111111111,"FTA":16.7777777778,"OFF":9.6666666667,"DEF":24.7777777778,"AST":14.1666666667,"TO":9.8333333333,"STL":6.2777777778,"BLK":2.4444444444,"PF":19.3333333333,"Fls on:":17.8333333333,"+\/-":-3.7777777778,"GW":99.0,"GP":18,"MINS":200.0,"FGM":23.8333333333,"FGA":67.0,"FG%":35.5721393035,"2P%":43.5628742515,"3P%":25.6505576208,"FT%":66.2251655629,"PTS":66.4444444444,"REB":34.4444444444,"STK":8.7222222222},"LPU":{"2PM":22.1666666667,"2PA":42.7777777778,"3PM":7.6111111111,"3PA":27.0555555556,"FTM":13.7222222222,"FTA":22.1666666667,"OFF":12.5555555556,"DEF":28.6111111111,"AST":19.6111111111,"TO":13.8333333333,"STL":6.5,"BLK":3.1666666667,"PF":22.4444444444,"Fls on:":19.5555555556,"+\/-":-0.1111111111,"GW":102.0,"GP":18,"MINS":200.0,"FGM":29.7777777778,"FGA":69.8333333333,"FG%":42.6412092283,"2P%":51.8181818182,"3P%":28.1314168378,"FT%":61.9047619048,"PTS":80.8888888889,"REB":41.1666666667,"STK":9.6666666667},"League":{"2PM":20.0222222222,"2PA":42.7555555556,"3PM":6.9722222222,"3PA":25.85,"FTM":14.7166666667,"FTA":22.85,"OFF":11.5,"DEF":26.7944444444,"AST":16.7444444444,"TO":13.3388888889,"STL":7.5777777778,"BLK":3.0277777778,"PF":20.8222222222,"Fls on:":20.5611111111,"+\/-":-0.0011111111,"GW":116.2,"GP":18,"MINS":200.0,"FGM":26.9944444444,"FGA":68.6055555556,"FG%":39.3473155721,"2P%":46.8295218295,"3P%":26.9718461208,"FT%":64.405543399,"PTS":75.6777777778,"REB":38.2944444444,"STK":10.6055555556},"EAC":{"2PM":18.3888888889,"2PA":43.1666666667,"3PM":7.2222222222,"3PA":28.3333333333,"FTM":15.9444444444,"FTA":24.7222222222,"OFF":14.0,"DEF":30.5,"AST":16.9444444444,"TO":13.2777777778,"STL":7.1111111111,"BLK":3.4444444444,"PF":21.2777777778,"Fls on:":21.3888888889,"+\/-":0.8888888889,"GW":125.0,"GP":18,"MINS":200.0,"FGM":25.6111111111,"FGA":71.5,"FG%":35.8197358197,"2P%":42.5997425997,"3P%":25.4901960784,"FT%":64.4943820225,"PTS":74.3888888889,"REB":44.5,"STK":10.5555555556},"CSJL":{"2PM":21.3333333333,"2PA":47.9444444444,"3PM":6.6666666667,"3PA":26.7222222222,"FTM":14.0555555556,"FTA":21.3888888889,"OFF":14.2222222222,"DEF":25.5555555556,"AST":18.3888888889,"TO":11.7777777778,"STL":8.5555555556,"BLK":2.6111111111,"PF":19.7222222222,"Fls on:":20.3888888889,"+\/-":2.1666666667,"GW":125.0,"GP":18,"MINS":200.0,"FGM":28.0,"FGA":74.6666666667,"FG%":37.5,"2P%":44.4959443801,"3P%":24.948024948,"FT%":65.7142857143,"PTS":76.7222222222,"REB":39.7777777778,"STK":11.1666666667},"UPHSD":{"2PM":15.8888888889,"2PA":36.9444444444,"3PM":8.8333333333,"3PA":31.1111111111,"FTM":11.2777777778,"FTA":18.1666666667,"OFF":11.9444444444,"DEF":24.8888888889,"AST":16.0555555556,"TO":13.5,"STL":9.3888888889,"BLK":2.1666666667,"PF":19.8888888889,"Fls on:":17.3888888889,"+\/-":2.3333333333,"GW":144.0,"GP":18,"MINS":200.0,"FGM":24.7222222222,"FGA":68.0555555556,"FG%":36.3265306122,"2P%":43.007518797,"3P%":28.3928571429,"FT%":62.0795107034,"PTS":69.5555555556,"REB":36.8333333333,"STK":11.5555555556},"AU":{"2PM":21.2222222222,"2PA":45.7222222222,"3PM":6.7222222222,"3PA":23.6111111111,"FTM":15.8888888889,"FTA":22.7777777778,"OFF":11.6111111111,"DEF":30.8888888889,"AST":18.4444444444,"TO":16.3888888889,"STL":7.0555555556,"BLK":3.2777777778,"PF":24.0555555556,"Fls on:":20.0555555556,"+\/-":3.2777777778,"GW":147.0,"GP":18,"MINS":200.0,"FGM":27.9444444444,"FGA":69.3333333333,"FG%":40.3044871795,"2P%":46.4155528554,"3P%":28.4705882353,"FT%":69.756097561,"PTS":78.5,"REB":42.5,"STK":10.3333333333},"SSCR":{"2PM":22.6666666667,"2PA":42.4444444444,"3PM":7.3888888889,"3PA":23.5,"FTM":19.5,"FTA":30.6111111111,"OFF":10.4444444444,"DEF":30.8888888889,"AST":21.5,"TO":17.0555555556,"STL":6.3888888889,"BLK":3.4444444444,"PF":19.1666666667,"Fls on:":25.0555555556,"+\/-":4.2,"GW":159.0,"GP":18,"MINS":200.0,"FGM":30.0555555556,"FGA":65.9444444444,"FG%":45.5770850885,"2P%":53.4031413613,"3P%":31.4420803783,"FT%":63.7023593466,"PTS":87.0,"REB":41.3333333333,"STK":9.8333333333},"JRU":{"2PM":23.8888888889,"2PA":44.3888888889,"3PM":5.6666666667,"3PA":21.3333333333,"FTM":16.1666666667,"FTA":25.1111111111,"OFF":10.4444444444,"DEF":24.7777777778,"AST":14.1666666667,"TO":13.8333333333,"STL":8.4444444444,"BLK":3.8333333333,"PF":22.5,"Fls on:":22.1111111111,"+\/-":4.6777777778,"GW":181.0,"GP":18,"MINS":200.0,"FGM":29.5555555556,"FGA":65.7222222222,"FG%":44.9704142012,"2P%":53.8172715895,"3P%":26.5625,"FT%":64.3805309735,"PTS":80.9444444444,"REB":35.2222222222,"STK":12.2777777778}}