{"CSB":{"MINS":205.5555555556,"FGM":31.0,"FGA":69.8888888889,"2PM":24.4444444444,"2PA":44.6666666667,"3PM":6.5555555556,"3PA":25.2222222222,"FTM":12.1111111111,"FTA":20.2222222222,"PTS":80.6666666667,"OFF":14.5555555556,"DEF":31.0,"REB":45.5555555556,"AST":17.2222222222,"TO":17.2222222222,"STL":8.1111111111,"BLK":3.5555555556,"STK":11.6666666667,"PF":18.2222222222,"Fls on:":18.5555555556,"+\/-":11.6666666667,"GW":96.0,"GP":9.0,"W":7.0,"L":2.0,"FG%":44.3561208267,"2P%":54.7263681592,"3P%":25.9911894273,"FT%":59.8901098901,"W%":0.7777777778},"MU":{"MINS":202.7777777778,"FGM":26.7777777778,"FGA":68.7777777778,"2PM":18.2222222222,"2PA":38.7777777778,"3PM":8.5555555556,"3PA":30.0,"FTM":14.3333333333,"FTA":21.8888888889,"PTS":76.4444444444,"OFF":12.7777777778,"DEF":27.4444444444,"REB":40.2222222222,"AST":15.5555555556,"TO":13.0,"STL":7.7777777778,"BLK":2.0,"STK":9.7777777778,"PF":23.7777777778,"Fls on:":19.3333333333,"+\/-":2.3333333333,"GW":71.0,"GP":9.0,"W":6.0,"L":3.0,"FG%":38.9337641357,"2P%":46.9914040115,"3P%":28.5185185185,"FT%":65.4822335025,"W%":0.6666666667},"SBU":{"MINS":205.5555555556,"FGM":24.8888888889,"FGA":64.4444444444,"2PM":16.4444444444,"2PA":36.6666666667,"3PM":8.4444444444,"3PA":27.7777777778,"FTM":12.4444444444,"FTA":21.6666666667,"PTS":70.6666666667,"OFF":11.3333333333,"DEF":30.4444444444,"REB":41.7777777778,"AST":12.6666666667,"TO":11.4444444444,"STL":4.5555555556,"BLK":2.5555555556,"STK":7.1111111111,"PF":17.4444444444,"Fls on:":20.3333333333,"+\/-":3.6666666667,"GW":79.0,"GP":9.0,"W":6.0,"L":3.0,"FG%":38.6206896552,"2P%":44.8484848485,"3P%":30.4,"FT%":57.4358974359,"W%":0.6666666667},"CSJL":{"MINS":207.5,"FGM":26.3,"FGA":64.5,"2PM":19.2,"2PA":37.3,"3PM":7.1,"3PA":27.2,"FTM":14.3,"FTA":18.9,"PTS":74.0,"OFF":9.4,"DEF":28.9,"REB":38.3,"AST":15.9,"TO":15.3,"STL":5.9,"BLK":5.0,"STK":10.9,"PF":20.2,"Fls on:":18.2,"+\/-":-0.7,"GW":77.0,"GP":10.0,"W":6.0,"L":4.0,"FG%":40.7751937984,"2P%":51.4745308311,"3P%":26.1029411765,"FT%":75.6613756614,"W%":0.6},"EAC":{"MINS":202.5,"FGM":25.9,"FGA":72.3,"2PM":17.6,"2PA":44.0,"3PM":8.3,"3PA":28.3,"FTM":14.3,"FTA":24.8,"PTS":74.4,"OFF":12.6,"DEF":26.9,"REB":39.5,"AST":17.7,"TO":13.8,"STL":7.7,"BLK":3.8,"STK":11.5,"PF":22.3,"Fls on:":21.6,"+\/-":-0.44,"GW":71.0,"GP":10.0,"W":5.0,"L":5.0,"FG%":35.8229598893,"2P%":40.0,"3P%":29.3286219081,"FT%":57.6612903226,"W%":0.5},"LPU":{"MINS":202.5,"FGM":28.8,"FGA":71.5,"2PM":20.5,"2PA":41.6,"3PM":8.3,"3PA":29.9,"FTM":16.7,"FTA":23.8,"PTS":82.6,"OFF":10.4,"DEF":25.7,"REB":36.1,"AST":17.7,"TO":10.9,"STL":7.8,"BLK":1.7,"STK":9.5,"PF":19.9,"Fls on:":21.0,"+\/-":-0.8,"GW":64.0,"GP":10.0,"W":5.0,"L":5.0,"FG%":40.2797202797,"2P%":49.2788461538,"3P%":27.7591973244,"FT%":70.1680672269,"W%":0.5},"League":{"MINS":204.2553191489,"FGM":27.0319148936,"FGA":69.670212766,"2PM":19.9468085106,"2PA":43.170212766,"3PM":7.085106383,"3PA":26.5,"FTM":14.7021276596,"FTA":22.6489361702,"PTS":75.8510638298,"OFF":12.0425531915,"DEF":27.1914893617,"REB":39.2340425532,"AST":15.9893617021,"TO":13.5319148936,"STL":7.8510638298,"BLK":3.1382978723,"STK":10.9893617021,"PF":20.6063829787,"Fls on:":20.3085106383,"+\/-":-0.0042553191,"GW":61.4,"GP":9.4,"W":4.7,"L":4.7,"FG%":38.7998167659,"2P%":46.2050271069,"3P%":26.7362505018,"FT%":64.913104744,"W%":0.5},"UPHSD":{"MINS":207.5,"FGM":24.4,"FGA":67.6,"2PM":18.5,"2PA":43.5,"3PM":5.9,"3PA":24.1,"FTM":12.0,"FTA":19.2,"PTS":66.7,"OFF":11.8,"DEF":29.5,"REB":41.3,"AST":16.9,"TO":14.2,"STL":7.6,"BLK":3.8,"STK":11.4,"PF":18.1,"Fls on:":17.9,"+\/-":-2.1,"GW":48.0,"GP":10.0,"W":4.0,"L":6.0,"FG%":36.0946745562,"2P%":42.5287356322,"3P%":24.4813278008,"FT%":62.5,"W%":0.4},"AU":{"MINS":205.5555555556,"FGM":29.4444444444,"FGA":71.6666666667,"2PM":25.0,"2PA":53.5555555556,"3PM":4.4444444444,"3PA":18.1111111111,"FTM":14.8888888889,"FTA":26.3333333333,"PTS":78.2222222222,"OFF":11.2222222222,"DEF":26.3333333333,"REB":37.5555555556,"AST":14.7777777778,"TO":13.2222222222,"STL":10.2222222222,"BLK":2.6666666667,"STK":12.8888888889,"PF":21.0,"Fls on:":23.5555555556,"+\/-":-1.2222222222,"GW":38.0,"GP":9.0,"W":3.0,"L":6.0,"FG%":41.0852713178,"2P%":46.6804979253,"3P%":24.5398773006,"FT%":56.5400843882,"W%":0.3333333333},"JRU":{"MINS":200.0,"FGM":25.6666666667,"FGA":68.5555555556,"2PM":19.8888888889,"2PA":47.3333333333,"3PM":5.7777777778,"3PA":21.2222222222,"FTM":19.2222222222,"FTA":27.7777777778,"PTS":76.3333333333,"OFF":13.1111111111,"DEF":22.6666666667,"REB":35.7777777778,"AST":17.0,"TO":14.6666666667,"STL":8.7777777778,"BLK":4.5555555556,"STK":13.3333333333,"PF":19.5555555556,"Fls on:":23.1111111111,"+\/-":-4.1111111111,"GW":44.0,"GP":9.0,"W":3.0,"L":6.0,"FG%":37.4392220421,"2P%":42.0187793427,"3P%":27.2251308901,"FT%":69.2,"W%":0.3333333333},"SSCR":{"MINS":202.7777777778,"FGM":27.4444444444,"FGA":77.7777777778,"2PM":20.1111111111,"2PA":45.0,"3PM":7.3333333333,"3PA":32.7777777778,"FTM":16.8888888889,"FTA":22.3333333333,"PTS":79.1111111111,"OFF":13.6666666667,"DEF":22.7777777778,"REB":36.4444444444,"AST":14.0,"TO":11.5555555556,"STL":10.3333333333,"BLK":1.5555555556,"STK":11.8888888889,"PF":25.7777777778,"Fls on:":19.7777777778,"+\/-":-7.8888888889,"GW":26.0,"GP":9.0,"W":2.0,"L":7.0,"FG%":35.2857142857,"2P%":44.6913580247,"3P%":22.3728813559,"FT%":75.6218905473,"W%":0.2222222222}}