{"CSB":{"OFF":77.2432344767,"DEF":66.0716923003,"NET":11.1715421764,"PACE":78.3240116883,"hAST%":15.2097970719,"hTO%":15.2097970719,"TOR":21.9884322202,"AR":21.9884322202,"STL%":10.3558422714,"BLK%":8.0604534005,"EFG%":49.0461049285,"TS%":51.1930952784,"PPWS":1.0238619056,"REB%":58.7392550143,"OREB%":41.7197452229,"DREB%":72.65625,"FTR":0.2893481717,"FFI":37.7997216465,"Py-W":5.1787303765,"Py-L":3.8212696235,"PPR":-2.7905153891,"HHI":0.101602046},"SBU":{"OFF":73.1146602491,"DEF":69.3209750475,"NET":3.7936852016,"PACE":72.4888822836,"hAST%":12.9134571817,"hTO%":11.6674218396,"TOR":15.7878616471,"AR":17.4739439589,"STL%":6.2844886168,"BLK%":6.6282420749,"EFG%":45.1724137931,"TS%":47.7620907179,"PPWS":0.9552418144,"REB%":53.0324400564,"OREB%":29.9120234604,"DREB%":74.4565217391,"FTR":0.3362068966,"FFI":33.0414390694,"Py-W":9.8000829767,"Py-L":-0.8000829767,"PPR":-1.5756554748,"HHI":0.1250148333},"MU":{"OFF":74.7384735237,"DEF":72.4572119772,"NET":2.2812615465,"PACE":76.711940491,"hAST%":14.5427348652,"hTO%":12.1535712802,"TOR":16.9465143455,"AR":20.2778804134,"STL%":10.1389402067,"BLK%":4.774535809,"EFG%":45.1534733441,"TS%":48.7473075615,"PPWS":0.9749461512,"REB%":52.8467153285,"OREB%":32.5779036827,"DREB%":74.3975903614,"FTR":0.3182552504,"FFI":33.5874274166,"Py-W":0.0,"Py-L":9.0,"PPR":-1.3229757598,"HHI":0.1379588629},"League":{"OFF":72.7065877321,"DEF":72.7065877321,"NET":0.0,"PACE":78.2601417895,"hAST%":14.6480377672,"hTO%":12.3967425415,"TOR":17.2945824395,"AR":20.4353438731,"STL%":10.0341209437,"BLK%":7.2695909315,"EFG%":43.8845625286,"TS%":47.6237549694,"PPWS":0.9524750994,"REB%":50.0,"OREB%":30.694143167,"DREB%":69.305856833,"FTR":0.3250877997,"FFI":32.8926162497,"Py-W":-7.2678749455,"Py-L":16.6678749455,"PPR":-1.40625,"HHI":0.010090047},"EAC":{"OFF":69.673180944,"DEF":70.0477679384,"NET":-0.3745869943,"PACE":80.0882050223,"hAST%":15.4299463003,"hTO%":12.030127624,"TOR":17.2310017388,"AR":22.100632665,"STL%":9.614399521,"BLK%":8.5011185682,"EFG%":41.5629322268,"TS%":44.7050906119,"PPWS":0.8941018122,"REB%":47.3053892216,"OREB%":29.7169811321,"DREB%":65.4501216545,"FTR":0.3430152144,"FFI":32.0215477676,"Py-W":-5.1422632152,"Py-L":15.1422632152,"PPR":-0.9651104951,"HHI":0.1070571742},"CSJL":{"OFF":72.4988837384,"DEF":73.18468399,"NET":-0.6858002516,"PACE":76.5529028009,"hAST%":15.2861098293,"hTO%":14.7092754961,"TOR":19.9861787603,"AR":20.7699504764,"STL%":7.7070885416,"BLK%":10.460251046,"EFG%":46.2790697674,"TS%":50.8130081301,"PPWS":1.0162601626,"REB%":49.2921492921,"OREB%":27.3255813953,"DREB%":66.7436489607,"FTR":0.2930232558,"FFI":33.3686377133,"Py-W":-15.7898060794,"Py-L":25.7898060794,"PPR":-2.315574317,"HHI":0.1178487947},"LPU":{"OFF":78.0288088084,"DEF":78.7845357702,"NET":-0.7557269618,"PACE":79.3937533407,"hAST%":16.007669211,"hTO%":9.8578301921,"TOR":13.7290398065,"AR":22.2939453738,"STL%":9.8244505037,"BLK%":4.0572792363,"EFG%":46.0839160839,"TS%":50.3830576294,"PPWS":1.0076611526,"REB%":46.1636828645,"OREB%":25.8064516129,"DREB%":67.8100263852,"FTR":0.3328671329,"FFI":32.0201237008,"Py-W":-11.3504738731,"Py-L":21.3504738731,"PPR":0.4380985125,"HHI":0.1230909485},"AU":{"OFF":70.8230272085,"DEF":71.9296370086,"NET":-1.1066098001,"PACE":82.8355818426,"hAST%":13.2829977629,"hTO%":11.884787472,"TOR":15.9620080261,"AR":17.8398913233,"STL%":12.340375953,"BLK%":6.0,"EFG%":44.1860465116,"TS%":46.9784326287,"PPWS":0.9395686526,"REB%":47.2727272727,"OREB%":27.0777479893,"DREB%":69.298245614,"FTR":0.3674418605,"FFI":32.592098116,"Py-W":0.0,"Py-L":9.0,"PPR":-1.5490738138,"HHI":0.1084468621},"UPHSD":{"OFF":66.2962558022,"DEF":68.3835442157,"NET":-2.0872884136,"PACE":75.45675,"hAST%":15.7725762497,"hTO%":13.2526972039,"TOR":18.8187272842,"AR":22.3969359931,"STL%":10.0719948845,"BLK%":9.793814433,"EFG%":40.4585798817,"TS%":43.8538817589,"PPWS":0.8770776352,"REB%":50.8620689655,"OREB%":30.7291666667,"DREB%":68.9252336449,"FTR":0.2840236686,"FFI":31.2943021366,"Py-W":10.0,"Py-L":0.0,"PPR":-1.4661751385,"HHI":0.1257594591},"JRU":{"OFF":73.6011513384,"DEF":77.5651143654,"NET":-3.963963027,"PACE":77.7841092957,"hAST%":15.1185770751,"hTO%":13.0434782609,"TOR":18.855607912,"AR":21.8553637162,"STL%":11.2847956443,"BLK%":10.0244498778,"EFG%":41.6531604538,"TS%":47.2489683631,"PPWS":0.9449793673,"REB%":49.6147919877,"OREB%":34.6041055718,"DREB%":66.2337662338,"FTR":0.4051863857,"FFI":34.37378306,"Py-W":3.0087880904,"Py-L":5.9912119096,"PPR":-1.6768665326,"HHI":0.1134883859},"SSCR":{"OFF":71.5158588327,"DEF":78.6473559916,"NET":-7.1314971589,"PACE":82.9652811303,"hAST%":12.3718628491,"hTO%":10.2116963199,"TOR":13.9281822446,"AR":16.8745284886,"STL%":12.4550091226,"BLK%":3.5353535354,"EFG%":40.0,"TS%":45.1524529451,"PPWS":0.9030490589,"REB%":45.9383753501,"OREB%":29.9270072993,"DREB%":67.6567656766,"FTR":0.2871428571,"FFI":29.7745898781,"Py-W":-9.2927285142,"Py-L":18.2927285142,"PPR":-1.0337401113,"HHI":0.1286019758}}