{"CSB":{"2PM":19.875,"2PA":45.0,"3PM":6.25,"3PA":26.625,"FTM":11.625,"FTA":19.1875,"OFF":11.25,"DEF":21.6875,"AST":13.375,"TO":10.875,"STL":8.875,"BLK":2.9375,"PF":19.875,"Fls on:":18.6875,"+\/-":-10.0625,"GW":35.0,"GP":16.0,"MINS":200.0,"FGM":26.125,"FGA":71.625,"FG%":36.4746945899,"2P%":44.1666666667,"3P%":23.4741784038,"FT%":60.5863192182,"PTS":70.125,"REB":32.9375,"STK":11.8125},"SBU":{"2PM":16.1875,"2PA":37.75,"3PM":7.4375,"3PA":30.0,"FTM":10.75,"FTA":16.375,"OFF":10.1875,"DEF":24.25,"AST":14.0625,"TO":10.1875,"STL":6.125,"BLK":2.6875,"PF":19.375,"Fls on:":17.8125,"+\/-":-5.3125,"GW":72.0,"GP":16.0,"MINS":200.0,"FGM":23.625,"FGA":67.75,"FG%":34.8708487085,"2P%":42.880794702,"3P%":24.7916666667,"FT%":65.6488549618,"PTS":65.4375,"REB":34.4375,"STK":8.8125},"MU":{"2PM":18.5625,"2PA":41.5,"3PM":5.8125,"3PA":21.25,"FTM":17.1875,"FTA":26.4375,"OFF":9.25,"DEF":24.875,"AST":14.9375,"TO":13.6875,"STL":7.125,"BLK":2.9375,"PF":19.25,"Fls on:":22.625,"+\/-":-3.5,"GW":35.0,"GP":16.0,"MINS":200.0,"FGM":24.375,"FGA":62.75,"FG%":38.8446215139,"2P%":44.7289156627,"3P%":27.3529411765,"FT%":65.011820331,"PTS":71.75,"REB":34.125,"STK":10.0625},"League":{"2PM":20.0432098765,"2PA":42.9074074074,"3PM":7.0740740741,"3PA":26.0432098765,"FTM":14.5061728395,"FTA":22.5555555556,"OFF":11.5802469136,"DEF":26.7530864198,"AST":16.6604938272,"TO":13.4012345679,"STL":7.5864197531,"BLK":3.0185185185,"PF":20.7160493827,"Fls on:":20.4567901235,"+\/-":-0.0012345679,"GW":104.5,"GP":16.2,"MINS":200.0,"FGM":27.1172839506,"FGA":68.950617284,"FG%":39.3285586392,"2P%":46.7127032082,"3P%":27.162834795,"FT%":64.3130815545,"PTS":75.8148148148,"REB":38.3333333333,"STK":10.6049382716},"LPU":{"2PM":22.5,"2PA":42.875,"3PM":7.625,"3PA":26.25,"FTM":14.0,"FTA":22.5,"OFF":12.3125,"DEF":28.625,"AST":19.375,"TO":14.3125,"STL":6.625,"BLK":3.1875,"PF":22.4375,"Fls on:":19.6875,"+\/-":0.5,"GW":102.0,"GP":16.0,"MINS":200.0,"FGM":30.125,"FGA":69.125,"FG%":43.5804701627,"2P%":52.4781341108,"3P%":29.0476190476,"FT%":62.2222222222,"PTS":81.875,"REB":40.9375,"STK":9.8125},"EAC":{"2PM":17.9375,"2PA":43.0,"3PM":7.625,"3PA":28.4375,"FTM":16.1875,"FTA":25.4375,"OFF":14.0625,"DEF":30.375,"AST":16.8125,"TO":13.5625,"STL":7.1875,"BLK":3.375,"PF":21.5625,"Fls on:":21.9375,"+\/-":0.875,"GW":110.0,"GP":16.0,"MINS":200.0,"FGM":25.5625,"FGA":71.4375,"FG%":35.7830271216,"2P%":41.7151162791,"3P%":26.8131868132,"FT%":63.6363636364,"PTS":74.9375,"REB":44.4375,"STK":10.5625},"CSJL":{"2PM":21.2941176471,"2PA":47.1764705882,"3PM":6.9411764706,"3PA":27.5294117647,"FTM":13.8823529412,"FTA":20.8823529412,"OFF":13.5882352941,"DEF":25.8235294118,"AST":18.5294117647,"TO":11.4705882353,"STL":8.5294117647,"BLK":2.6470588235,"PF":19.8823529412,"Fls on:":20.0588235294,"+\/-":2.1764705882,"GW":112.0,"GP":17.0,"MINS":200.0,"FGM":28.2352941176,"FGA":74.7058823529,"FG%":37.7952755906,"2P%":45.1371571072,"3P%":25.2136752137,"FT%":66.4788732394,"PTS":77.2941176471,"REB":39.4117647059,"STK":11.1764705882},"UPHSD":{"2PM":15.9411764706,"2PA":37.4117647059,"3PM":8.7647058824,"3PA":31.3529411765,"FTM":10.6470588235,"FTA":17.6470588235,"OFF":12.1176470588,"DEF":25.3529411765,"AST":15.6470588235,"TO":13.2941176471,"STL":9.4705882353,"BLK":2.2352941176,"PF":19.1176470588,"Fls on:":16.9411764706,"+\/-":2.7058823529,"GW":144.0,"GP":17.0,"MINS":200.0,"FGM":24.7058823529,"FGA":68.7647058824,"FG%":35.9281437126,"2P%":42.6100628931,"3P%":27.9549718574,"FT%":60.3333333333,"PTS":68.8235294118,"REB":37.4705882353,"STK":11.7058823529},"AU":{"2PM":21.4375,"2PA":46.25,"3PM":7.0,"3PA":23.25,"FTM":15.6875,"FTA":22.8125,"OFF":11.5625,"DEF":30.8125,"AST":18.4375,"TO":16.1875,"STL":7.0,"BLK":3.25,"PF":23.75,"Fls on:":19.9375,"+\/-":3.4375,"GW":135.0,"GP":16.0,"MINS":200.0,"FGM":28.4375,"FGA":69.5,"FG%":40.9172661871,"2P%":46.3513513514,"3P%":30.1075268817,"FT%":68.7671232877,"PTS":79.5625,"REB":42.375,"STK":10.25},"SSCR":{"2PM":23.0625,"2PA":43.25,"3PM":7.1875,"3PA":23.5,"FTM":19.875,"FTA":31.0,"OFF":10.875,"DEF":31.125,"AST":21.4375,"TO":16.9375,"STL":6.5,"BLK":3.4375,"PF":19.125,"Fls on:":25.375,"+\/-":4.2875,"GW":145.0,"GP":16.0,"MINS":200.0,"FGM":30.25,"FGA":66.75,"FG%":45.3183520599,"2P%":53.323699422,"3P%":30.585106383,"FT%":64.1129032258,"PTS":87.5625,"REB":42.0,"STK":9.9375},"JRU":{"2PM":23.8125,"2PA":44.9375,"3PM":6.0,"3PA":21.8125,"FTM":15.5,"FTA":23.6875,"OFF":10.4375,"DEF":24.75,"AST":13.9375,"TO":13.625,"STL":8.25,"BLK":3.5625,"PF":22.9375,"Fls on:":21.75,"+\/-":4.575,"GW":155.0,"GP":16.0,"MINS":200.0,"FGM":29.8125,"FGA":66.75,"FG%":44.6629213483,"2P%":52.9902642559,"3P%":27.5071633238,"FT%":65.4353562005,"PTS":81.125,"REB":35.1875,"STK":11.8125}}