{"AU":{"POS":1301.1892088343,"PACE":81.3243255521},"CSB":{"POS":1230.5295594654,"PACE":76.9080974666},"CSJL":{"POS":1329.0120442753,"PACE":78.177179075},"EAC":{"POS":1272.1486666909,"PACE":79.5092916682},"JRU":{"POS":1246.6644412586,"PACE":77.9165275787},"LPU":{"POS":1272.8276698116,"PACE":79.5517293632},"MU":{"POS":1205.816882494,"PACE":75.3635551559},"SBU":{"POS":1144.706934426,"PACE":71.5441834016},"SSCR":{"POS":1337.172823554,"PACE":83.5733014721},"UPHSD":{"POS":1269.7225946009,"PACE":74.6895643883},"League":{"POS":1260.9790825411,"PACE":77.8557755122}}