{"AU":{"POS":587.5604700888,"PACE":83.9372100127},"CSB":{"POS":551.5292271777,"PACE":78.7898895968},"CSJL":{"POS":542.7803191801,"PACE":77.5400455972},"EAC":{"POS":554.8967696399,"PACE":79.2709670914},"JRU":{"POS":540.5008733196,"PACE":77.2144104742},"LPU":{"POS":571.2012800819,"PACE":81.6001828688},"MU":{"POS":533.8738034411,"PACE":76.2676862059},"SBU":{"POS":441.0927356847,"PACE":73.5154559475},"SSCR":{"POS":660.1164583376,"PACE":82.5145572922},"UPHSD":{"POS":543.2638582251,"PACE":77.6091226036},"League":{"POS":552.6815795177,"PACE":78.825952769}}