{"CSB":{"OFF":77.6477435641,"DEF":65.137073848,"NET":12.5106697161,"PACE":78.7898895968,"hAST%":15.3451398672,"hTO%":14.7162406923,"TOR":21.2137443012,"AR":22.1203145705,"STL%":9.6096448544,"BLK%":8.3333333333,"EFG%":49.3927125506,"TS%":51.3452269621,"PPWS":1.0269045392,"REB%":58.5278276481,"OREB%":40.8906882591,"DREB%":72.5806451613,"FTR":0.2854251012,"FFI":37.5200352656,"Py-W":6.6028781651,"Py-L":0.3971218349,"PPR":-2.4608959842,"HHI":0.10352379},"SBU":{"OFF":73.2839092211,"DEF":69.3731669657,"NET":3.9107422554,"PACE":73.5154559475,"hAST%":12.8547579299,"hTO%":13.3555926544,"TOR":18.1367756773,"AR":17.4566465894,"STL%":6.3478714871,"BLK%":7.3275862069,"EFG%":45.8776595745,"TS%":48.7556561086,"PPWS":0.9751131222,"REB%":54.4513457557,"OREB%":33.1838565022,"DREB%":72.6923076923,"FTR":0.3989361702,"FFI":35.5060716028,"Py-W":4.2377669085,"Py-L":1.7622330915,"PPR":-2.5091792157,"HHI":0.1307325004},"MU":{"OFF":76.1415895254,"DEF":73.0509715004,"NET":3.090618025,"PACE":76.2676862059,"hAST%":14.8271957729,"hTO%":11.5921712406,"TOR":16.1086757668,"AR":20.6041201668,"STL%":9.7401295334,"BLK%":4.8109965636,"EFG%":46.24217119,"TS%":49.6446105371,"PPWS":0.9928922107,"REB%":51.9011406844,"OREB%":31.7518248175,"DREB%":73.8095238095,"FTR":0.3173277662,"FFI":33.6343188739,"Py-W":4.6195300262,"Py-L":2.3804699738,"PPR":-0.9351105654,"HHI":0.1380836318},"CSJL":{"OFF":73.2340480953,"DEF":72.4049833998,"NET":0.8290646954,"PACE":77.5400455972,"hAST%":14.2122360585,"hTO%":15.2950730915,"TOR":20.8187356849,"AR":19.3448428931,"STL%":8.2906469542,"BLK%":10.4956268222,"EFG%":45.6236323851,"TS%":50.8832565284,"PPWS":1.0176651306,"REB%":50.6493506494,"OREB%":31.223628692,"DREB%":65.8940397351,"FTR":0.3172866521,"FFI":34.4581623949,"Py-W":3.8179103762,"Py-L":3.1820896238,"PPR":-2.9636001765,"HHI":0.1137344251},"League":{"OFF":73.1026715876,"DEF":73.1026715876,"NET":0.0,"PACE":78.825952769,"hAST%":14.5051859939,"hTO%":12.2046323013,"TOR":16.9898913732,"AR":20.1924587567,"STL%":9.6800765545,"BLK%":7.4534161491,"EFG%":43.9165818922,"TS%":47.7672554444,"PPWS":0.9553451089,"REB%":50.0,"OREB%":30.6579898771,"DREB%":69.3420101229,"FTR":0.3346897253,"FFI":32.9660494556,"Py-W":3.5,"Py-L":3.5,"PPR":-1.3588850174,"HHI":0.010328071},"AU":{"OFF":71.4820042159,"DEF":72.3755292686,"NET":-0.8935250527,"PACE":83.9372100127,"hAST%":13.5532249075,"hTO%":11.2732431474,"TOR":15.1473770839,"AR":18.2108915502,"STL%":11.7434721212,"BLK%":6.4102564103,"EFG%":44.5192307692,"TS%":47.179348925,"PPWS":0.9435869785,"REB%":49.0161001789,"OREB%":26.7123287671,"DREB%":73.4082397004,"FTR":0.3211538462,"FFI":31.7543100244,"Py-W":3.1533100407,"Py-L":3.8466899593,"PPR":-1.1441983359,"HHI":0.1095344388},"UPHSD":{"OFF":65.2997608122,"DEF":66.6803054382,"NET":-1.3805446261,"PACE":77.6091226036,"hAST%":15.4471963339,"hTO%":13.0013902477,"TOR":18.5913342975,"AR":22.0887140168,"STL%":9.9399213076,"BLK%":9.2150170648,"EFG%":39.4153225806,"TS%":42.5482153138,"PPWS":0.8509643063,"REB%":50.3355704698,"OREB%":30.5555555556,"DREB%":68.8311688312,"FTR":0.2741935484,"FFI":30.6379769435,"Py-W":2.9196138867,"Py-L":4.0803861133,"PPR":-1.4460513977,"HHI":0.1306804214},"EAC":{"OFF":68.3910991672,"DEF":69.8778621926,"NET":-1.4867630254,"PACE":79.2709670914,"hAST%":15.1522804182,"hTO%":10.1015202788,"TOR":14.4170960036,"AR":21.6256440054,"STL%":9.3711124024,"BLK%":9.3333333333,"EFG%":39.4324853229,"TS%":42.739374282,"PPWS":0.8547874856,"REB%":45.6228956229,"OREB%":27.5641025641,"DREB%":65.6028368794,"FTR":0.3600782779,"FFI":30.2912628112,"Py-W":2.9036983991,"Py-L":4.0963016009,"PPR":0.0,"HHI":0.105578903},"LPU":{"OFF":79.4378471867,"DEF":82.1951939486,"NET":-2.7573467619,"PACE":81.6001828688,"hAST%":16.215526047,"hTO%":10.342185904,"TOR":14.1806404895,"AR":22.2338437305,"STL%":8.053203241,"BLK%":3.8585209003,"EFG%":48.5887096774,"TS%":52.590403338,"PPWS":1.0518080668,"REB%":45.1086956522,"OREB%":23.4432234432,"DREB%":66.3082437276,"FTR":0.3629032258,"FFI":33.1128370691,"Py-W":2.5676308554,"Py-L":4.4323691446,"PPR":0.2485619589,"HHI":0.1317532955},"JRU":{"OFF":75.3467792751,"DEF":80.0646254912,"NET":-4.7178462161,"PACE":77.2144104742,"hAST%":15.4051555921,"hTO%":12.8376296601,"TOR":18.5013577103,"AR":22.2016292523,"STL%":9.8057195864,"BLK%":10.9375,"EFG%":42.3982869379,"TS%":48.5723486475,"PPWS":0.9714469729,"REB%":49.898989899,"OREB%":34.1085271318,"DREB%":67.0886075949,"FTR":0.4475374732,"FFI":35.1194217276,"Py-W":1.921754656,"Py-L":5.078245344,"PPR":-1.458387149,"HHI":0.1153234367},"SSCR":{"OFF":71.1238136953,"DEF":77.9407926437,"NET":-6.8169789484,"PACE":82.5145572922,"hAST%":12.0181607763,"hTO%":10.2376925131,"TOR":13.936934739,"AR":16.3607494762,"STL%":12.5735389493,"BLK%":3.768115942,"EFG%":39.4991922456,"TS%":44.801328295,"PPWS":0.8960265659,"REB%":45.9587955626,"OREB%":29.8342541436,"DREB%":67.6579925651,"FTR":0.2924071082,"FFI":29.6368680353,"Py-W":1.5023181748,"Py-L":6.4976818252,"PPR":-1.1757508061,"HHI":0.1306944033}}