{"CSB":{"2PM":20.0,"2PA":44.5714285714,"3PM":5.8571428571,"3PA":29.7142857143,"FTM":10.8571428571,"FTA":18.5714285714,"OFF":12.1428571429,"DEF":20.8571428571,"AST":11.8571428571,"TO":11.8571428571,"STL":9.0,"BLK":3.2857142857,"PF":19.4285714286,"Fls on:":18.5714285714,"+\/-":-13.1428571429,"GW":14.0,"GP":7.0,"MINS":200.0,"FGM":25.8571428571,"FGA":74.2857142857,"FG%":34.8076923077,"2P%":44.8717948718,"3P%":19.7115384615,"FT%":58.4615384615,"PTS":68.4285714286,"REB":33.0,"STK":12.2857142857},"SBU":{"2PM":16.1428571429,"2PA":38.5714285714,"3PM":8.0,"3PA":32.7142857143,"FTM":11.1428571429,"FTA":17.0,"OFF":10.8571428571,"DEF":26.0,"AST":14.8571428571,"TO":8.8571428571,"STL":5.7142857143,"BLK":3.0,"PF":22.4285714286,"Fls on:":17.8571428571,"+\/-":-3.5714285714,"GW":38.0,"GP":7.0,"MINS":200.0,"FGM":24.1428571429,"FGA":71.2857142857,"FG%":33.8677354709,"2P%":41.8518518519,"3P%":24.4541484716,"FT%":65.5462184874,"PTS":67.4285714286,"REB":36.8571428571,"STK":8.7142857143},"MU":{"2PM":17.5,"2PA":42.375,"3PM":6.375,"3PA":21.25,"FTM":19.75,"FTA":29.375,"OFF":9.75,"DEF":26.25,"AST":15.125,"TO":13.625,"STL":7.375,"BLK":3.0,"PF":20.125,"Fls on:":24.5,"+\/-":-3.5,"GW":23.0,"GP":8.0,"MINS":200.0,"FGM":23.875,"FGA":63.625,"FG%":37.5245579568,"2P%":41.2979351032,"3P%":30.0,"FT%":67.2340425532,"PTS":73.875,"REB":36.0,"STK":10.375},"CSJL":{"2PM":20.625,"2PA":48.125,"3PM":6.5,"3PA":28.125,"FTM":13.0,"FTA":20.625,"OFF":14.375,"DEF":24.5,"AST":15.125,"TO":10.25,"STL":8.0,"BLK":3.0,"PF":18.875,"Fls on:":20.375,"+\/-":-0.5,"GW":37.0,"GP":8.0,"MINS":200.0,"FGM":27.125,"FGA":76.25,"FG%":35.5737704918,"2P%":42.8571428571,"3P%":23.1111111111,"FT%":63.0303030303,"PTS":73.75,"REB":38.875,"STK":11.0},"League":{"2PM":20.1891891892,"2PA":43.6756756757,"3PM":6.9594594595,"3PA":26.4594594595,"FTM":15.2972972973,"FTA":23.6081081081,"OFF":12.0945945946,"DEF":27.5405405405,"AST":15.8513513514,"TO":13.2297297297,"STL":7.5405405405,"BLK":3.2297297297,"PF":21.3378378378,"Fls on:":21.0,"+\/-":0.0,"GW":48.3,"GP":7.4,"MINS":200.0,"FGM":27.1486486486,"FGA":70.1351351351,"FG%":38.7090558767,"2P%":46.2252475248,"3P%":26.3023493361,"FT%":64.7967945049,"PTS":76.5540540541,"REB":39.6351351351,"STK":10.7702702703},"UPHSD":{"2PM":18.4285714286,"2PA":41.8571428571,"3PM":7.0,"3PA":30.1428571429,"FTM":11.1428571429,"FTA":18.8571428571,"OFF":13.7142857143,"DEF":28.5714285714,"AST":14.1428571429,"TO":13.1428571429,"STL":9.1428571429,"BLK":2.5714285714,"PF":19.1428571429,"Fls on:":17.1428571429,"+\/-":1.4285714286,"GW":38.0,"GP":7.0,"MINS":200.0,"FGM":25.4285714286,"FGA":72.0,"FG%":35.3174603175,"2P%":44.0273037543,"3P%":23.2227488152,"FT%":59.0909090909,"PTS":69.0,"REB":42.2857142857,"STK":11.7142857143},"EAC":{"2PM":18.7142857143,"2PA":42.8571428571,"3PM":6.7142857143,"3PA":26.2857142857,"FTM":16.2857142857,"FTA":26.0,"OFF":13.8571428571,"DEF":32.2857142857,"AST":16.4285714286,"TO":14.4285714286,"STL":6.7142857143,"BLK":3.4285714286,"PF":22.1428571429,"Fls on:":22.5714285714,"+\/-":1.5714285714,"GW":53.0,"GP":7.0,"MINS":200.0,"FGM":25.4285714286,"FGA":69.1428571429,"FG%":36.7768595041,"2P%":43.6666666667,"3P%":25.5434782609,"FT%":62.6373626374,"PTS":73.8571428571,"REB":46.1428571429,"STK":10.1428571429},"AU":{"2PM":19.5,"2PA":44.625,"3PM":7.875,"3PA":26.125,"FTM":17.875,"FTA":25.75,"OFF":11.125,"DEF":30.625,"AST":17.375,"TO":15.375,"STL":7.875,"BLK":3.875,"PF":24.5,"Fls on:":20.625,"+\/-":1.625,"GW":77.0,"GP":8.0,"MINS":200.0,"FGM":27.375,"FGA":70.75,"FG%":38.6925795053,"2P%":43.6974789916,"3P%":30.1435406699,"FT%":69.4174757282,"PTS":80.5,"REB":41.75,"STK":11.75},"LPU":{"2PM":24.2857142857,"2PA":44.4285714286,"3PM":8.2857142857,"3PA":27.0,"FTM":16.0,"FTA":25.4285714286,"OFF":13.4285714286,"DEF":29.8571428571,"AST":18.7142857143,"TO":13.1428571429,"STL":6.4285714286,"BLK":3.2857142857,"PF":22.0,"Fls on:":21.5714285714,"+\/-":3.0,"GW":57.0,"GP":7.0,"MINS":200.0,"FGM":32.5714285714,"FGA":71.4285714286,"FG%":45.6,"2P%":54.6623794212,"3P%":30.6878306878,"FT%":62.9213483146,"PTS":89.4285714286,"REB":43.2857142857,"STK":9.7142857143},"JRU":{"2PM":23.7142857143,"2PA":45.7142857143,"3PM":6.5714285714,"3PA":21.7142857143,"FTM":15.2857142857,"FTA":21.7142857143,"OFF":11.1428571429,"DEF":24.2857142857,"AST":13.8571428571,"TO":13.5714285714,"STL":8.5714285714,"BLK":3.4285714286,"PF":24.7142857143,"Fls on:":19.8571428571,"+\/-":4.8571428571,"GW":69.0,"GP":7.0,"MINS":200.0,"FGM":30.2857142857,"FGA":67.4285714286,"FG%":44.9152542373,"2P%":51.875,"3P%":30.2631578947,"FT%":70.3947368421,"PTS":82.4285714286,"REB":35.4285714286,"STK":12.0},"SSCR":{"2PM":23.0,"2PA":43.125,"3PM":6.5,"3PA":22.625,"FTM":20.25,"FTA":31.0,"OFF":10.875,"DEF":31.75,"AST":20.375,"TO":17.5,"STL":6.625,"BLK":3.375,"PF":20.25,"Fls on:":25.875,"+\/-":7.5,"GW":77.0,"GP":8.0,"MINS":200.0,"FGM":29.5,"FGA":65.75,"FG%":44.8669201521,"2P%":53.3333333333,"3P%":28.729281768,"FT%":65.3225806452,"PTS":85.75,"REB":42.625,"STK":10.0}}