{"AU":{"MINS":1650.0,"FGM":240.0,"FGA":585.0,"2PM":206.0,"2PA":441.0,"3PM":34.0,"3PA":144.0,"FTM":117.0,"FTA":205.0,"PTS":631.0,"OFF":90.0,"DEF":219.0,"REB":309.0,"AST":122.0,"TO":104.0,"STL":76.0,"BLK":23.0,"STK":99.0,"PF":170.0,"Fls on:":190.0,"+\/-":-13.0,"GW":27.0,"GP":8.0,"W":2.0,"L":6.0,"FG%":41.0256410256,"2P%":46.7120181406,"3P%":23.6111111111,"FT%":57.0731707317},"CSB":{"MINS":1450.0,"FGM":220.0,"FGA":494.0,"2PM":172.0,"2PA":318.0,"3PM":48.0,"3PA":176.0,"FTM":83.0,"FTA":141.0,"PTS":571.0,"OFF":101.0,"DEF":225.0,"REB":326.0,"AST":122.0,"TO":117.0,"STL":53.0,"BLK":26.0,"STK":79.0,"PF":130.0,"Fls on:":132.0,"+\/-":92.0,"GW":84.0,"GP":7.0,"W":6.0,"L":1.0,"FG%":44.5344129555,"2P%":54.0880503145,"3P%":27.2727272727,"FT%":58.865248227},"CSJL":{"MINS":1675.0,"FGM":209.0,"FGA":525.0,"2PM":153.0,"2PA":305.0,"3PM":56.0,"3PA":220.0,"FTM":120.0,"FTA":154.0,"PTS":594.0,"OFF":79.0,"DEF":232.0,"REB":311.0,"AST":123.0,"TO":119.0,"STL":46.0,"BLK":41.0,"STK":87.0,"PF":167.0,"Fls on:":147.0,"+\/-":4.0,"GW":66.0,"GP":8.0,"W":5.0,"L":3.0,"FG%":39.8095238095,"2P%":50.1639344262,"3P%":25.4545454545,"FT%":77.9220779221},"EAC":{"MINS":1425.0,"FGM":172.0,"FGA":511.0,"2PM":113.0,"2PA":303.0,"3PM":59.0,"3PA":208.0,"FTM":103.0,"FTA":184.0,"PTS":506.0,"OFF":86.0,"DEF":185.0,"REB":271.0,"AST":120.0,"TO":80.0,"STL":52.0,"BLK":28.0,"STK":80.0,"PF":160.0,"Fls on:":153.0,"+\/-":-11.0,"GW":41.0,"GP":7.0,"W":3.0,"L":4.0,"FG%":33.6594911937,"2P%":37.2937293729,"3P%":28.3653846154,"FT%":55.9782608696},"JRU":{"MINS":1400.0,"FGM":177.0,"FGA":467.0,"2PM":135.0,"2PA":321.0,"3PM":42.0,"3PA":146.0,"FTM":147.0,"FTA":209.0,"PTS":543.0,"OFF":88.0,"DEF":159.0,"REB":247.0,"AST":120.0,"TO":100.0,"STL":53.0,"BLK":35.0,"STK":88.0,"PF":141.0,"Fls on:":171.0,"+\/-":-34.0,"GW":29.0,"GP":7.0,"W":2.0,"L":5.0,"FG%":37.9014989293,"2P%":42.0560747664,"3P%":28.7671232877,"FT%":70.3349282297},"LPU":{"MINS":1425.0,"FGM":210.0,"FGA":496.0,"2PM":148.0,"2PA":292.0,"3PM":62.0,"3PA":204.0,"FTM":123.0,"FTA":180.0,"PTS":605.0,"OFF":64.0,"DEF":185.0,"REB":249.0,"AST":127.0,"TO":81.0,"STL":46.0,"BLK":12.0,"STK":58.0,"PF":152.0,"Fls on:":153.0,"+\/-":-21.0,"GW":37.0,"GP":7.0,"W":3.0,"L":4.0,"FG%":42.3387096774,"2P%":50.6849315068,"3P%":30.3921568627,"FT%":68.3333333333},"MU":{"MINS":1600.0,"FGM":215.0,"FGA":550.0,"2PM":149.0,"2PA":311.0,"3PM":66.0,"3PA":239.0,"FTM":123.0,"FTA":188.0,"PTS":619.0,"OFF":105.0,"DEF":217.0,"REB":322.0,"AST":126.0,"TO":101.0,"STL":65.0,"BLK":15.0,"STK":80.0,"PF":201.0,"Fls on:":158.0,"+\/-":28.0,"GW":71.0,"GP":8.0,"W":6.0,"L":2.0,"FG%":39.0909090909,"2P%":47.9099678457,"3P%":27.6150627615,"FT%":65.4255319149},"SBU":{"MINS":1425.0,"FGM":173.0,"FGA":447.0,"2PM":119.0,"2PA":266.0,"3PM":54.0,"3PA":181.0,"FTM":97.0,"FTA":169.0,"PTS":497.0,"OFF":86.0,"DEF":222.0,"REB":308.0,"AST":85.0,"TO":84.0,"STL":30.0,"BLK":19.0,"STK":49.0,"PF":125.0,"Fls on:":157.0,"+\/-":25.0,"GW":54.0,"GP":7.0,"W":4.0,"L":3.0,"FG%":38.7024608501,"2P%":44.7368421053,"3P%":29.8342541436,"FT%":57.3964497041},"SSCR":{"MINS":1625.0,"FGM":218.0,"FGA":619.0,"2PM":165.0,"2PA":357.0,"3PM":53.0,"3PA":262.0,"FTM":137.0,"FTA":181.0,"PTS":626.0,"OFF":108.0,"DEF":182.0,"REB":290.0,"AST":108.0,"TO":92.0,"STL":83.0,"BLK":13.0,"STK":96.0,"PF":212.0,"Fls on:":161.0,"+\/-":-60.0,"GW":26.0,"GP":8.0,"W":2.0,"L":6.0,"FG%":35.2180936995,"2P%":46.218487395,"3P%":20.2290076336,"FT%":75.6906077348},"UPHSD":{"MINS":1475.0,"FGM":175.0,"FGA":496.0,"2PM":134.0,"2PA":318.0,"3PM":41.0,"3PA":178.0,"FTM":82.0,"FTA":136.0,"PTS":473.0,"OFF":88.0,"DEF":212.0,"REB":300.0,"AST":120.0,"TO":101.0,"STL":54.0,"BLK":27.0,"STK":81.0,"PF":121.0,"Fls on:":132.0,"+\/-":-10.0,"GW":48.0,"GP":7.0,"W":4.0,"L":3.0,"FG%":35.2822580645,"2P%":42.1383647799,"3P%":23.0337078652,"FT%":60.2941176471},"League":{"MINS":1515.0,"FGM":200.9,"FGA":519.0,"2PM":149.4,"2PA":323.2,"3PM":51.5,"3PA":195.8,"FTM":113.2,"FTA":174.7,"PTS":566.5,"OFF":89.5,"DEF":203.8,"REB":293.3,"AST":117.3,"TO":97.9,"STL":55.8,"BLK":23.9,"STK":79.7,"PF":157.9,"Fls on:":155.4,"+\/-":0.0,"GW":48.3,"GP":7.4,"W":3.7,"L":3.7,"FG%":38.7090558767,"2P%":46.2252475248,"3P%":26.3023493361,"FT%":64.7967945049}}