{"CSB":{"OFF":77.6477435641,"DEF":65.137073848,"NET":12.5106697161,"PACE":78.7898895968,"hAST%":15.3451398672,"hTO%":14.7162406923,"TOR":21.2137443012,"AR":22.1203145705,"STL%":9.6096448544,"BLK%":8.3333333333,"EFG%":49.3927125506,"TS%":51.3452269621,"PPWS":1.0269045392,"REB%":58.5278276481,"OREB%":40.8906882591,"DREB%":72.5806451613,"FTR":0.2854251012,"FFI":37.5200352656,"Py-W":6.6028781651,"Py-L":0.3971218349,"PPR":-2.4571585434,"HHI":0.10352379},"SBU":{"OFF":72.8690920905,"DEF":69.2036448022,"NET":3.6654472883,"PACE":73.0762501252,"hAST%":12.3124167101,"hTO%":12.1675647488,"TOR":16.4212038514,"AR":16.6166943734,"STL%":5.8647156612,"BLK%":7.037037037,"EFG%":44.7427293065,"TS%":47.6638023631,"PPWS":0.9532760473,"REB%":54.4169611307,"OREB%":32.0895522388,"DREB%":74.4966442953,"FTR":0.3780760626,"FFI":34.0914440728,"Py-W":4.8682282912,"Py-L":2.1317717088,"PPR":-2.0659063488,"HHI":0.1296592432},"MU":{"OFF":75.5646217949,"DEF":72.146512893,"NET":3.4181089019,"PACE":76.7968509887,"hAST%":14.6559344903,"hTO%":11.7480109803,"TOR":16.4394761471,"AR":20.5086534112,"STL%":10.5798608867,"BLK%":4.4247787611,"EFG%":45.0909090909,"TS%":48.9157921355,"PPWS":0.9783158427,"REB%":52.7868852459,"OREB%":33.3333333333,"DREB%":73.5593220339,"FTR":0.3418181818,"FFI":33.9401720671,"Py-W":5.417065486,"Py-L":2.582934514,"PPR":-1.0889167466,"HHI":0.1350476693},"CSJL":{"OFF":72.6099090539,"DEF":72.1209534374,"NET":0.4889556165,"PACE":76.6940776068,"hAST%":14.7347740668,"hTO%":14.2555944223,"TOR":19.3952394555,"AR":20.0471802775,"STL%":7.4973194534,"BLK%":10.6493506494,"EFG%":45.1428571429,"TS%":50.1045954518,"PPWS":1.002091909,"REB%":50.0,"OREB%":28.7272727273,"DREB%":66.8587896254,"FTR":0.2933333333,"FFI":33.0514072665,"Py-W":4.2160066991,"Py-L":3.7839933009,"PPR":-2.2669097726,"HHI":0.1157308211},"League":{"OFF":72.8906343267,"DEF":72.8906343267,"NET":0.0,"PACE":78.7062372959,"hAST%":14.4624125227,"hTO%":12.0705045693,"TOR":16.7955118578,"AR":20.1237338194,"STL%":9.5729270855,"BLK%":7.3948019802,"EFG%":43.6705202312,"TS%":47.5356958252,"PPWS":0.9507139165,"REB%":50.0,"OREB%":30.5148312308,"DREB%":69.4851687692,"FTR":0.3366088632,"FFI":32.8191852511,"Py-W":3.7,"Py-L":3.7,"PPR":-1.300330033,"HHI":0.0104118123},"UPHSD":{"OFF":65.2997608122,"DEF":66.6803054382,"NET":-1.3805446261,"PACE":77.6091226036,"hAST%":15.4471963339,"hTO%":13.0013902477,"TOR":18.5913342975,"AR":22.0887140168,"STL%":9.9399213076,"BLK%":9.2150170648,"EFG%":39.4153225806,"TS%":42.5482153138,"PPWS":0.8509643063,"REB%":50.3355704698,"OREB%":30.5555555556,"DREB%":68.8311688312,"FTR":0.2741935484,"FFI":30.6379769435,"Py-W":2.9196138867,"Py-L":4.0803861133,"PPR":-1.4438552336,"HHI":0.1306804214},"AU":{"OFF":70.8491477868,"DEF":72.3087974243,"NET":-1.4596496374,"PACE":83.4960643112,"hAST%":13.5375055482,"hTO%":11.540168664,"TOR":15.5695961328,"AR":18.264333925,"STL%":11.3777817893,"BLK%":6.4425770308,"EFG%":43.9316239316,"TS%":46.7268957346,"PPWS":0.9345379147,"REB%":48.0559875583,"OREB%":26.8656716418,"DREB%":71.1038961039,"FTR":0.3504273504,"FFI":32.0945931906,"Py-W":3.3531569166,"Py-L":4.6468430834,"PPR":-1.2949316906,"HHI":0.1079588408},"EAC":{"OFF":68.3910991672,"DEF":69.8778621926,"NET":-1.4867630254,"PACE":79.2709670914,"hAST%":15.1522804182,"hTO%":10.1015202788,"TOR":14.4170960036,"AR":21.6256440054,"STL%":9.3711124024,"BLK%":9.3333333333,"EFG%":39.4324853229,"TS%":42.739374282,"PPWS":0.8547874856,"REB%":45.6228956229,"OREB%":27.5641025641,"DREB%":65.6028368794,"FTR":0.3600782779,"FFI":30.2912628112,"Py-W":2.9036983991,"Py-L":4.0963016009,"PPR":0.0,"HHI":0.105578903},"LPU":{"OFF":79.4378471867,"DEF":82.1951939486,"NET":-2.7573467619,"PACE":81.6001828688,"hAST%":16.215526047,"hTO%":10.342185904,"TOR":14.1806404895,"AR":22.2338437305,"STL%":8.053203241,"BLK%":3.8585209003,"EFG%":48.5887096774,"TS%":52.590403338,"PPWS":1.0518080668,"REB%":45.1086956522,"OREB%":23.4432234432,"DREB%":66.3082437276,"FTR":0.3629032258,"FFI":33.1128370691,"Py-W":2.5676308554,"Py-L":4.4323691446,"PPR":0.2481844599,"HHI":0.1317532955},"JRU":{"OFF":75.3467792751,"DEF":80.0646254912,"NET":-4.7178462161,"PACE":77.2144104742,"hAST%":15.4051555921,"hTO%":12.8376296601,"TOR":18.5013577103,"AR":22.2016292523,"STL%":9.8057195864,"BLK%":10.9375,"EFG%":42.3982869379,"TS%":48.5723486475,"PPWS":0.9714469729,"REB%":49.898989899,"OREB%":34.1085271318,"DREB%":67.0886075949,"FTR":0.4475374732,"FFI":35.1194217276,"Py-W":1.921754656,"Py-L":5.078245344,"PPR":-1.4561722502,"HHI":0.1153234367},"SSCR":{"OFF":71.1238136953,"DEF":77.9407926437,"NET":-6.8169789484,"PACE":82.5145572922,"hAST%":12.0181607763,"hTO%":10.2376925131,"TOR":13.936934739,"AR":16.3607494762,"STL%":12.5735389493,"BLK%":3.768115942,"EFG%":39.4991922456,"TS%":44.801328295,"PPWS":0.8960265659,"REB%":45.9587955626,"OREB%":29.8342541436,"DREB%":67.6579925651,"FTR":0.2924071082,"FFI":29.6368680353,"Py-W":1.5023181748,"Py-L":6.4976818252,"PPR":-1.1739651561,"HHI":0.1306944033}}