{"CSB":{"2PM":18.0,"2PA":45.0,"3PM":4.25,"3PA":26.25,"FTM":10.25,"FTA":20.25,"OFF":13.0,"DEF":22.75,"AST":10.75,"TO":12.75,"STL":7.5,"BLK":3.75,"PF":19.5,"Fls on:":20.0,"+\/-":-16.75,"GW":0.0,"GP":4.0,"MINS":200.0,"FGM":22.25,"FGA":71.25,"FG%":31.2280701754,"2P%":40.0,"3P%":16.1904761905,"FT%":50.6172839506,"PTS":59.0,"REB":35.75,"STK":11.25},"SBU":{"2PM":14.6,"2PA":37.8,"3PM":8.6,"3PA":34.8,"FTM":12.2,"FTA":19.2,"OFF":12.8,"DEF":24.6,"AST":14.0,"TO":9.4,"STL":6.8,"BLK":2.6,"PF":23.8,"Fls on:":19.0,"+\/-":-5.0,"GW":25.0,"GP":5.0,"MINS":200.0,"FGM":23.2,"FGA":72.6,"FG%":31.955922865,"2P%":38.6243386243,"3P%":24.7126436782,"FT%":63.5416666667,"PTS":67.2,"REB":37.4,"STK":9.4},"MU":{"2PM":17.75,"2PA":44.5,"3PM":5.5,"3PA":21.25,"FTM":15.75,"FTA":24.0,"OFF":9.75,"DEF":29.25,"AST":14.75,"TO":14.75,"STL":7.5,"BLK":3.25,"PF":17.75,"Fls on:":22.25,"+\/-":-2.75,"GW":13.0,"GP":4.0,"MINS":200.0,"FGM":23.25,"FGA":65.75,"FG%":35.36121673,"2P%":39.8876404494,"3P%":25.8823529412,"FT%":65.625,"PTS":67.75,"REB":39.0,"STK":10.75},"League":{"2PM":19.6590909091,"2PA":43.5,"3PM":6.8636363636,"3PA":26.1818181818,"FTM":14.8863636364,"FTA":23.7272727273,"OFF":12.5,"DEF":27.6363636364,"AST":15.3181818182,"TO":13.1818181818,"STL":7.4545454545,"BLK":3.5454545455,"PF":21.7954545455,"Fls on:":21.4090909091,"+\/-":0.0,"GW":29.2,"GP":4.4,"MINS":200.0,"FGM":26.5227272727,"FGA":69.6818181818,"FG%":38.0626223092,"2P%":45.1933124347,"3P%":26.2152777778,"FT%":62.7394636015,"PTS":74.7954545455,"REB":40.1363636364,"STK":11.0},"CSJL":{"2PM":20.75,"2PA":46.25,"3PM":6.75,"3PA":26.75,"FTM":15.5,"FTA":23.25,"OFF":13.25,"DEF":20.75,"AST":14.5,"TO":10.25,"STL":9.0,"BLK":3.75,"PF":22.5,"Fls on:":22.0,"+\/-":1.75,"GW":25.0,"GP":4.0,"MINS":200.0,"FGM":27.5,"FGA":73.0,"FG%":37.6712328767,"2P%":44.8648648649,"3P%":25.2336448598,"FT%":66.6666666667,"PTS":77.25,"REB":34.0,"STK":12.75},"UPHSD":{"2PM":18.4,"2PA":40.4,"3PM":7.0,"3PA":26.4,"FTM":12.0,"FTA":21.6,"OFF":12.6,"DEF":26.8,"AST":14.0,"TO":13.2,"STL":9.2,"BLK":2.6,"PF":20.4,"Fls on:":19.0,"+\/-":1.8,"GW":26.0,"GP":5.0,"MINS":200.0,"FGM":25.4,"FGA":66.8,"FG%":38.0239520958,"2P%":45.5445544554,"3P%":26.5151515152,"FT%":55.5555555556,"PTS":69.8,"REB":39.4,"STK":11.8},"EAC":{"2PM":18.4,"2PA":45.0,"3PM":6.2,"3PA":26.0,"FTM":15.4,"FTA":27.6,"OFF":16.2,"DEF":32.8,"AST":15.4,"TO":14.0,"STL":7.2,"BLK":3.0,"PF":23.2,"Fls on:":22.8,"+\/-":2.2,"GW":40.0,"GP":5.0,"MINS":200.0,"FGM":24.6,"FGA":71.0,"FG%":34.6478873239,"2P%":40.8888888889,"3P%":23.8461538462,"FT%":55.7971014493,"PTS":70.8,"REB":49.0,"STK":10.2},"LPU":{"2PM":25.0,"2PA":48.5,"3PM":7.25,"3PA":25.25,"FTM":16.25,"FTA":25.75,"OFF":14.5,"DEF":30.5,"AST":18.5,"TO":13.0,"STL":7.25,"BLK":3.5,"PF":21.75,"Fls on:":23.5,"+\/-":2.25,"GW":28.0,"GP":4.0,"MINS":200.0,"FGM":32.25,"FGA":73.75,"FG%":43.7288135593,"2P%":51.5463917526,"3P%":28.7128712871,"FT%":63.1067961165,"PTS":88.0,"REB":45.0,"STK":10.75},"SSCR":{"2PM":21.5,"2PA":40.75,"3PM":7.5,"3PA":25.75,"FTM":22.5,"FTA":33.75,"OFF":11.75,"DEF":29.0,"AST":19.25,"TO":16.75,"STL":5.25,"BLK":3.5,"PF":22.5,"Fls on:":29.25,"+\/-":4.25,"GW":27.0,"GP":4.0,"MINS":200.0,"FGM":29.0,"FGA":66.5,"FG%":43.6090225564,"2P%":52.7607361963,"3P%":29.1262135922,"FT%":66.6666666667,"PTS":88.0,"REB":40.75,"STK":8.75},"AU":{"2PM":21.5,"2PA":46.0,"3PM":8.5,"3PA":27.5,"FTM":14.5,"FTA":20.75,"OFF":10.5,"DEF":34.5,"AST":19.0,"TO":15.75,"STL":6.25,"BLK":6.0,"PF":21.5,"Fls on:":17.5,"+\/-":5.0,"GW":52.0,"GP":4.0,"MINS":200.0,"FGM":30.0,"FGA":73.5,"FG%":40.8163265306,"2P%":46.7391304348,"3P%":30.9090909091,"FT%":69.8795180723,"PTS":83.0,"REB":45.0,"STK":12.25},"JRU":{"2PM":22.0,"2PA":42.8,"3PM":6.8,"3PA":21.0,"FTM":15.6,"FTA":22.2,"OFF":10.2,"DEF":25.6,"AST":14.0,"TO":12.8,"STL":8.2,"BLK":4.0,"PF":24.0,"Fls on:":20.0,"+\/-":6.0,"GW":56.0,"GP":5.0,"MINS":200.0,"FGM":28.8,"FGA":63.8,"FG%":45.1410658307,"2P%":51.4018691589,"3P%":32.380952381,"FT%":70.2702702703,"PTS":80.0,"REB":35.8,"STK":12.2}}