{"CSB":{"MINS":206.25,"FGM":29.5,"FGA":72.25,"2PM":23.25,"2PA":45.75,"3PM":6.25,"3PA":26.5,"FTM":10.5,"FTA":17.0,"PTS":75.75,"OFF":15.75,"DEF":33.0,"REB":48.75,"AST":14.0,"TO":13.75,"STL":7.75,"BLK":4.25,"STK":12.0,"PF":20.0,"Fls on:":19.0,"+\/-":16.75,"GW":55.0,"GP":4.0,"W":4.0,"L":0.0,"FG%":40.830449827,"2P%":50.8196721311,"3P%":23.5849056604,"FT%":61.7647058824,"W%":1.0},"MU":{"MINS":200.0,"FGM":24.75,"FGA":67.25,"2PM":15.75,"2PA":36.5,"3PM":9.0,"3PA":30.75,"FTM":12.0,"FTA":19.5,"PTS":70.5,"OFF":12.0,"DEF":27.5,"REB":39.5,"AST":15.25,"TO":12.5,"STL":8.75,"BLK":2.5,"STK":11.25,"PF":23.0,"Fls on:":17.25,"+\/-":2.75,"GW":35.0,"GP":4.0,"W":3.0,"L":1.0,"FG%":36.8029739777,"2P%":43.1506849315,"3P%":29.2682926829,"FT%":61.5384615385,"W%":0.75},"SBU":{"MINS":205.0,"FGM":24.2,"FGA":62.2,"2PM":16.0,"2PA":37.0,"3PM":8.2,"3PA":25.2,"FTM":15.6,"FTA":26.4,"PTS":72.2,"OFF":13.2,"DEF":31.4,"REB":44.6,"AST":12.4,"TO":13.8,"STL":4.4,"BLK":3.2,"STK":7.6,"PF":19.0,"Fls on:":23.8,"+\/-":5.0,"GW":42.0,"GP":5.0,"W":3.0,"L":2.0,"FG%":38.9067524116,"2P%":43.2432432432,"3P%":32.5396825397,"FT%":59.0909090909,"W%":0.6},"UPHSD":{"MINS":200.0,"FGM":24.4,"FGA":68.6,"2PM":18.6,"2PA":44.0,"3PM":5.8,"3PA":24.6,"FTM":13.4,"FTA":22.4,"PTS":68.0,"OFF":13.4,"DEF":26.2,"REB":39.6,"AST":15.6,"TO":13.6,"STL":7.4,"BLK":4.0,"STK":11.4,"PF":19.2,"Fls on:":20.2,"+\/-":-1.8,"GW":38.0,"GP":5.0,"W":3.0,"L":2.0,"FG%":35.5685131195,"2P%":42.2727272727,"3P%":23.5772357724,"FT%":59.8214285714,"W%":0.6},"CSJL":{"MINS":200.0,"FGM":25.5,"FGA":60.75,"2PM":19.75,"2PA":38.25,"3PM":5.75,"3PA":22.5,"FTM":18.75,"FTA":25.5,"PTS":75.5,"OFF":10.25,"DEF":27.25,"REB":37.5,"AST":14.0,"TO":16.0,"STL":6.5,"BLK":5.0,"STK":11.5,"PF":23.0,"Fls on:":21.5,"+\/-":-1.75,"GW":27.0,"GP":4.0,"W":2.0,"L":2.0,"FG%":41.975308642,"2P%":51.6339869281,"3P%":25.5555555556,"FT%":73.5294117647,"W%":0.5},"LPU":{"MINS":206.25,"FGM":30.25,"FGA":71.5,"2PM":21.5,"2PA":42.75,"3PM":8.75,"3PA":28.75,"FTM":16.5,"FTA":24.75,"PTS":85.75,"OFF":9.25,"DEF":28.5,"REB":37.75,"AST":19.0,"TO":13.75,"STL":6.5,"BLK":2.25,"STK":8.75,"PF":23.75,"Fls on:":21.5,"+\/-":-2.25,"GW":27.0,"GP":4.0,"W":2.0,"L":2.0,"FG%":42.3076923077,"2P%":50.2923976608,"3P%":30.4347826087,"FT%":66.6666666667,"W%":0.5},"SSCR":{"MINS":200.0,"FGM":29.75,"FGA":81.0,"2PM":23.5,"2PA":46.75,"3PM":6.25,"3PA":34.25,"FTM":18.0,"FTA":23.75,"PTS":83.75,"OFF":16.0,"DEF":23.5,"REB":39.5,"AST":14.5,"TO":10.5,"STL":9.5,"BLK":1.5,"STK":11.0,"PF":29.25,"Fls on:":22.25,"+\/-":-4.25,"GW":26.0,"GP":4.0,"W":2.0,"L":2.0,"FG%":36.7283950617,"2P%":50.2673796791,"3P%":18.2481751825,"FT%":75.7894736842,"W%":0.5},"League":{"MINS":203.4090909091,"FGM":26.5227272727,"FGA":69.6818181818,"2PM":19.6590909091,"2PA":43.5,"3PM":6.8636363636,"3PA":26.1818181818,"FTM":14.8863636364,"FTA":23.7272727273,"PTS":74.7954545455,"OFF":12.5,"DEF":27.6363636364,"REB":40.1363636364,"AST":15.3181818182,"TO":13.1818181818,"STL":7.4545454545,"BLK":3.5454545455,"STK":11.0,"PF":21.7954545455,"Fls on:":21.4090909091,"+\/-":0.0,"GW":29.2,"GP":4.4,"W":2.2,"L":2.2,"FG%":38.0626223092,"2P%":45.1933124347,"3P%":26.2152777778,"FT%":62.7394636015,"W%":0.5},"EAC":{"MINS":205.0,"FGM":22.6,"FGA":71.4,"2PM":14.8,"2PA":41.6,"3PM":7.8,"3PA":29.8,"FTM":15.6,"FTA":27.8,"PTS":68.6,"OFF":11.2,"DEF":27.8,"REB":39.0,"AST":17.4,"TO":12.2,"STL":7.4,"BLK":4.6,"STK":12.0,"PF":23.2,"Fls on:":22.8,"+\/-":-2.2,"GW":27.0,"GP":5.0,"W":2.0,"L":3.0,"FG%":31.6526610644,"2P%":35.5769230769,"3P%":26.1744966443,"FT%":56.1151079137,"W%":0.4},"JRU":{"MINS":200.0,"FGM":25.0,"FGA":67.0,"2PM":18.8,"2PA":45.2,"3PM":6.2,"3PA":21.8,"FTM":17.8,"FTA":26.4,"PTS":74.0,"OFF":12.4,"DEF":22.2,"REB":34.6,"AST":16.8,"TO":13.4,"STL":6.8,"BLK":5.2,"STK":12.0,"PF":20.4,"Fls on:":23.8,"+\/-":-6.0,"GW":15.0,"GP":5.0,"W":1.0,"L":4.0,"FG%":37.3134328358,"2P%":41.592920354,"3P%":28.4403669725,"FT%":67.4242424242,"W%":0.2},"AU":{"MINS":212.5,"FGM":31.75,"FGA":77.25,"2PM":27.25,"2PA":58.75,"3PM":4.5,"3PA":18.5,"FTM":10.0,"FTA":21.75,"PTS":78.0,"OFF":11.5,"DEF":29.75,"REB":41.25,"AST":14.0,"TO":12.25,"STL":10.5,"BLK":2.25,"STK":12.75,"PF":18.5,"Fls on:":20.75,"+\/-":-5.0,"GW":0.0,"GP":4.0,"W":0.0,"L":4.0,"FG%":41.1003236246,"2P%":46.3829787234,"3P%":24.3243243243,"FT%":45.9770114943,"W%":0.0}}