{"CSB":{"OFF":75.0644190567,"DEF":58.466016163,"NET":16.5984028937,"PACE":75.6849925889,"hAST%":13.0256791961,"hTO%":12.7930777819,"TOR":18.1674061523,"AR":18.4977226278,"STL%":10.2398107404,"BLK%":9.4444444444,"EFG%":45.1557093426,"TS%":47.5040762574,"PPWS":0.9500815251,"REB%":57.6923076923,"OREB%":40.9090909091,"DREB%":71.7391304348,"FTR":0.2352941176,"FFI":34.3153652216,"Py-W":3.9279431643,"Py-L":0.0720568357,"PPR":-2.2123139481,"HHI":0.1145094707},"SBU":{"OFF":73.8070371677,"DEF":68.6957465051,"NET":5.1112906626,"PACE":73.3669878618,"hAST%":12.3980163174,"hTO%":13.7977923532,"TOR":18.8095496383,"AR":16.9013344576,"STL%":5.9972477108,"BLK%":8.4656084656,"EFG%":45.498392283,"TS%":48.9053863661,"PPWS":0.9781077273,"REB%":54.3902439024,"OREB%":34.9206349206,"DREB%":71.0407239819,"FTR":0.424437299,"FFI":36.2524307924,"Py-W":3.7959727969,"Py-L":1.2040272031,"PPR":-2.8766574331,"HHI":0.1342761335},"MU":{"OFF":69.3360525691,"DEF":66.6314547739,"NET":2.7045977953,"PACE":76.259028371,"hAST%":14.7229194825,"hTO%":12.067966789,"TOR":16.3915017894,"AR":19.9976321831,"STL%":11.4740512526,"BLK%":5.6179775281,"EFG%":43.4944237918,"TS%":46.4855598048,"PPWS":0.9297111961,"REB%":50.3184713376,"OREB%":29.0909090909,"DREB%":73.8255033557,"FTR":0.2899628253,"FFI":31.6632691614,"Py-W":2.6159487911,"Py-L":1.3840512089,"PPR":-1.1962208998,"HHI":0.1392032594},"League":{"OFF":71.9519822105,"DEF":71.9519822105,"NET":0.0,"PACE":78.1908373195,"hAST%":14.102306585,"hTO%":12.1355160524,"TOR":16.9075862178,"AR":19.6477812255,"STL%":9.5615315163,"BLK%":8.1504702194,"EFG%":42.9876060013,"TS%":46.6760841446,"PPWS":0.9335216829,"REB%":50.0,"OREB%":31.1438278596,"DREB%":68.8561721404,"FTR":0.3405088063,"FFI":32.7583366208,"Py-W":2.2,"Py-L":2.2,"PPR":-1.4599627561,"HHI":0.0102868542},"CSJL":{"OFF":74.9498270535,"DEF":76.6870747004,"NET":-1.7372476469,"PACE":75.5505412435,"hAST%":13.7295282926,"hTO%":15.6908894773,"TOR":21.1778760769,"AR":18.5306415673,"STL%":8.6035121563,"BLK%":10.8108108108,"EFG%":46.70781893,"TS%":52.4524107267,"PPWS":1.0490482145,"REB%":52.4475524476,"OREB%":33.064516129,"DREB%":67.2839506173,"FTR":0.4197530864,"FFI":36.8867961134,"Py-W":1.6374241176,"Py-L":2.3625758824,"PPR":-3.4498247148,"HHI":0.114885312},"UPHSD":{"OFF":68.1590831439,"DEF":69.9632941683,"NET":-1.8042110244,"PACE":74.8249501718,"hAST%":14.4905996879,"hTO%":12.6328304971,"TOR":18.175755505,"AR":20.8486607264,"STL%":9.8897493189,"BLK%":9.900990099,"EFG%":39.7959183673,"TS%":43.3363923728,"PPWS":0.8667278475,"REB%":50.1265822785,"OREB%":33.3333333333,"DREB%":67.5257731959,"FTR":0.3265306122,"FFI":32.0269320735,"Py-W":1.9849521729,"Py-L":3.0150478271,"PPR":-1.6719735787,"HHI":0.1342387543},"LPU":{"OFF":77.0416115263,"DEF":79.0631115372,"NET":-2.0215000109,"PACE":83.4776151821,"hAST%":16.501650165,"hTO%":11.9419836721,"TOR":16.4714815702,"AR":22.7605927152,"STL%":7.7865185605,"BLK%":4.6391752577,"EFG%":48.4265734266,"TS%":52.0390824129,"PPWS":1.0407816483,"REB%":45.6193353474,"OREB%":23.2704402516,"DREB%":66.2790697674,"FTR":0.3461538462,"FFI":33.3348955058,"Py-W":1.5914190493,"Py-L":2.4085809507,"PPR":-0.4919873988,"HHI":0.1435541314},"EAC":{"OFF":64.6400782877,"DEF":66.7130837138,"NET":-2.0730054261,"PACE":79.5945818182,"hAST%":15.3666807969,"hTO%":10.7743394094,"TOR":15.3276764841,"AR":21.8607844938,"STL%":9.2971152445,"BLK%":10.2222222222,"EFG%":37.1148459384,"TS%":41.0130093744,"PPWS":0.8202601875,"REB%":44.3181818182,"OREB%":25.4545454545,"DREB%":63.1818181818,"FTR":0.3893557423,"FFI":29.6091027217,"Py-W":1.8817573894,"Py-L":3.1182426106,"PPR":-0.2875211176,"HHI":0.1093506957},"SSCR":{"OFF":76.193059482,"DEF":80.0595729482,"NET":-3.8665134662,"PACE":82.4386111111,"hAST%":12.4516960069,"hTO%":9.0167453843,"TOR":12.7367502418,"AR":17.588845572,"STL%":11.5237264092,"BLK%":3.6809815951,"EFG%":40.5864197531,"TS%":45.7900492072,"PPWS":0.9158009841,"REB%":49.2211838006,"OREB%":35.5555555556,"DREB%":66.6666666667,"FTR":0.2932098765,"FFI":30.9280147209,"Py-W":1.2469487281,"Py-L":2.7530512719,"PPR":-0.3951972881,"HHI":0.1456627311},"AU":{"OFF":68.2468132942,"DEF":72.6216090182,"NET":-4.374795724,"PACE":85.7182880435,"hAST%":12.3817104449,"hTO%":10.8339966393,"TOR":14.290999365,"AR":16.3325707029,"STL%":12.2494280272,"BLK%":4.8913043478,"EFG%":44.0129449838,"TS%":44.9205252246,"PPWS":0.8984105045,"REB%":47.8260869565,"OREB%":25.0,"DREB%":73.9130434783,"FTR":0.2815533981,"FFI":30.4012288057,"Py-W":1.0804053466,"Py-L":2.9195946534,"PPR":-1.2520170381,"HHI":0.1089538133},"JRU":{"OFF":74.007127574,"DEF":80.0077054854,"NET":-6.0005779114,"PACE":74.9927768031,"hAST%":15.4389060432,"hTO%":12.3143655345,"TOR":17.8683875584,"AR":22.4021575359,"STL%":9.067539955,"BLK%":12.1495327103,"EFG%":41.9402985075,"TS%":47.0642108477,"PPWS":0.941284217,"REB%":49.1477272727,"OREB%":32.6315789474,"DREB%":68.5185185185,"FTR":0.3940298507,"FFI":33.6799798433,"Py-W":1.115765972,"Py-L":3.884234028,"PPR":-1.1469094054,"HHI":0.1134258583}}