{"AU":{"MINS":850.0,"FGM":127.0,"FGA":309.0,"2PM":109.0,"2PA":235.0,"3PM":18.0,"3PA":74.0,"FTM":40.0,"FTA":87.0,"PTS":312.0,"OFF":46.0,"DEF":119.0,"REB":165.0,"AST":56.0,"TO":49.0,"STL":42.0,"BLK":9.0,"STK":51.0,"PF":74.0,"Fls on:":83.0,"+\/-":-20.0,"GW":0.0,"GP":4.0,"W":0.0,"L":4.0,"FG%":41.1003236246,"2P%":46.3829787234,"3P%":24.3243243243,"FT%":45.9770114943},"CSB":{"MINS":825.0,"FGM":118.0,"FGA":289.0,"2PM":93.0,"2PA":183.0,"3PM":25.0,"3PA":106.0,"FTM":42.0,"FTA":68.0,"PTS":303.0,"OFF":63.0,"DEF":132.0,"REB":195.0,"AST":56.0,"TO":55.0,"STL":31.0,"BLK":17.0,"STK":48.0,"PF":80.0,"Fls on:":76.0,"+\/-":67.0,"GW":55.0,"GP":4.0,"W":4.0,"L":0.0,"FG%":40.830449827,"2P%":50.8196721311,"3P%":23.5849056604,"FT%":61.7647058824},"CSJL":{"MINS":800.0,"FGM":102.0,"FGA":243.0,"2PM":79.0,"2PA":153.0,"3PM":23.0,"3PA":90.0,"FTM":75.0,"FTA":102.0,"PTS":302.0,"OFF":41.0,"DEF":109.0,"REB":150.0,"AST":56.0,"TO":64.0,"STL":26.0,"BLK":20.0,"STK":46.0,"PF":92.0,"Fls on:":86.0,"+\/-":-7.0,"GW":27.0,"GP":4.0,"W":2.0,"L":2.0,"FG%":41.975308642,"2P%":51.6339869281,"3P%":25.5555555556,"FT%":73.5294117647},"EAC":{"MINS":1025.0,"FGM":113.0,"FGA":357.0,"2PM":74.0,"2PA":208.0,"3PM":39.0,"3PA":149.0,"FTM":78.0,"FTA":139.0,"PTS":343.0,"OFF":56.0,"DEF":139.0,"REB":195.0,"AST":87.0,"TO":61.0,"STL":37.0,"BLK":23.0,"STK":60.0,"PF":116.0,"Fls on:":114.0,"+\/-":-11.0,"GW":27.0,"GP":5.0,"W":2.0,"L":3.0,"FG%":31.6526610644,"2P%":35.5769230769,"3P%":26.1744966443,"FT%":56.1151079137},"JRU":{"MINS":1000.0,"FGM":125.0,"FGA":335.0,"2PM":94.0,"2PA":226.0,"3PM":31.0,"3PA":109.0,"FTM":89.0,"FTA":132.0,"PTS":370.0,"OFF":62.0,"DEF":111.0,"REB":173.0,"AST":84.0,"TO":67.0,"STL":34.0,"BLK":26.0,"STK":60.0,"PF":102.0,"Fls on:":119.0,"+\/-":-30.0,"GW":15.0,"GP":5.0,"W":1.0,"L":4.0,"FG%":37.3134328358,"2P%":41.592920354,"3P%":28.4403669725,"FT%":67.4242424242},"LPU":{"MINS":825.0,"FGM":121.0,"FGA":286.0,"2PM":86.0,"2PA":171.0,"3PM":35.0,"3PA":115.0,"FTM":66.0,"FTA":99.0,"PTS":343.0,"OFF":37.0,"DEF":114.0,"REB":151.0,"AST":76.0,"TO":55.0,"STL":26.0,"BLK":9.0,"STK":35.0,"PF":95.0,"Fls on:":86.0,"+\/-":-9.0,"GW":27.0,"GP":4.0,"W":2.0,"L":2.0,"FG%":42.3076923077,"2P%":50.2923976608,"3P%":30.4347826087,"FT%":66.6666666667},"MU":{"MINS":800.0,"FGM":99.0,"FGA":269.0,"2PM":63.0,"2PA":146.0,"3PM":36.0,"3PA":123.0,"FTM":48.0,"FTA":78.0,"PTS":282.0,"OFF":48.0,"DEF":110.0,"REB":158.0,"AST":61.0,"TO":50.0,"STL":35.0,"BLK":10.0,"STK":45.0,"PF":92.0,"Fls on:":69.0,"+\/-":11.0,"GW":35.0,"GP":4.0,"W":3.0,"L":1.0,"FG%":36.8029739777,"2P%":43.1506849315,"3P%":29.2682926829,"FT%":61.5384615385},"SBU":{"MINS":1025.0,"FGM":121.0,"FGA":311.0,"2PM":80.0,"2PA":185.0,"3PM":41.0,"3PA":126.0,"FTM":78.0,"FTA":132.0,"PTS":361.0,"OFF":66.0,"DEF":157.0,"REB":223.0,"AST":62.0,"TO":69.0,"STL":22.0,"BLK":16.0,"STK":38.0,"PF":95.0,"Fls on:":119.0,"+\/-":25.0,"GW":42.0,"GP":5.0,"W":3.0,"L":2.0,"FG%":38.9067524116,"2P%":43.2432432432,"3P%":32.5396825397,"FT%":59.0909090909},"SSCR":{"MINS":800.0,"FGM":119.0,"FGA":324.0,"2PM":94.0,"2PA":187.0,"3PM":25.0,"3PA":137.0,"FTM":72.0,"FTA":95.0,"PTS":335.0,"OFF":64.0,"DEF":94.0,"REB":158.0,"AST":58.0,"TO":42.0,"STL":38.0,"BLK":6.0,"STK":44.0,"PF":117.0,"Fls on:":89.0,"+\/-":-17.0,"GW":26.0,"GP":4.0,"W":2.0,"L":2.0,"FG%":36.7283950617,"2P%":50.2673796791,"3P%":18.2481751825,"FT%":75.7894736842},"UPHSD":{"MINS":1000.0,"FGM":122.0,"FGA":343.0,"2PM":93.0,"2PA":220.0,"3PM":29.0,"3PA":123.0,"FTM":67.0,"FTA":112.0,"PTS":340.0,"OFF":67.0,"DEF":131.0,"REB":198.0,"AST":78.0,"TO":68.0,"STL":37.0,"BLK":20.0,"STK":57.0,"PF":96.0,"Fls on:":101.0,"+\/-":-9.0,"GW":38.0,"GP":5.0,"W":3.0,"L":2.0,"FG%":35.5685131195,"2P%":42.2727272727,"3P%":23.5772357724,"FT%":59.8214285714},"League":{"MINS":895.0,"FGM":116.7,"FGA":306.6,"2PM":86.5,"2PA":191.4,"3PM":30.2,"3PA":115.2,"FTM":65.5,"FTA":104.4,"PTS":329.1,"OFF":55.0,"DEF":121.6,"REB":176.6,"AST":67.4,"TO":58.0,"STL":32.8,"BLK":15.6,"STK":48.4,"PF":95.9,"Fls on:":94.2,"+\/-":0.0,"GW":29.2,"GP":4.4,"W":2.2,"L":2.2,"FG%":38.0626223092,"2P%":45.1933124347,"3P%":26.2152777778,"FT%":62.7394636015}}