{"CSB":{"MINS":203.5714285714,"FGM":30.3571428571,"FGA":69.1428571429,"2PM":23.2857142857,"2PA":43.4285714286,"3PM":7.0714285714,"3PA":25.7142857143,"FTM":12.7142857143,"FTA":21.7857142857,"PTS":80.5,"OFF":13.8571428571,"DEF":31.2857142857,"REB":45.1428571429,"AST":17.8571428571,"TO":15.5714285714,"STL":7.5,"BLK":3.8571428571,"STK":11.3571428571,"PF":19.2857142857,"Fls on:":19.5714285714,"+\/-":11.2857142857,"GW":168.0,"GP":14.0,"W":12.0,"L":2.0,"FG%":43.9049586777,"2P%":53.6184210526,"3P%":27.5,"FT%":58.3606557377,"W%":0.8571428571},"MU":{"MINS":201.7857142857,"FGM":26.7142857143,"FGA":68.6428571429,"2PM":18.2142857143,"2PA":38.9285714286,"3PM":8.5,"3PA":29.7142857143,"FTM":13.6428571429,"FTA":21.9285714286,"PTS":75.5714285714,"OFF":13.2857142857,"DEF":26.5,"REB":39.7857142857,"AST":16.1428571429,"TO":13.5714285714,"STL":7.6428571429,"BLK":2.5,"STK":10.1428571429,"PF":23.7142857143,"Fls on:":19.6428571429,"+\/-":2.8714285714,"GW":132.0,"GP":14.0,"W":11.0,"L":3.0,"FG%":38.9177939646,"2P%":46.7889908257,"3P%":28.6057692308,"FT%":62.2149837134,"W%":0.7857142857},"SBU":{"MINS":203.5714285714,"FGM":24.2857142857,"FGA":63.0,"2PM":15.5714285714,"2PA":35.7857142857,"3PM":8.7142857143,"3PA":27.2142857143,"FTM":12.1428571429,"FTA":20.6428571429,"PTS":69.4285714286,"OFF":11.0,"DEF":28.9285714286,"REB":39.9285714286,"AST":13.5,"TO":11.7857142857,"STL":5.0,"BLK":2.6428571429,"STK":7.6428571429,"PF":18.2142857143,"Fls on:":19.0714285714,"+\/-":4.2142857143,"GW":118.0,"GP":14.0,"W":9.0,"L":5.0,"FG%":38.5487528345,"2P%":43.5129740519,"3P%":32.0209973753,"FT%":58.8235294118,"W%":0.6428571429},"EAC":{"MINS":201.7857142857,"FGM":26.4285714286,"FGA":72.6428571429,"2PM":17.9285714286,"2PA":44.5,"3PM":8.5,"3PA":28.1428571429,"FTM":14.1428571429,"FTA":24.6428571429,"PTS":75.5,"OFF":12.5,"DEF":27.3571428571,"REB":39.8571428571,"AST":18.0,"TO":12.8571428571,"STL":7.6428571429,"BLK":3.7142857143,"STK":11.3571428571,"PF":22.4285714286,"Fls on:":21.8571428571,"+\/-":0.4,"GW":98.0,"GP":14.0,"W":7.0,"L":7.0,"FG%":36.3815142576,"2P%":40.2889245586,"3P%":30.2030456853,"FT%":57.3913043478,"W%":0.5},"League":{"MINS":203.8194444444,"FGM":27.1319444444,"FGA":69.3819444444,"2PM":20.0138888889,"2PA":43.1180555556,"3PM":7.1180555556,"3PA":26.2638888889,"FTM":14.6458333333,"FTA":22.7916666667,"PTS":76.0277777778,"OFF":11.7916666667,"DEF":26.9166666667,"REB":38.7083333333,"AST":16.4027777778,"TO":13.3541666667,"STL":7.5763888889,"BLK":3.0486111111,"STK":10.625,"PF":20.9097222222,"Fls on:":20.625,"+\/-":-0.0013888889,"GW":93.5,"GP":14.4,"W":7.2,"L":7.2,"FG%":39.1051946752,"2P%":46.4164921888,"3P%":27.1020624008,"FT%":64.2595978062,"W%":0.5},"CSJL":{"MINS":208.3333333333,"FGM":26.0666666667,"FGA":64.8,"2PM":19.1333333333,"2PA":38.6666666667,"3PM":6.9333333333,"3PA":26.1333333333,"FTM":15.8666666667,"FTA":21.5333333333,"PTS":74.9333333333,"OFF":9.0,"DEF":28.7333333333,"REB":37.7333333333,"AST":15.6,"TO":15.7333333333,"STL":5.8666666667,"BLK":4.3333333333,"STK":10.2,"PF":20.4,"Fls on:":20.3333333333,"+\/-":-2.4,"GW":90.0,"GP":15.0,"W":7.0,"L":8.0,"FG%":40.2263374486,"2P%":49.4827586207,"3P%":26.5306122449,"FT%":73.6842105263,"W%":0.4666666667},"LPU":{"MINS":203.3333333333,"FGM":28.2,"FGA":69.8,"2PM":20.5333333333,"2PA":40.8666666667,"3PM":7.6666666667,"3PA":28.9333333333,"FTM":17.2666666667,"FTA":24.4,"PTS":81.3333333333,"OFF":9.6666666667,"DEF":25.9333333333,"REB":35.6,"AST":17.5333333333,"TO":12.0,"STL":7.6666666667,"BLK":1.6666666667,"STK":9.3333333333,"PF":20.0,"Fls on:":21.8666666667,"+\/-":-0.6666666667,"GW":89.0,"GP":15.0,"W":7.0,"L":8.0,"FG%":40.4011461318,"2P%":50.2446982055,"3P%":26.4976958525,"FT%":70.7650273224,"W%":0.4666666667},"UPHSD":{"MINS":206.6666666667,"FGM":24.1333333333,"FGA":66.4,"2PM":18.0666666667,"2PA":42.4,"3PM":6.0666666667,"3PA":24.0,"FTM":12.0,"FTA":19.0,"PTS":66.3333333333,"OFF":11.6,"DEF":28.8,"REB":40.4,"AST":17.4,"TO":14.3333333333,"STL":7.3333333333,"BLK":3.7333333333,"STK":11.0666666667,"PF":17.9333333333,"Fls on:":18.4666666667,"+\/-":-1.4,"GW":67.0,"GP":15.0,"W":6.0,"L":9.0,"FG%":36.3453815261,"2P%":42.6100628931,"3P%":25.2777777778,"FT%":63.1578947368,"W%":0.4},"AU":{"MINS":203.5714285714,"FGM":29.0,"FGA":72.3571428571,"2PM":24.2857142857,"2PA":52.1428571429,"3PM":4.7142857143,"3PA":20.2142857143,"FTM":14.2857142857,"FTA":25.6428571429,"PTS":77.0,"OFF":12.2142857143,"DEF":25.1428571429,"REB":37.3571428571,"AST":15.5,"TO":12.5,"STL":10.2142857143,"BLK":2.7142857143,"STK":12.9285714286,"PF":20.4285714286,"Fls on:":22.7857142857,"+\/-":-3.5,"GW":63.0,"GP":14.0,"W":5.0,"L":9.0,"FG%":40.0789733465,"2P%":46.5753424658,"3P%":23.3215547703,"FT%":55.7103064067,"W%":0.3571428571},"JRU":{"MINS":200.0,"FGM":26.5,"FGA":68.8571428571,"2PM":21.5,"2PA":48.2857142857,"3PM":5.0,"3PA":20.5714285714,"FTM":18.2857142857,"FTA":26.8571428571,"PTS":76.2857142857,"OFF":12.2857142857,"DEF":22.8571428571,"REB":35.1428571429,"AST":17.3571428571,"TO":13.6428571429,"STL":7.5714285714,"BLK":3.8571428571,"STK":11.4285714286,"PF":20.8571428571,"Fls on:":23.2142857143,"+\/-":-4.7857142857,"GW":58.0,"GP":14.0,"W":4.0,"L":10.0,"FG%":38.4854771784,"2P%":44.5266272189,"3P%":24.3055555556,"FT%":68.085106383,"W%":0.2857142857},"SSCR":{"MINS":205.0,"FGM":29.6666666667,"FGA":78.0666666667,"2PM":21.6666666667,"2PA":46.4666666667,"3PM":8.0,"3PA":31.6,"FTM":15.9333333333,"FTA":21.8,"PTS":83.2666666667,"OFF":12.8,"DEF":23.6666666667,"REB":36.4666666667,"AST":15.1333333333,"TO":11.5333333333,"STL":9.3333333333,"BLK":1.5333333333,"STK":10.8666666667,"PF":25.8,"Fls on:":19.6,"+\/-":-5.3333333333,"GW":52.0,"GP":15.0,"W":4.0,"L":11.0,"FG%":38.0017079419,"2P%":46.6284074605,"3P%":25.3164556962,"FT%":73.0886850153,"W%":0.2666666667}}