{"AU":{"MINS":2850.0,"FGM":406.0,"FGA":1013.0,"2PM":340.0,"2PA":730.0,"3PM":66.0,"3PA":283.0,"FTM":200.0,"FTA":359.0,"PTS":1078.0,"OFF":171.0,"DEF":352.0,"REB":523.0,"AST":217.0,"TO":175.0,"STL":143.0,"BLK":38.0,"STK":181.0,"PF":286.0,"Fls on:":319.0,"+\/-":-49.0,"GW":63.0,"GP":14.0,"W":5.0,"L":9.0,"FG%":40.0789733465,"2P%":46.5753424658,"3P%":23.3215547703,"FT%":55.7103064067},"CSB":{"MINS":2850.0,"FGM":425.0,"FGA":968.0,"2PM":326.0,"2PA":608.0,"3PM":99.0,"3PA":360.0,"FTM":178.0,"FTA":303.0,"PTS":1127.0,"OFF":194.0,"DEF":438.0,"REB":632.0,"AST":250.0,"TO":218.0,"STL":104.0,"BLK":54.0,"STK":158.0,"PF":270.0,"Fls on:":274.0,"+\/-":158.0,"GW":168.0,"GP":14.0,"W":12.0,"L":2.0,"FG%":43.9049586777,"2P%":53.6184210526,"3P%":27.5,"FT%":58.7458745875},"CSJL":{"MINS":3125.0,"FGM":391.0,"FGA":972.0,"2PM":287.0,"2PA":580.0,"3PM":104.0,"3PA":392.0,"FTM":238.0,"FTA":323.0,"PTS":1124.0,"OFF":135.0,"DEF":431.0,"REB":566.0,"AST":234.0,"TO":236.0,"STL":88.0,"BLK":65.0,"STK":153.0,"PF":306.0,"Fls on:":305.0,"+\/-":-36.0,"GW":90.0,"GP":15.0,"W":7.0,"L":8.0,"FG%":40.2263374486,"2P%":49.4827586207,"3P%":26.5306122449,"FT%":73.6842105263},"EAC":{"MINS":2825.0,"FGM":370.0,"FGA":1017.0,"2PM":251.0,"2PA":623.0,"3PM":119.0,"3PA":394.0,"FTM":198.0,"FTA":345.0,"PTS":1057.0,"OFF":175.0,"DEF":383.0,"REB":558.0,"AST":252.0,"TO":180.0,"STL":107.0,"BLK":52.0,"STK":159.0,"PF":314.0,"Fls on:":306.0,"+\/-":5.6,"GW":98.0,"GP":14.0,"W":7.0,"L":7.0,"FG%":36.3815142576,"2P%":40.2889245586,"3P%":30.2030456853,"FT%":57.3913043478},"JRU":{"MINS":2800.0,"FGM":371.0,"FGA":964.0,"2PM":301.0,"2PA":676.0,"3PM":70.0,"3PA":288.0,"FTM":256.0,"FTA":376.0,"PTS":1068.0,"OFF":172.0,"DEF":320.0,"REB":492.0,"AST":243.0,"TO":191.0,"STL":106.0,"BLK":54.0,"STK":160.0,"PF":292.0,"Fls on:":325.0,"+\/-":-67.0,"GW":58.0,"GP":14.0,"W":4.0,"L":10.0,"FG%":38.4854771784,"2P%":44.5266272189,"3P%":24.3055555556,"FT%":68.085106383},"LPU":{"MINS":3050.0,"FGM":423.0,"FGA":1047.0,"2PM":308.0,"2PA":613.0,"3PM":115.0,"3PA":434.0,"FTM":259.0,"FTA":366.0,"PTS":1220.0,"OFF":145.0,"DEF":389.0,"REB":534.0,"AST":263.0,"TO":180.0,"STL":115.0,"BLK":25.0,"STK":140.0,"PF":300.0,"Fls on:":328.0,"+\/-":-10.0,"GW":89.0,"GP":15.0,"W":7.0,"L":8.0,"FG%":40.4011461318,"2P%":50.2446982055,"3P%":26.4976958525,"FT%":70.7650273224},"MU":{"MINS":2825.0,"FGM":374.0,"FGA":961.0,"2PM":255.0,"2PA":545.0,"3PM":119.0,"3PA":416.0,"FTM":191.0,"FTA":307.0,"PTS":1058.0,"OFF":186.0,"DEF":371.0,"REB":557.0,"AST":226.0,"TO":190.0,"STL":107.0,"BLK":35.0,"STK":142.0,"PF":332.0,"Fls on:":275.0,"+\/-":40.2,"GW":132.0,"GP":14.0,"W":11.0,"L":3.0,"FG%":38.9177939646,"2P%":46.7889908257,"3P%":28.6057692308,"FT%":62.2149837134},"SBU":{"MINS":2850.0,"FGM":340.0,"FGA":882.0,"2PM":218.0,"2PA":501.0,"3PM":122.0,"3PA":381.0,"FTM":170.0,"FTA":289.0,"PTS":972.0,"OFF":154.0,"DEF":405.0,"REB":559.0,"AST":189.0,"TO":165.0,"STL":70.0,"BLK":37.0,"STK":107.0,"PF":255.0,"Fls on:":267.0,"+\/-":59.0,"GW":118.0,"GP":14.0,"W":9.0,"L":5.0,"FG%":38.5487528345,"2P%":43.5129740519,"3P%":32.0209973753,"FT%":58.8235294118},"SSCR":{"MINS":3075.0,"FGM":445.0,"FGA":1171.0,"2PM":325.0,"2PA":697.0,"3PM":120.0,"3PA":474.0,"FTM":239.0,"FTA":327.0,"PTS":1249.0,"OFF":192.0,"DEF":355.0,"REB":547.0,"AST":227.0,"TO":173.0,"STL":140.0,"BLK":23.0,"STK":163.0,"PF":387.0,"Fls on:":294.0,"+\/-":-80.0,"GW":52.0,"GP":15.0,"W":4.0,"L":11.0,"FG%":38.0017079419,"2P%":46.6284074605,"3P%":25.3164556962,"FT%":73.0886850153},"UPHSD":{"MINS":3100.0,"FGM":362.0,"FGA":996.0,"2PM":271.0,"2PA":636.0,"3PM":91.0,"3PA":360.0,"FTM":180.0,"FTA":285.0,"PTS":995.0,"OFF":174.0,"DEF":431.0,"REB":605.0,"AST":261.0,"TO":214.0,"STL":110.0,"BLK":56.0,"STK":166.0,"PF":269.0,"Fls on:":277.0,"+\/-":-21.0,"GW":67.0,"GP":15.0,"W":6.0,"L":9.0,"FG%":36.3453815261,"2P%":42.6100628931,"3P%":25.2777777778,"FT%":63.1578947368},"League":{"MINS":2935.0,"FGM":390.7,"FGA":999.1,"2PM":288.2,"2PA":620.9,"3PM":102.5,"3PA":378.2,"FTM":210.9,"FTA":328.0,"PTS":1094.8,"OFF":169.8,"DEF":387.5,"REB":557.3,"AST":236.2,"TO":192.2,"STL":109.0,"BLK":43.9,"STK":152.9,"PF":301.1,"Fls on:":297.0,"+\/-":-0.02,"GW":93.5,"GP":14.4,"W":7.2,"L":7.2,"FG%":39.1051946752,"2P%":46.4164921888,"3P%":27.1020624008,"FT%":64.2987804878}}