{"CSB":{"OFF":77.8356107996,"DEF":66.9234311134,"NET":10.9121796862,"PACE":77.5673234652,"hAST%":15.9215386575,"hTO%":13.8835817093,"TOR":20.0747271864,"AR":23.0214761312,"STL%":9.6690199751,"BLK%":8.4772370487,"EFG%":49.0185950413,"TS%":51.1250226819,"PPWS":1.0225004536,"REB%":57.4023614896,"OREB%":38.877755511,"DREB%":72.7574750831,"FTR":0.3150826446,"FFI":37.1279105848,"Py-W":12.8533906395,"Py-L":1.1466093605,"PPR":-1.8123987966,"HHI":0.0960430004},"SBU":{"OFF":73.2978383462,"DEF":68.8486897223,"NET":4.4491486239,"PACE":71.040878894,"hAST%":13.864843452,"hTO%":12.1042284105,"TOR":16.5900457162,"AR":19.0031432749,"STL%":7.0382012129,"BLK%":6.8391866913,"EFG%":45.4648526077,"TS%":48.1588647984,"PPWS":0.963177296,"REB%":52.8355387524,"OREB%":30.8,"DREB%":72.5806451613,"FTR":0.3276643991,"FFI":33.4084184585,"Py-W":10.2400993344,"Py-L":3.7599006656,"PPR":-1.5034513738,"HHI":0.1164985859},"MU":{"OFF":74.4756038824,"DEF":71.6598910702,"NET":2.8157128122,"PACE":76.1035405877,"hAST%":14.9462991376,"hTO%":12.5654727263,"TOR":17.8328478105,"AR":21.2117031851,"STL%":10.0427090301,"BLK%":6.0240963855,"EFG%":45.1092611863,"TS%":48.2629005182,"PPWS":0.9652580104,"REB%":54.2884990253,"OREB%":34.7663551402,"DREB%":75.5600814664,"FTR":0.319458897,"FFI":34.2470709099,"Py-W":9.0923769532,"Py-L":4.9076230468,"PPR":-1.4279578996,"HHI":0.1314085499},"EAC":{"OFF":70.8433711983,"DEF":70.4412328566,"NET":0.4021383417,"PACE":79.9298495289,"hAST%":15.7421289355,"hTO%":11.2443778111,"TOR":16.0855336685,"AR":22.5197471359,"STL%":9.5619561252,"BLK%":8.6956521739,"EFG%":42.2320550639,"TS%":45.2173169062,"PPWS":0.9043463381,"REB%":47.3282442748,"OREB%":29.1181364393,"DREB%":66.2629757785,"FTR":0.3392330383,"FFI":31.8263283058,"Py-W":7.3185662372,"Py-L":6.6814337628,"PPR":-0.4147933293,"HHI":0.1087734247},"League":{"OFF":73.0289632907,"DEF":73.0289632907,"NET":0.0,"PACE":78.0509089375,"hAST%":15.0253688276,"hTO%":12.2327621742,"TOR":17.1032391192,"AR":21.0077227247,"STL%":9.703397753,"BLK%":7.070381704,"EFG%":44.2348113302,"TS%":47.8702378995,"PPWS":0.957404758,"REB%":50.0,"OREB%":30.4628632939,"DREB%":69.5371367061,"FTR":0.3284956461,"FFI":32.9897416619,"Py-W":7.2,"Py-L":7.2,"PPR":-1.1868256672,"HHI":0.0099029143},"LPU":{"OFF":76.4637382796,"DEF":77.0904902327,"NET":-0.6267519531,"PACE":79.7763768454,"hAST%":15.9293536195,"hTO%":10.9022192073,"TOR":15.0420468747,"AR":21.9781018224,"STL%":9.6101966144,"BLK%":3.9308176101,"EFG%":45.8930276982,"TS%":50.4950167213,"PPWS":1.0099003344,"REB%":46.5156794425,"OREB%":25.1736111111,"DREB%":68.006993007,"FTR":0.3495702006,"FFI":32.3959980288,"Py-W":7.0108964959,"Py-L":7.9891035041,"PPR":-0.1496961387,"HHI":0.117041118},"UPHSD":{"OFF":66.7743530697,"DEF":68.1836610239,"NET":-1.4093079542,"PACE":74.5046529288,"hAST%":16.3390509578,"hTO%":13.4593714787,"TOR":19.2381720737,"AR":23.3542460987,"STL%":9.8427857121,"BLK%":9.841827768,"EFG%":40.9136546185,"TS%":44.3641876226,"PPWS":0.8872837525,"REB%":51.1392405063,"OREB%":30.9608540925,"DREB%":69.341894061,"FTR":0.2861445783,"FFI":31.659344359,"Py-W":6.2583796565,"Py-L":8.7416203435,"PPR":-1.3855325465,"HHI":0.1242423171},"CSJL":{"OFF":71.7488398697,"DEF":74.0468454171,"NET":-2.2980055474,"PACE":78.3287926357,"hAST%":14.7716082115,"hTO%":14.8978612731,"TOR":20.0862707108,"AR":19.9160480777,"STL%":7.4897958583,"BLK%":9.0277777778,"EFG%":45.5761316872,"TS%":50.4433992748,"PPWS":1.0088679855,"REB%":48.8773747841,"OREB%":26.1627906977,"DREB%":67.1339563863,"FTR":0.3323045267,"FFI":33.4691463934,"Py-W":5.6475375346,"Py-L":9.3524624654,"PPR":-2.5509179978,"HHI":0.1183828092},"AU":{"OFF":70.7786443875,"DEF":73.9958554961,"NET":-3.2172111085,"PACE":81.5924075683,"hAST%":13.8839125761,"hTO%":11.1967036904,"TOR":15.3200528977,"AR":18.9968655932,"STL%":12.5186717964,"BLK%":5.9842519685,"EFG%":43.3366238894,"TS%":46.0306073649,"PPWS":0.9206121473,"REB%":47.202166065,"OREB%":28.6912751678,"DREB%":68.75,"FTR":0.3543928924,"FFI":32.2188111997,"Py-W":4.6105851324,"Py-L":9.3894148676,"PPR":-1.0181306094,"HHI":0.108802806},"JRU":{"OFF":73.4287760999,"DEF":78.0352629901,"NET":-4.6064868902,"PACE":77.9180707526,"hAST%":15.542649542,"hTO%":12.2166504631,"TOR":17.5092337517,"AR":22.2761455584,"STL%":9.7171663753,"BLK%":8.4772370487,"EFG%":42.1161825726,"TS%":47.2800679983,"PPWS":0.94560136,"REB%":49.1017964072,"OREB%":32.7619047619,"DREB%":67.0859538784,"FTR":0.3900414938,"FFI":33.626784826,"Py-W":3.8385162635,"Py-L":10.1614837365,"PPR":-1.0374800174,"HHI":0.1159873894},"SSCR":{"OFF":74.5696606662,"DEF":79.3459399723,"NET":-4.7762793061,"PACE":83.7471961681,"hAST%":13.237077813,"hTO%":10.0881694346,"TOR":13.7716053325,"AR":18.070256708,"STL%":11.1446517142,"BLK%":3.5114503817,"EFG%":43.1255337319,"TS%":47.4948284254,"PPWS":0.9498965685,"REB%":46.2383770076,"OREB%":28.9156626506,"DREB%":68.4007707129,"FTR":0.2792485056,"FFI":30.6649749393,"Py-W":4.0538025851,"Py-L":10.9461974149,"PPR":-0.6566813327,"HHI":0.1274185081}}