{"AU":{"POS":1142.2937059564,"PACE":81.5924075683},"CSB":{"POS":1084.8157377016,"PACE":77.4868384073},"CSJL":{"POS":1174.9318895349,"PACE":78.3287926357},"EAC":{"POS":1119.0178934043,"PACE":79.9298495289},"JRU":{"POS":1090.8529905361,"PACE":77.9180707526},"LPU":{"POS":1196.6456526807,"PACE":79.7763768454},"MU":{"POS":1065.4495682281,"PACE":76.1035405877},"SBU":{"POS":994.5723045161,"PACE":71.040878894},"SSCR":{"POS":1256.2079425215,"PACE":83.7471961681},"UPHSD":{"POS":1116.49179701,"PACE":74.4327864673},"League":{"POS":1124.127948209,"PACE":78.0356737855}}