{"EAC":{"2PM":308.0,"2PA":731.0,"3PM":126.0,"3PA":482.0,"FTM":279.0,"FTA":435.0,"OFF":238.0,"DEF":523.0,"AST":286.0,"TO":227.0,"STL":119.0,"BLK":58.0,"PF":364.0,"Fls on:":373.0,"+\/-":23.0,"GW":125.0,"GP":17.0,"MINS":3400.0,"FGM":434.0,"FGA":1213.0,"FG%":35.7790601814,"2P%":42.1340629275,"3P%":26.1410788382,"FT%":64.1379310345,"PTS":1273.0,"REB":761.0,"STK":177.0},"UPHSD":{"2PM":286.0,"2PA":665.0,"3PM":159.0,"3PA":560.0,"FTM":203.0,"FTA":329.0,"OFF":215.0,"DEF":448.0,"AST":289.0,"TO":243.0,"STL":170.0,"BLK":39.0,"PF":358.0,"Fls on:":313.0,"+\/-":42.0,"GW":144.0,"GP":18.0,"MINS":3600.0,"FGM":445.0,"FGA":1225.0,"FG%":36.3265306122,"2P%":43.007518797,"3P%":28.3928571429,"FT%":61.7021276596,"PTS":1252.0,"REB":663.0,"STK":209.0},"SSCR":{"2PM":369.0,"2PA":692.0,"3PM":115.0,"3PA":376.0,"FTM":318.0,"FTA":496.0,"OFF":174.0,"DEF":498.0,"AST":343.0,"TO":271.0,"STL":104.0,"BLK":55.0,"PF":306.0,"Fls on:":406.0,"+\/-":68.6,"GW":145.0,"GP":16.0,"MINS":3200.0,"FGM":484.0,"FGA":1068.0,"FG%":45.3183520599,"2P%":53.323699422,"3P%":30.585106383,"FT%":64.1129032258,"PTS":1401.0,"REB":672.0,"STK":159.0},"SBU":{"2PM":259.0,"2PA":604.0,"3PM":119.0,"3PA":480.0,"FTM":172.0,"FTA":262.0,"OFF":163.0,"DEF":388.0,"AST":225.0,"TO":163.0,"STL":98.0,"BLK":43.0,"PF":310.0,"Fls on:":285.0,"+\/-":-85.0,"GW":72.0,"GP":16.0,"MINS":3200.0,"FGM":378.0,"FGA":1084.0,"FG%":34.8708487085,"2P%":42.880794702,"3P%":24.7916666667,"FT%":65.6488549618,"PTS":1047.0,"REB":551.0,"STK":141.0},"LPU":{"2PM":382.0,"2PA":735.0,"3PM":124.0,"3PA":451.0,"FTM":239.0,"FTA":384.0,"OFF":211.0,"DEF":488.0,"AST":328.0,"TO":235.0,"STL":113.0,"BLK":55.0,"PF":381.0,"Fls on:":334.0,"+\/-":-1.0,"GW":102.0,"GP":17.0,"MINS":3400.0,"FGM":506.0,"FGA":1186.0,"FG%":42.6644182125,"2P%":51.9727891156,"3P%":27.4944567627,"FT%":62.2395833333,"PTS":1375.0,"REB":699.0,"STK":168.0},"MU":{"2PM":297.0,"2PA":664.0,"3PM":93.0,"3PA":340.0,"FTM":275.0,"FTA":423.0,"OFF":148.0,"DEF":398.0,"AST":239.0,"TO":219.0,"STL":114.0,"BLK":47.0,"PF":308.0,"Fls on:":362.0,"+\/-":-56.0,"GW":35.0,"GP":16.0,"MINS":3200.0,"FGM":390.0,"FGA":1004.0,"FG%":38.8446215139,"2P%":44.7289156627,"3P%":27.3529411765,"FT%":65.011820331,"PTS":1148.0,"REB":546.0,"STK":161.0},"CSJL":{"2PM":384.0,"2PA":863.0,"3PM":120.0,"3PA":481.0,"FTM":253.0,"FTA":385.0,"OFF":256.0,"DEF":460.0,"AST":331.0,"TO":212.0,"STL":154.0,"BLK":47.0,"PF":355.0,"Fls on:":367.0,"+\/-":39.0,"GW":125.0,"GP":18.0,"MINS":3600.0,"FGM":504.0,"FGA":1344.0,"FG%":37.5,"2P%":44.4959443801,"3P%":24.948024948,"FT%":65.7142857143,"PTS":1381.0,"REB":716.0,"STK":201.0},"AU":{"2PM":365.0,"2PA":781.0,"3PM":116.0,"3PA":395.0,"FTM":260.0,"FTA":377.0,"OFF":192.0,"DEF":521.0,"AST":310.0,"TO":278.0,"STL":122.0,"BLK":56.0,"PF":406.0,"Fls on:":336.0,"+\/-":53.0,"GW":135.0,"GP":17.0,"MINS":3400.0,"FGM":481.0,"FGA":1176.0,"FG%":40.9013605442,"2P%":46.7349551857,"3P%":29.3670886076,"FT%":68.9655172414,"PTS":1338.0,"REB":713.0,"STK":178.0},"JRU":{"2PM":404.0,"2PA":752.0,"3PM":99.0,"3PA":365.0,"FTM":279.0,"FTA":427.0,"OFF":176.0,"DEF":417.0,"AST":241.0,"TO":234.0,"STL":143.0,"BLK":60.0,"PF":393.0,"Fls on:":379.0,"+\/-":77.2,"GW":167.0,"GP":17.0,"MINS":3400.0,"FGM":503.0,"FGA":1117.0,"FG%":45.0313339302,"2P%":53.7234042553,"3P%":27.1232876712,"FT%":65.3395784543,"PTS":1384.0,"REB":593.0,"STK":203.0},"CSB":{"2PM":318.0,"2PA":720.0,"3PM":100.0,"3PA":426.0,"FTM":186.0,"FTA":307.0,"OFF":180.0,"DEF":347.0,"AST":214.0,"TO":174.0,"STL":142.0,"BLK":47.0,"PF":318.0,"Fls on:":299.0,"+\/-":-161.0,"GW":35.0,"GP":16.0,"MINS":3200.0,"FGM":418.0,"FGA":1146.0,"FG%":36.4746945899,"2P%":44.1666666667,"3P%":23.4741784038,"FT%":60.5863192182,"PTS":1122.0,"REB":527.0,"STK":189.0},"League":{"2PM":337.2,"2PA":720.7,"3PM":117.1,"3PA":435.6,"FTM":246.4,"FTA":382.5,"OFF":195.3,"DEF":448.8,"AST":280.6,"TO":225.6,"STL":127.9,"BLK":50.7,"PF":349.9,"Fls on:":345.4,"+\/-":-0.02,"GW":108.5,"GP":16.8,"MINS":3360.0,"FGM":454.3,"FGA":1156.3,"FG%":39.2891118222,"2P%":46.7878451505,"3P%":26.8824609734,"FT%":64.4183006536,"PTS":1272.1,"REB":644.1,"STK":178.6}}