{"CSB":{"2PM":19.875,"2PA":45.0,"3PM":6.25,"3PA":26.625,"FTM":11.625,"FTA":19.1875,"OFF":11.25,"DEF":21.625,"AST":13.375,"TO":10.8125,"STL":8.875,"BLK":2.9375,"PF":19.875,"Fls on:":18.6875,"+\/-":-10.0625,"GW":35.0,"GP":16.0,"MINS":200.0,"FGM":26.125,"FGA":71.625,"FG%":36.4746945899,"2P%":44.1666666667,"3P%":23.4741784038,"FT%":60.5863192182,"PTS":70.125,"REB":32.875,"STK":11.8125},"SBU":{"2PM":16.1875,"2PA":37.75,"3PM":7.4375,"3PA":30.0,"FTM":10.75,"FTA":16.375,"OFF":10.1875,"DEF":24.25,"AST":14.0625,"TO":10.1875,"STL":6.125,"BLK":2.6875,"PF":19.375,"Fls on:":17.8125,"+\/-":-5.3125,"GW":72.0,"GP":16.0,"MINS":200.0,"FGM":23.625,"FGA":67.75,"FG%":34.8708487085,"2P%":42.880794702,"3P%":24.7916666667,"FT%":65.6488549618,"PTS":65.4375,"REB":34.4375,"STK":8.8125},"MU":{"2PM":18.5625,"2PA":41.5,"3PM":5.8125,"3PA":21.25,"FTM":17.1875,"FTA":26.4375,"OFF":9.25,"DEF":24.875,"AST":14.9375,"TO":13.6875,"STL":7.125,"BLK":2.9375,"PF":19.25,"Fls on:":22.625,"+\/-":-3.5,"GW":35.0,"GP":16.0,"MINS":200.0,"FGM":24.375,"FGA":62.75,"FG%":38.8446215139,"2P%":44.7289156627,"3P%":27.3529411765,"FT%":65.011820331,"PTS":71.75,"REB":34.125,"STK":10.0625},"LPU":{"2PM":22.4705882353,"2PA":43.2352941176,"3PM":7.2941176471,"3PA":26.5294117647,"FTM":14.0588235294,"FTA":22.5882352941,"OFF":12.4117647059,"DEF":28.7058823529,"AST":19.2941176471,"TO":13.8235294118,"STL":6.6470588235,"BLK":3.2352941176,"PF":22.4117647059,"Fls on:":19.6470588235,"+\/-":-0.0588235294,"GW":102.0,"GP":17.0,"MINS":200.0,"FGM":29.7647058824,"FGA":69.7647058824,"FG%":42.6644182125,"2P%":51.9727891156,"3P%":27.4944567627,"FT%":62.2395833333,"PTS":80.8823529412,"REB":41.1176470588,"STK":9.8823529412},"League":{"2PM":20.0714285714,"2PA":42.8988095238,"3PM":6.9702380952,"3PA":25.9285714286,"FTM":14.6666666667,"FTA":22.755952381,"OFF":11.625,"DEF":26.7083333333,"AST":16.7023809524,"TO":13.4226190476,"STL":7.6071428571,"BLK":3.0178571429,"PF":20.8273809524,"Fls on:":20.5595238095,"+\/-":-0.0011904762,"GW":108.5,"GP":16.8,"MINS":200.0,"FGM":27.0416666667,"FGA":68.8273809524,"FG%":39.2891118222,"2P%":46.7878451505,"3P%":26.8824609734,"FT%":64.4520010463,"PTS":75.7202380952,"REB":38.3333333333,"STK":10.625},"EAC":{"2PM":18.1176470588,"2PA":43.0,"3PM":7.4117647059,"3PA":28.3529411765,"FTM":16.4117647059,"FTA":25.5882352941,"OFF":14.0,"DEF":30.7647058824,"AST":16.8235294118,"TO":13.3529411765,"STL":7.0,"BLK":3.4117647059,"PF":21.4117647059,"Fls on:":21.9411764706,"+\/-":1.3529411765,"GW":125.0,"GP":17.0,"MINS":200.0,"FGM":25.5294117647,"FGA":71.3529411765,"FG%":35.7790601814,"2P%":42.1340629275,"3P%":26.1410788382,"FT%":64.1379310345,"PTS":74.8823529412,"REB":44.7647058824,"STK":10.4117647059},"CSJL":{"2PM":21.3333333333,"2PA":47.9444444444,"3PM":6.6666666667,"3PA":26.7222222222,"FTM":14.0555555556,"FTA":21.3888888889,"OFF":14.2222222222,"DEF":25.5555555556,"AST":18.3888888889,"TO":11.7777777778,"STL":8.5555555556,"BLK":2.6111111111,"PF":19.7222222222,"Fls on:":20.3888888889,"+\/-":2.1666666667,"GW":125.0,"GP":18.0,"MINS":200.0,"FGM":28.0,"FGA":74.6666666667,"FG%":37.5,"2P%":44.4959443801,"3P%":24.948024948,"FT%":65.7142857143,"PTS":76.7222222222,"REB":39.7777777778,"STK":11.1666666667},"UPHSD":{"2PM":15.8888888889,"2PA":36.9444444444,"3PM":8.8333333333,"3PA":31.1111111111,"FTM":11.2777777778,"FTA":18.1666666667,"OFF":11.9444444444,"DEF":24.8888888889,"AST":16.0555555556,"TO":13.5,"STL":9.3888888889,"BLK":2.1666666667,"PF":19.8888888889,"Fls on:":17.3888888889,"+\/-":2.3333333333,"GW":144.0,"GP":18.0,"MINS":200.0,"FGM":24.7222222222,"FGA":68.0555555556,"FG%":36.3265306122,"2P%":43.007518797,"3P%":28.3928571429,"FT%":62.0795107034,"PTS":69.5555555556,"REB":36.8333333333,"STK":11.5555555556},"AU":{"2PM":21.4705882353,"2PA":45.9411764706,"3PM":6.8235294118,"3PA":23.2352941176,"FTM":15.2941176471,"FTA":22.1764705882,"OFF":11.2941176471,"DEF":30.6470588235,"AST":18.2352941176,"TO":16.3529411765,"STL":7.1764705882,"BLK":3.2941176471,"PF":23.8823529412,"Fls on:":19.7647058824,"+\/-":3.1176470588,"GW":135.0,"GP":17.0,"MINS":200.0,"FGM":28.2941176471,"FGA":69.1764705882,"FG%":40.9013605442,"2P%":46.7349551857,"3P%":29.3670886076,"FT%":68.9655172414,"PTS":78.7058823529,"REB":41.9411764706,"STK":10.4705882353},"SSCR":{"2PM":23.0625,"2PA":43.25,"3PM":7.1875,"3PA":23.5,"FTM":19.875,"FTA":31.0,"OFF":10.875,"DEF":31.125,"AST":21.4375,"TO":16.9375,"STL":6.5,"BLK":3.4375,"PF":19.125,"Fls on:":25.375,"+\/-":4.2875,"GW":145.0,"GP":16.0,"MINS":200.0,"FGM":30.25,"FGA":66.75,"FG%":45.3183520599,"2P%":53.323699422,"3P%":30.585106383,"FT%":64.1129032258,"PTS":87.5625,"REB":42.0,"STK":9.9375},"JRU":{"2PM":23.7647058824,"2PA":44.2352941176,"3PM":5.8235294118,"3PA":21.4705882353,"FTM":16.4117647059,"FTA":25.1176470588,"OFF":10.3529411765,"DEF":24.5294117647,"AST":14.1764705882,"TO":13.7647058824,"STL":8.4117647059,"BLK":3.5294117647,"PF":23.1176470588,"Fls on:":22.2941176471,"+\/-":4.5411764706,"GW":167.0,"GP":17.0,"MINS":200.0,"FGM":29.5882352941,"FGA":65.7058823529,"FG%":45.0313339302,"2P%":53.7234042553,"3P%":27.1232876712,"FT%":65.3395784543,"PTS":81.4117647059,"REB":34.8823529412,"STK":11.9411764706}}