{"CSB":{"MINS":203.125,"FGM":30.125,"FGA":68.4375,"2PM":23.25,"2PA":43.0,"3PM":6.875,"3PA":25.4375,"FTM":13.0625,"FTA":21.875,"PTS":80.1875,"OFF":13.625,"DEF":31.0,"REB":44.625,"AST":18.5,"TO":15.375,"STL":7.0625,"BLK":4.0,"STK":11.0625,"PF":18.75,"Fls on:":19.5625,"+\/-":10.0625,"GW":180.0,"GP":16.0,"W":13.0,"L":3.0,"FG%":44.0182648402,"2P%":54.0697674419,"3P%":27.027027027,"FT%":59.7142857143,"W%":0.8125},"MU":{"MINS":201.5625,"FGM":26.5,"FGA":67.625,"2PM":17.75,"2PA":38.125,"3PM":8.75,"3PA":29.5,"FTM":13.5,"FTA":21.5625,"PTS":75.25,"OFF":12.4375,"DEF":25.5,"REB":37.9375,"AST":16.25,"TO":13.0625,"STL":8.0,"BLK":2.3125,"STK":10.3125,"PF":23.0,"Fls on:":19.0,"+\/-":3.5125,"GW":154.0,"GP":16.0,"W":13.0,"L":3.0,"FG%":39.1866913124,"2P%":46.5573770492,"3P%":29.6610169492,"FT%":62.6086956522,"W%":0.8125},"SBU":{"MINS":203.125,"FGM":24.625,"FGA":63.5,"2PM":15.875,"2PA":36.0625,"3PM":8.75,"3PA":27.4375,"FTM":12.75,"FTA":20.9375,"PTS":70.75,"OFF":10.875,"DEF":28.8125,"REB":39.6875,"AST":14.625,"TO":11.9375,"STL":5.3125,"BLK":2.4375,"STK":7.75,"PF":17.875,"Fls on:":19.25,"+\/-":5.3125,"GW":133.0,"GP":16.0,"W":10.0,"L":6.0,"FG%":38.7795275591,"2P%":44.020797227,"3P%":31.8906605923,"FT%":60.8955223881,"W%":0.625},"LPU":{"MINS":202.9411764706,"FGM":28.0588235294,"FGA":69.0,"2PM":20.8235294118,"2PA":40.7058823529,"3PM":7.2352941176,"3PA":28.2941176471,"FTM":17.5882352941,"FTA":25.0588235294,"PTS":80.9411764706,"OFF":9.5882352941,"DEF":26.2941176471,"REB":35.8823529412,"AST":17.4705882353,"TO":11.9411764706,"STL":7.6470588235,"BLK":1.8235294118,"STK":9.4705882353,"PF":19.8823529412,"Fls on:":22.2352941176,"+\/-":0.0588235294,"GW":115.0,"GP":17.0,"W":9.0,"L":8.0,"FG%":40.6649616368,"2P%":51.1560693642,"3P%":25.5717255717,"FT%":70.1877934272,"W%":0.5294117647},"League":{"MINS":203.2738095238,"FGM":27.0416666667,"FGA":68.8273809524,"2PM":20.0714285714,"2PA":42.8988095238,"3PM":6.9702380952,"3PA":25.9285714286,"FTM":14.6666666667,"FTA":22.7678571429,"PTS":75.7202380952,"OFF":11.625,"DEF":26.7142857143,"REB":38.3392857143,"AST":16.7023809524,"TO":13.4285714286,"STL":7.6130952381,"BLK":3.0178571429,"STK":10.630952381,"PF":20.8273809524,"Fls on:":20.5595238095,"+\/-":-0.0011904762,"GW":108.5,"GP":16.8,"W":8.4,"L":8.4,"FG%":39.2891118222,"2P%":46.7878451505,"3P%":26.8824609734,"FT%":64.4183006536,"W%":0.5},"EAC":{"MINS":201.4705882353,"FGM":26.0588235294,"FGA":72.3529411765,"2PM":18.2941176471,"2PA":44.4117647059,"3PM":7.7647058824,"3PA":27.9411764706,"FTM":13.6470588235,"FTA":23.8235294118,"PTS":73.5294117647,"OFF":12.2941176471,"DEF":27.7647058824,"REB":40.0588235294,"AST":17.6470588235,"TO":12.5882352941,"STL":7.1176470588,"BLK":3.6470588235,"STK":10.7647058824,"PF":22.2352941176,"Fls on:":21.2352941176,"+\/-":-1.3764705882,"GW":111.0,"GP":17.0,"W":8.0,"L":9.0,"FG%":36.0162601626,"2P%":41.1920529801,"3P%":27.7894736842,"FT%":57.2839506173,"W%":0.4705882353},"CSJL":{"MINS":206.9444444444,"FGM":26.3888888889,"FGA":65.5,"2PM":19.1111111111,"2PA":38.7777777778,"3PM":7.2777777778,"3PA":26.7222222222,"FTM":14.5,"FTA":19.6111111111,"PTS":74.5555555556,"OFF":8.6666666667,"DEF":28.0555555556,"REB":36.7222222222,"AST":16.0555555556,"TO":15.2777777778,"STL":6.3888888889,"BLK":4.0,"STK":10.3888888889,"PF":20.7222222222,"Fls on:":19.3888888889,"+\/-":-2.1666666667,"GW":100.0,"GP":18.0,"W":8.0,"L":10.0,"FG%":40.288379983,"2P%":49.2836676218,"3P%":27.2349272349,"FT%":73.9376770538,"W%":0.4444444444},"AU":{"MINS":202.9411764706,"FGM":28.1764705882,"FGA":72.3529411765,"2PM":24.0,"2PA":52.2941176471,"3PM":4.1764705882,"3PA":20.0588235294,"FTM":15.0588235294,"FTA":26.5294117647,"PTS":75.5882352941,"OFF":12.9411764706,"DEF":25.0588235294,"REB":38.0,"AST":15.1176470588,"TO":12.4117647059,"STL":10.0588235294,"BLK":3.0588235294,"STK":13.1176470588,"PF":20.1176470588,"Fls on:":23.4117647059,"+\/-":-3.1176470588,"GW":88.0,"GP":17.0,"W":7.0,"L":10.0,"FG%":38.9430894309,"2P%":45.8942632171,"3P%":20.8211143695,"FT%":56.7627494457,"W%":0.4117647059},"UPHSD":{"MINS":205.5555555556,"FGM":24.1666666667,"FGA":64.5555555556,"2PM":18.5,"2PA":41.8333333333,"3PM":5.6666666667,"3PA":22.7222222222,"FTM":13.2222222222,"FTA":21.1666666667,"PTS":67.2222222222,"OFF":11.5555555556,"DEF":27.8333333333,"REB":39.3888888889,"AST":17.6111111111,"TO":15.2777777778,"STL":7.6111111111,"BLK":3.8333333333,"STK":11.4444444444,"PF":17.6111111111,"Fls on:":19.5,"+\/-":-2.3333333333,"GW":79.0,"GP":18.0,"W":7.0,"L":11.0,"FG%":37.4354561102,"2P%":44.2231075697,"3P%":24.9388753056,"FT%":62.467191601,"W%":0.3888888889},"SSCR":{"MINS":204.6875,"FGM":29.9375,"FGA":77.875,"2PM":21.6875,"2PA":46.25,"3PM":8.25,"3PA":31.625,"FTM":15.125,"FTA":20.8125,"PTS":83.25,"OFF":12.5625,"DEF":23.75,"REB":36.3125,"AST":15.5,"TO":11.875,"STL":9.4375,"BLK":1.4375,"STK":10.875,"PF":25.875,"Fls on:":19.0,"+\/-":-4.3125,"GW":67.0,"GP":16.0,"W":5.0,"L":11.0,"FG%":38.4430176565,"2P%":46.8918918919,"3P%":26.0869565217,"FT%":72.6726726727,"W%":0.3125},"JRU":{"MINS":200.0,"FGM":26.7647058824,"FGA":67.6470588235,"2PM":21.4705882353,"2PA":47.3529411765,"3PM":5.2941176471,"3PA":20.2941176471,"FTM":18.0588235294,"FTA":26.2352941176,"PTS":76.8823529412,"OFF":12.0588235294,"DEF":23.0588235294,"REB":35.1176470588,"AST":18.1176470588,"TO":14.2352941176,"STL":7.5294117647,"BLK":3.4117647059,"STK":10.9411764706,"PF":22.5294117647,"Fls on:":22.8235294118,"+\/-":-4.5294117647,"GW":58.0,"GP":17.0,"W":4.0,"L":13.0,"FG%":39.5652173913,"2P%":45.3416149068,"3P%":26.0869565217,"FT%":68.8340807175,"W%":0.2352941176}}