{"AU":{"POS":1378.293159336,"PACE":81.0760681962},"CSB":{"POS":1230.5295594654,"PACE":76.9080974666},"CSJL":{"POS":1406.0392190726,"PACE":78.1132899485},"EAC":{"POS":1350.0792757831,"PACE":79.4164279872},"JRU":{"POS":1321.7675414383,"PACE":77.7510318493},"LPU":{"POS":1350.6077340916,"PACE":79.4475137701},"MU":{"POS":1205.816882494,"PACE":75.3635551559},"SBU":{"POS":1144.706934426,"PACE":71.5441834016},"SSCR":{"POS":1337.172823554,"PACE":83.5733014721},"UPHSD":{"POS":1344.7941574279,"PACE":74.7107865238},"League":{"POS":1306.9807287089,"PACE":77.7904255771}}