{"CSB":{"OFF":77.9909762507,"DEF":67.4847538301,"NET":10.5062224205,"PACE":77.5730769231,"hAST%":16.5660868536,"hTO%":13.7853508461,"TOR":20.0241294396,"AR":24.0633315154,"STL%":9.4534516667,"BLK%":8.6892488954,"EFG%":49.0794573643,"TS%":51.3931362555,"PPWS":1.0278627251,"REB%":57.3617021277,"OREB%":38.4615384615,"DREB%":73.0529595016,"FTR":0.3197674419,"FFI":37.1266346258,"Py-W":15.4845971174,"Py-L":-0.4845971174,"PPR":-1.5267692642,"HHI":0.0973949867},"SBU":{"OFF":74.4934065366,"DEF":68.2446664972,"NET":6.2487400394,"PACE":71.2143563658,"hAST%":14.3861458701,"hTO%":11.8753562607,"TOR":16.3824645227,"AR":19.8461855932,"STL%":7.114670307,"BLK%":6.8541300527,"EFG%":46.1659663866,"TS%":48.820216447,"PPWS":0.9764043289,"REB%":53.3868092692,"OREB%":31.1320754717,"DREB%":73.3108108108,"FTR":0.3214285714,"FFI":33.6098463511,"Py-W":-8.9809450833,"Py-L":23.9809450833,"PPR":-1.2084354207,"HHI":0.1106268782},"MU":{"OFF":74.4256731101,"DEF":70.8658977798,"NET":3.5597753303,"PACE":75.8474833227,"hAST%":15.3142205248,"hTO%":12.6481821338,"TOR":17.9307201824,"AR":21.7102347307,"STL%":10.7232738346,"BLK%":5.7324840764,"EFG%":45.5304518664,"TS%":48.5850518126,"PPWS":0.9717010363,"REB%":53.4498620055,"OREB%":34.1030195382,"DREB%":74.2366412214,"FTR":0.3212180747,"FFI":34.3337358196,"Py-W":-21.2514028846,"Py-L":36.2514028846,"PPR":-1.3365491029,"HHI":0.1344433452},"League":{"OFF":73.1295778349,"DEF":73.1295778349,"NET":0.0,"PACE":77.9633909784,"hAST%":15.2719320934,"hTO%":12.3739095676,"TOR":17.3061002071,"AR":21.3592628685,"STL%":9.7999389296,"BLK%":7.06602928,"EFG%":44.5679471677,"TS%":48.1776968949,"PPWS":0.9635539379,"REB%":50.0,"OREB%":30.2594142259,"DREB%":69.7405857741,"FTR":0.3292716957,"FFI":33.1446621989,"Py-W":7.8,"Py-L":7.8,"PPR":-1.1748031496,"HHI":0.0098985763},"LPU":{"OFF":76.7189481467,"DEF":77.1903395332,"NET":-0.4713913865,"PACE":79.5517293632,"hAST%":15.9897665494,"hTO%":11.0215176573,"TOR":15.1630895979,"AR":21.9982647016,"STL%":9.8992191157,"BLK%":3.9358600583,"EFG%":46.3735267452,"TS%":50.9341845836,"PPWS":1.0186836917,"REB%":46.0905349794,"OREB%":24.6710526316,"DREB%":67.5453047776,"FTR":0.3608340888,"FFI":32.6869049566,"Py-W":-2.7365978443,"Py-L":18.7365978443,"PPR":-0.1909809637,"HHI":0.1189638533},"EAC":{"OFF":70.1916181966,"DEF":71.7011153621,"NET":-1.5094971655,"PACE":79.496671303,"hAST%":15.5290505432,"hTO%":11.4548889939,"TOR":16.2690250061,"AR":22.0554308073,"STL%":9.3924268077,"BLK%":8.6477987421,"EFG%":42.1468401487,"TS%":45.1237263464,"PPWS":0.9024745269,"REB%":46.8222043443,"OREB%":28.3464566929,"DREB%":66.1184210526,"FTR":0.3392193309,"FFI":31.6835736124,"Py-W":-61.5272918329,"Py-L":76.5272918329,"PPR":-0.6051780524,"HHI":0.1075156409},"CSJL":{"OFF":71.9723968235,"DEF":74.4273621061,"NET":-2.4549652827,"PACE":78.2852211219,"hAST%":15.0446028225,"hTO%":14.4546183981,"TOR":19.559885992,"AR":20.3582486855,"STL%":7.6642818581,"BLK%":8.6387434555,"EFG%":45.5629770992,"TS%":50.2945705296,"PPWS":1.0058914106,"REB%":48.538961039,"OREB%":25.8992805755,"DREB%":67.1597633136,"FTR":0.3187022901,"FFI":33.0755528039,"Py-W":0.6603933489,"Py-L":15.3396066511,"PPR":-2.246366177,"HHI":0.1186929161},"UPHSD":{"OFF":66.336256983,"DEF":69.0510860054,"NET":-2.7148290224,"PACE":74.7528388689,"hAST%":16.4509881597,"hTO%":14.2501870681,"TOR":20.3808903423,"AR":23.5285181944,"STL%":9.9150277341,"BLK%":10.3773584906,"EFG%":41.1949685535,"TS%":44.6201727642,"PPWS":0.8924034553,"REB%":51.5957446809,"OREB%":31.5873015873,"DREB%":69.970845481,"FTR":0.2991913747,"FFI":32.3785409444,"Py-W":13.2780657715,"Py-L":3.7219342285,"PPR":-1.7779795512,"HHI":0.1235942427},"AU":{"OFF":71.1717954996,"DEF":73.9351525294,"NET":-2.7633570298,"PACE":81.4227034645,"hAST%":13.7978405476,"hTO%":11.2672322375,"TOR":15.311044876,"AR":18.7498891796,"STL%":12.6090957802,"BLK%":6.5693430657,"EFG%":43.592142189,"TS%":46.5955872893,"PPWS":0.9319117458,"REB%":46.8883205456,"OREB%":27.9809220986,"DREB%":68.75,"FTR":0.3713751169,"FFI":32.4314292683,"Py-W":48.6955880484,"Py-L":-33.6955880484,"PPR":-1.0778574623,"HHI":0.1101042894},"SSCR":{"OFF":74.7098641554,"DEF":78.579969731,"NET":-3.8701055756,"PACE":83.5733014721,"hAST%":13.5480628455,"hTO%":10.3795642768,"TOR":14.2090832728,"AR":18.5465929034,"STL%":11.2924819694,"BLK%":3.323699422,"EFG%":43.7399678973,"TS%":47.8269611927,"PPWS":0.9565392239,"REB%":46.3687150838,"OREB%":28.7553648069,"DREB%":68.5920577617,"FTR":0.2672552167,"FFI":30.8081591889,"Py-W":125.0747132623,"Py-L":-109.0747132623,"PPR":-0.7026229353,"HHI":0.1268362958},"JRU":{"OFF":73.6966556191,"DEF":78.0883746886,"NET":-4.3917190695,"PACE":77.9165275787,"hAST%":15.9442343411,"hTO%":12.5875534272,"TOR":18.0481605598,"AR":22.8610033757,"STL%":9.5454715849,"BLK%":7.9276773296,"EFG%":42.9616087751,"TS%":47.9459561011,"PPWS":0.958919122,"REB%":50.3527336861,"OREB%":33.1081081081,"DREB%":69.1881918819,"FTR":0.3811700183,"FFI":34.0358555458,"Py-W":-32.4314088778,"Py-L":48.4314088778,"PPR":-1.094407843,"HHI":0.117574344}}