{"CSB":{"MINS":203.3333333333,"FGM":30.3333333333,"FGA":68.8,"2PM":23.4666666667,"2PA":43.4666666667,"3PM":6.8666666667,"3PA":25.3333333333,"FTM":13.1333333333,"FTA":22.0,"PTS":80.6666666667,"OFF":13.6666666667,"DEF":31.2666666667,"REB":44.9333333333,"AST":18.6666666667,"TO":15.5333333333,"STL":7.3333333333,"BLK":3.9333333333,"STK":11.2666666667,"PF":18.8666666667,"Fls on:":19.5333333333,"+\/-":10.8666666667,"GW":180.0,"GP":15.0,"W":13.0,"L":2.0,"FG%":44.0891472868,"2P%":53.9877300613,"3P%":27.1052631579,"FT%":59.696969697,"W%":0.8666666667},"MU":{"MINS":201.6666666667,"FGM":26.5333333333,"FGA":67.8666666667,"2PM":17.8,"2PA":37.9333333333,"3PM":8.7333333333,"3PA":29.9333333333,"FTM":13.4666666667,"FTA":21.8,"PTS":75.2666666667,"OFF":12.8,"DEF":25.9333333333,"REB":38.7333333333,"AST":16.4666666667,"TO":13.6,"STL":8.1333333333,"BLK":2.4,"STK":10.5333333333,"PF":23.2,"Fls on:":19.1333333333,"+\/-":3.6133333333,"GW":144.0,"GP":15.0,"W":12.0,"L":3.0,"FG%":39.0962671906,"2P%":46.9244288225,"3P%":29.1759465479,"FT%":61.7737003058,"W%":0.8},"SBU":{"MINS":203.3333333333,"FGM":24.8,"FGA":63.4666666667,"2PM":15.8,"2PA":35.9333333333,"3PM":9.0,"3PA":27.5333333333,"FTM":12.1333333333,"FTA":20.4,"PTS":70.7333333333,"OFF":11.0,"DEF":28.9333333333,"REB":39.9333333333,"AST":14.1333333333,"TO":11.6666666667,"STL":5.0666666667,"BLK":2.6,"STK":7.6666666667,"PF":18.1333333333,"Fls on:":19.0666666667,"+\/-":5.9333333333,"GW":133.0,"GP":15.0,"W":10.0,"L":5.0,"FG%":39.0756302521,"2P%":43.9703153989,"3P%":32.6876513317,"FT%":59.477124183,"W%":0.6666666667},"LPU":{"MINS":203.125,"FGM":28.25,"FGA":68.9375,"2PM":20.8125,"2PA":40.5625,"3PM":7.4375,"3PA":28.375,"FTM":17.4375,"FTA":24.875,"PTS":81.375,"OFF":9.375,"DEF":25.625,"REB":35.0,"AST":17.5,"TO":12.0625,"STL":7.875,"BLK":1.6875,"STK":9.5625,"PF":19.9375,"Fls on:":22.25,"+\/-":-0.5,"GW":100.0,"GP":16.0,"W":8.0,"L":8.0,"FG%":40.9791477788,"2P%":51.3097072419,"3P%":26.2114537445,"FT%":70.1005025126,"W%":0.5},"League":{"MINS":203.5256410256,"FGM":27.1730769231,"FGA":68.9166666667,"2PM":20.0897435897,"2PA":42.9102564103,"3PM":7.0833333333,"3PA":26.0064102564,"FTM":14.5961538462,"FTA":22.6923076923,"PTS":76.0256410256,"OFF":11.5897435897,"DEF":26.7115384615,"REB":38.3012820513,"AST":16.6538461538,"TO":13.4935897436,"STL":7.641025641,"BLK":3.0320512821,"STK":10.6730769231,"PF":20.7692307692,"Fls on:":20.5,"+\/-":-0.0012820513,"GW":101.2,"GP":15.6,"W":7.8,"L":7.8,"FG%":39.4288903358,"2P%":46.8180460114,"3P%":27.2368745378,"FT%":64.3220338983,"W%":0.5},"EAC":{"MINS":201.6666666667,"FGM":26.0666666667,"FGA":71.7333333333,"2PM":17.7333333333,"2PA":43.4,"3PM":8.3333333333,"3PA":28.3333333333,"FTM":13.9333333333,"FTA":24.3333333333,"PTS":74.4,"OFF":12.0,"DEF":26.8,"REB":38.8,"AST":17.5333333333,"TO":12.9333333333,"STL":7.4666666667,"BLK":3.6666666667,"STK":11.1333333333,"PF":22.2,"Fls on:":21.4666666667,"+\/-":-1.6266666667,"GW":98.0,"GP":15.0,"W":7.0,"L":8.0,"FG%":36.3382899628,"2P%":40.8602150538,"3P%":29.4117647059,"FT%":57.2602739726,"W%":0.4666666667},"CSJL":{"MINS":207.8125,"FGM":26.25,"FGA":65.5,"2PM":19.0625,"2PA":38.875,"3PM":7.1875,"3PA":26.625,"FTM":15.4375,"FTA":20.875,"PTS":75.125,"OFF":9.0,"DEF":28.375,"REB":37.375,"AST":15.9375,"TO":15.3125,"STL":6.0,"BLK":4.125,"STK":10.125,"PF":20.3125,"Fls on:":19.875,"+\/-":-2.5625,"GW":90.0,"GP":16.0,"W":7.0,"L":9.0,"FG%":40.0763358779,"2P%":49.0353697749,"3P%":26.9953051643,"FT%":73.9520958084,"W%":0.4375},"AU":{"MINS":203.3333333333,"FGM":28.8666666667,"FGA":71.2666666667,"2PM":24.4666666667,"2PA":51.7333333333,"3PM":4.4,"3PA":19.5333333333,"FTM":15.1333333333,"FTA":26.4666666667,"PTS":77.2666666667,"OFF":11.7333333333,"DEF":24.9333333333,"REB":36.6666666667,"AST":15.2666666667,"TO":12.4666666667,"STL":10.2666666667,"BLK":3.0,"STK":13.2666666667,"PF":20.3333333333,"Fls on:":23.2666666667,"+\/-":-3.0,"GW":75.0,"GP":15.0,"W":6.0,"L":9.0,"FG%":40.5051449953,"2P%":47.293814433,"3P%":22.5255972696,"FT%":57.1788413098,"W%":0.4},"UPHSD":{"MINS":205.8823529412,"FGM":24.0588235294,"FGA":65.4705882353,"2PM":18.2352941176,"2PA":42.3529411765,"3PM":5.8235294118,"3PA":23.1176470588,"FTM":12.1764705882,"FTA":19.5882352941,"PTS":66.1176470588,"OFF":11.7058823529,"DEF":28.2352941176,"REB":39.9411764706,"AST":17.5882352941,"TO":15.2352941176,"STL":7.4117647059,"BLK":3.8823529412,"STK":11.2941176471,"PF":17.1176470588,"Fls on:":18.8235294118,"+\/-":-2.7058823529,"GW":67.0,"GP":17.0,"W":6.0,"L":11.0,"FG%":36.7475292004,"2P%":43.0555555556,"3P%":25.1908396947,"FT%":62.1621621622,"W%":0.3529411765},"SSCR":{"MINS":204.6875,"FGM":29.9375,"FGA":77.875,"2PM":21.6875,"2PA":46.25,"3PM":8.25,"3PA":31.625,"FTM":15.125,"FTA":20.8125,"PTS":83.25,"OFF":12.5625,"DEF":23.75,"REB":36.3125,"AST":15.5,"TO":11.875,"STL":9.4375,"BLK":1.4375,"STK":10.875,"PF":25.875,"Fls on:":19.0,"+\/-":-4.3125,"GW":67.0,"GP":16.0,"W":5.0,"L":11.0,"FG%":38.4430176565,"2P%":46.8918918919,"3P%":26.0869565217,"FT%":72.6726726727,"W%":0.3125},"JRU":{"MINS":200.0,"FGM":26.875,"FGA":68.375,"2PM":21.875,"2PA":48.5,"3PM":5.0,"3PA":19.875,"FTM":17.8125,"FTA":26.0625,"PTS":76.5625,"OFF":12.25,"DEF":23.4375,"REB":35.6875,"AST":17.8125,"TO":14.0625,"STL":7.4375,"BLK":3.5625,"STK":11.0,"PF":21.875,"Fls on:":22.6875,"+\/-":-4.5625,"GW":58.0,"GP":16.0,"W":4.0,"L":12.0,"FG%":39.3053016453,"2P%":45.1030927835,"3P%":25.1572327044,"FT%":68.345323741,"W%":0.25}}