{"CSB":{"OFF":78.066330671,"DEF":67.5499572005,"NET":10.5163734706,"PACE":77.4981986216,"hAST%":16.574716454,"hTO%":13.7925319063,"TOR":20.0434766351,"AR":24.0865813641,"STL%":9.376562031,"BLK%":8.6892488954,"EFG%":49.0794573643,"TS%":51.4315832427,"PPWS":1.0286316649,"REB%":57.4105621806,"OREB%":38.5338345865,"DREB%":73.0529595016,"FTR":0.3178294574,"FFI":37.1168608823,"Py-W":15.4845971174,"Py-L":-0.4845971174,"PPR":-1.5279736115,"HHI":0.0973949867},"SBU":{"OFF":74.4934065366,"DEF":68.2446664972,"NET":6.2487400394,"PACE":71.2143563658,"hAST%":14.3861458701,"hTO%":11.8753562607,"TOR":16.3824645227,"AR":19.8461855932,"STL%":7.114670307,"BLK%":6.8541300527,"EFG%":46.1659663866,"TS%":48.820216447,"PPWS":0.9764043289,"REB%":53.3868092692,"OREB%":31.1320754717,"DREB%":73.3108108108,"FTR":0.3214285714,"FFI":33.6098463511,"Py-W":-8.9809450833,"Py-L":23.9809450833,"PPR":-1.2082212834,"HHI":0.1072299442},"MU":{"OFF":74.4256731101,"DEF":70.8658977798,"NET":3.5597753303,"PACE":75.8474833227,"hAST%":15.3142205248,"hTO%":12.6481821338,"TOR":17.9307201824,"AR":21.7102347307,"STL%":10.7232738346,"BLK%":5.7324840764,"EFG%":45.5304518664,"TS%":48.5850518126,"PPWS":0.9717010363,"REB%":53.4498620055,"OREB%":34.1030195382,"DREB%":74.2366412214,"FTR":0.3212180747,"FFI":34.3337358196,"Py-W":-21.2514028846,"Py-L":36.2514028846,"PPR":-1.3363122635,"HHI":0.1344433452},"League":{"OFF":73.142800301,"DEF":73.142800301,"NET":0.0,"PACE":77.9495757002,"hAST%":15.2736200243,"hTO%":12.3693982029,"TOR":17.3010063894,"AR":21.3631248097,"STL%":9.7934879324,"BLK%":7.06602928,"EFG%":44.5679471677,"TS%":48.1811415924,"PPWS":0.9636228318,"REB%":50.0,"OREB%":30.2644794108,"DREB%":69.7355205892,"FTR":0.3290856664,"FFI":33.1416113433,"Py-W":7.8,"Py-L":7.8,"PPR":-1.1716535433,"HHI":0.0086058332},"LPU":{"OFF":76.7189481467,"DEF":77.1903395332,"NET":-0.4713913865,"PACE":79.5517293632,"hAST%":15.9897665494,"hTO%":11.0215176573,"TOR":15.1630895979,"AR":21.9982647016,"STL%":9.8992191157,"BLK%":3.9358600583,"EFG%":46.3735267452,"TS%":50.9341845836,"PPWS":1.0186836917,"REB%":46.0905349794,"OREB%":24.6710526316,"DREB%":67.5453047776,"FTR":0.3608340888,"FFI":32.6869049566,"Py-W":-2.7365978443,"Py-L":18.7365978443,"PPR":-0.1909471214,"HHI":0.1189638533},"EAC":{"OFF":70.1916181966,"DEF":71.7011153621,"NET":-1.5094971655,"PACE":79.496671303,"hAST%":15.5290505432,"hTO%":11.4548889939,"TOR":16.2690250061,"AR":22.0554308073,"STL%":9.3924268077,"BLK%":8.6477987421,"EFG%":42.1468401487,"TS%":45.1237263464,"PPWS":0.9024745269,"REB%":46.8222043443,"OREB%":28.3464566929,"DREB%":66.1184210526,"FTR":0.3392193309,"FFI":31.6835736124,"Py-W":-61.5272918329,"Py-L":76.5272918329,"PPR":-0.6050708136,"HHI":0.1075156409},"CSJL":{"OFF":71.9723968235,"DEF":74.4273621061,"NET":-2.4549652827,"PACE":78.2852211219,"hAST%":15.0446028225,"hTO%":14.4546183981,"TOR":19.559885992,"AR":20.3582486855,"STL%":7.6642818581,"BLK%":8.6387434555,"EFG%":45.5629770992,"TS%":50.2945705296,"PPWS":1.0058914106,"REB%":48.538961039,"OREB%":25.8992805755,"DREB%":67.1597633136,"FTR":0.3187022901,"FFI":33.0755528039,"Py-W":0.6603933489,"Py-L":15.3396066511,"PPR":-2.2459681161,"HHI":0.0993103563},"UPHSD":{"OFF":66.3924548232,"DEF":69.1095837572,"NET":-2.717128934,"PACE":74.6895643883,"hAST%":16.4600444807,"hTO%":14.2029815251,"TOR":20.319398985,"AR":23.5484507617,"STL%":9.9234274113,"BLK%":10.3773584906,"EFG%":41.1949685535,"TS%":44.6201727642,"PPWS":0.8924034553,"REB%":51.5589353612,"OREB%":31.5873015873,"DREB%":69.9270072993,"FTR":0.2991913747,"FFI":32.363168105,"Py-W":13.2780657715,"Py-L":3.7219342285,"PPR":-1.7493519675,"HHI":0.1144124948},"AU":{"OFF":71.1717954996,"DEF":73.9351525294,"NET":-2.7633570298,"PACE":81.4227034645,"hAST%":13.7978405476,"hTO%":11.2672322375,"TOR":15.311044876,"AR":18.7498891796,"STL%":12.6090957802,"BLK%":6.5693430657,"EFG%":43.592142189,"TS%":46.5955872893,"PPWS":0.9319117458,"REB%":46.8883205456,"OREB%":27.9809220986,"DREB%":68.75,"FTR":0.3713751169,"FFI":32.4314292683,"Py-W":48.6955880484,"Py-L":-33.6955880484,"PPR":-1.0776664637,"HHI":0.08553162},"SSCR":{"OFF":74.7098641554,"DEF":78.579969731,"NET":-3.8701055756,"PACE":83.5733014721,"hAST%":13.5480628455,"hTO%":10.3795642768,"TOR":14.2090832728,"AR":18.5465929034,"STL%":11.2924819694,"BLK%":3.323699422,"EFG%":43.7399678973,"TS%":47.8269611927,"PPWS":0.9565392239,"REB%":46.3687150838,"OREB%":28.7553648069,"DREB%":68.5920577617,"FTR":0.2672552167,"FFI":30.8081591889,"Py-W":125.0747132623,"Py-L":-109.0747132623,"PPR":-0.7024984291,"HHI":0.1072559046},"JRU":{"OFF":73.6966556191,"DEF":78.0883746886,"NET":-4.3917190695,"PACE":77.9165275787,"hAST%":15.9442343411,"hTO%":12.5875534272,"TOR":18.0481605598,"AR":22.8610033757,"STL%":9.5454715849,"BLK%":7.9276773296,"EFG%":42.9616087751,"TS%":47.9459561011,"PPWS":0.958919122,"REB%":50.3527336861,"OREB%":33.1081081081,"DREB%":69.1881918819,"FTR":0.3811700183,"FFI":34.0358555458,"Py-W":-32.4314088778,"Py-L":48.4314088778,"PPR":-1.0942139116,"HHI":0.117250479}}