{"AU":{"POS":587.5604700888,"PACE":83.9372100127},"CSB":{"POS":458.0921818968,"PACE":76.3486969828},"CSJL":{"POS":454.5771311475,"PACE":75.7628551913},"EAC":{"POS":475.6541601124,"PACE":79.2756933521},"JRU":{"POS":461.1542041656,"PACE":76.8590340276},"LPU":{"POS":491.6016888667,"PACE":81.9336148111},"MU":{"POS":454.4284272763,"PACE":75.7380712127},"SBU":{"POS":441.0927356847,"PACE":73.5154559475},"SSCR":{"POS":566.9559315348,"PACE":80.993704505},"UPHSD":{"POS":454.8516338583,"PACE":75.808605643},"League":{"POS":484.5968564632,"PACE":78.0172941686}}