{"CSB":{"MINS":204.5454545455,"FGM":31.5454545455,"FGA":69.6363636364,"2PM":24.6363636364,"2PA":44.5454545455,"3PM":6.9090909091,"3PA":25.0909090909,"FTM":13.3636363636,"FTA":22.6363636364,"PTS":83.3636363636,"OFF":14.4545454545,"DEF":31.1818181818,"REB":45.6363636364,"AST":18.1818181818,"TO":16.3636363636,"STL":7.2727272727,"BLK":4.0909090909,"STK":11.3636363636,"PF":18.9090909091,"Fls on:":19.7272727273,"+\/-":12.1818181818,"GW":125,"GP":11.0,"W":9.0,"L":2.0,"FG%":45.3002610966,"2P%":55.306122449,"3P%":27.5362318841,"FT%":59.0361445783,"W%":0.8181818182},"MU":{"MINS":202.2727272727,"FGM":26.7272727273,"FGA":68.3636363636,"2PM":18.1818181818,"2PA":38.7272727273,"3PM":8.5454545455,"3PA":29.6363636364,"FTM":14.8181818182,"FTA":23.1818181818,"PTS":76.8181818182,"OFF":13.4545454545,"DEF":27.3636363636,"REB":40.8181818182,"AST":15.1818181818,"TO":13.3636363636,"STL":7.2727272727,"BLK":2.6363636364,"STK":9.9090909091,"PF":23.8181818182,"Fls on:":20.2727272727,"+\/-":2.5636363636,"GW":97,"GP":11.0,"W":8.0,"L":3.0,"FG%":39.0957446809,"2P%":46.9483568075,"3P%":28.8343558282,"FT%":63.9215686275,"W%":0.7272727273},"SBU":{"MINS":204.1666666667,"FGM":24.5,"FGA":64.1666666667,"2PM":15.75,"2PA":36.4166666667,"3PM":8.75,"3PA":27.75,"FTM":11.75,"FTA":20.0,"PTS":69.5,"OFF":11.25,"DEF":29.6666666667,"REB":40.9166666667,"AST":13.5,"TO":11.5833333333,"STL":4.8333333333,"BLK":2.5,"STK":7.3333333333,"PF":17.75,"Fls on:":18.6666666667,"+\/-":4.0833333333,"GW":106,"GP":12.0,"W":8.0,"L":4.0,"FG%":38.1818181818,"2P%":43.2494279176,"3P%":31.5315315315,"FT%":58.75,"W%":0.6666666667},"CSJL":{"MINS":206.8181818182,"FGM":25.8181818182,"FGA":64.3636363636,"2PM":18.8181818182,"2PA":37.3636363636,"3PM":7.0,"3PA":27.0,"FTM":14.1818181818,"FTA":18.8181818182,"PTS":72.8181818182,"OFF":9.3636363636,"DEF":28.5454545455,"REB":37.9090909091,"AST":15.8181818182,"TO":15.1818181818,"STL":5.8181818182,"BLK":4.7272727273,"STK":10.5454545455,"PF":20.0909090909,"Fls on:":18.3636363636,"+\/-":-1.5454545455,"GW":77,"GP":11.0,"W":6.0,"L":5.0,"FG%":40.1129943503,"2P%":50.3649635036,"3P%":25.9259259259,"FT%":75.3623188406,"W%":0.5454545455},"LPU":{"MINS":202.2727272727,"FGM":28.0909090909,"FGA":70.8181818182,"2PM":20.0,"2PA":40.9090909091,"3PM":8.0909090909,"3PA":29.9090909091,"FTM":16.6363636364,"FTA":23.3636363636,"PTS":80.9090909091,"OFF":10.2727272727,"DEF":25.6363636364,"REB":35.9090909091,"AST":17.0909090909,"TO":10.7272727273,"STL":7.7272727273,"BLK":1.6363636364,"STK":9.3636363636,"PF":19.7272727273,"Fls on:":20.8181818182,"+\/-":-0.5454545455,"GW":77,"GP":11.0,"W":6.0,"L":5.0,"FG%":39.6662387677,"2P%":48.8888888889,"3P%":27.0516717325,"FT%":71.2062256809,"W%":0.5454545455},"League":{"MINS":203.5714285714,"FGM":26.9553571429,"FGA":69.375,"2PM":19.8928571429,"2PA":43.0892857143,"3PM":7.0625,"3PA":26.2857142857,"FTM":14.6875,"FTA":22.7410714286,"PTS":75.6607142857,"OFF":12.0714285714,"DEF":26.875,"REB":38.9464285714,"AST":15.9464285714,"TO":13.2321428571,"STL":7.5982142857,"BLK":3.1607142857,"STK":10.7589285714,"PF":20.6428571429,"Fls on:":20.3482142857,"+\/-":-0.0017857143,"GW":73,"GP":11.2,"W":5.6,"L":5.6,"FG%":38.8545688546,"2P%":46.1665975964,"3P%":26.8682065217,"FT%":64.5857872006,"W%":0.5},"EAC":{"MINS":202.2727272727,"FGM":26.0,"FGA":71.7272727273,"2PM":18.0,"2PA":44.0909090909,"3PM":8.0,"3PA":27.6363636364,"FTM":14.8181818182,"FTA":25.5454545455,"PTS":74.8181818182,"OFF":12.1818181818,"DEF":26.1818181818,"REB":38.3636363636,"AST":17.6363636364,"TO":13.6363636364,"STL":8.0909090909,"BLK":3.7272727273,"STK":11.8181818182,"PF":22.2727272727,"Fls on:":21.8181818182,"+\/-":-0.6727272727,"GW":71,"GP":11.0,"W":5.0,"L":6.0,"FG%":36.2484157161,"2P%":40.824742268,"3P%":28.9473684211,"FT%":58.0071174377,"W%":0.4545454545},"UPHSD":{"MINS":206.25,"FGM":24.0,"FGA":66.9166666667,"2PM":17.5833333333,"2PA":42.0833333333,"3PM":6.4166666667,"3PA":24.8333333333,"FTM":11.5,"FTA":18.25,"PTS":65.9166666667,"OFF":11.5,"DEF":28.9166666667,"REB":40.4166666667,"AST":16.9166666667,"TO":13.75,"STL":7.4166666667,"BLK":3.8333333333,"STK":11.25,"PF":17.5833333333,"Fls on:":17.6666666667,"+\/-":-1.25,"GW":58,"GP":12.0,"W":5.0,"L":7.0,"FG%":35.8655043587,"2P%":41.7821782178,"3P%":25.8389261745,"FT%":63.0136986301,"W%":0.4166666667},"AU":{"MINS":204.5454545455,"FGM":29.0,"FGA":72.2727272727,"2PM":24.6363636364,"2PA":53.3636363636,"3PM":4.3636363636,"3PA":18.9090909091,"FTM":14.5454545455,"FTA":25.5454545455,"PTS":76.9090909091,"OFF":12.0,"DEF":25.3636363636,"REB":37.3636363636,"AST":14.0909090909,"TO":12.3636363636,"STL":9.7272727273,"BLK":2.9090909091,"STK":12.6363636364,"PF":20.7272727273,"Fls on:":23.1818181818,"+\/-":-4.3636363636,"GW":38,"GP":11.0,"W":3.0,"L":8.0,"FG%":40.1257861635,"2P%":46.1669505963,"3P%":23.0769230769,"FT%":56.9395017794,"W%":0.2727272727},"JRU":{"MINS":200.0,"FGM":26.2727272727,"FGA":68.7272727273,"2PM":21.0,"2PA":48.2727272727,"3PM":5.2727272727,"3PA":20.4545454545,"FTM":18.8181818182,"FTA":27.4545454545,"PTS":76.6363636364,"OFF":13.0909090909,"DEF":23.3636363636,"REB":36.4545454545,"AST":17.2727272727,"TO":14.6363636364,"STL":7.9090909091,"BLK":4.0909090909,"STK":12.0,"PF":20.4545454545,"Fls on:":23.0909090909,"+\/-":-3.9090909091,"GW":44,"GP":11.0,"W":3.0,"L":8.0,"FG%":38.2275132275,"2P%":43.5028248588,"3P%":25.7777777778,"FT%":68.5430463576,"W%":0.2727272727},"SSCR":{"MINS":202.2727272727,"FGM":28.0909090909,"FGA":77.4545454545,"2PM":20.9090909091,"2PA":45.8181818182,"3PM":7.1818181818,"3PA":31.6363636364,"FTM":17.0,"FTA":23.2727272727,"PTS":80.3636363636,"OFF":13.2727272727,"DEF":22.0909090909,"REB":35.3636363636,"AST":13.9090909091,"TO":10.8181818182,"STL":10.1818181818,"BLK":1.4545454545,"STK":11.6363636364,"PF":25.6363636364,"Fls on:":20.2727272727,"+\/-":-6.8181818182,"GW":37,"GP":11.0,"W":3.0,"L":8.0,"FG%":36.2676056338,"2P%":45.6349206349,"3P%":22.7011494253,"FT%":73.046875,"W%":0.2727272727}}