{"SSCR":{"2PM":112.0,"2PA":217.0,"3PM":32.0,"3PA":116.0,"FTM":119.0,"FTA":176.0,"OFF":59.0,"DEF":149.0,"AST":96.0,"TO":81.0,"STL":29.0,"BLK":19.0,"PF":112.0,"Fls on:":149.0,"+\/-":31.0,"GW":41.0,"GP":5.0,"MINS":1000.0,"FGM":144.0,"FGA":333.0,"FG%":43.2432432432,"2P%":51.6129032258,"3P%":27.5862068966,"FT%":67.6136363636,"PTS":439.0,"REB":208.0,"STK":48.0},"LPU":{"2PM":100.0,"2PA":194.0,"3PM":29.0,"3PA":101.0,"FTM":65.0,"FTA":103.0,"OFF":58.0,"DEF":122.0,"AST":74.0,"TO":52.0,"STL":29.0,"BLK":14.0,"PF":87.0,"Fls on:":94.0,"+\/-":9.0,"GW":28.0,"GP":4.0,"MINS":800.0,"FGM":129.0,"FGA":295.0,"FG%":43.7288135593,"2P%":51.5463917526,"3P%":28.7128712871,"FT%":63.1067961165,"PTS":352.0,"REB":180.0,"STK":43.0},"SBU":{"2PM":73.0,"2PA":189.0,"3PM":43.0,"3PA":174.0,"FTM":61.0,"FTA":96.0,"OFF":64.0,"DEF":123.0,"AST":70.0,"TO":47.0,"STL":34.0,"BLK":13.0,"PF":119.0,"Fls on:":95.0,"+\/-":-25.0,"GW":25.0,"GP":5.0,"MINS":1000.0,"FGM":116.0,"FGA":363.0,"FG%":31.955922865,"2P%":38.6243386243,"3P%":24.7126436782,"FT%":63.5416666667,"PTS":336.0,"REB":187.0,"STK":47.0},"AU":{"2PM":100.0,"2PA":226.0,"3PM":42.0,"3PA":138.0,"FTM":79.0,"FTA":109.0,"OFF":50.0,"DEF":158.0,"AST":90.0,"TO":78.0,"STL":35.0,"BLK":25.0,"PF":120.0,"Fls on:":92.0,"+\/-":6.0,"GW":52.0,"GP":5.0,"MINS":1000.0,"FGM":142.0,"FGA":364.0,"FG%":39.010989011,"2P%":44.2477876106,"3P%":30.4347826087,"FT%":72.4770642202,"PTS":405.0,"REB":208.0,"STK":60.0},"JRU":{"2PM":110.0,"2PA":214.0,"3PM":34.0,"3PA":105.0,"FTM":78.0,"FTA":111.0,"OFF":51.0,"DEF":128.0,"AST":70.0,"TO":64.0,"STL":41.0,"BLK":20.0,"PF":120.0,"Fls on:":100.0,"+\/-":30.0,"GW":56.0,"GP":5.0,"MINS":1000.0,"FGM":144.0,"FGA":319.0,"FG%":45.1410658307,"2P%":51.4018691589,"3P%":32.380952381,"FT%":70.2702702703,"PTS":400.0,"REB":179.0,"STK":61.0},"EAC":{"2PM":92.0,"2PA":225.0,"3PM":31.0,"3PA":130.0,"FTM":77.0,"FTA":138.0,"OFF":81.0,"DEF":164.0,"AST":77.0,"TO":70.0,"STL":36.0,"BLK":15.0,"PF":116.0,"Fls on:":114.0,"+\/-":11.0,"GW":40.0,"GP":5.0,"MINS":1000.0,"FGM":123.0,"FGA":355.0,"FG%":34.6478873239,"2P%":40.8888888889,"3P%":23.8461538462,"FT%":55.7971014493,"PTS":354.0,"REB":245.0,"STK":51.0},"CSJL":{"2PM":83.0,"2PA":185.0,"3PM":27.0,"3PA":107.0,"FTM":62.0,"FTA":93.0,"OFF":53.0,"DEF":83.0,"AST":58.0,"TO":41.0,"STL":36.0,"BLK":15.0,"PF":90.0,"Fls on:":88.0,"+\/-":7.0,"GW":25.0,"GP":4.0,"MINS":800.0,"FGM":110.0,"FGA":292.0,"FG%":37.6712328767,"2P%":44.8648648649,"3P%":25.2336448598,"FT%":66.6666666667,"PTS":309.0,"REB":136.0,"STK":51.0},"CSB":{"2PM":72.0,"2PA":180.0,"3PM":17.0,"3PA":105.0,"FTM":41.0,"FTA":81.0,"OFF":52.0,"DEF":91.0,"AST":43.0,"TO":51.0,"STL":30.0,"BLK":15.0,"PF":78.0,"Fls on:":80.0,"+\/-":-67.0,"GW":0.0,"GP":4.0,"MINS":800.0,"FGM":89.0,"FGA":285.0,"FG%":31.2280701754,"2P%":40.0,"3P%":16.1904761905,"FT%":50.6172839506,"PTS":236.0,"REB":143.0,"STK":45.0},"MU":{"2PM":71.0,"2PA":178.0,"3PM":22.0,"3PA":85.0,"FTM":63.0,"FTA":96.0,"OFF":39.0,"DEF":117.0,"AST":59.0,"TO":59.0,"STL":30.0,"BLK":13.0,"PF":71.0,"Fls on:":89.0,"+\/-":-11.0,"GW":13.0,"GP":4.0,"MINS":800.0,"FGM":93.0,"FGA":263.0,"FG%":35.36121673,"2P%":39.8876404494,"3P%":25.8823529412,"FT%":65.625,"PTS":271.0,"REB":156.0,"STK":43.0},"UPHSD":{"2PM":92.0,"2PA":202.0,"3PM":35.0,"3PA":132.0,"FTM":60.0,"FTA":108.0,"OFF":63.0,"DEF":134.0,"AST":70.0,"TO":66.0,"STL":46.0,"BLK":13.0,"PF":102.0,"Fls on:":95.0,"+\/-":9.0,"GW":26.0,"GP":5.0,"MINS":1000.0,"FGM":127.0,"FGA":334.0,"FG%":38.0239520958,"2P%":45.5445544554,"3P%":26.5151515152,"FT%":55.5555555556,"PTS":349.0,"REB":197.0,"STK":59.0},"League":{"2PM":90.5,"2PA":201.0,"3PM":31.2,"3PA":119.3,"FTM":70.5,"FTA":111.1,"OFF":57.0,"DEF":126.9,"AST":70.7,"TO":60.9,"STL":34.6,"BLK":16.2,"PF":101.5,"Fls on:":99.6,"+\/-":0.0,"GW":30.6,"GP":4.6,"MINS":920.0,"FGM":121.7,"FGA":320.3,"FG%":37.9956290977,"2P%":45.0248756219,"3P%":26.1525565801,"FT%":63.4563456346,"PTS":345.1,"REB":183.9,"STK":50.8}}