{"CSB":{"OFF":75.0644190567,"DEF":58.466016163,"NET":16.5984028937,"PACE":75.6849925889,"hAST%":13.0256791961,"hTO%":12.7930777819,"TOR":18.1674061523,"AR":18.4977226278,"STL%":10.2398107404,"BLK%":9.4444444444,"EFG%":45.1557093426,"TS%":47.5040762574,"PPWS":0.9500815251,"REB%":57.6923076923,"OREB%":40.9090909091,"DREB%":71.7391304348,"FTR":0.2352941176,"FFI":34.3153652216,"Py-W":3.9279431643,"Py-L":0.0720568357,"PPR":-2.211910388,"HHI":0.1145094707},"SBU":{"OFF":73.8070371677,"DEF":68.6957465051,"NET":5.1112906626,"PACE":73.3669878618,"hAST%":12.3980163174,"hTO%":13.7977923532,"TOR":18.8095496383,"AR":16.9013344576,"STL%":5.9972477108,"BLK%":8.4656084656,"EFG%":45.498392283,"TS%":48.9053863661,"PPWS":0.9781077273,"REB%":54.3902439024,"OREB%":34.9206349206,"DREB%":71.0407239819,"FTR":0.424437299,"FFI":36.2524307924,"Py-W":3.7959727969,"Py-L":1.2040272031,"PPR":-2.8761326865,"HHI":0.1342761335},"MU":{"OFF":69.3360525691,"DEF":66.6314547739,"NET":2.7045977953,"PACE":76.259028371,"hAST%":14.7229194825,"hTO%":12.067966789,"TOR":16.3915017894,"AR":19.9976321831,"STL%":11.4740512526,"BLK%":5.6179775281,"EFG%":43.4944237918,"TS%":46.4855598048,"PPWS":0.9297111961,"REB%":50.3184713376,"OREB%":29.0909090909,"DREB%":73.8255033557,"FTR":0.2899628253,"FFI":31.6632691614,"Py-W":2.6159487911,"Py-L":1.3840512089,"PPR":-1.1960026908,"HHI":0.1392032594},"League":{"OFF":71.9386662545,"DEF":71.9386662545,"NET":0.0,"PACE":78.1765741079,"hAST%":14.1178631905,"hTO%":12.1609316592,"TOR":16.9267450011,"AR":19.6505890242,"STL%":9.6168370614,"BLK%":8.0597014925,"EFG%":42.8660630659,"TS%":46.7382118402,"PPWS":0.9347642368,"REB%":50.0,"OREB%":30.9951060359,"DREB%":69.0048939641,"FTR":0.3468623166,"FFI":32.7800674325,"Py-W":2.3,"Py-L":2.3,"PPR":-1.4723707665,"HHI":0.0103177446},"AU":{"OFF":70.1224973414,"DEF":71.1769709856,"NET":-1.0544736442,"PACE":85.3506396223,"hAST%":13.1505119933,"hTO%":11.0464300743,"TOR":14.7626310192,"AR":17.5745607372,"STL%":11.7163738248,"BLK%":6.1946902655,"EFG%":43.8829787234,"TS%":46.146373057,"PPWS":0.9229274611,"REB%":50.2392344498,"OREB%":26.8518518519,"DREB%":75.2475247525,"FTR":0.3404255319,"FFI":31.7206025933,"Py-W":2.2028976444,"Py-L":2.7971023556,"PPR":-1.1340283396,"HHI":0.1099553395},"CSJL":{"OFF":74.9498270535,"DEF":76.6870747004,"NET":-1.7372476469,"PACE":75.5505412435,"hAST%":13.7295282926,"hTO%":15.6908894773,"TOR":21.1778760769,"AR":18.5306415673,"STL%":8.6035121563,"BLK%":10.8108108108,"EFG%":46.70781893,"TS%":52.4524107267,"PPWS":1.0490482145,"REB%":52.4475524476,"OREB%":33.064516129,"DREB%":67.2839506173,"FTR":0.4197530864,"FFI":36.8867961134,"Py-W":1.6374241176,"Py-L":2.3625758824,"PPR":-3.4491954137,"HHI":0.114885312},"UPHSD":{"OFF":68.1590831439,"DEF":69.9632941683,"NET":-1.8042110244,"PACE":74.8249501718,"hAST%":14.4905996879,"hTO%":12.6328304971,"TOR":18.175755505,"AR":20.8486607264,"STL%":9.8897493189,"BLK%":9.900990099,"EFG%":39.7959183673,"TS%":43.3363923728,"PPWS":0.8667278475,"REB%":50.1265822785,"OREB%":33.3333333333,"DREB%":67.5257731959,"FTR":0.3265306122,"FFI":32.0269320735,"Py-W":1.9849521729,"Py-L":3.0150478271,"PPR":-1.6716685849,"HHI":0.1342387543},"LPU":{"OFF":77.0416115263,"DEF":79.0631115372,"NET":-2.0215000109,"PACE":83.4776151821,"hAST%":16.501650165,"hTO%":11.9419836721,"TOR":16.4714815702,"AR":22.7605927152,"STL%":7.7865185605,"BLK%":4.6391752577,"EFG%":48.4265734266,"TS%":52.0390824129,"PPWS":1.0407816483,"REB%":45.6193353474,"OREB%":23.2704402516,"DREB%":66.2790697674,"FTR":0.3461538462,"FFI":33.3348955058,"Py-W":1.5914190493,"Py-L":2.4085809507,"PPR":-0.4918976528,"HHI":0.1435541314},"EAC":{"OFF":64.6400782877,"DEF":66.7130837138,"NET":-2.0730054261,"PACE":79.5945818182,"hAST%":15.3666807969,"hTO%":10.7743394094,"TOR":15.3276764841,"AR":21.8607844938,"STL%":9.2971152445,"BLK%":10.2222222222,"EFG%":37.1148459384,"TS%":41.0130093744,"PPWS":0.8202601875,"REB%":44.3181818182,"OREB%":25.4545454545,"DREB%":63.1818181818,"FTR":0.3893557423,"FFI":29.6091027217,"Py-W":1.8817573894,"Py-L":3.1182426106,"PPR":-0.2874686693,"HHI":0.1093506957},"SSCR":{"OFF":74.03497997,"DEF":79.6601867815,"NET":-5.6252068114,"PACE":82.6636274161,"hAST%":12.4947938359,"hTO%":9.8917117868,"TOR":13.7908296023,"AR":17.4199952871,"STL%":11.6133301914,"BLK%":3.2258064516,"EFG%":39.9746192893,"TS%":45.613093641,"PPWS":0.9122618728,"REB%":47.2081218274,"OREB%":32.5791855204,"DREB%":65.8959537572,"FTR":0.307106599,"FFI":30.5599912051,"Py-W":1.1827249101,"Py-L":3.8172750899,"PPR":-0.8511472203,"HHI":0.1315239331},"JRU":{"OFF":74.007127574,"DEF":80.0077054854,"NET":-6.0005779114,"PACE":74.9927768031,"hAST%":15.4389060432,"hTO%":12.3143655345,"TOR":17.8683875584,"AR":22.4021575359,"STL%":9.067539955,"BLK%":12.1495327103,"EFG%":41.9402985075,"TS%":47.0642108477,"PPWS":0.941284217,"REB%":49.1477272727,"OREB%":32.6315789474,"DREB%":68.5185185185,"FTR":0.3940298507,"FFI":33.6799798433,"Py-W":1.115765972,"Py-L":3.884234028,"PPR":-1.1467001915,"HHI":0.1134258583}}