{"MU":{"2PM":204.0,"2PA":480.0,"3PM":68.0,"3PA":241.0,"FTM":205.0,"FTA":310.0,"OFF":108.0,"DEF":277.0,"AST":165.0,"TO":135.0,"STL":82.0,"BLK":28.0,"PF":226.0,"Fls on:":256.0,"+\/-":-28.0,"GW":35.0,"GP":11.0,"MINS":2200.0,"FGM":272.0,"FGA":721.0,"FG%":37.7253814147,"2P%":42.5,"3P%":28.2157676349,"FT%":66.1290322581,"PTS":817.0,"REB":385.0,"STK":110.0},"LPU":{"2PM":244.0,"2PA":456.0,"3PM":86.0,"3PA":290.0,"FTM":150.0,"FTA":240.0,"OFF":134.0,"DEF":328.0,"AST":193.0,"TO":159.0,"STL":69.0,"BLK":39.0,"PF":231.0,"Fls on:":215.0,"+\/-":6.0,"GW":68.0,"GP":11.0,"MINS":2200.0,"FGM":330.0,"FGA":746.0,"FG%":44.235924933,"2P%":53.5087719298,"3P%":29.6551724138,"FT%":62.5,"PTS":896.0,"REB":462.0,"STK":108.0},"EAC":{"2PM":201.0,"2PA":480.0,"3PM":80.0,"3PA":290.0,"FTM":188.0,"FTA":292.0,"OFF":158.0,"DEF":327.0,"AST":183.0,"TO":162.0,"STL":84.0,"BLK":37.0,"PF":242.0,"Fls on:":241.0,"+\/-":7.0,"GW":81.0,"GP":11.0,"MINS":2200.0,"FGM":281.0,"FGA":770.0,"FG%":36.4935064935,"2P%":41.875,"3P%":27.5862068966,"FT%":64.3835616438,"PTS":830.0,"REB":485.0,"STK":121.0},"SSCR":{"2PM":260.0,"2PA":472.0,"3PM":74.0,"3PA":248.0,"FTM":217.0,"FTA":337.0,"OFF":118.0,"DEF":351.0,"AST":240.0,"TO":195.0,"STL":67.0,"BLK":39.0,"PF":225.0,"Fls on:":276.0,"+\/-":74.6,"GW":106.0,"GP":11.0,"MINS":2200.0,"FGM":334.0,"FGA":720.0,"FG%":46.3888888889,"2P%":55.0847457627,"3P%":29.8387096774,"FT%":64.3916913947,"PTS":959.0,"REB":469.0,"STK":106.0},"JRU":{"2PM":264.0,"2PA":505.0,"3PM":68.0,"3PA":257.0,"FTM":154.0,"FTA":237.0,"OFF":128.0,"DEF":266.0,"AST":149.0,"TO":151.0,"STL":94.0,"BLK":40.0,"PF":258.0,"Fls on:":223.0,"+\/-":43.2,"GW":105.0,"GP":11.0,"MINS":2200.0,"FGM":332.0,"FGA":762.0,"FG%":43.5695538058,"2P%":52.2772277228,"3P%":26.4591439689,"FT%":64.9789029536,"PTS":886.0,"REB":394.0,"STK":134.0},"CSB":{"2PM":230.0,"2PA":507.0,"3PM":64.0,"3PA":297.0,"FTM":131.0,"FTA":222.0,"OFF":139.0,"DEF":226.0,"AST":134.0,"TO":130.0,"STL":105.0,"BLK":35.0,"PF":222.0,"Fls on:":208.0,"+\/-":-134.0,"GW":25.0,"GP":11.0,"MINS":2200.0,"FGM":294.0,"FGA":804.0,"FG%":36.5671641791,"2P%":45.3648915187,"3P%":21.5488215488,"FT%":59.009009009,"PTS":783.0,"REB":365.0,"STK":140.0},"CSJL":{"2PM":222.0,"2PA":516.0,"3PM":76.0,"3PA":313.0,"FTM":146.0,"FTA":221.0,"OFF":155.0,"DEF":278.0,"AST":180.0,"TO":112.0,"STL":93.0,"BLK":32.0,"PF":206.0,"Fls on:":216.0,"+\/-":17.0,"GW":61.0,"GP":11.0,"MINS":2200.0,"FGM":298.0,"FGA":829.0,"FG%":35.9469240048,"2P%":43.023255814,"3P%":24.2811501597,"FT%":66.0633484163,"PTS":818.0,"REB":433.0,"STK":125.0},"SBU":{"2PM":177.0,"2PA":423.0,"3PM":83.0,"3PA":335.0,"FTM":129.0,"FTA":190.0,"OFF":116.0,"DEF":283.0,"AST":153.0,"TO":101.0,"STL":66.0,"BLK":29.0,"PF":216.0,"Fls on:":198.0,"+\/-":-45.0,"GW":51.0,"GP":11.0,"MINS":2200.0,"FGM":260.0,"FGA":758.0,"FG%":34.3007915567,"2P%":41.8439716312,"3P%":24.776119403,"FT%":67.8947368421,"PTS":732.0,"REB":399.0,"STK":95.0},"UPHSD":{"2PM":181.0,"2PA":426.0,"3PM":86.0,"3PA":336.0,"FTM":129.0,"FTA":208.0,"OFF":142.0,"DEF":291.0,"AST":160.0,"TO":146.0,"STL":93.0,"BLK":26.0,"PF":200.0,"Fls on:":199.0,"+\/-":11.0,"GW":79.0,"GP":11.0,"MINS":2200.0,"FGM":267.0,"FGA":762.0,"FG%":35.0393700787,"2P%":42.4882629108,"3P%":25.5952380952,"FT%":62.0192307692,"PTS":749.0,"REB":433.0,"STK":119.0},"AU":{"2PM":226.0,"2PA":507.0,"3PM":85.0,"3PA":273.0,"FTM":187.0,"FTA":278.0,"OFF":136.0,"DEF":335.0,"AST":200.0,"TO":170.0,"STL":84.0,"BLK":43.0,"PF":261.0,"Fls on:":223.0,"+\/-":48.0,"GW":107.0,"GP":11.0,"MINS":2200.0,"FGM":311.0,"FGA":780.0,"FG%":39.8717948718,"2P%":44.5759368836,"3P%":31.1355311355,"FT%":67.2661870504,"PTS":894.0,"REB":471.0,"STK":127.0},"League":{"2PM":220.9,"2PA":477.2,"3PM":77.0,"3PA":288.0,"FTM":163.6,"FTA":253.5,"OFF":133.4,"DEF":296.2,"AST":175.7,"TO":146.1,"STL":83.7,"BLK":34.8,"PF":228.7,"Fls on:":225.5,"+\/-":-0.02,"GW":71.8,"GP":11.0,"MINS":2200.0,"FGM":297.9,"FGA":765.2,"FG%":38.9309984318,"2P%":46.2908633697,"3P%":26.7361111111,"FT%":64.5364891519,"PTS":836.4,"REB":429.6,"STK":118.5}}