{"AU":{"MINS":2250.0,"FGM":319.0,"FGA":795.0,"2PM":271.0,"2PA":587.0,"3PM":48.0,"3PA":208.0,"FTM":160.0,"FTA":281.0,"PTS":846.0,"OFF":132.0,"DEF":279.0,"REB":411.0,"AST":155.0,"TO":136.0,"STL":107.0,"BLK":32.0,"STK":139.0,"PF":228.0,"Fls on:":255.0,"+\/-":-48.0,"GW":38.0,"GP":11.0,"W":3.0,"L":8.0,"FG%":40.1257861635,"2P%":46.1669505963,"3P%":23.0769230769,"FT%":56.9395017794},"CSB":{"MINS":2250.0,"FGM":347.0,"FGA":766.0,"2PM":271.0,"2PA":490.0,"3PM":76.0,"3PA":276.0,"FTM":147.0,"FTA":249.0,"PTS":917.0,"OFF":159.0,"DEF":343.0,"REB":502.0,"AST":200.0,"TO":180.0,"STL":80.0,"BLK":45.0,"STK":125.0,"PF":208.0,"Fls on:":217.0,"+\/-":134.0,"GW":125.0,"GP":11.0,"W":9.0,"L":2.0,"FG%":45.3002610966,"2P%":55.306122449,"3P%":27.5362318841,"FT%":59.0361445783},"CSJL":{"MINS":2275.0,"FGM":284.0,"FGA":708.0,"2PM":207.0,"2PA":411.0,"3PM":77.0,"3PA":297.0,"FTM":156.0,"FTA":207.0,"PTS":801.0,"OFF":103.0,"DEF":314.0,"REB":417.0,"AST":174.0,"TO":167.0,"STL":64.0,"BLK":52.0,"STK":116.0,"PF":221.0,"Fls on:":202.0,"+\/-":-17.0,"GW":77.0,"GP":11.0,"W":6.0,"L":5.0,"FG%":40.1129943503,"2P%":50.3649635036,"3P%":25.9259259259,"FT%":75.3623188406},"EAC":{"MINS":2225.0,"FGM":286.0,"FGA":789.0,"2PM":198.0,"2PA":485.0,"3PM":88.0,"3PA":304.0,"FTM":163.0,"FTA":281.0,"PTS":823.0,"OFF":134.0,"DEF":288.0,"REB":422.0,"AST":194.0,"TO":150.0,"STL":89.0,"BLK":41.0,"STK":130.0,"PF":245.0,"Fls on:":240.0,"+\/-":-7.4,"GW":71.0,"GP":11.0,"W":5.0,"L":6.0,"FG%":36.2484157161,"2P%":40.824742268,"3P%":28.9473684211,"FT%":58.0071174377},"JRU":{"MINS":2200.0,"FGM":289.0,"FGA":756.0,"2PM":231.0,"2PA":531.0,"3PM":58.0,"3PA":225.0,"FTM":207.0,"FTA":302.0,"PTS":843.0,"OFF":144.0,"DEF":257.0,"REB":401.0,"AST":190.0,"TO":161.0,"STL":87.0,"BLK":45.0,"STK":132.0,"PF":225.0,"Fls on:":254.0,"+\/-":-43.0,"GW":44.0,"GP":11.0,"W":3.0,"L":8.0,"FG%":38.2275132275,"2P%":43.5028248588,"3P%":25.7777777778,"FT%":68.5430463576},"LPU":{"MINS":2225.0,"FGM":309.0,"FGA":779.0,"2PM":220.0,"2PA":450.0,"3PM":89.0,"3PA":329.0,"FTM":183.0,"FTA":257.0,"PTS":890.0,"OFF":113.0,"DEF":282.0,"REB":395.0,"AST":188.0,"TO":118.0,"STL":85.0,"BLK":18.0,"STK":103.0,"PF":217.0,"Fls on:":229.0,"+\/-":-6.0,"GW":77.0,"GP":11.0,"W":6.0,"L":5.0,"FG%":39.6662387677,"2P%":48.8888888889,"3P%":27.0516717325,"FT%":71.2062256809},"MU":{"MINS":2225.0,"FGM":294.0,"FGA":752.0,"2PM":200.0,"2PA":426.0,"3PM":94.0,"3PA":326.0,"FTM":163.0,"FTA":255.0,"PTS":845.0,"OFF":148.0,"DEF":301.0,"REB":449.0,"AST":167.0,"TO":147.0,"STL":80.0,"BLK":29.0,"STK":109.0,"PF":262.0,"Fls on:":223.0,"+\/-":28.2,"GW":97.0,"GP":11.0,"W":8.0,"L":3.0,"FG%":39.0957446809,"2P%":46.9483568075,"3P%":28.8343558282,"FT%":63.9215686275},"SBU":{"MINS":2250.0,"FGM":274.0,"FGA":712.0,"2PM":182.0,"2PA":415.0,"3PM":92.0,"3PA":297.0,"FTM":137.0,"FTA":236.0,"PTS":777.0,"OFF":126.0,"DEF":332.0,"REB":458.0,"AST":146.0,"TO":129.0,"STL":50.0,"BLK":28.0,"STK":78.0,"PF":198.0,"Fls on:":215.0,"+\/-":45.0,"GW":94.0,"GP":11.0,"W":7.0,"L":4.0,"FG%":38.4831460674,"2P%":43.8554216867,"3P%":30.9764309764,"FT%":58.0508474576},"SSCR":{"MINS":2225.0,"FGM":309.0,"FGA":852.0,"2PM":230.0,"2PA":504.0,"3PM":79.0,"3PA":348.0,"FTM":187.0,"FTA":256.0,"PTS":884.0,"OFF":146.0,"DEF":243.0,"REB":389.0,"AST":153.0,"TO":119.0,"STL":112.0,"BLK":16.0,"STK":128.0,"PF":282.0,"Fls on:":223.0,"+\/-":-75.0,"GW":37.0,"GP":11.0,"W":3.0,"L":8.0,"FG%":36.2676056338,"2P%":45.6349206349,"3P%":22.7011494253,"FT%":73.046875},"UPHSD":{"MINS":2275.0,"FGM":268.0,"FGA":743.0,"2PM":199.0,"2PA":473.0,"3PM":69.0,"3PA":270.0,"FTM":133.0,"FTA":211.0,"PTS":738.0,"OFF":129.0,"DEF":323.0,"REB":452.0,"AST":190.0,"TO":154.0,"STL":83.0,"BLK":42.0,"STK":125.0,"PF":201.0,"Fls on:":197.0,"+\/-":-11.0,"GW":58.0,"GP":11.0,"W":5.0,"L":6.0,"FG%":36.069986541,"2P%":42.0718816068,"3P%":25.5555555556,"FT%":63.0331753555},"League":{"MINS":2240.0,"FGM":297.9,"FGA":765.2,"2PM":220.9,"2PA":477.2,"3PM":77.0,"3PA":288.0,"FTM":163.6,"FTA":253.5,"PTS":836.4,"OFF":133.4,"DEF":296.2,"REB":429.6,"AST":175.7,"TO":146.1,"STL":83.7,"BLK":34.8,"STK":118.5,"PF":228.7,"Fls on:":225.5,"+\/-":-0.02,"GW":71.8,"GP":11.0,"W":5.5,"L":5.5,"FG%":38.9309984318,"2P%":46.2908633697,"3P%":26.7361111111,"FT%":64.5364891519}}