{"CSB":{"OFF":79.6986751353,"DEF":68.0524129017,"NET":11.6462622335,"PACE":78.4488916116,"hAST%":15.9291471535,"hTO%":14.3362324381,"TOR":20.8589771346,"AR":23.1766412607,"STL%":9.2706565043,"BLK%":8.875739645,"EFG%":50.2610966057,"TS%":52.3664854493,"PPWS":1.047329709,"REB%":57.9008073818,"OREB%":41.2987012987,"DREB%":71.1618257261,"FTR":0.3250652742,"FFI":38.454902298,"Py-W":10.1865932234,"Py-L":0.8134067766,"PPR":-2.0606103767,"HHI":0.0967559333},"SBU":{"OFF":73.391990133,"DEF":69.1414887739,"NET":4.2505013591,"PACE":72.1839980512,"hAST%":13.3841809981,"hTO%":11.8257489641,"TOR":16.2463607502,"AR":18.3873540273,"STL%":6.2970390504,"BLK%":6.6193853428,"EFG%":44.9438202247,"TS%":47.6196313003,"PPWS":0.952392626,"REB%":53.4422403734,"OREB%":30.8068459658,"DREB%":74.1071428571,"FTR":0.3314606742,"FFI":33.1723975829,"Py-W":7.9423385824,"Py-L":3.0576614176,"PPR":-1.519628155,"HHI":0.1200389579},"MU":{"OFF":75.2903758106,"DEF":72.7955467897,"NET":2.4948290209,"PACE":76.5219136488,"hAST%":14.174163979,"hTO%":12.4766593108,"TOR":17.4638031466,"AR":19.8398307856,"STL%":9.504110556,"BLK%":6.0416666667,"EFG%":45.3457446809,"TS%":48.889146031,"PPWS":0.9777829206,"REB%":53.8369304556,"OREB%":34.8235294118,"DREB%":73.5941320293,"FTR":0.3390957447,"FFI":34.5553907116,"Py-W":6.9477882285,"Py-L":4.0522117715,"PPR":-1.6326952037,"HHI":0.1380497882},"League":{"OFF":73.1685032021,"DEF":73.1685032021,"NET":0.0,"PACE":77.9396464757,"hAST%":14.6595023946,"hTO%":12.189830961,"TOR":17.0411578476,"AR":20.4937127572,"STL%":9.7627988491,"BLK%":7.2925398156,"EFG%":43.962362781,"TS%":47.6994319867,"PPWS":0.9539886397,"REB%":50.0,"OREB%":31.052141527,"DREB%":68.947858473,"FTR":0.3312859383,"FFI":33.0249519544,"Py-W":5.5,"Py-L":5.5,"PPR":-1.2931547619,"HHI":0.009968402},"LPU":{"OFF":77.2319601615,"DEF":77.7526250615,"NET":-0.5206649,"PACE":78.5708637394,"hAST%":15.6917735043,"hTO%":9.8490918803,"TOR":13.6529907102,"AR":21.7522224874,"STL%":9.8347814438,"BLK%":3.9473684211,"EFG%":45.378690629,"TS%":49.8834185275,"PPWS":0.9976683705,"REB%":46.0910151692,"OREB%":25.6235827664,"DREB%":67.7884615385,"FTR":0.3299101412,"FFI":31.6380926005,"Py-W":5.2046505789,"Py-L":5.7953494211,"PPR":0.3269401932,"HHI":0.1175760636},"EAC":{"OFF":70.205961867,"DEF":70.8030964151,"NET":-0.5971345481,"PACE":79.927166969,"hAST%":15.4379933792,"hTO%":11.9365928189,"TOR":17.060987088,"AR":22.0655433005,"STL%":10.1228523389,"BLK%":8.5416666667,"EFG%":41.825095057,"TS%":45.0889726508,"PPWS":0.901779453,"REB%":46.5270121279,"OREB%":29.0672451193,"DREB%":64.5739910314,"FTR":0.3561470215,"FFI":32.1509391419,"Py-W":5.1279112252,"Py-L":5.8720887748,"PPR":-0.9057418428,"HHI":0.1066291271},"UPHSD":{"OFF":66.8982396384,"DEF":67.8953678715,"NET":-0.9971282331,"PACE":75.2160028278,"hAST%":16.103878492,"hTO%":13.052617304,"TOR":18.6130603511,"AR":22.9641653682,"STL%":10.0317143451,"BLK%":9.8591549296,"EFG%":40.7133243607,"TS%":44.1472052067,"PPWS":0.8829441041,"REB%":51.0734463277,"OREB%":30.7142857143,"DREB%":69.4623655914,"FTR":0.2839838493,"FFI":31.3412097138,"Py-W":4.8520360454,"Py-L":6.1479639546,"PPR":-1.2449714095,"HHI":0.1273051755},"CSJL":{"OFF":71.6553301298,"DEF":73.1761049265,"NET":-1.5207747968,"PACE":76.2171303443,"hAST%":15.2620868711,"hTO%":14.6480948705,"TOR":19.9191679262,"AR":20.7541031087,"STL%":7.6336930975,"BLK%":10.0775193798,"EFG%":45.5508474576,"TS%":50.1201381589,"PPWS":1.0024027632,"REB%":49.0588235294,"OREB%":27.0341207349,"DREB%":66.9509594883,"FTR":0.2923728814,"FFI":32.9925483319,"Py-W":4.5845365143,"Py-L":6.4154634857,"PPR":-2.2924222423,"HHI":0.1184521221},"JRU":{"OFF":73.6402836896,"DEF":77.396549643,"NET":-3.7562659533,"PACE":78.0514004665,"hAST%":15.3240636191,"hTO%":12.985127593,"TOR":18.7522114259,"AR":22.1299389498,"STL%":10.1331825718,"BLK%":8.9108910891,"EFG%":42.0634920635,"TS%":47.4192241922,"PPWS":0.9483844838,"REB%":50.4402515723,"OREB%":35.1219512195,"DREB%":66.7532467532,"FTR":0.3994708995,"FFI":34.5299034178,"Py-W":3.4197001582,"Py-L":7.5802998418,"PPR":-1.5583715849,"HHI":0.1159433138},"AU":{"OFF":70.6498208953,"DEF":74.6583213717,"NET":-4.0085004763,"PACE":81.6446771567,"hAST%":12.8137297047,"hTO%":11.2430144506,"TOR":15.1432240217,"AR":17.2588214953,"STL%":11.9141541935,"BLK%":6.3116370809,"EFG%":43.1446540881,"TS%":46.0463293564,"PPWS":0.9209265871,"REB%":46.5986394558,"OREB%":28.2655246253,"DREB%":67.2289156627,"FTR":0.3534591195,"FFI":31.9986593582,"Py-W":3.2181609046,"Py-L":7.7818390954,"PPR":-1.3859668996,"HHI":0.109155028},"SSCR":{"OFF":72.9566670263,"DEF":79.1464295002,"NET":-6.1897624739,"PACE":82.614419942,"hAST%":12.3722344417,"hTO%":9.6228490102,"TOR":13.0947863893,"AR":16.8361539291,"STL%":12.324504837,"BLK%":3.3898305085,"EFG%":40.9037558685,"TS%":45.8202023553,"PPWS":0.9164040471,"REB%":45.337995338,"OREB%":29.3762575453,"DREB%":67.3130193906,"FTR":0.3004694836,"FFI":30.0174927073,"Py-W":2.3503692366,"Py-L":8.6496307634,"PPR":-0.720811123,"HHI":0.1339269261}}