{"CSB":{"OFF":74.0270766447,"DEF":61.0922379837,"NET":12.934838661,"PACE":75.3778246139,"hAST%":13.4260281027,"hTO%":12.8742735231,"TOR":18.5731016671,"AR":19.3690917386,"STL%":10.3478709288,"BLK%":8.9622641509,"EFG%":44.3370165746,"TS%":46.4164503893,"PPWS":0.9283290078,"REB%":58.0097087379,"OREB%":41.2698412698,"DREB%":72.197309417,"FTR":0.2430939227,"FFI":34.2784591404,"Py-W":4.7787704485,"Py-L":0.2212295515,"PPR":-2.159024769,"HHI":0.1117759279},"SBU":{"OFF":73.8070371677,"DEF":68.6957465051,"NET":5.1112906626,"PACE":73.3669878618,"hAST%":12.3980163174,"hTO%":13.7977923532,"TOR":18.8095496383,"AR":16.9013344576,"STL%":5.9972477108,"BLK%":8.4656084656,"EFG%":45.498392283,"TS%":48.9053863661,"PPWS":0.9781077273,"REB%":54.3902439024,"OREB%":34.9206349206,"DREB%":71.0407239819,"FTR":0.424437299,"FFI":36.2524307924,"Py-W":3.7959727969,"Py-L":1.2040272031,"PPR":-2.8767270273,"HHI":0.1342761335},"MU":{"OFF":69.3360525691,"DEF":66.6314547739,"NET":2.7045977953,"PACE":76.259028371,"hAST%":14.7229194825,"hTO%":12.067966789,"TOR":16.3915017894,"AR":19.9976321831,"STL%":11.4740512526,"BLK%":5.6179775281,"EFG%":43.4944237918,"TS%":46.4855598048,"PPWS":0.9297111961,"REB%":50.3184713376,"OREB%":29.0909090909,"DREB%":73.8255033557,"FTR":0.2899628253,"FFI":31.6632691614,"Py-W":2.6159487911,"Py-L":1.3840512089,"PPR":-1.1962498397,"HHI":0.1392032594},"League":{"OFF":71.0642692009,"DEF":71.0642692009,"NET":0.0,"PACE":78.1927289705,"hAST%":14.1275197454,"hTO%":12.2671814217,"TOR":17.0416070889,"AR":19.6259949508,"STL%":9.6978514815,"BLK%":7.8693051081,"EFG%":42.5,"TS%":46.3324424692,"PPWS":0.9266488494,"REB%":50.0,"OREB%":30.4695304695,"DREB%":69.5304695305,"FTR":0.3370689655,"FFI":32.4103423489,"Py-W":2.5,"Py-L":2.5,"PPR":-1.5238095238,"HHI":0.0104962431},"UPHSD":{"OFF":65.9555726898,"DEF":66.1204616215,"NET":-0.1648889317,"PACE":75.808605643,"hAST%":15.2752665378,"hTO%":13.7165658707,"TOR":19.346967989,"AR":21.5454870787,"STL%":10.1131878124,"BLK%":9.387755102,"EFG%":40.3990024938,"TS%":43.9020107121,"PPWS":0.8780402142,"REB%":51.0330578512,"OREB%":30.0,"DREB%":70.0787401575,"FTR":0.3092269327,"FFI":31.6347469848,"Py-W":2.940082844,"Py-L":3.059917156,"PPR":-1.9482930162,"HHI":0.1343375},"CSJL":{"OFF":74.2776172374,"DEF":75.2732957526,"NET":-0.9956785152,"PACE":75.3255180779,"hAST%":13.611615245,"hTO%":14.795233962,"TOR":19.9135703049,"AR":18.3204846805,"STL%":8.4964566634,"BLK%":10.3448275862,"EFG%":45.8199356913,"TS%":51.3887358095,"PPWS":1.0277747162,"REB%":50.0,"OREB%":31.2883435583,"DREB%":65.4822335025,"FTR":0.3794212219,"FFI":35.2553538924,"Py-W":2.2346872968,"Py-L":2.7653127032,"PPR":-3.0103863843,"HHI":0.1192346671},"AU":{"OFF":70.1224973414,"DEF":71.1769709856,"NET":-1.0544736442,"PACE":85.3506396223,"hAST%":13.1505119933,"hTO%":11.0464300743,"TOR":14.7626310192,"AR":17.5745607372,"STL%":11.7163738248,"BLK%":6.1946902655,"EFG%":43.8829787234,"TS%":46.146373057,"PPWS":0.9229274611,"REB%":50.2392344498,"OREB%":26.8518518519,"DREB%":75.2475247525,"FTR":0.3404255319,"FFI":31.7206025933,"Py-W":2.2028976444,"Py-L":2.7971023556,"PPR":-1.1342626818,"HHI":0.1099553395},"LPU":{"OFF":77.0416115263,"DEF":79.0631115372,"NET":-2.0215000109,"PACE":83.4776151821,"hAST%":16.501650165,"hTO%":11.9419836721,"TOR":16.4714815702,"AR":22.7605927152,"STL%":7.7865185605,"BLK%":4.6391752577,"EFG%":48.4265734266,"TS%":52.0390824129,"PPWS":1.0407816483,"REB%":45.6193353474,"OREB%":23.2704402516,"DREB%":66.2790697674,"FTR":0.3461538462,"FFI":33.3348955058,"Py-W":1.5914190493,"Py-L":2.4085809507,"PPR":-0.4919993014,"HHI":0.1435541314},"EAC":{"OFF":64.6400782877,"DEF":66.7130837138,"NET":-2.0730054261,"PACE":79.5945818182,"hAST%":15.3666807969,"hTO%":10.7743394094,"TOR":15.3276764841,"AR":21.8607844938,"STL%":9.2971152445,"BLK%":10.2222222222,"EFG%":37.1148459384,"TS%":41.0130093744,"PPWS":0.8202601875,"REB%":44.3181818182,"OREB%":25.4545454545,"DREB%":63.1818181818,"FTR":0.3893557423,"FFI":29.6091027217,"Py-W":1.8817573894,"Py-L":3.1182426106,"PPR":-0.2875280735,"HHI":0.1093506957},"SSCR":{"OFF":69.8038230952,"DEF":75.7219733141,"NET":-5.9181502189,"PACE":82.3737117115,"hAST%":12.0340475492,"hTO%":9.9794540652,"TOR":13.758434697,"AR":16.5910536052,"STL%":11.7351354769,"BLK%":2.7131782946,"EFG%":37.9237288136,"TS%":43.2818968762,"PPWS":0.8656379375,"REB%":46.7908902692,"OREB%":30.2491103203,"DREB%":69.801980198,"FTR":0.2860169492,"FFI":28.949176501,"Py-W":1.2828973408,"Py-L":4.7171026592,"PPR":-1.0547152503,"HHI":0.1279678639},"JRU":{"OFF":74.007127574,"DEF":80.0077054854,"NET":-6.0005779114,"PACE":74.9927768031,"hAST%":15.4389060432,"hTO%":12.3143655345,"TOR":17.8683875584,"AR":22.4021575359,"STL%":9.067539955,"BLK%":12.1495327103,"EFG%":41.9402985075,"TS%":47.0642108477,"PPWS":0.941284217,"REB%":49.1477272727,"OREB%":32.6315789474,"DREB%":68.5185185185,"FTR":0.3940298507,"FFI":33.6799798433,"Py-W":1.115765972,"Py-L":3.884234028,"PPR":-1.1469371523,"HHI":0.1134258583}}