{"CSB":{"2PM":19.7222222222,"2PA":44.6666666667,"3PM":6.3333333333,"3PA":25.9444444444,"FTM":11.8888888889,"FTA":19.5555555556,"OFF":10.8888888889,"DEF":22.0,"AST":13.3333333333,"TO":10.4444444444,"STL":8.5,"BLK":2.8333333333,"PF":19.7777777778,"Fls on:":19.0,"+\/-":-9.3333333333,"GW":45.0,"GP":18.0,"MINS":200.0,"FGM":26.0555555556,"FGA":70.6111111111,"FG%":36.9000786782,"2P%":44.1542288557,"3P%":24.4111349036,"FT%":60.7954545455,"PTS":70.3333333333,"REB":32.8888888889,"STK":11.3333333333},"SBU":{"2PM":16.1764705882,"2PA":37.7058823529,"3PM":7.5294117647,"3PA":29.5882352941,"FTM":10.7647058824,"FTA":16.5882352941,"OFF":9.8823529412,"DEF":24.7647058824,"AST":14.0,"TO":10.0,"STL":5.8823529412,"BLK":2.5882352941,"PF":19.4117647059,"Fls on:":17.9411764706,"+\/-":-4.5294117647,"GW":85.0,"GP":17.0,"MINS":200.0,"FGM":23.7058823529,"FGA":67.2941176471,"FG%":35.2272727273,"2P%":42.9017160686,"3P%":25.4473161034,"FT%":64.8936170213,"PTS":65.7058823529,"REB":34.6470588235,"STK":8.4705882353},"MU":{"2PM":18.7647058824,"2PA":42.0588235294,"3PM":5.8235294118,"3PA":21.4117647059,"FTM":17.1764705882,"FTA":26.5294117647,"OFF":9.2941176471,"DEF":24.7058823529,"AST":14.8823529412,"TO":13.5882352941,"STL":7.4705882353,"BLK":2.8235294118,"PF":19.7647058824,"Fls on:":22.5882352941,"+\/-":-4.2352941176,"GW":35.0,"GP":17.0,"MINS":200.0,"FGM":24.5882352941,"FGA":63.4705882353,"FG%":38.7395736793,"2P%":44.6153846154,"3P%":27.1978021978,"FT%":64.7450110865,"PTS":72.1764705882,"REB":34.0,"STK":10.2941176471},"LPU":{"2PM":22.1666666667,"2PA":42.7777777778,"3PM":7.6111111111,"3PA":27.0555555556,"FTM":13.7222222222,"FTA":22.1666666667,"OFF":12.5555555556,"DEF":28.6111111111,"AST":19.6111111111,"TO":13.8333333333,"STL":6.5,"BLK":3.1666666667,"PF":22.4444444444,"Fls on:":19.5555555556,"+\/-":-0.1111111111,"GW":102.0,"GP":18.0,"MINS":200.0,"FGM":29.7777777778,"FGA":69.8333333333,"FG%":42.6412092283,"2P%":51.8181818182,"3P%":28.1314168378,"FT%":61.9047619048,"PTS":80.8888888889,"REB":41.1666666667,"STK":9.6666666667},"League":{"2PM":20.0517241379,"2PA":42.816091954,"3PM":7.0229885057,"3PA":25.8850574713,"FTM":14.632183908,"FTA":22.7873563218,"OFF":11.5057471264,"DEF":26.7643678161,"AST":16.7356321839,"TO":13.3390804598,"STL":7.5632183908,"BLK":2.9827586207,"PF":20.867816092,"Fls on:":20.5977011494,"+\/-":-0.0011494253,"GW":112.2,"GP":17.4,"MINS":200.0,"FGM":27.0747126437,"FGA":68.7011494253,"FG%":39.4094027104,"2P%":46.8322147651,"3P%":27.1314387211,"FT%":64.2118537201,"PTS":75.8045977011,"REB":38.2701149425,"STK":10.5459770115},"EAC":{"2PM":18.1176470588,"2PA":43.0,"3PM":7.4117647059,"3PA":28.3529411765,"FTM":16.4117647059,"FTA":25.5882352941,"OFF":14.0,"DEF":30.7647058824,"AST":16.8235294118,"TO":13.3529411765,"STL":7.0,"BLK":3.4117647059,"PF":21.4117647059,"Fls on:":21.9411764706,"+\/-":1.3529411765,"GW":125.0,"GP":17.0,"MINS":200.0,"FGM":25.5294117647,"FGA":71.3529411765,"FG%":35.7790601814,"2P%":42.1340629275,"3P%":26.1410788382,"FT%":64.1379310345,"PTS":74.8823529412,"REB":44.7647058824,"STK":10.4117647059},"CSJL":{"2PM":21.3333333333,"2PA":47.9444444444,"3PM":6.6666666667,"3PA":26.7222222222,"FTM":14.0555555556,"FTA":21.3888888889,"OFF":14.2222222222,"DEF":25.5555555556,"AST":18.3888888889,"TO":11.7777777778,"STL":8.5555555556,"BLK":2.6111111111,"PF":19.7222222222,"Fls on:":20.3888888889,"+\/-":2.1666666667,"GW":125.0,"GP":18.0,"MINS":200.0,"FGM":28.0,"FGA":74.6666666667,"FG%":37.5,"2P%":44.4959443801,"3P%":24.948024948,"FT%":65.7142857143,"PTS":76.7222222222,"REB":39.7777777778,"STK":11.1666666667},"UPHSD":{"2PM":15.8888888889,"2PA":36.9444444444,"3PM":8.8333333333,"3PA":31.1111111111,"FTM":11.2777777778,"FTA":18.2777777778,"OFF":11.9444444444,"DEF":24.8888888889,"AST":16.0555555556,"TO":13.5,"STL":9.4444444444,"BLK":2.1666666667,"PF":19.8888888889,"Fls on:":17.3888888889,"+\/-":2.3333333333,"GW":144.0,"GP":18.0,"MINS":200.0,"FGM":24.7222222222,"FGA":68.0555555556,"FG%":36.3265306122,"2P%":43.007518797,"3P%":28.3928571429,"FT%":61.7021276596,"PTS":69.5555555556,"REB":36.8333333333,"STK":11.6111111111},"AU":{"2PM":21.4705882353,"2PA":45.9411764706,"3PM":6.8235294118,"3PA":23.2352941176,"FTM":15.2941176471,"FTA":22.1764705882,"OFF":11.2941176471,"DEF":30.6470588235,"AST":18.2352941176,"TO":16.3529411765,"STL":7.1764705882,"BLK":3.2941176471,"PF":23.8823529412,"Fls on:":19.7647058824,"+\/-":3.1176470588,"GW":135.0,"GP":17.0,"MINS":200.0,"FGM":28.2941176471,"FGA":69.1764705882,"FG%":40.9013605442,"2P%":46.7349551857,"3P%":29.3670886076,"FT%":68.9655172414,"PTS":78.7058823529,"REB":41.9411764706,"STK":10.4705882353},"JRU":{"2PM":23.7647058824,"2PA":44.2352941176,"3PM":5.8235294118,"3PA":21.4705882353,"FTM":16.4117647059,"FTA":25.1176470588,"OFF":10.3529411765,"DEF":24.5294117647,"AST":14.1764705882,"TO":13.7647058824,"STL":8.4117647059,"BLK":3.5294117647,"PF":23.1176470588,"Fls on:":22.2941176471,"+\/-":4.5411764706,"GW":167.0,"GP":17.0,"MINS":200.0,"FGM":29.5882352941,"FGA":65.7058823529,"FG%":45.0313339302,"2P%":53.7234042553,"3P%":27.1232876712,"FT%":65.3395784543,"PTS":81.4117647059,"REB":34.8823529412,"STK":11.9411764706},"SSCR":{"2PM":23.1764705882,"2PA":42.8235294118,"3PM":7.2941176471,"3PA":23.5294117647,"FTM":19.7647058824,"FTA":31.0588235294,"OFF":10.4117647059,"DEF":31.5294117647,"AST":21.8235294118,"TO":17.0,"STL":6.5294117647,"BLK":3.4705882353,"PF":19.3529411765,"Fls on:":25.4705882353,"+\/-":4.9764705882,"GW":159.0,"GP":17.0,"MINS":200.0,"FGM":30.4705882353,"FGA":66.3529411765,"FG%":45.9219858156,"2P%":54.1208791209,"3P%":31.0,"FT%":63.6363636364,"PTS":88.0,"REB":41.9411764706,"STK":10.0}}