{"AU":{"POS":1378.293159336,"PACE":81.0760681962},"CSB":{"POS":1372.0733441733,"PACE":76.2262968985},"CSJL":{"POS":1406.0392190726,"PACE":78.1132899485},"EAC":{"POS":1350.0792757831,"PACE":79.4164279872},"JRU":{"POS":1321.7675414383,"PACE":77.7510318493},"LPU":{"POS":1422.4332462549,"PACE":79.0240692364},"MU":{"POS":1293.750580322,"PACE":76.1029753131},"SBU":{"POS":1214.6469840296,"PACE":71.44982259},"SSCR":{"POS":1425.0250811883,"PACE":83.8250047758},"UPHSD":{"POS":1344.7941574279,"PACE":74.7107865238},"League":{"POS":1352.8902589026,"PACE":77.7695773319}}