{"AU":{"MINS":3450.0,"FGM":479.0,"FGA":1230.0,"2PM":408.0,"2PA":889.0,"3PM":71.0,"3PA":341.0,"FTM":256.0,"FTA":451.0,"PTS":1285.0,"OFF":220.0,"DEF":426.0,"REB":646.0,"AST":257.0,"TO":211.0,"STL":171.0,"BLK":52.0,"STK":223.0,"PF":342.0,"Fls on:":398.0,"+\/-":-53.0,"GW":88.0,"GP":17.0,"W":7.0,"L":10.0,"FG%":38.9430894309,"2P%":45.8942632171,"3P%":20.8211143695,"FT%":56.7627494457},"CSB":{"MINS":3650.0,"FGM":537.0,"FGA":1226.0,"2PM":405.0,"2PA":760.0,"3PM":132.0,"3PA":466.0,"FTM":228.0,"FTA":385.0,"PTS":1434.0,"OFF":238.0,"DEF":556.0,"REB":794.0,"AST":334.0,"TO":267.0,"STL":119.0,"BLK":67.0,"STK":186.0,"PF":343.0,"Fls on:":351.0,"+\/-":168.0,"GW":193.0,"GP":18.0,"W":14.0,"L":4.0,"FG%":43.8009787928,"2P%":53.2894736842,"3P%":28.3261802575,"FT%":59.2207792208},"CSJL":{"MINS":3725.0,"FGM":475.0,"FGA":1179.0,"2PM":344.0,"2PA":698.0,"3PM":131.0,"3PA":481.0,"FTM":261.0,"FTA":353.0,"PTS":1342.0,"OFF":156.0,"DEF":505.0,"REB":661.0,"AST":289.0,"TO":275.0,"STL":115.0,"BLK":72.0,"STK":187.0,"PF":373.0,"Fls on:":349.0,"+\/-":-39.0,"GW":100.0,"GP":18.0,"W":8.0,"L":10.0,"FG%":40.288379983,"2P%":49.2836676218,"3P%":27.2349272349,"FT%":73.9376770538},"EAC":{"MINS":3425.0,"FGM":443.0,"FGA":1230.0,"2PM":311.0,"2PA":755.0,"3PM":132.0,"3PA":475.0,"FTM":232.0,"FTA":405.0,"PTS":1250.0,"OFF":209.0,"DEF":472.0,"REB":681.0,"AST":300.0,"TO":214.0,"STL":121.0,"BLK":62.0,"STK":183.0,"PF":378.0,"Fls on:":361.0,"+\/-":-23.4,"GW":111.0,"GP":17.0,"W":8.0,"L":9.0,"FG%":36.0162601626,"2P%":41.1920529801,"3P%":27.7894736842,"FT%":57.2839506173},"JRU":{"MINS":3400.0,"FGM":455.0,"FGA":1150.0,"2PM":365.0,"2PA":805.0,"3PM":90.0,"3PA":345.0,"FTM":307.0,"FTA":446.0,"PTS":1307.0,"OFF":205.0,"DEF":392.0,"REB":597.0,"AST":308.0,"TO":242.0,"STL":128.0,"BLK":58.0,"STK":186.0,"PF":383.0,"Fls on:":388.0,"+\/-":-77.0,"GW":58.0,"GP":17.0,"W":4.0,"L":13.0,"FG%":39.5652173913,"2P%":45.3416149068,"3P%":26.0869565217,"FT%":68.8340807175},"LPU":{"MINS":3650.0,"FGM":506.0,"FGA":1233.0,"2PM":375.0,"2PA":732.0,"3PM":131.0,"3PA":501.0,"FTM":315.0,"FTA":451.0,"PTS":1458.0,"OFF":171.0,"DEF":468.0,"REB":639.0,"AST":312.0,"TO":211.0,"STL":139.0,"BLK":34.0,"STK":173.0,"PF":356.0,"Fls on:":401.0,"+\/-":2.0,"GW":125.0,"GP":18.0,"W":10.0,"L":8.0,"FG%":41.0381184104,"2P%":51.2295081967,"3P%":26.1477045908,"FT%":69.844789357},"MU":{"MINS":3425.0,"FGM":458.0,"FGA":1142.0,"2PM":309.0,"2PA":646.0,"3PM":149.0,"3PA":496.0,"FTM":234.0,"FTA":377.0,"PTS":1299.0,"OFF":202.0,"DEF":446.0,"REB":648.0,"AST":288.0,"TO":227.0,"STL":135.0,"BLK":41.0,"STK":176.0,"PF":391.0,"Fls on:":331.0,"+\/-":72.2,"GW":168.0,"GP":17.0,"W":14.0,"L":3.0,"FG%":40.1050788091,"2P%":47.8328173375,"3P%":30.0403225806,"FT%":62.0689655172},"SBU":{"MINS":3450.0,"FGM":416.0,"FGA":1081.0,"2PM":270.0,"2PA":621.0,"3PM":146.0,"3PA":460.0,"FTM":216.0,"FTA":355.0,"PTS":1194.0,"OFF":182.0,"DEF":489.0,"REB":671.0,"AST":245.0,"TO":197.0,"STL":87.0,"BLK":40.0,"STK":127.0,"PF":306.0,"Fls on:":328.0,"+\/-":77.0,"GW":133.0,"GP":17.0,"W":10.0,"L":7.0,"FG%":38.4828862165,"2P%":43.4782608696,"3P%":31.7391304348,"FT%":60.8450704225},"SSCR":{"MINS":3475.0,"FGM":507.0,"FGA":1321.0,"2PM":369.0,"2PA":791.0,"3PM":138.0,"3PA":530.0,"FTM":259.0,"FTA":361.0,"PTS":1411.0,"OFF":211.0,"DEF":402.0,"REB":613.0,"AST":262.0,"TO":202.0,"STL":164.0,"BLK":24.0,"STK":188.0,"PF":442.0,"Fls on:":326.0,"+\/-":-85.0,"GW":67.0,"GP":17.0,"W":5.0,"L":12.0,"FG%":38.38001514,"2P%":46.6498103666,"3P%":26.0377358491,"FT%":71.7451523546},"UPHSD":{"MINS":3700.0,"FGM":435.0,"FGA":1162.0,"2PM":333.0,"2PA":753.0,"3PM":102.0,"3PA":409.0,"FTM":238.0,"FTA":381.0,"PTS":1210.0,"OFF":208.0,"DEF":501.0,"REB":709.0,"AST":317.0,"TO":275.0,"STL":137.0,"BLK":69.0,"STK":206.0,"PF":317.0,"Fls on:":351.0,"+\/-":-42.0,"GW":79.0,"GP":18.0,"W":7.0,"L":11.0,"FG%":37.4354561102,"2P%":44.2231075697,"3P%":24.9388753056,"FT%":62.467191601},"League":{"MINS":3535.0,"FGM":471.1,"FGA":1195.4,"2PM":348.9,"2PA":745.0,"3PM":122.2,"3PA":450.4,"FTM":254.6,"FTA":396.5,"PTS":1319.0,"OFF":200.2,"DEF":465.7,"REB":665.9,"AST":291.2,"TO":232.1,"STL":131.6,"BLK":51.9,"STK":183.5,"PF":363.1,"Fls on:":358.4,"+\/-":-0.02,"GW":112.2,"GP":17.4,"W":8.7,"L":8.7,"FG%":39.4094027104,"2P%":46.8322147651,"3P%":27.1314387211,"FT%":64.2118537201}}