{"CSB":{"OFF":78.3211700206,"DEF":69.1454680935,"NET":9.1757019271,"PACE":76.2884415341,"hAST%":16.7301142056,"hTO%":13.374073332,"TOR":19.4437493217,"AR":24.3228924099,"STL%":8.6659407089,"BLK%":8.3333333333,"EFG%":49.1843393148,"TS%":51.3831159524,"PPWS":1.027662319,"REB%":57.2871572872,"OREB%":37.5394321767,"DREB%":73.9361702128,"FTR":0.3140293638,"FFI":36.7529999485,"Py-W":-1.3938514156,"Py-L":19.3938514156,"PPR":-1.2383875437,"HHI":0.1013647442},"SBU":{"OFF":73.7251244003,"DEF":68.9706565788,"NET":4.7544678215,"PACE":71.44982259,"hAST%":14.5902810862,"hTO%":11.7317770367,"TOR":16.2187040836,"AR":20.1704695456,"STL%":7.1625748999,"BLK%":6.24024961,"EFG%":45.235892692,"TS%":48.2541222114,"PPWS":0.9650824442,"REB%":53.253968254,"OREB%":30.1824212272,"DREB%":74.4292237443,"FTR":0.32839963,"FFI":33.1115117927,"Py-W":-80.8273927547,"Py-L":97.8273927547,"PPR":-1.0623256444,"HHI":0.1089170027},"MU":{"OFF":75.3043140477,"DEF":71.1304028765,"NET":4.1739111712,"PACE":76.1029753131,"hAST%":15.799174932,"hTO%":12.4528219082,"TOR":17.5458858495,"AR":22.2608595799,"STL%":10.4347779281,"BLK%":5.7342657343,"EFG%":46.6287215412,"TS%":49.6605193137,"PPWS":0.9932103863,"REB%":52.854812398,"OREB%":32.4758842444,"DREB%":73.8410596026,"FTR":0.3301225919,"FFI":34.4849758069,"Py-W":-17.0018766973,"Py-L":34.0018766973,"PPR":-1.0444403184,"HHI":0.1287370341},"LPU":{"OFF":76.8753122777,"DEF":76.7698591744,"NET":0.1054531033,"PACE":79.0240692364,"hAST%":15.9636519924,"hTO%":10.7959313154,"TOR":14.8337365255,"AR":21.9342454784,"STL%":9.7719875689,"BLK%":4.4155844156,"EFG%":46.3503649635,"TS%":50.9277371039,"PPWS":1.0185547421,"REB%":46.3043478261,"OREB%":24.9271137026,"DREB%":67.4351585014,"FTR":0.3657745337,"FFI":32.7206208622,"Py-W":18.0,"Py-L":0.0,"PPR":-0.0808996788,"HHI":0.1184204832},"League":{"OFF":73.1093746851,"DEF":73.1093746851,"NET":0.0,"PACE":77.7817654284,"hAST%":15.381689873,"hTO%":12.2599252044,"TOR":17.1530814904,"AR":21.5207984921,"STL%":9.7257454724,"BLK%":6.966442953,"EFG%":44.5206625397,"TS%":48.1436059159,"PPWS":0.9628721183,"REB%":50.0,"OREB%":30.0645742604,"DREB%":69.9354257396,"FTR":0.3316881379,"FFI":33.0847723085,"Py-W":8.7,"Py-L":8.7,"PPR":-1.0740216879,"HHI":0.0099832381},"EAC":{"OFF":69.4403667115,"DEF":70.718069459,"NET":-1.2777027475,"PACE":79.4164279872,"hAST%":15.6071168453,"hTO%":11.133076683,"TOR":15.8509210413,"AR":22.2209173477,"STL%":8.9624366636,"BLK%":8.4815321477,"EFG%":41.3821138211,"TS%":44.3829001562,"PPWS":0.8876580031,"REB%":47.226074896,"OREB%":28.5519125683,"DREB%":66.4788732394,"FTR":0.3292682927,"FFI":31.1649826927,"Py-W":-19.358708651,"Py-L":36.358708651,"PPR":-0.4003454589,"HHI":0.10903808},"CSJL":{"OFF":71.5840629726,"DEF":73.6643747877,"NET":-2.0803118151,"PACE":78.1132899485,"hAST%":15.2239875258,"hTO%":14.4864933204,"TOR":19.558487151,"AR":20.5541919514,"STL%":8.1790037177,"BLK%":8.3429895713,"EFG%":45.8439355386,"TS%":50.2877870376,"PPWS":1.0057557408,"REB%":48.0029048656,"OREB%":25.3246753247,"DREB%":66.3600525624,"FTR":0.2994062765,"FFI":32.7832252157,"Py-W":49.5041186206,"Py-L":-31.5041186206,"PPR":-2.2009100219,"HHI":0.1197647482},"UPHSD":{"OFF":67.4285329867,"DEF":69.7690275202,"NET":-2.3404945334,"PACE":74.7705228536,"hAST%":16.4963260548,"hTO%":14.3106929498,"TOR":20.4328887839,"AR":23.5535481618,"STL%":10.1792936851,"BLK%":10.3759398496,"EFG%":41.8244406196,"TS%":45.5010378749,"PPWS":0.9100207575,"REB%":51.6763848397,"OREB%":31.7073170732,"DREB%":69.9720670391,"FTR":0.3278829604,"FFI":33.0977062646,"Py-W":-15.1277923564,"Py-L":33.1277923564,"PPR":-1.7900195205,"HHI":0.1235475719},"AU":{"OFF":69.9234407043,"DEF":72.8074425388,"NET":-2.8840018345,"PACE":81.0760681962,"hAST%":13.5517074097,"hTO%":11.1261099745,"TOR":15.308789612,"AR":18.6462508545,"STL%":12.4066494012,"BLK%":6.6581306018,"EFG%":41.8292682927,"TS%":44.9791380807,"PPWS":0.8995827616,"REB%":47.5349521707,"OREB%":29.689608637,"DREB%":68.932038835,"FTR":0.3666666667,"FFI":31.9968264475,"Py-W":31.9852382152,"Py-L":-14.9852382152,"PPR":-1.1030411855,"HHI":0.1088337446},"JRU":{"OFF":74.16205719,"DEF":78.5312066954,"NET":-4.3691495055,"PACE":77.7510318493,"hAST%":16.2426697043,"hTO%":12.7620976248,"TOR":18.3088169752,"AR":23.3021306958,"STL%":9.6840023671,"BLK%":7.7127659574,"EFG%":43.4782608696,"TS%":48.5426075588,"PPWS":0.9708521512,"REB%":50.1680672269,"OREB%":32.9581993569,"DREB%":69.014084507,"FTR":0.387826087,"FFI":34.3775397674,"Py-W":-19.5620358981,"Py-L":36.5620358981,"PPR":-1.078857657,"HHI":0.1174588716},"SSCR":{"OFF":74.2618508242,"DEF":78.7354562956,"NET":-4.4736054713,"PACE":83.8250047758,"hAST%":13.4784755947,"hTO%":10.3918017944,"TOR":14.1751891013,"AR":18.3856413097,"STL%":11.5085693694,"BLK%":3.2967032967,"EFG%":43.60333081,"TS%":47.6740728727,"PPWS":0.9534814575,"REB%":46.2292609351,"OREB%":28.2463186078,"DREB%":69.4300518135,"FTR":0.2732778198,"FFI":30.7335606184,"Py-W":3.6381779657,"Py-L":13.3618220343,"PPR":-0.7298640927,"HHI":0.1290191826}}