{"CSB":{"2PM":20.0,"2PA":44.5714285714,"3PM":5.8571428571,"3PA":29.7142857143,"FTM":10.8571428571,"FTA":18.5714285714,"OFF":12.1428571429,"DEF":20.8571428571,"AST":11.8571428571,"TO":11.8571428571,"STL":9.0,"BLK":3.2857142857,"PF":19.4285714286,"Fls on:":18.5714285714,"+\/-":-13.1428571429,"GW":14.0,"GP":7.0,"MINS":200.0,"FGM":25.8571428571,"FGA":74.2857142857,"FG%":34.8076923077,"2P%":44.8717948718,"3P%":19.7115384615,"FT%":58.4615384615,"PTS":68.4285714286,"REB":33.0,"STK":12.2857142857},"SBU":{"2PM":16.1428571429,"2PA":38.5714285714,"3PM":8.0,"3PA":32.7142857143,"FTM":11.1428571429,"FTA":17.0,"OFF":10.8571428571,"DEF":26.0,"AST":14.8571428571,"TO":8.8571428571,"STL":5.7142857143,"BLK":3.0,"PF":22.4285714286,"Fls on:":17.8571428571,"+\/-":-3.5714285714,"GW":38.0,"GP":7.0,"MINS":200.0,"FGM":24.1428571429,"FGA":71.2857142857,"FG%":33.8677354709,"2P%":41.8518518519,"3P%":24.4541484716,"FT%":65.5462184874,"PTS":67.4285714286,"REB":36.8571428571,"STK":8.7142857143},"MU":{"2PM":17.5,"2PA":42.375,"3PM":6.375,"3PA":21.25,"FTM":19.75,"FTA":29.375,"OFF":9.75,"DEF":26.25,"AST":15.125,"TO":13.625,"STL":7.375,"BLK":3.0,"PF":20.125,"Fls on:":24.5,"+\/-":-3.5,"GW":23.0,"GP":8.0,"MINS":200.0,"FGM":23.875,"FGA":63.625,"FG%":37.5245579568,"2P%":41.2979351032,"3P%":30.0,"FT%":67.2340425532,"PTS":73.875,"REB":36.0,"STK":10.375},"CSJL":{"2PM":20.625,"2PA":48.125,"3PM":6.5,"3PA":28.125,"FTM":13.0,"FTA":20.625,"OFF":14.375,"DEF":24.5,"AST":15.125,"TO":10.25,"STL":8.0,"BLK":3.0,"PF":18.875,"Fls on:":20.375,"+\/-":-0.5,"GW":37.0,"GP":8.0,"MINS":200.0,"FGM":27.125,"FGA":76.25,"FG%":35.5737704918,"2P%":42.8571428571,"3P%":23.1111111111,"FT%":63.0303030303,"PTS":73.75,"REB":38.875,"STK":11.0},"League":{"2PM":20.0921052632,"2PA":43.4605263158,"3PM":6.9473684211,"3PA":26.5131578947,"FTM":15.1710526316,"FTA":23.3684210526,"OFF":12.0921052632,"DEF":27.4868421053,"AST":15.7894736842,"TO":13.2763157895,"STL":7.5657894737,"BLK":3.1973684211,"PF":21.2368421053,"Fls on:":20.8947368421,"+\/-":0.0,"GW":49.6,"GP":7.6,"MINS":200.0,"FGM":27.0394736842,"FGA":69.9736842105,"FG%":38.6423467469,"2P%":46.2306993642,"3P%":26.2034739454,"FT%":64.9211711712,"PTS":76.1973684211,"REB":39.5789473684,"STK":10.7631578947},"UPHSD":{"2PM":17.875,"2PA":40.5,"3PM":7.0,"3PA":30.875,"FTM":11.625,"FTA":19.125,"OFF":13.375,"DEF":27.25,"AST":13.875,"TO":12.75,"STL":9.25,"BLK":2.375,"PF":18.25,"Fls on:":17.75,"+\/-":1.5,"GW":51.0,"GP":8.0,"MINS":200.0,"FGM":24.875,"FGA":71.375,"FG%":34.8511383538,"2P%":44.1358024691,"3P%":22.6720647773,"FT%":60.7843137255,"PTS":68.375,"REB":40.625,"STK":11.625},"EAC":{"2PM":18.7142857143,"2PA":42.8571428571,"3PM":6.7142857143,"3PA":26.2857142857,"FTM":16.2857142857,"FTA":26.0,"OFF":13.8571428571,"DEF":32.2857142857,"AST":16.4285714286,"TO":14.4285714286,"STL":6.7142857143,"BLK":3.4285714286,"PF":22.1428571429,"Fls on:":22.5714285714,"+\/-":1.5714285714,"GW":53.0,"GP":7.0,"MINS":200.0,"FGM":25.4285714286,"FGA":69.1428571429,"FG%":36.7768595041,"2P%":43.6666666667,"3P%":25.5434782609,"FT%":62.6373626374,"PTS":73.8571428571,"REB":46.1428571429,"STK":10.1428571429},"AU":{"2PM":19.5,"2PA":44.625,"3PM":7.875,"3PA":26.125,"FTM":17.875,"FTA":25.75,"OFF":11.125,"DEF":30.625,"AST":17.375,"TO":15.375,"STL":7.875,"BLK":3.875,"PF":24.5,"Fls on:":20.625,"+\/-":1.625,"GW":77.0,"GP":8.0,"MINS":200.0,"FGM":27.375,"FGA":70.75,"FG%":38.6925795053,"2P%":43.6974789916,"3P%":30.1435406699,"FT%":69.4174757282,"PTS":80.5,"REB":41.75,"STK":11.75},"LPU":{"2PM":23.625,"2PA":43.875,"3PM":8.0,"3PA":26.25,"FTM":14.75,"FTA":23.25,"OFF":13.375,"DEF":30.25,"AST":18.25,"TO":14.0,"STL":6.5,"BLK":3.25,"PF":22.125,"Fls on:":20.375,"+\/-":2.375,"GW":57.0,"GP":8.0,"MINS":200.0,"FGM":31.625,"FGA":70.125,"FG%":45.0980392157,"2P%":53.8461538462,"3P%":30.4761904762,"FT%":63.4408602151,"PTS":86.0,"REB":43.625,"STK":9.75},"JRU":{"2PM":23.7142857143,"2PA":45.7142857143,"3PM":6.5714285714,"3PA":21.7142857143,"FTM":15.2857142857,"FTA":21.7142857143,"OFF":11.1428571429,"DEF":24.2857142857,"AST":13.8571428571,"TO":13.5714285714,"STL":8.5714285714,"BLK":3.4285714286,"PF":24.7142857143,"Fls on:":19.8571428571,"+\/-":4.8571428571,"GW":69.0,"GP":7.0,"MINS":200.0,"FGM":30.2857142857,"FGA":67.4285714286,"FG%":44.9152542373,"2P%":51.875,"3P%":30.2631578947,"FT%":70.3947368421,"PTS":82.4285714286,"REB":35.4285714286,"STK":12.0},"SSCR":{"2PM":23.0,"2PA":43.125,"3PM":6.5,"3PA":22.625,"FTM":20.25,"FTA":31.0,"OFF":10.875,"DEF":31.75,"AST":20.375,"TO":17.5,"STL":6.625,"BLK":3.375,"PF":20.25,"Fls on:":25.875,"+\/-":7.5,"GW":77.0,"GP":8.0,"MINS":200.0,"FGM":29.5,"FGA":65.75,"FG%":44.8669201521,"2P%":53.3333333333,"3P%":28.729281768,"FT%":65.3225806452,"PTS":85.75,"REB":42.625,"STK":10.0}}