{"SSCR":{"2PM":184.0,"2PA":345.0,"3PM":52.0,"3PA":181.0,"FTM":162.0,"FTA":248.0,"OFF":87.0,"DEF":254.0,"AST":163.0,"TO":140.0,"STL":53.0,"BLK":27.0,"PF":162.0,"Fls on:":207.0,"+\/-":60.0,"GW":77.0,"GP":8.0,"MINS":1600.0,"FGM":236.0,"FGA":526.0,"FG%":44.8669201521,"2P%":53.3333333333,"3P%":28.729281768,"FT%":65.3225806452,"PTS":686.0,"REB":341.0,"STK":80.0},"SBU":{"2PM":113.0,"2PA":270.0,"3PM":56.0,"3PA":229.0,"FTM":78.0,"FTA":119.0,"OFF":76.0,"DEF":182.0,"AST":104.0,"TO":62.0,"STL":40.0,"BLK":21.0,"PF":157.0,"Fls on:":125.0,"+\/-":-25.0,"GW":38.0,"GP":7.0,"MINS":1400.0,"FGM":169.0,"FGA":499.0,"FG%":33.8677354709,"2P%":41.8518518519,"3P%":24.4541484716,"FT%":65.5462184874,"PTS":472.0,"REB":258.0,"STK":61.0},"AU":{"2PM":156.0,"2PA":357.0,"3PM":63.0,"3PA":209.0,"FTM":143.0,"FTA":206.0,"OFF":89.0,"DEF":245.0,"AST":139.0,"TO":123.0,"STL":63.0,"BLK":31.0,"PF":196.0,"Fls on:":165.0,"+\/-":13.0,"GW":77.0,"GP":8.0,"MINS":1600.0,"FGM":219.0,"FGA":566.0,"FG%":38.6925795053,"2P%":43.6974789916,"3P%":30.1435406699,"FT%":69.4174757282,"PTS":644.0,"REB":334.0,"STK":94.0},"UPHSD":{"2PM":143.0,"2PA":324.0,"3PM":56.0,"3PA":247.0,"FTM":93.0,"FTA":153.0,"OFF":107.0,"DEF":218.0,"AST":111.0,"TO":102.0,"STL":74.0,"BLK":19.0,"PF":146.0,"Fls on:":142.0,"+\/-":12.0,"GW":51.0,"GP":8.0,"MINS":1600.0,"FGM":199.0,"FGA":571.0,"FG%":34.8511383538,"2P%":44.1358024691,"3P%":22.6720647773,"FT%":60.7843137255,"PTS":547.0,"REB":325.0,"STK":93.0},"CSB":{"2PM":140.0,"2PA":312.0,"3PM":41.0,"3PA":208.0,"FTM":76.0,"FTA":130.0,"OFF":85.0,"DEF":146.0,"AST":83.0,"TO":83.0,"STL":63.0,"BLK":23.0,"PF":136.0,"Fls on:":130.0,"+\/-":-92.0,"GW":14.0,"GP":7.0,"MINS":1400.0,"FGM":181.0,"FGA":520.0,"FG%":34.8076923077,"2P%":44.8717948718,"3P%":19.7115384615,"FT%":58.4615384615,"PTS":479.0,"REB":231.0,"STK":86.0},"JRU":{"2PM":166.0,"2PA":320.0,"3PM":46.0,"3PA":152.0,"FTM":107.0,"FTA":152.0,"OFF":78.0,"DEF":170.0,"AST":97.0,"TO":95.0,"STL":60.0,"BLK":24.0,"PF":173.0,"Fls on:":139.0,"+\/-":34.0,"GW":69.0,"GP":7.0,"MINS":1400.0,"FGM":212.0,"FGA":472.0,"FG%":44.9152542373,"2P%":51.875,"3P%":30.2631578947,"FT%":70.3947368421,"PTS":577.0,"REB":248.0,"STK":84.0},"LPU":{"2PM":189.0,"2PA":351.0,"3PM":64.0,"3PA":210.0,"FTM":118.0,"FTA":186.0,"OFF":107.0,"DEF":242.0,"AST":146.0,"TO":112.0,"STL":52.0,"BLK":26.0,"PF":177.0,"Fls on:":163.0,"+\/-":19.0,"GW":57.0,"GP":8.0,"MINS":1600.0,"FGM":253.0,"FGA":561.0,"FG%":45.0980392157,"2P%":53.8461538462,"3P%":30.4761904762,"FT%":63.4408602151,"PTS":688.0,"REB":349.0,"STK":78.0},"EAC":{"2PM":131.0,"2PA":300.0,"3PM":47.0,"3PA":184.0,"FTM":114.0,"FTA":182.0,"OFF":97.0,"DEF":226.0,"AST":115.0,"TO":101.0,"STL":47.0,"BLK":24.0,"PF":155.0,"Fls on:":158.0,"+\/-":11.0,"GW":53.0,"GP":7.0,"MINS":1400.0,"FGM":178.0,"FGA":484.0,"FG%":36.7768595041,"2P%":43.6666666667,"3P%":25.5434782609,"FT%":62.6373626374,"PTS":517.0,"REB":323.0,"STK":71.0},"MU":{"2PM":140.0,"2PA":339.0,"3PM":51.0,"3PA":170.0,"FTM":158.0,"FTA":235.0,"OFF":78.0,"DEF":210.0,"AST":121.0,"TO":109.0,"STL":59.0,"BLK":24.0,"PF":161.0,"Fls on:":196.0,"+\/-":-28.0,"GW":23.0,"GP":8.0,"MINS":1600.0,"FGM":191.0,"FGA":509.0,"FG%":37.5245579568,"2P%":41.2979351032,"3P%":30.0,"FT%":67.2340425532,"PTS":591.0,"REB":288.0,"STK":83.0},"CSJL":{"2PM":165.0,"2PA":385.0,"3PM":52.0,"3PA":225.0,"FTM":104.0,"FTA":165.0,"OFF":115.0,"DEF":196.0,"AST":121.0,"TO":82.0,"STL":64.0,"BLK":24.0,"PF":151.0,"Fls on:":163.0,"+\/-":-4.0,"GW":37.0,"GP":8.0,"MINS":1600.0,"FGM":217.0,"FGA":610.0,"FG%":35.5737704918,"2P%":42.8571428571,"3P%":23.1111111111,"FT%":63.0303030303,"PTS":590.0,"REB":311.0,"STK":88.0},"League":{"2PM":152.7,"2PA":330.3,"3PM":52.8,"3PA":201.5,"FTM":115.3,"FTA":177.6,"OFF":91.9,"DEF":208.9,"AST":120.0,"TO":100.9,"STL":57.5,"BLK":24.3,"PF":161.4,"Fls on:":158.8,"+\/-":0.0,"GW":49.6,"GP":7.6,"MINS":1520.0,"FGM":205.5,"FGA":531.8,"FG%":38.6423467469,"2P%":46.2306993642,"3P%":26.2034739454,"FT%":64.9211711712,"PTS":579.1,"REB":300.8,"STK":81.8}}