{"AU":{"MINS":1650.0,"FGM":240.0,"FGA":585.0,"2PM":206.0,"2PA":441.0,"3PM":34.0,"3PA":144.0,"FTM":117.0,"FTA":205.0,"PTS":631.0,"OFF":90.0,"DEF":219.0,"REB":309.0,"AST":122.0,"TO":104.0,"STL":76.0,"BLK":23.0,"STK":99.0,"PF":170.0,"Fls on:":190.0,"+\/-":-13.0,"GW":27.0,"GP":8.0,"W":2.0,"L":6.0,"FG%":41.0256410256,"2P%":46.7120181406,"3P%":23.6111111111,"FT%":57.0731707317},"CSB":{"MINS":1450.0,"FGM":220.0,"FGA":494.0,"2PM":172.0,"2PA":318.0,"3PM":48.0,"3PA":176.0,"FTM":83.0,"FTA":141.0,"PTS":571.0,"OFF":101.0,"DEF":225.0,"REB":326.0,"AST":122.0,"TO":117.0,"STL":53.0,"BLK":26.0,"STK":79.0,"PF":130.0,"Fls on:":132.0,"+\/-":92.0,"GW":84.0,"GP":7.0,"W":6.0,"L":1.0,"FG%":44.5344129555,"2P%":54.0880503145,"3P%":27.2727272727,"FT%":58.865248227},"CSJL":{"MINS":1675.0,"FGM":209.0,"FGA":525.0,"2PM":153.0,"2PA":305.0,"3PM":56.0,"3PA":220.0,"FTM":120.0,"FTA":154.0,"PTS":594.0,"OFF":79.0,"DEF":232.0,"REB":311.0,"AST":123.0,"TO":119.0,"STL":46.0,"BLK":41.0,"STK":87.0,"PF":167.0,"Fls on:":147.0,"+\/-":4.0,"GW":66.0,"GP":8.0,"W":5.0,"L":3.0,"FG%":39.8095238095,"2P%":50.1639344262,"3P%":25.4545454545,"FT%":77.9220779221},"EAC":{"MINS":1425.0,"FGM":172.0,"FGA":511.0,"2PM":113.0,"2PA":303.0,"3PM":59.0,"3PA":208.0,"FTM":103.0,"FTA":184.0,"PTS":506.0,"OFF":86.0,"DEF":185.0,"REB":271.0,"AST":120.0,"TO":80.0,"STL":52.0,"BLK":28.0,"STK":80.0,"PF":160.0,"Fls on:":153.0,"+\/-":-11.0,"GW":41.0,"GP":7.0,"W":3.0,"L":4.0,"FG%":33.6594911937,"2P%":37.2937293729,"3P%":28.3653846154,"FT%":55.9782608696},"JRU":{"MINS":1400.0,"FGM":177.0,"FGA":467.0,"2PM":135.0,"2PA":321.0,"3PM":42.0,"3PA":146.0,"FTM":147.0,"FTA":209.0,"PTS":543.0,"OFF":88.0,"DEF":159.0,"REB":247.0,"AST":120.0,"TO":100.0,"STL":53.0,"BLK":35.0,"STK":88.0,"PF":141.0,"Fls on:":171.0,"+\/-":-34.0,"GW":29.0,"GP":7.0,"W":2.0,"L":5.0,"FG%":37.9014989293,"2P%":42.0560747664,"3P%":28.7671232877,"FT%":70.3349282297},"LPU":{"MINS":1625.0,"FGM":231.0,"FGA":563.0,"2PM":162.0,"2PA":323.0,"3PM":69.0,"3PA":240.0,"FTM":138.0,"FTA":201.0,"PTS":669.0,"OFF":75.0,"DEF":203.0,"REB":278.0,"AST":139.0,"TO":91.0,"STL":56.0,"BLK":13.0,"STK":69.0,"PF":164.0,"Fls on:":175.0,"+\/-":-19.0,"GW":50.0,"GP":8.0,"W":4.0,"L":4.0,"FG%":41.0301953819,"2P%":50.1547987616,"3P%":28.75,"FT%":68.6567164179},"MU":{"MINS":1600.0,"FGM":215.0,"FGA":550.0,"2PM":149.0,"2PA":311.0,"3PM":66.0,"3PA":239.0,"FTM":123.0,"FTA":188.0,"PTS":619.0,"OFF":105.0,"DEF":217.0,"REB":322.0,"AST":126.0,"TO":101.0,"STL":65.0,"BLK":15.0,"STK":80.0,"PF":201.0,"Fls on:":158.0,"+\/-":28.0,"GW":71.0,"GP":8.0,"W":6.0,"L":2.0,"FG%":39.0909090909,"2P%":47.9099678457,"3P%":27.6150627615,"FT%":65.4255319149},"SBU":{"MINS":1425.0,"FGM":173.0,"FGA":447.0,"2PM":119.0,"2PA":266.0,"3PM":54.0,"3PA":181.0,"FTM":97.0,"FTA":169.0,"PTS":497.0,"OFF":86.0,"DEF":222.0,"REB":308.0,"AST":85.0,"TO":84.0,"STL":30.0,"BLK":19.0,"STK":49.0,"PF":125.0,"Fls on:":157.0,"+\/-":25.0,"GW":54.0,"GP":7.0,"W":4.0,"L":3.0,"FG%":38.7024608501,"2P%":44.7368421053,"3P%":29.8342541436,"FT%":57.3964497041},"SSCR":{"MINS":1625.0,"FGM":218.0,"FGA":619.0,"2PM":165.0,"2PA":357.0,"3PM":53.0,"3PA":262.0,"FTM":137.0,"FTA":181.0,"PTS":626.0,"OFF":108.0,"DEF":182.0,"REB":290.0,"AST":108.0,"TO":92.0,"STL":83.0,"BLK":13.0,"STK":96.0,"PF":212.0,"Fls on:":161.0,"+\/-":-60.0,"GW":26.0,"GP":8.0,"W":2.0,"L":6.0,"FG%":35.2180936995,"2P%":46.218487395,"3P%":20.2290076336,"FT%":75.6906077348},"UPHSD":{"MINS":1675.0,"FGM":200.0,"FGA":557.0,"2PM":153.0,"2PA":358.0,"3PM":47.0,"3PA":199.0,"FTM":88.0,"FTA":144.0,"PTS":535.0,"OFF":101.0,"DEF":245.0,"REB":346.0,"AST":135.0,"TO":121.0,"STL":61.0,"BLK":30.0,"STK":91.0,"PF":144.0,"Fls on:":144.0,"+\/-":-12.0,"GW":48.0,"GP":8.0,"W":4.0,"L":4.0,"FG%":35.9066427289,"2P%":42.7374301676,"3P%":23.6180904523,"FT%":61.1111111111},"League":{"MINS":1555.0,"FGM":205.5,"FGA":531.8,"2PM":152.7,"2PA":330.3,"3PM":52.8,"3PA":201.5,"FTM":115.3,"FTA":177.6,"PTS":579.1,"OFF":91.9,"DEF":208.9,"REB":300.8,"AST":120.0,"TO":100.9,"STL":57.5,"BLK":24.3,"STK":81.8,"PF":161.4,"Fls on:":158.8,"+\/-":0.0,"GW":49.6,"GP":7.6,"W":3.8,"L":3.8,"FG%":38.6423467469,"2P%":46.2306993642,"3P%":26.2034739454,"FT%":64.9211711712}}