{"CSB":{"OFF":77.6477435641,"DEF":65.137073848,"NET":12.5106697161,"PACE":78.7898895968,"hAST%":15.3451398672,"hTO%":14.7162406923,"TOR":21.2137443012,"AR":22.1203145705,"STL%":9.6096448544,"BLK%":8.3333333333,"EFG%":49.3927125506,"TS%":51.3452269621,"PPWS":1.0269045392,"REB%":58.5278276481,"OREB%":40.8906882591,"DREB%":72.5806451613,"FTR":0.2854251012,"FFI":37.5200352656,"Py-W":6.6028781651,"Py-L":0.3971218349,"PPR":-2.4502344368,"HHI":0.10352379},"SBU":{"OFF":72.8690920905,"DEF":69.2036448022,"NET":3.6654472883,"PACE":73.0762501252,"hAST%":12.3124167101,"hTO%":12.1675647488,"TOR":16.4212038514,"AR":16.6166943734,"STL%":5.8647156612,"BLK%":7.037037037,"EFG%":44.7427293065,"TS%":47.6638023631,"PPWS":0.9532760473,"REB%":54.4169611307,"OREB%":32.0895522388,"DREB%":74.4966442953,"FTR":0.3780760626,"FFI":34.0914440728,"Py-W":4.8682282912,"Py-L":2.1317717088,"PPR":-2.0600847644,"HHI":0.1296592432},"MU":{"OFF":75.5646217949,"DEF":72.146512893,"NET":3.4181089019,"PACE":76.7968509887,"hAST%":14.6559344903,"hTO%":11.7480109803,"TOR":16.4394761471,"AR":20.5086534112,"STL%":10.5798608867,"BLK%":4.4247787611,"EFG%":45.0909090909,"TS%":48.9157921355,"PPWS":0.9783158427,"REB%":52.7868852459,"OREB%":33.3333333333,"DREB%":73.5593220339,"FTR":0.3418181818,"FFI":33.9401720671,"Py-W":5.417065486,"Py-L":2.582934514,"PPR":-1.0858482528,"HHI":0.1350476693},"CSJL":{"OFF":72.6099090539,"DEF":72.1209534374,"NET":0.4889556165,"PACE":76.6940776068,"hAST%":14.7347740668,"hTO%":14.2555944223,"TOR":19.3952394555,"AR":20.0471802775,"STL%":7.4973194534,"BLK%":10.6493506494,"EFG%":45.1428571429,"TS%":50.1045954518,"PPWS":1.002091909,"REB%":50.0,"OREB%":28.7272727273,"DREB%":66.8587896254,"FTR":0.2933333333,"FFI":33.0514072665,"Py-W":4.2160066991,"Py-L":3.7839933009,"PPR":-2.2605217741,"HHI":0.1157308211},"League":{"OFF":72.7463290531,"DEF":72.7463290531,"NET":0.0,"PACE":78.4844484399,"hAST%":14.4431445614,"hTO%":12.1442773854,"TOR":16.9000278627,"AR":20.0991411647,"STL%":9.6308384748,"BLK%":7.3569482289,"EFG%":43.6066190297,"TS%":47.4715711606,"PPWS":0.9494314232,"REB%":50.0,"OREB%":30.5518617021,"DREB%":69.4481382979,"FTR":0.3339601354,"FFI":32.7874289488,"Py-W":3.8,"Py-L":3.8,"PPR":-1.3440514469,"HHI":0.01032695},"AU":{"OFF":70.8491477868,"DEF":72.3087974243,"NET":-1.4596496374,"PACE":83.4960643112,"hAST%":13.5375055482,"hTO%":11.540168664,"TOR":15.5695961328,"AR":18.264333925,"STL%":11.3777817893,"BLK%":6.4425770308,"EFG%":43.9316239316,"TS%":46.7268957346,"PPWS":0.9345379147,"REB%":48.0559875583,"OREB%":26.8656716418,"DREB%":71.1038961039,"FTR":0.3504273504,"FFI":32.0945931906,"Py-W":3.3531569166,"Py-L":4.6468430834,"PPR":-1.2912826607,"HHI":0.1079588408},"UPHSD":{"OFF":65.3575425184,"DEF":66.8235060889,"NET":-1.4659635705,"PACE":76.7413340027,"hAST%":15.404628235,"hTO%":13.8071112328,"TOR":19.7090657812,"AR":21.9894535576,"STL%":9.9359753112,"BLK%":9.2592592593,"EFG%":40.1256732496,"TS%":43.1201237991,"PPWS":0.862402476,"REB%":51.564828614,"OREB%":31.6614420063,"DREB%":69.6022727273,"FTR":0.2585278276,"FFI":31.1877415611,"Py-W":3.2975325408,"Py-L":4.7024674592,"PPR":-1.8927844034,"HHI":0.1289999127},"EAC":{"OFF":68.3910991672,"DEF":69.8778621926,"NET":-1.4867630254,"PACE":79.2709670914,"hAST%":15.1522804182,"hTO%":10.1015202788,"TOR":14.4170960036,"AR":21.6256440054,"STL%":9.3711124024,"BLK%":9.3333333333,"EFG%":39.4324853229,"TS%":42.739374282,"PPWS":0.8547874856,"REB%":45.6228956229,"OREB%":27.5641025641,"DREB%":65.6028368794,"FTR":0.3600782779,"FFI":30.2912628112,"Py-W":2.9036983991,"Py-L":4.0963016009,"PPR":0.0,"HHI":0.105578903},"LPU":{"OFF":78.1541248635,"DEF":80.3737487385,"NET":-2.219623875,"PACE":80.2500829093,"hAST%":15.7696496642,"hTO%":10.3240152478,"TOR":14.1744401845,"AR":21.6510679741,"STL%":8.7227324212,"BLK%":3.7037037037,"EFG%":47.1580817052,"TS%":51.3477833722,"PPWS":1.0269556674,"REB%":44.3381180223,"OREB%":23.6593059937,"DREB%":65.4838709677,"FTR":0.3570159858,"FFI":32.4939437138,"Py-W":3.1185456458,"Py-L":4.8814543542,"PPR":0.1003075228,"HHI":0.1231407562},"JRU":{"OFF":75.3467792751,"DEF":80.0646254912,"NET":-4.7178462161,"PACE":77.2144104742,"hAST%":15.4051555921,"hTO%":12.8376296601,"TOR":18.5013577103,"AR":22.2016292523,"STL%":9.8057195864,"BLK%":10.9375,"EFG%":42.3982869379,"TS%":48.5723486475,"PPWS":0.9714469729,"REB%":49.898989899,"OREB%":34.1085271318,"DREB%":67.0886075949,"FTR":0.4475374732,"FFI":35.1194217276,"Py-W":1.921754656,"Py-L":5.078245344,"PPR":-1.4520688553,"HHI":0.1153234367},"SSCR":{"OFF":71.1238136953,"DEF":77.9407926437,"NET":-6.8169789484,"PACE":82.5145572922,"hAST%":12.0181607763,"hTO%":10.2376925131,"TOR":13.936934739,"AR":16.3607494762,"STL%":12.5735389493,"BLK%":3.768115942,"EFG%":39.4991922456,"TS%":44.801328295,"PPWS":0.8960265659,"REB%":45.9587955626,"OREB%":29.8342541436,"DREB%":67.6579925651,"FTR":0.2924071082,"FFI":29.6368680353,"Py-W":1.5023181748,"Py-L":6.4976818252,"PPR":-1.1706570017,"HHI":0.1306944033}}