{"AU":{"POS":667.9685144892,"PACE":83.4960643112},"CSB":{"POS":551.5292271777,"PACE":78.7898895968},"CSJL":{"POS":613.5526208541,"PACE":76.6940776068},"EAC":{"POS":554.8967696399,"PACE":79.2709670914},"JRU":{"POS":540.5008733196,"PACE":77.2144104742},"LPU":{"POS":642.0006632747,"PACE":80.2500829093},"MU":{"POS":614.3748079096,"PACE":76.7968509887},"SBU":{"POS":511.5337508765,"PACE":73.0762501252},"SSCR":{"POS":660.1164583376,"PACE":82.5145572922},"UPHSD":{"POS":613.9306720219,"PACE":76.7413340027},"League":{"POS":597.0404357901,"PACE":78.4844484399}}