{"LPU":{"2PM":213.0,"2PA":391.0,"3PM":70.0,"3PA":234.0,"FTM":130.0,"FTA":203.0,"OFF":117.0,"DEF":276.0,"AST":166.0,"TO":128.0,"STL":57.0,"BLK":30.0,"PF":194.0,"Fls on:":180.0,"+\/-":31.0,"GW":68.0,"GP":9.0,"MINS":1800.0,"FGM":283.0,"FGA":625.0,"FG%":45.28,"2P%":54.4757033248,"3P%":29.9145299145,"FT%":64.039408867,"PTS":766.0,"REB":393.0,"STK":87.0},"SBU":{"2PM":128.0,"2PA":309.0,"3PM":62.0,"3PA":248.0,"FTM":92.0,"FTA":138.0,"OFF":84.0,"DEF":209.0,"AST":119.0,"TO":69.0,"STL":47.0,"BLK":23.0,"PF":170.0,"Fls on:":141.0,"+\/-":-26.0,"GW":38.0,"GP":8.0,"MINS":1600.0,"FGM":190.0,"FGA":557.0,"FG%":34.1113105925,"2P%":41.4239482201,"3P%":25.0,"FT%":66.6666666667,"PTS":534.0,"REB":293.0,"STK":70.0},"UPHSD":{"2PM":152.0,"2PA":350.0,"3PM":69.0,"3PA":283.0,"FTM":99.0,"FTA":163.0,"OFF":116.0,"DEF":242.0,"AST":126.0,"TO":114.0,"STL":78.0,"BLK":23.0,"PF":162.0,"Fls on:":155.0,"+\/-":13.0,"GW":64.0,"GP":9.0,"MINS":1800.0,"FGM":221.0,"FGA":633.0,"FG%":34.9131121643,"2P%":43.4285714286,"3P%":24.3816254417,"FT%":60.736196319,"PTS":610.0,"REB":358.0,"STK":101.0},"MU":{"2PM":140.0,"2PA":339.0,"3PM":51.0,"3PA":170.0,"FTM":158.0,"FTA":235.0,"OFF":78.0,"DEF":210.0,"AST":121.0,"TO":109.0,"STL":59.0,"BLK":24.0,"PF":161.0,"Fls on:":196.0,"+\/-":-28.0,"GW":23.0,"GP":8.0,"MINS":1600.0,"FGM":191.0,"FGA":509.0,"FG%":37.5245579568,"2P%":41.2979351032,"3P%":30.0,"FT%":67.2340425532,"PTS":591.0,"REB":288.0,"STK":83.0},"CSJL":{"2PM":183.0,"2PA":426.0,"3PM":57.0,"3PA":256.0,"FTM":119.0,"FTA":183.0,"OFF":123.0,"DEF":222.0,"AST":136.0,"TO":89.0,"STL":76.0,"BLK":27.0,"PF":168.0,"Fls on:":180.0,"+\/-":-16.0,"GW":37.0,"GP":9.0,"MINS":1800.0,"FGM":240.0,"FGA":682.0,"FG%":35.1906158358,"2P%":42.9577464789,"3P%":22.265625,"FT%":65.0273224044,"PTS":656.0,"REB":345.0,"STK":103.0},"EAC":{"2PM":154.0,"2PA":361.0,"3PM":50.0,"3PA":205.0,"FTM":134.0,"FTA":214.0,"OFF":118.0,"DEF":252.0,"AST":131.0,"TO":117.0,"STL":61.0,"BLK":26.0,"PF":174.0,"Fls on:":183.0,"+\/-":23.0,"GW":68.0,"GP":8.0,"MINS":1600.0,"FGM":204.0,"FGA":566.0,"FG%":36.0424028269,"2P%":42.6592797784,"3P%":24.3902439024,"FT%":62.6168224299,"PTS":592.0,"REB":370.0,"STK":87.0},"SSCR":{"2PM":184.0,"2PA":345.0,"3PM":52.0,"3PA":181.0,"FTM":162.0,"FTA":248.0,"OFF":87.0,"DEF":254.0,"AST":163.0,"TO":140.0,"STL":53.0,"BLK":27.0,"PF":162.0,"Fls on:":207.0,"+\/-":60.0,"GW":77.0,"GP":8.0,"MINS":1600.0,"FGM":236.0,"FGA":526.0,"FG%":44.8669201521,"2P%":53.3333333333,"3P%":28.729281768,"FT%":65.3225806452,"PTS":686.0,"REB":341.0,"STK":80.0},"AU":{"2PM":176.0,"2PA":400.0,"3PM":69.0,"3PA":233.0,"FTM":156.0,"FTA":227.0,"OFF":105.0,"DEF":272.0,"AST":157.0,"TO":146.0,"STL":74.0,"BLK":34.0,"PF":218.0,"Fls on:":184.0,"+\/-":11.0,"GW":77.0,"GP":9.0,"MINS":1800.0,"FGM":245.0,"FGA":633.0,"FG%":38.7045813586,"2P%":44.0,"3P%":29.6137339056,"FT%":68.7224669604,"PTS":715.0,"REB":377.0,"STK":108.0},"JRU":{"2PM":188.0,"2PA":368.0,"3PM":50.0,"3PA":177.0,"FTM":114.0,"FTA":164.0,"OFF":90.0,"DEF":196.0,"AST":105.0,"TO":116.0,"STL":67.0,"BLK":29.0,"PF":199.0,"Fls on:":158.0,"+\/-":22.0,"GW":69.0,"GP":8.0,"MINS":1600.0,"FGM":238.0,"FGA":545.0,"FG%":43.6697247706,"2P%":51.0869565217,"3P%":28.2485875706,"FT%":69.512195122,"PTS":640.0,"REB":286.0,"STK":96.0},"CSB":{"2PM":159.0,"2PA":353.0,"3PM":47.0,"3PA":227.0,"FTM":93.0,"FTA":162.0,"OFF":96.0,"DEF":164.0,"AST":94.0,"TO":98.0,"STL":79.0,"BLK":24.0,"PF":155.0,"Fls on:":152.0,"+\/-":-90.0,"GW":25.0,"GP":8.0,"MINS":1600.0,"FGM":206.0,"FGA":580.0,"FG%":35.5172413793,"2P%":45.0424929178,"3P%":20.704845815,"FT%":57.4074074074,"PTS":552.0,"REB":260.0,"STK":103.0},"League":{"2PM":167.7,"2PA":364.2,"3PM":57.7,"3PA":221.4,"FTM":125.7,"FTA":193.7,"OFF":101.4,"DEF":229.7,"AST":131.8,"TO":112.6,"STL":65.1,"BLK":26.7,"PF":176.3,"Fls on:":173.6,"+\/-":0.0,"GW":54.6,"GP":8.4,"MINS":1680.0,"FGM":225.4,"FGA":585.6,"FG%":38.4904371585,"2P%":46.0461285008,"3P%":26.0614272809,"FT%":64.8941662364,"PTS":634.2,"REB":331.1,"STK":91.8}}