{"CSB":{"2PM":19.875,"2PA":44.125,"3PM":5.875,"3PA":28.375,"FTM":11.625,"FTA":20.25,"OFF":12.0,"DEF":20.5,"AST":11.75,"TO":12.25,"STL":9.875,"BLK":3.0,"PF":19.375,"Fls on:":19.0,"+\/-":-11.25,"GW":25.0,"GP":8.0,"MINS":200.0,"FGM":25.75,"FGA":72.5,"FG%":35.5172413793,"2P%":45.0424929178,"3P%":20.704845815,"FT%":57.4074074074,"PTS":69.0,"REB":32.5,"STK":12.875},"MU":{"2PM":17.5,"2PA":42.375,"3PM":6.375,"3PA":21.25,"FTM":19.75,"FTA":29.375,"OFF":9.75,"DEF":26.25,"AST":15.125,"TO":13.625,"STL":7.375,"BLK":3.0,"PF":20.125,"Fls on:":24.5,"+\/-":-3.5,"GW":23.0,"GP":8.0,"MINS":200.0,"FGM":23.875,"FGA":63.625,"FG%":37.5245579568,"2P%":41.2979351032,"3P%":30.0,"FT%":67.2340425532,"PTS":73.875,"REB":36.0,"STK":10.375},"SBU":{"2PM":16.0,"2PA":38.625,"3PM":7.75,"3PA":31.0,"FTM":11.5,"FTA":17.25,"OFF":10.5,"DEF":26.125,"AST":14.875,"TO":8.625,"STL":5.875,"BLK":2.875,"PF":21.25,"Fls on:":17.625,"+\/-":-3.25,"GW":38.0,"GP":8.0,"MINS":200.0,"FGM":23.75,"FGA":69.625,"FG%":34.1113105925,"2P%":41.4239482201,"3P%":25.0,"FT%":66.6666666667,"PTS":66.75,"REB":36.625,"STK":8.75},"CSJL":{"2PM":20.3333333333,"2PA":47.3333333333,"3PM":6.3333333333,"3PA":28.4444444444,"FTM":13.2222222222,"FTA":20.3333333333,"OFF":13.6666666667,"DEF":24.6666666667,"AST":15.1111111111,"TO":9.8888888889,"STL":8.4444444444,"BLK":3.0,"PF":18.6666666667,"Fls on:":20.0,"+\/-":-1.7777777778,"GW":37.0,"GP":9.0,"MINS":200.0,"FGM":26.6666666667,"FGA":75.7777777778,"FG%":35.1906158358,"2P%":42.9577464789,"3P%":22.265625,"FT%":65.0273224044,"PTS":72.8888888889,"REB":38.3333333333,"STK":11.4444444444},"League":{"2PM":19.9642857143,"2PA":43.3571428571,"3PM":6.869047619,"3PA":26.3571428571,"FTM":14.9642857143,"FTA":23.0595238095,"OFF":12.0714285714,"DEF":27.3452380952,"AST":15.6904761905,"TO":13.4047619048,"STL":7.75,"BLK":3.1785714286,"PF":20.9880952381,"Fls on:":20.6666666667,"+\/-":0.0,"GW":54.6,"GP":8.4,"MINS":200.0,"FGM":26.8333333333,"FGA":69.7142857143,"FG%":38.4904371585,"2P%":46.0461285008,"3P%":26.0614272809,"FT%":64.8941662364,"PTS":75.5,"REB":39.4166666667,"STK":10.9285714286},"AU":{"2PM":19.5555555556,"2PA":44.4444444444,"3PM":7.6666666667,"3PA":25.8888888889,"FTM":17.3333333333,"FTA":25.2222222222,"OFF":11.6666666667,"DEF":30.2222222222,"AST":17.4444444444,"TO":16.2222222222,"STL":8.2222222222,"BLK":3.7777777778,"PF":24.2222222222,"Fls on:":20.4444444444,"+\/-":1.2222222222,"GW":77.0,"GP":9.0,"MINS":200.0,"FGM":27.2222222222,"FGA":70.3333333333,"FG%":38.7045813586,"2P%":44.0,"3P%":29.6137339056,"FT%":68.7224669604,"PTS":79.4444444444,"REB":41.8888888889,"STK":12.0},"UPHSD":{"2PM":16.8888888889,"2PA":38.8888888889,"3PM":7.6666666667,"3PA":31.4444444444,"FTM":11.0,"FTA":18.1111111111,"OFF":12.8888888889,"DEF":26.8888888889,"AST":14.0,"TO":12.6666666667,"STL":8.6666666667,"BLK":2.5555555556,"PF":18.0,"Fls on:":17.2222222222,"+\/-":1.4444444444,"GW":64.0,"GP":9.0,"MINS":200.0,"FGM":24.5555555556,"FGA":70.3333333333,"FG%":34.9131121643,"2P%":43.4285714286,"3P%":24.3816254417,"FT%":60.736196319,"PTS":67.7777777778,"REB":39.7777777778,"STK":11.2222222222},"JRU":{"2PM":23.5,"2PA":46.0,"3PM":6.25,"3PA":22.125,"FTM":14.25,"FTA":20.5,"OFF":11.25,"DEF":24.5,"AST":13.125,"TO":14.5,"STL":8.375,"BLK":3.625,"PF":24.875,"Fls on:":19.75,"+\/-":2.75,"GW":69.0,"GP":8.0,"MINS":200.0,"FGM":29.75,"FGA":68.125,"FG%":43.6697247706,"2P%":51.0869565217,"3P%":28.2485875706,"FT%":69.512195122,"PTS":80.0,"REB":35.75,"STK":12.0},"EAC":{"2PM":19.25,"2PA":45.125,"3PM":6.25,"3PA":25.625,"FTM":16.75,"FTA":26.75,"OFF":14.75,"DEF":31.5,"AST":16.375,"TO":14.625,"STL":7.625,"BLK":3.25,"PF":21.75,"Fls on:":22.875,"+\/-":2.875,"GW":68.0,"GP":8.0,"MINS":200.0,"FGM":25.5,"FGA":70.75,"FG%":36.0424028269,"2P%":42.6592797784,"3P%":24.3902439024,"FT%":62.6168224299,"PTS":74.0,"REB":46.25,"STK":10.875},"LPU":{"2PM":23.6666666667,"2PA":43.4444444444,"3PM":7.7777777778,"3PA":26.0,"FTM":14.4444444444,"FTA":22.5555555556,"OFF":13.0,"DEF":30.6666666667,"AST":18.4444444444,"TO":14.2222222222,"STL":6.3333333333,"BLK":3.3333333333,"PF":21.5555555556,"Fls on:":20.0,"+\/-":3.4444444444,"GW":68.0,"GP":9.0,"MINS":200.0,"FGM":31.4444444444,"FGA":69.4444444444,"FG%":45.28,"2P%":54.4757033248,"3P%":29.9145299145,"FT%":64.039408867,"PTS":85.1111111111,"REB":43.6666666667,"STK":9.6666666667},"SSCR":{"2PM":23.0,"2PA":43.125,"3PM":6.5,"3PA":22.625,"FTM":20.25,"FTA":31.0,"OFF":10.875,"DEF":31.75,"AST":20.375,"TO":17.5,"STL":6.625,"BLK":3.375,"PF":20.25,"Fls on:":25.875,"+\/-":7.5,"GW":77.0,"GP":8.0,"MINS":200.0,"FGM":29.5,"FGA":65.75,"FG%":44.8669201521,"2P%":53.3333333333,"3P%":28.729281768,"FT%":65.3225806452,"PTS":85.75,"REB":42.625,"STK":10.0}}