{"AU":{"MINS":1850.0,"FGM":265.0,"FGA":645.0,"2PM":225.0,"2PA":482.0,"3PM":40.0,"3PA":163.0,"FTM":134.0,"FTA":237.0,"PTS":704.0,"OFF":101.0,"DEF":237.0,"REB":338.0,"AST":133.0,"TO":119.0,"STL":92.0,"BLK":24.0,"STK":116.0,"PF":189.0,"Fls on:":212.0,"+\/-":-11.0,"GW":38.0,"GP":9.0,"W":3.0,"L":6.0,"FG%":41.0852713178,"2P%":46.6804979253,"3P%":24.5398773006,"FT%":56.5400843882},"CSB":{"MINS":1650.0,"FGM":246.0,"FGA":561.0,"2PM":192.0,"2PA":361.0,"3PM":54.0,"3PA":200.0,"FTM":96.0,"FTA":162.0,"PTS":642.0,"OFF":117.0,"DEF":252.0,"REB":369.0,"AST":140.0,"TO":140.0,"STL":64.0,"BLK":29.0,"STK":93.0,"PF":152.0,"Fls on:":151.0,"+\/-":90.0,"GW":84.0,"GP":8.0,"W":6.0,"L":2.0,"FG%":43.8502673797,"2P%":53.1855955679,"3P%":27.0,"FT%":59.2592592593},"CSJL":{"MINS":1875.0,"FGM":239.0,"FGA":589.0,"2PM":177.0,"2PA":345.0,"3PM":62.0,"3PA":244.0,"FTM":132.0,"FTA":171.0,"PTS":672.0,"OFF":89.0,"DEF":266.0,"REB":355.0,"AST":143.0,"TO":135.0,"STL":51.0,"BLK":45.0,"STK":96.0,"PF":184.0,"Fls on:":164.0,"+\/-":16.0,"GW":77.0,"GP":9.0,"W":6.0,"L":3.0,"FG%":40.5772495756,"2P%":51.3043478261,"3P%":25.4098360656,"FT%":77.1929824561},"EAC":{"MINS":1625.0,"FGM":198.0,"FGA":584.0,"2PM":135.0,"2PA":351.0,"3PM":63.0,"3PA":233.0,"FTM":110.0,"FTA":196.0,"PTS":569.0,"OFF":98.0,"DEF":211.0,"REB":309.0,"AST":128.0,"TO":101.0,"STL":59.0,"BLK":33.0,"STK":92.0,"PF":186.0,"Fls on:":172.0,"+\/-":-23.0,"GW":41.0,"GP":8.0,"W":3.0,"L":5.0,"FG%":33.904109589,"2P%":38.4615384615,"3P%":27.0386266094,"FT%":56.1224489796},"JRU":{"MINS":1600.0,"FGM":203.0,"FGA":549.0,"2PM":158.0,"2PA":382.0,"3PM":45.0,"3PA":167.0,"FTM":167.0,"FTA":241.0,"PTS":618.0,"OFF":109.0,"DEF":185.0,"REB":294.0,"AST":136.0,"TO":116.0,"STL":67.0,"BLK":37.0,"STK":104.0,"PF":160.0,"Fls on:":196.0,"+\/-":-22.0,"GW":44.0,"GP":8.0,"W":3.0,"L":5.0,"FG%":36.9763205829,"2P%":41.3612565445,"3P%":26.9461077844,"FT%":69.2946058091},"LPU":{"MINS":1825.0,"FGM":254.0,"FGA":635.0,"2PM":180.0,"2PA":364.0,"3PM":74.0,"3PA":271.0,"FTM":153.0,"FTA":219.0,"PTS":735.0,"OFF":83.0,"DEF":229.0,"REB":312.0,"AST":154.0,"TO":98.0,"STL":68.0,"BLK":16.0,"STK":84.0,"PF":181.0,"Fls on:":192.0,"+\/-":-31.0,"GW":50.0,"GP":9.0,"W":4.0,"L":5.0,"FG%":40.0,"2P%":49.4505494505,"3P%":27.3062730627,"FT%":69.8630136986},"MU":{"MINS":1600.0,"FGM":215.0,"FGA":550.0,"2PM":149.0,"2PA":311.0,"3PM":66.0,"3PA":239.0,"FTM":123.0,"FTA":188.0,"PTS":619.0,"OFF":105.0,"DEF":217.0,"REB":322.0,"AST":126.0,"TO":101.0,"STL":65.0,"BLK":15.0,"STK":80.0,"PF":201.0,"Fls on:":158.0,"+\/-":28.0,"GW":71.0,"GP":8.0,"W":6.0,"L":2.0,"FG%":39.0909090909,"2P%":47.9099678457,"3P%":27.6150627615,"FT%":65.4255319149},"SBU":{"MINS":1625.0,"FGM":195.0,"FGA":509.0,"2PM":128.0,"2PA":292.0,"3PM":67.0,"3PA":217.0,"FTM":103.0,"FTA":179.0,"PTS":560.0,"OFF":95.0,"DEF":246.0,"REB":341.0,"AST":100.0,"TO":96.0,"STL":34.0,"BLK":23.0,"STK":57.0,"PF":141.0,"Fls on:":170.0,"+\/-":26.0,"GW":67.0,"GP":8.0,"W":5.0,"L":3.0,"FG%":38.3104125737,"2P%":43.8356164384,"3P%":30.8755760369,"FT%":57.5418994413},"SSCR":{"MINS":1625.0,"FGM":218.0,"FGA":619.0,"2PM":165.0,"2PA":357.0,"3PM":53.0,"3PA":262.0,"FTM":137.0,"FTA":181.0,"PTS":626.0,"OFF":108.0,"DEF":182.0,"REB":290.0,"AST":108.0,"TO":92.0,"STL":83.0,"BLK":13.0,"STK":96.0,"PF":212.0,"Fls on:":161.0,"+\/-":-60.0,"GW":26.0,"GP":8.0,"W":2.0,"L":6.0,"FG%":35.2180936995,"2P%":46.218487395,"3P%":20.2290076336,"FT%":75.6906077348},"UPHSD":{"MINS":1875.0,"FGM":221.0,"FGA":615.0,"2PM":168.0,"2PA":397.0,"3PM":53.0,"3PA":218.0,"FTM":102.0,"FTA":163.0,"PTS":597.0,"OFF":109.0,"DEF":272.0,"REB":381.0,"AST":150.0,"TO":128.0,"STL":68.0,"BLK":32.0,"STK":100.0,"PF":157.0,"Fls on:":160.0,"+\/-":-13.0,"GW":48.0,"GP":9.0,"W":4.0,"L":5.0,"FG%":35.9349593496,"2P%":42.3173803526,"3P%":24.3119266055,"FT%":62.5766871166},"League":{"MINS":1715.0,"FGM":225.4,"FGA":585.6,"2PM":167.7,"2PA":364.2,"3PM":57.7,"3PA":221.4,"FTM":125.7,"FTA":193.7,"PTS":634.2,"OFF":101.4,"DEF":229.7,"REB":331.1,"AST":131.8,"TO":112.6,"STL":65.1,"BLK":26.7,"STK":91.8,"PF":176.3,"Fls on:":173.6,"+\/-":0.0,"GW":54.6,"GP":8.4,"W":4.2,"L":4.2,"FG%":38.4904371585,"2P%":46.0461285008,"3P%":26.0614272809,"FT%":64.8941662364}}