{"AU":{"MINS":2850.0,"FGM":406.0,"FGA":1013.0,"2PM":340.0,"2PA":730.0,"3PM":66.0,"3PA":283.0,"FTM":200.0,"FTA":359.0,"PTS":1078.0,"OFF":171.0,"DEF":352.0,"REB":523.0,"AST":217.0,"TO":175.0,"STL":143.0,"BLK":38.0,"STK":181.0,"PF":286.0,"Fls on:":319.0,"+\/-":-49.0,"GW":63.0,"GP":14.0,"W":5.0,"L":9.0,"FG%":40.0789733465,"2P%":46.5753424658,"3P%":23.3215547703,"FT%":55.7103064067},"CSB":{"MINS":2650.0,"FGM":401.0,"FGA":899.0,"2PM":307.0,"2PA":565.0,"3PM":94.0,"3PA":334.0,"FTM":170.0,"FTA":292.0,"PTS":1066.0,"OFF":180.0,"DEF":408.0,"REB":588.0,"AST":236.0,"TO":205.0,"STL":95.0,"BLK":52.0,"STK":147.0,"PF":254.0,"Fls on:":259.0,"+\/-":153.0,"GW":154.0,"GP":13.0,"W":11.0,"L":2.0,"FG%":44.6051167964,"2P%":54.3362831858,"3P%":28.1437125749,"FT%":58.2191780822},"CSJL":{"MINS":2925.0,"FGM":372.0,"FGA":909.0,"2PM":273.0,"2PA":548.0,"3PM":99.0,"3PA":361.0,"FTM":223.0,"FTA":304.0,"PTS":1066.0,"OFF":126.0,"DEF":399.0,"REB":525.0,"AST":222.0,"TO":221.0,"STL":83.0,"BLK":61.0,"STK":144.0,"PF":289.0,"Fls on:":286.0,"+\/-":-26.0,"GW":90.0,"GP":14.0,"W":7.0,"L":7.0,"FG%":40.9240924092,"2P%":49.8175182482,"3P%":27.4238227147,"FT%":73.3552631579},"EAC":{"MINS":2625.0,"FGM":343.0,"FGA":938.0,"2PM":233.0,"2PA":576.0,"3PM":110.0,"3PA":362.0,"FTM":193.0,"FTA":334.0,"PTS":989.0,"OFF":158.0,"DEF":354.0,"REB":512.0,"AST":232.0,"TO":170.0,"STL":100.0,"BLK":48.0,"STK":148.0,"PF":294.0,"Fls on:":289.0,"+\/-":-4.4,"GW":85.0,"GP":13.0,"W":6.0,"L":7.0,"FG%":36.5671641791,"2P%":40.4513888889,"3P%":30.3867403315,"FT%":57.7844311377},"JRU":{"MINS":2800.0,"FGM":371.0,"FGA":964.0,"2PM":301.0,"2PA":676.0,"3PM":70.0,"3PA":288.0,"FTM":256.0,"FTA":376.0,"PTS":1068.0,"OFF":172.0,"DEF":320.0,"REB":492.0,"AST":243.0,"TO":191.0,"STL":106.0,"BLK":54.0,"STK":160.0,"PF":292.0,"Fls on:":325.0,"+\/-":-67.0,"GW":58.0,"GP":14.0,"W":4.0,"L":10.0,"FG%":38.4854771784,"2P%":44.5266272189,"3P%":24.3055555556,"FT%":68.085106383},"LPU":{"MINS":2850.0,"FGM":392.0,"FGA":985.0,"2PM":281.0,"2PA":573.0,"3PM":111.0,"3PA":412.0,"FTM":232.0,"FTA":328.0,"PTS":1127.0,"OFF":135.0,"DEF":358.0,"REB":493.0,"AST":244.0,"TO":163.0,"STL":107.0,"BLK":25.0,"STK":132.0,"PF":282.0,"Fls on:":299.0,"+\/-":-18.0,"GW":77.0,"GP":14.0,"W":6.0,"L":8.0,"FG%":39.7969543147,"2P%":49.0401396161,"3P%":26.9417475728,"FT%":70.7317073171},"MU":{"MINS":2825.0,"FGM":374.0,"FGA":961.0,"2PM":255.0,"2PA":545.0,"3PM":119.0,"3PA":416.0,"FTM":191.0,"FTA":307.0,"PTS":1058.0,"OFF":186.0,"DEF":371.0,"REB":557.0,"AST":226.0,"TO":190.0,"STL":107.0,"BLK":35.0,"STK":142.0,"PF":332.0,"Fls on:":275.0,"+\/-":40.2,"GW":132.0,"GP":14.0,"W":11.0,"L":3.0,"FG%":38.9177939646,"2P%":46.7889908257,"3P%":28.6057692308,"FT%":62.2149837134},"SBU":{"MINS":2850.0,"FGM":340.0,"FGA":882.0,"2PM":218.0,"2PA":501.0,"3PM":122.0,"3PA":381.0,"FTM":170.0,"FTA":289.0,"PTS":972.0,"OFF":154.0,"DEF":405.0,"REB":559.0,"AST":189.0,"TO":165.0,"STL":70.0,"BLK":37.0,"STK":107.0,"PF":255.0,"Fls on:":267.0,"+\/-":59.0,"GW":118.0,"GP":14.0,"W":9.0,"L":5.0,"FG%":38.5487528345,"2P%":43.5129740519,"3P%":32.0209973753,"FT%":58.8235294118},"SSCR":{"MINS":2875.0,"FGM":415.0,"FGA":1097.0,"2PM":304.0,"2PA":660.0,"3PM":111.0,"3PA":437.0,"FTM":223.0,"FTA":307.0,"PTS":1164.0,"OFF":185.0,"DEF":337.0,"REB":522.0,"AST":207.0,"TO":162.0,"STL":133.0,"BLK":22.0,"STK":155.0,"PF":358.0,"Fls on:":276.0,"+\/-":-72.0,"GW":52.0,"GP":14.0,"W":4.0,"L":10.0,"FG%":37.8304466727,"2P%":46.0606060606,"3P%":25.4004576659,"FT%":72.6384364821},"UPHSD":{"MINS":2900.0,"FGM":339.0,"FGA":933.0,"2PM":252.0,"2PA":595.0,"3PM":87.0,"3PA":338.0,"FTM":174.0,"FTA":275.0,"PTS":939.0,"OFF":168.0,"DEF":407.0,"REB":575.0,"AST":247.0,"TO":204.0,"STL":101.0,"BLK":52.0,"STK":153.0,"PF":254.0,"Fls on:":262.0,"+\/-":-16.0,"GW":67.0,"GP":14.0,"W":6.0,"L":8.0,"FG%":36.3344051447,"2P%":42.3529411765,"3P%":25.7396449704,"FT%":63.2727272727},"League":{"MINS":2815.0,"FGM":375.3,"FGA":958.1,"2PM":276.4,"2PA":596.9,"3PM":98.9,"3PA":361.2,"FTM":203.2,"FTA":317.1,"PTS":1052.7,"OFF":163.5,"DEF":371.1,"REB":534.6,"AST":226.3,"TO":184.6,"STL":104.5,"BLK":42.4,"STK":146.9,"PF":289.6,"Fls on:":285.7,"+\/-":-0.02,"GW":89.6,"GP":13.8,"W":6.9,"L":6.9,"FG%":39.1712764847,"2P%":46.3059138884,"3P%":27.380952381,"FT%":64.0807316304}}