{"CSB":{"OFF":78.7150420752,"DEF":67.4172921338,"NET":11.2977499414,"PACE":78.1299207606,"hAST%":16.0710394421,"hTO%":13.9600130747,"TOR":20.1833441218,"AR":23.2354595744,"STL%":9.3532570321,"BLK%":8.7248322148,"EFG%":49.8331479422,"TS%":51.8744890411,"PPWS":1.0374897808,"REB%":57.3099415205,"OREB%":39.1304347826,"DREB%":72.0848056537,"FTR":0.3248053393,"FFI":37.6772622528,"Py-W":11.9944631731,"Py-L":1.0055368269,"PPR":-1.80013455,"HHI":0.0958537641},"SBU":{"OFF":73.2978383462,"DEF":68.8486897223,"NET":4.4491486239,"PACE":71.040878894,"hAST%":13.864843452,"hTO%":12.1042284105,"TOR":16.5900457162,"AR":19.0031432749,"STL%":7.0382012129,"BLK%":6.8391866913,"EFG%":45.4648526077,"TS%":48.1588647984,"PPWS":0.963177296,"REB%":52.8355387524,"OREB%":30.8,"DREB%":72.5806451613,"FTR":0.3276643991,"FFI":33.4084184585,"Py-W":10.2400993344,"Py-L":3.7599006656,"PPR":-1.5061383391,"HHI":0.1142589206},"MU":{"OFF":74.4756038824,"DEF":71.6598910702,"NET":2.8157128122,"PACE":76.1035405877,"hAST%":14.9462991376,"hTO%":12.5654727263,"TOR":17.8328478105,"AR":21.2117031851,"STL%":10.0427090301,"BLK%":6.0240963855,"EFG%":45.1092611863,"TS%":48.2629005182,"PPWS":0.9652580104,"REB%":54.2884990253,"OREB%":34.7663551402,"DREB%":75.5600814664,"FTR":0.319458897,"FFI":34.2470709099,"Py-W":9.0923769532,"Py-L":4.9076230468,"PPR":-1.4305099431,"HHI":0.1314085499},"League":{"OFF":73.1844781162,"DEF":73.1844781162,"NET":0.0,"PACE":78.1904013657,"hAST%":15.0014186052,"hTO%":12.2371271521,"TOR":17.1113703306,"AR":20.9767232167,"STL%":9.6865557939,"BLK%":7.1033673982,"EFG%":44.3325331385,"TS%":47.9535797322,"PPWS":0.9590715946,"REB%":50.0,"OREB%":30.5836139169,"DREB%":69.4163860831,"FTR":0.3309675399,"FFI":33.0920917203,"Py-W":6.9,"Py-L":6.9,"PPR":-1.1983422143,"HHI":0.0089863878},"EAC":{"OFF":70.9866909868,"DEF":71.2737959049,"NET":-0.287104918,"PACE":80.3780138424,"hAST%":15.6023026847,"hTO%":11.4327217948,"TOR":16.2692786893,"AR":22.2027803289,"STL%":9.5701639349,"BLK%":8.480565371,"EFG%":42.4307036247,"TS%":45.5777171509,"PPWS":0.911554343,"REB%":46.8864468864,"OREB%":28.6231884058,"DREB%":65.5555555556,"FTR":0.3560767591,"FFI":32.1053901893,"Py-W":6.2901836332,"Py-L":6.7098163668,"PPR":-0.5682290611,"HHI":0.1099322068},"UPHSD":{"OFF":67.2606115596,"DEF":68.4066922678,"NET":-1.1460807082,"PACE":74.7890485414,"hAST%":16.4119601329,"hTO%":13.5548172757,"TOR":19.4833720386,"AR":23.5901612428,"STL%":9.6461792936,"BLK%":9.8859315589,"EFG%":40.9967845659,"TS%":44.5445920304,"PPWS":0.8908918406,"REB%":51.8018018018,"OREB%":31.9391634981,"DREB%":69.6917808219,"FTR":0.2947481243,"FFI":32.0786114006,"Py-W":6.0595521599,"Py-L":7.9404478401,"PPR":-1.4180063933,"HHI":0.1160106201},"LPU":{"OFF":75.8994461853,"DEF":77.1116822379,"NET":-1.2122360526,"PACE":79.546034964,"hAST%":15.8821078942,"hTO%":10.6097687982,"TOR":14.6366278949,"AR":21.9100442108,"STL%":9.608093158,"BLK%":4.1736227045,"EFG%":45.4314720812,"TS%":49.8972833209,"PPWS":0.9979456664,"REB%":45.5637707948,"OREB%":24.6350364964,"DREB%":67.0411985019,"FTR":0.3329949239,"FFI":31.7536769634,"Py-W":6.1173800153,"Py-L":7.8826199847,"PPR":-0.0114965833,"HHI":0.1157843022},"CSJL":{"OFF":72.6354125085,"DEF":74.4070079356,"NET":-1.771595427,"PACE":78.6216266761,"hAST%":14.9418479431,"hTO%":14.8745423218,"TOR":20.0780815064,"AR":20.168932554,"STL%":7.5406369459,"BLK%":9.0638930163,"EFG%":46.3696369637,"TS%":51.1143503778,"PPWS":1.0222870076,"REB%":49.0196078431,"OREB%":26.359832636,"DREB%":67.2849915683,"FTR":0.3344334433,"FFI":33.8558433394,"Py-W":5.6670095558,"Py-L":8.3329904442,"PPR":-2.4820378902,"HHI":0.1022126869},"AU":{"OFF":70.7786443875,"DEF":73.9958554961,"NET":-3.2172111085,"PACE":81.5924075683,"hAST%":13.8839125761,"hTO%":11.1967036904,"TOR":15.3200528977,"AR":18.9968655932,"STL%":12.5186717964,"BLK%":5.9842519685,"EFG%":43.3366238894,"TS%":46.0306073649,"PPWS":0.9206121473,"REB%":47.202166065,"OREB%":28.6912751678,"DREB%":68.75,"FTR":0.3543928924,"FFI":32.2188111997,"Py-W":4.6105851324,"Py-L":9.3894148676,"PPR":-1.0199502104,"HHI":0.0938761742},"SSCR":{"OFF":74.4256567602,"DEF":79.029305632,"NET":-4.6036488718,"PACE":83.7844710703,"hAST%":12.9287730782,"hTO%":10.1181702351,"TOR":13.8109466153,"AR":17.6473206751,"STL%":11.3386166656,"BLK%":3.5772357724,"EFG%":42.8896991796,"TS%":47.2371923901,"PPWS":0.9447438478,"REB%":46.7323187108,"OREB%":29.552715655,"DREB%":68.6354378819,"FTR":0.2798541477,"FFI":30.7169716718,"Py-W":3.8754870704,"Py-L":10.1245129296,"PPR":-0.7790463602,"HHI":0.1143467838},"JRU":{"OFF":73.4287760999,"DEF":78.0352629901,"NET":-4.6064868902,"PACE":77.9180707526,"hAST%":15.542649542,"hTO%":12.2166504631,"TOR":17.5092337517,"AR":22.2761455584,"STL%":9.7171663753,"BLK%":8.4772370487,"EFG%":42.1161825726,"TS%":47.2800679983,"PPWS":0.94560136,"REB%":49.1017964072,"OREB%":32.7619047619,"DREB%":67.0859538784,"FTR":0.3900414938,"FFI":33.626784826,"Py-W":3.8385162635,"Py-L":10.1614837365,"PPR":-1.0393341996,"HHI":0.1157980193}}