{"CSB":{"2PM":180.0,"2PA":397.0,"3PM":54.0,"3PA":251.0,"FTM":99.0,"FTA":171.0,"OFF":105.0,"DEF":183.0,"AST":111.0,"TO":114.0,"STL":91.0,"BLK":28.0,"PF":171.0,"Fls on:":164.0,"+\/-":-105.0,"GW":25.0,"GP":9.0,"MINS":1800.0,"FGM":234.0,"FGA":648.0,"FG%":36.1111111111,"2P%":45.3400503778,"3P%":21.5139442231,"FT%":57.8947368421,"PTS":621.0,"REB":288.0,"STK":119.0},"SBU":{"2PM":143.0,"2PA":347.0,"3PM":73.0,"3PA":279.0,"FTM":98.0,"FTA":147.0,"OFF":94.0,"DEF":239.0,"AST":133.0,"TO":85.0,"STL":52.0,"BLK":26.0,"PF":183.0,"Fls on:":157.0,"+\/-":-33.0,"GW":38.0,"GP":9.0,"MINS":1800.0,"FGM":216.0,"FGA":626.0,"FG%":34.5047923323,"2P%":41.2103746398,"3P%":26.164874552,"FT%":66.6666666667,"PTS":603.0,"REB":333.0,"STK":78.0},"SSCR":{"2PM":211.0,"2PA":396.0,"3PM":61.0,"3PA":203.0,"FTM":178.0,"FTA":273.0,"OFF":98.0,"DEF":288.0,"AST":193.0,"TO":159.0,"STL":61.0,"BLK":31.0,"PF":180.0,"Fls on:":227.0,"+\/-":70.6,"GW":92.0,"GP":9.0,"MINS":1800.0,"FGM":272.0,"FGA":599.0,"FG%":45.409015025,"2P%":53.2828282828,"3P%":30.0492610837,"FT%":65.2014652015,"PTS":783.0,"REB":386.0,"STK":92.0},"CSJL":{"2PM":208.0,"2PA":478.0,"3PM":66.0,"3PA":284.0,"FTM":133.0,"FTA":202.0,"OFF":144.0,"DEF":250.0,"AST":159.0,"TO":100.0,"STL":86.0,"BLK":28.0,"PF":186.0,"Fls on:":198.0,"+\/-":7.0,"GW":51.0,"GP":10.0,"MINS":2000.0,"FGM":274.0,"FGA":762.0,"FG%":35.9580052493,"2P%":43.5146443515,"3P%":23.2394366197,"FT%":65.8415841584,"PTS":747.0,"REB":394.0,"STK":114.0},"MU":{"2PM":160.0,"2PA":377.0,"3PM":60.0,"3PA":203.0,"FTM":167.0,"FTA":251.0,"OFF":85.0,"DEF":238.0,"AST":135.0,"TO":116.0,"STL":66.0,"BLK":24.0,"PF":177.0,"Fls on:":209.0,"+\/-":-21.0,"GW":35.0,"GP":9.0,"MINS":1800.0,"FGM":220.0,"FGA":580.0,"FG%":37.9310344828,"2P%":42.4403183024,"3P%":29.5566502463,"FT%":66.5338645418,"PTS":667.0,"REB":323.0,"STK":90.0},"EAC":{"2PM":170.0,"2PA":409.0,"3PM":63.0,"3PA":238.0,"FTM":149.0,"FTA":234.0,"OFF":133.0,"DEF":275.0,"AST":149.0,"TO":129.0,"STL":71.0,"BLK":27.0,"PF":194.0,"Fls on:":200.0,"+\/-":12.0,"GW":68.0,"GP":9.0,"MINS":1800.0,"FGM":233.0,"FGA":647.0,"FG%":36.0123647604,"2P%":41.564792176,"3P%":26.4705882353,"FT%":63.6752136752,"PTS":678.0,"REB":408.0,"STK":98.0},"AU":{"2PM":176.0,"2PA":400.0,"3PM":69.0,"3PA":233.0,"FTM":156.0,"FTA":227.0,"OFF":105.0,"DEF":272.0,"AST":157.0,"TO":146.0,"STL":74.0,"BLK":34.0,"PF":218.0,"Fls on:":184.0,"+\/-":11.0,"GW":77.0,"GP":9.0,"MINS":1800.0,"FGM":245.0,"FGA":633.0,"FG%":38.7045813586,"2P%":44.0,"3P%":29.6137339056,"FT%":68.7224669604,"PTS":715.0,"REB":377.0,"STK":108.0},"LPU":{"2PM":228.0,"2PA":419.0,"3PM":79.0,"3PA":262.0,"FTM":141.0,"FTA":221.0,"OFF":122.0,"DEF":299.0,"AST":182.0,"TO":146.0,"STL":65.0,"BLK":35.0,"PF":212.0,"Fls on:":198.0,"+\/-":8.0,"GW":68.0,"GP":10.0,"MINS":2000.0,"FGM":307.0,"FGA":681.0,"FG%":45.080763583,"2P%":54.415274463,"3P%":30.1526717557,"FT%":63.8009049774,"PTS":834.0,"REB":421.0,"STK":100.0},"UPHSD":{"2PM":152.0,"2PA":350.0,"3PM":69.0,"3PA":283.0,"FTM":99.0,"FTA":163.0,"OFF":116.0,"DEF":242.0,"AST":126.0,"TO":114.0,"STL":78.0,"BLK":23.0,"PF":162.0,"Fls on:":155.0,"+\/-":13.0,"GW":64.0,"GP":9.0,"MINS":1800.0,"FGM":221.0,"FGA":633.0,"FG%":34.9131121643,"2P%":43.4285714286,"3P%":24.3816254417,"FT%":60.736196319,"PTS":610.0,"REB":358.0,"STK":101.0},"JRU":{"2PM":216.0,"2PA":409.0,"3PM":55.0,"3PA":204.0,"FTM":127.0,"FTA":184.0,"OFF":104.0,"DEF":223.0,"AST":120.0,"TO":131.0,"STL":76.0,"BLK":32.0,"PF":211.0,"Fls on:":174.0,"+\/-":37.0,"GW":81.0,"GP":9.0,"MINS":1800.0,"FGM":271.0,"FGA":613.0,"FG%":44.2088091354,"2P%":52.8117359413,"3P%":26.9607843137,"FT%":69.0217391304,"PTS":724.0,"REB":327.0,"STK":108.0},"League":{"2PM":184.4,"2PA":398.2,"3PM":64.9,"3PA":244.0,"FTM":134.7,"FTA":207.3,"OFF":110.6,"DEF":250.9,"AST":146.5,"TO":124.0,"STL":72.0,"BLK":28.8,"PF":189.4,"Fls on:":186.6,"+\/-":-0.04,"GW":59.9,"GP":9.2,"MINS":1840.0,"FGM":249.3,"FGA":642.2,"FG%":38.8196823419,"2P%":46.3083877449,"3P%":26.5983606557,"FT%":64.97829233,"PTS":698.2,"REB":361.5,"STK":100.8}}