{"CSB":{"2PM":20.0,"2PA":44.1111111111,"3PM":6.0,"3PA":27.8888888889,"FTM":11.0,"FTA":19.0,"OFF":11.6666666667,"DEF":20.3333333333,"AST":12.3333333333,"TO":12.6666666667,"STL":10.1111111111,"BLK":3.1111111111,"PF":19.0,"Fls on:":18.2222222222,"+\/-":-11.6666666667,"GW":25.0,"GP":9.0,"MINS":200.0,"FGM":26.0,"FGA":72.0,"FG%":36.1111111111,"2P%":45.3400503778,"3P%":21.5139442231,"FT%":57.8947368421,"PTS":69.0,"REB":32.0,"STK":13.2222222222},"SBU":{"2PM":15.8888888889,"2PA":38.5555555556,"3PM":8.1111111111,"3PA":31.0,"FTM":10.8888888889,"FTA":16.3333333333,"OFF":10.4444444444,"DEF":26.5555555556,"AST":14.7777777778,"TO":9.4444444444,"STL":5.7777777778,"BLK":2.8888888889,"PF":20.3333333333,"Fls on:":17.4444444444,"+\/-":-3.6666666667,"GW":38.0,"GP":9.0,"MINS":200.0,"FGM":24.0,"FGA":69.5555555556,"FG%":34.5047923323,"2P%":41.2103746398,"3P%":26.164874552,"FT%":66.6666666667,"PTS":67.0,"REB":37.0,"STK":8.6666666667},"MU":{"2PM":17.7777777778,"2PA":41.8888888889,"3PM":6.6666666667,"3PA":22.5555555556,"FTM":18.5555555556,"FTA":27.8888888889,"OFF":9.4444444444,"DEF":26.4444444444,"AST":15.0,"TO":12.8888888889,"STL":7.3333333333,"BLK":2.6666666667,"PF":19.6666666667,"Fls on:":23.2222222222,"+\/-":-2.3333333333,"GW":35.0,"GP":9.0,"MINS":200.0,"FGM":24.4444444444,"FGA":64.4444444444,"FG%":37.9310344828,"2P%":42.4403183024,"3P%":29.5566502463,"FT%":66.5338645418,"PTS":74.1111111111,"REB":35.8888888889,"STK":10.0},"League":{"2PM":20.0434782609,"2PA":43.2826086957,"3PM":7.0543478261,"3PA":26.5217391304,"FTM":14.6413043478,"FTA":22.5326086957,"OFF":12.0217391304,"DEF":27.2717391304,"AST":15.9239130435,"TO":13.4782608696,"STL":7.8260869565,"BLK":3.1304347826,"PF":20.5869565217,"Fls on:":20.2826086957,"+\/-":-0.0043478261,"GW":59.9,"GP":9.2,"MINS":200.0,"FGM":27.097826087,"FGA":69.8043478261,"FG%":38.8196823419,"2P%":46.3083877449,"3P%":26.5983606557,"FT%":64.97829233,"PTS":75.8913043478,"REB":39.2934782609,"STK":10.9565217391},"CSJL":{"2PM":20.8,"2PA":47.8,"3PM":6.6,"3PA":28.4,"FTM":13.3,"FTA":20.2,"OFF":14.4,"DEF":25.0,"AST":15.9,"TO":10.0,"STL":8.6,"BLK":2.8,"PF":18.6,"Fls on:":19.8,"+\/-":0.7,"GW":51.0,"GP":10.0,"MINS":200.0,"FGM":27.4,"FGA":76.2,"FG%":35.9580052493,"2P%":43.5146443515,"3P%":23.2394366197,"FT%":65.8415841584,"PTS":74.7,"REB":39.4,"STK":11.4},"LPU":{"2PM":22.8,"2PA":41.9,"3PM":7.9,"3PA":26.2,"FTM":14.1,"FTA":22.1,"OFF":12.2,"DEF":29.9,"AST":18.2,"TO":14.6,"STL":6.5,"BLK":3.5,"PF":21.2,"Fls on:":19.8,"+\/-":0.8,"GW":68.0,"GP":10.0,"MINS":200.0,"FGM":30.7,"FGA":68.1,"FG%":45.080763583,"2P%":54.415274463,"3P%":30.1526717557,"FT%":63.8009049774,"PTS":83.4,"REB":42.1,"STK":10.0},"AU":{"2PM":19.5555555556,"2PA":44.4444444444,"3PM":7.6666666667,"3PA":25.8888888889,"FTM":17.3333333333,"FTA":25.2222222222,"OFF":11.6666666667,"DEF":30.2222222222,"AST":17.4444444444,"TO":16.2222222222,"STL":8.2222222222,"BLK":3.7777777778,"PF":24.2222222222,"Fls on:":20.4444444444,"+\/-":1.2222222222,"GW":77.0,"GP":9.0,"MINS":200.0,"FGM":27.2222222222,"FGA":70.3333333333,"FG%":38.7045813586,"2P%":44.0,"3P%":29.6137339056,"FT%":68.7224669604,"PTS":79.4444444444,"REB":41.8888888889,"STK":12.0},"EAC":{"2PM":18.8888888889,"2PA":45.4444444444,"3PM":7.0,"3PA":26.4444444444,"FTM":16.5555555556,"FTA":26.0,"OFF":14.7777777778,"DEF":30.5555555556,"AST":16.5555555556,"TO":14.3333333333,"STL":7.8888888889,"BLK":3.0,"PF":21.5555555556,"Fls on:":22.2222222222,"+\/-":1.3333333333,"GW":68.0,"GP":9.0,"MINS":200.0,"FGM":25.8888888889,"FGA":71.8888888889,"FG%":36.0123647604,"2P%":41.564792176,"3P%":26.4705882353,"FT%":63.6752136752,"PTS":75.3333333333,"REB":45.3333333333,"STK":10.8888888889},"UPHSD":{"2PM":16.8888888889,"2PA":38.8888888889,"3PM":7.6666666667,"3PA":31.4444444444,"FTM":11.0,"FTA":18.1111111111,"OFF":12.8888888889,"DEF":26.8888888889,"AST":14.0,"TO":12.6666666667,"STL":8.6666666667,"BLK":2.5555555556,"PF":18.0,"Fls on:":17.2222222222,"+\/-":1.4444444444,"GW":64.0,"GP":9.0,"MINS":200.0,"FGM":24.5555555556,"FGA":70.3333333333,"FG%":34.9131121643,"2P%":43.4285714286,"3P%":24.3816254417,"FT%":60.736196319,"PTS":67.7777777778,"REB":39.7777777778,"STK":11.2222222222},"JRU":{"2PM":24.0,"2PA":45.4444444444,"3PM":6.1111111111,"3PA":22.6666666667,"FTM":14.1111111111,"FTA":20.4444444444,"OFF":11.5555555556,"DEF":24.7777777778,"AST":13.3333333333,"TO":14.5555555556,"STL":8.4444444444,"BLK":3.5555555556,"PF":23.4444444444,"Fls on:":19.3333333333,"+\/-":4.1111111111,"GW":81.0,"GP":9.0,"MINS":200.0,"FGM":30.1111111111,"FGA":68.1111111111,"FG%":44.2088091354,"2P%":52.8117359413,"3P%":26.9607843137,"FT%":69.0217391304,"PTS":80.4444444444,"REB":36.3333333333,"STK":12.0},"SSCR":{"2PM":23.4444444444,"2PA":44.0,"3PM":6.7777777778,"3PA":22.5555555556,"FTM":19.7777777778,"FTA":30.3333333333,"OFF":10.8888888889,"DEF":32.0,"AST":21.4444444444,"TO":17.6666666667,"STL":6.7777777778,"BLK":3.4444444444,"PF":20.0,"Fls on:":25.2222222222,"+\/-":7.8444444444,"GW":92.0,"GP":9.0,"MINS":200.0,"FGM":30.2222222222,"FGA":66.5555555556,"FG%":45.409015025,"2P%":53.2828282828,"3P%":30.0492610837,"FT%":65.2014652015,"PTS":87.0,"REB":42.8888888889,"STK":10.2222222222}}