{"AU":{"POS":745.5202365834,"PACE":82.8355818426},"CSB":{"POS":704.9161051951,"PACE":78.3240116883},"CSJL":{"POS":765.529028009,"PACE":76.5529028009},"EAC":{"POS":725.3307161458,"PACE":80.592301794},"JRU":{"POS":700.0569836615,"PACE":77.7841092957},"LPU":{"POS":793.9375334071,"PACE":79.3937533407},"MU":{"POS":690.4074644186,"PACE":76.711940491},"SBU":{"POS":652.3999405521,"PACE":72.4888822836},"SSCR":{"POS":746.6875301727,"PACE":82.9652811303},"UPHSD":{"POS":678.8422342644,"PACE":75.4269149183},"League":{"POS":720.362777241,"PACE":78.3075679585}}