{"AU":{"MINS":1850.0,"FGM":265.0,"FGA":645.0,"2PM":225.0,"2PA":482.0,"3PM":40.0,"3PA":163.0,"FTM":134.0,"FTA":237.0,"PTS":704.0,"OFF":101.0,"DEF":237.0,"REB":338.0,"AST":133.0,"TO":119.0,"STL":92.0,"BLK":24.0,"STK":116.0,"PF":189.0,"Fls on:":212.0,"+\/-":-11.0,"GW":38.0,"GP":9.0,"W":3.0,"L":6.0,"FG%":41.0852713178,"2P%":46.6804979253,"3P%":24.5398773006,"FT%":56.5400843882},"CSB":{"MINS":1850.0,"FGM":279.0,"FGA":629.0,"2PM":220.0,"2PA":402.0,"3PM":59.0,"3PA":227.0,"FTM":109.0,"FTA":182.0,"PTS":726.0,"OFF":131.0,"DEF":279.0,"REB":410.0,"AST":155.0,"TO":155.0,"STL":73.0,"BLK":32.0,"STK":105.0,"PF":164.0,"Fls on:":167.0,"+\/-":105.0,"GW":96.0,"GP":9.0,"W":7.0,"L":2.0,"FG%":44.3561208267,"2P%":54.7263681592,"3P%":25.9911894273,"FT%":59.8901098901},"CSJL":{"MINS":2075.0,"FGM":263.0,"FGA":645.0,"2PM":192.0,"2PA":373.0,"3PM":71.0,"3PA":272.0,"FTM":143.0,"FTA":189.0,"PTS":740.0,"OFF":94.0,"DEF":289.0,"REB":383.0,"AST":159.0,"TO":153.0,"STL":59.0,"BLK":50.0,"STK":109.0,"PF":202.0,"Fls on:":182.0,"+\/-":-7.0,"GW":77.0,"GP":10.0,"W":6.0,"L":4.0,"FG%":40.7751937984,"2P%":51.4745308311,"3P%":26.1029411765,"FT%":75.6613756614},"EAC":{"MINS":1825.0,"FGM":234.0,"FGA":657.0,"2PM":162.0,"2PA":402.0,"3PM":72.0,"3PA":255.0,"FTM":126.0,"FTA":221.0,"PTS":666.0,"OFF":109.0,"DEF":245.0,"REB":354.0,"AST":158.0,"TO":120.0,"STL":67.0,"BLK":37.0,"STK":104.0,"PF":204.0,"Fls on:":192.0,"+\/-":-12.4,"GW":56.0,"GP":9.0,"W":4.0,"L":5.0,"FG%":35.6164383562,"2P%":40.2985074627,"3P%":28.2352941176,"FT%":57.0135746606},"JRU":{"MINS":1800.0,"FGM":231.0,"FGA":617.0,"2PM":179.0,"2PA":426.0,"3PM":52.0,"3PA":191.0,"FTM":173.0,"FTA":250.0,"PTS":687.0,"OFF":118.0,"DEF":204.0,"REB":322.0,"AST":153.0,"TO":132.0,"STL":79.0,"BLK":41.0,"STK":120.0,"PF":176.0,"Fls on:":208.0,"+\/-":-37.0,"GW":44.0,"GP":9.0,"W":3.0,"L":6.0,"FG%":37.4392220421,"2P%":42.0187793427,"3P%":27.2251308901,"FT%":69.2},"LPU":{"MINS":2025.0,"FGM":288.0,"FGA":715.0,"2PM":205.0,"2PA":416.0,"3PM":83.0,"3PA":299.0,"FTM":167.0,"FTA":238.0,"PTS":826.0,"OFF":104.0,"DEF":257.0,"REB":361.0,"AST":177.0,"TO":109.0,"STL":78.0,"BLK":17.0,"STK":95.0,"PF":199.0,"Fls on:":210.0,"+\/-":-8.0,"GW":64.0,"GP":10.0,"W":5.0,"L":5.0,"FG%":40.2797202797,"2P%":49.2788461538,"3P%":27.7591973244,"FT%":70.1680672269},"MU":{"MINS":1825.0,"FGM":241.0,"FGA":619.0,"2PM":164.0,"2PA":349.0,"3PM":77.0,"3PA":270.0,"FTM":129.0,"FTA":197.0,"PTS":688.0,"OFF":115.0,"DEF":247.0,"REB":362.0,"AST":140.0,"TO":117.0,"STL":70.0,"BLK":18.0,"STK":88.0,"PF":214.0,"Fls on:":174.0,"+\/-":21.0,"GW":71.0,"GP":9.0,"W":6.0,"L":3.0,"FG%":38.9337641357,"2P%":46.9914040115,"3P%":28.5185185185,"FT%":65.4822335025},"SBU":{"MINS":1850.0,"FGM":224.0,"FGA":580.0,"2PM":148.0,"2PA":330.0,"3PM":76.0,"3PA":250.0,"FTM":112.0,"FTA":195.0,"PTS":636.0,"OFF":102.0,"DEF":274.0,"REB":376.0,"AST":114.0,"TO":103.0,"STL":41.0,"BLK":23.0,"STK":64.0,"PF":157.0,"Fls on:":183.0,"+\/-":33.0,"GW":79.0,"GP":9.0,"W":6.0,"L":3.0,"FG%":38.6206896552,"2P%":44.8484848485,"3P%":30.4,"FT%":57.4358974359},"SSCR":{"MINS":1825.0,"FGM":247.0,"FGA":700.0,"2PM":181.0,"2PA":405.0,"3PM":66.0,"3PA":295.0,"FTM":152.0,"FTA":201.0,"PTS":712.0,"OFF":123.0,"DEF":205.0,"REB":328.0,"AST":126.0,"TO":104.0,"STL":93.0,"BLK":14.0,"STK":107.0,"PF":232.0,"Fls on:":178.0,"+\/-":-71.0,"GW":26.0,"GP":9.0,"W":2.0,"L":7.0,"FG%":35.2857142857,"2P%":44.6913580247,"3P%":22.3728813559,"FT%":75.6218905473},"UPHSD":{"MINS":1875.0,"FGM":221.0,"FGA":615.0,"2PM":168.0,"2PA":397.0,"3PM":53.0,"3PA":218.0,"FTM":102.0,"FTA":163.0,"PTS":597.0,"OFF":109.0,"DEF":272.0,"REB":381.0,"AST":150.0,"TO":128.0,"STL":68.0,"BLK":32.0,"STK":100.0,"PF":157.0,"Fls on:":160.0,"+\/-":-13.0,"GW":48.0,"GP":9.0,"W":4.0,"L":5.0,"FG%":35.9349593496,"2P%":42.3173803526,"3P%":24.3119266055,"FT%":62.5766871166},"League":{"MINS":1880.0,"FGM":249.3,"FGA":642.2,"2PM":184.4,"2PA":398.2,"3PM":64.9,"3PA":244.0,"FTM":134.7,"FTA":207.3,"PTS":698.2,"OFF":110.6,"DEF":250.9,"REB":361.5,"AST":146.5,"TO":124.0,"STL":72.0,"BLK":28.8,"STK":100.8,"PF":189.4,"Fls on:":186.6,"+\/-":-0.04,"GW":59.9,"GP":9.2,"W":4.6,"L":4.6,"FG%":38.8196823419,"2P%":46.3083877449,"3P%":26.5983606557,"FT%":64.97829233}}