{"SBU":{"2PM":14.0,"2PA":38.0,"3PM":6.0,"3PA":31.0,"FTM":17.0,"FTA":26.0,"OFF":11.0,"DEF":26.0,"AST":8.0,"TO":10.0,"STL":6.0,"BLK":0.0,"PF":25.0,"Fls on:":22.0,"+\/-":-16.0,"GW":0.0,"GP":1,"MINS":200.0,"FGM":20.0,"FGA":69.0,"FG%":28.9855072464,"2P%":36.8421052632,"3P%":19.3548387097,"FT%":65.3846153846,"PTS":63.0,"REB":37.0,"STK":6.0},"League":{"2PM":15.5,"2PA":37.0,"3PM":8.5,"3PA":29.5,"FTM":14.5,"FTA":23.5,"OFF":13.0,"DEF":31.5,"AST":13.0,"TO":12.5,"STL":5.5,"BLK":2.5,"PF":23.5,"Fls on:":23.5,"+\/-":0.0,"GW":7.5,"GP":1,"MINS":200.0,"FGM":24.0,"FGA":66.5,"FG%":36.0902255639,"2P%":41.8918918919,"3P%":28.813559322,"FT%":61.7021276596,"PTS":71.0,"REB":44.5,"STK":8.0},"LPU":{"2PM":17.0,"2PA":36.0,"3PM":11.0,"3PA":28.0,"FTM":12.0,"FTA":21.0,"OFF":15.0,"DEF":37.0,"AST":18.0,"TO":15.0,"STL":5.0,"BLK":5.0,"PF":22.0,"Fls on:":25.0,"+\/-":16.0,"GW":15.0,"GP":1,"MINS":200.0,"FGM":28.0,"FGA":64.0,"FG%":43.75,"2P%":47.2222222222,"3P%":39.2857142857,"FT%":57.1428571429,"PTS":79.0,"REB":52.0,"STK":10.0}}