{"L. Pallingayan":{"TEAM":"LPU","MINS":1.6,"FGM":18.75,"FGA":18.75,"FG%":100.0,"2PM":18.75,"2PA":18.75,"2P%":100.0,"3PM":0.0,"3PA":0.0,"3P%":0.0,"FTM":0.0,"FTA":0.0,"FT%":0.0,"PTS":37.5,"OFF":0.0,"DEF":0.0,"REB":0.0,"AST":0.0,"TO":0.0,"STL":0.0,"BLK":0.0,"STK":0.0,"PF":0.0,"Fls on:":0.0,"+\/-":75.0,"GW":0.0,"GP":1},"B. Sajonia":{"TEAM":"SBU","MINS":16.0333333333,"FGM":9.3555093555,"FGA":16.83991684,"FG%":55.5555555556,"2PM":3.7422037422,"2PA":7.4844074844,"2P%":50.0,"3PM":5.6133056133,"3PA":9.3555093555,"3P%":60.0,"FTM":9.3555093555,"FTA":13.0977130977,"FT%":71.4285714286,"PTS":33.6798336799,"OFF":5.6133056133,"DEF":3.7422037422,"REB":9.3555093555,"AST":3.7422037422,"TO":3.7422037422,"STL":0.0,"BLK":1.8711018711,"STK":1.8711018711,"PF":0.0,"Fls on:":18.7110187111,"+\/-":50.5197505199,"GW":1.0,"GP":1},"M. Guadana":{"TEAM":"LPU","MINS":29.7666666667,"FGM":8.0627099664,"FGA":15.117581187,"FG%":53.3333333333,"2PM":7.0548712206,"2PA":8.0627099664,"2P%":87.5,"3PM":1.0078387458,"3PA":7.0548712206,"3P%":14.2857142857,"FTM":5.039193729,"FTA":7.0548712206,"FT%":71.4285714286,"PTS":22.1724524076,"OFF":1.0078387458,"DEF":8.0627099664,"REB":9.0705487122,"AST":1.0078387458,"TO":3.0235162374,"STL":1.0078387458,"BLK":0.0,"STK":1.0078387458,"PF":2.0156774916,"Fls on:":7.0548712206,"+\/-":-2.0156774916,"GW":0.0,"GP":1},"J. Bonzalida":{"TEAM":"SBU","MINS":10.1666666667,"FGM":8.8524590164,"FGA":14.7540983606,"FG%":60.0,"2PM":5.9016393442,"2PA":5.9016393442,"2P%":100.0,"3PM":2.9508196721,"3PA":8.8524590164,"3P%":33.3333333333,"FTM":0.0,"FTA":0.0,"FT%":0.0,"PTS":20.6557377049,"OFF":0.0,"DEF":2.9508196721,"REB":2.9508196721,"AST":0.0,"TO":2.9508196721,"STL":2.9508196721,"BLK":0.0,"STK":2.9508196721,"PF":5.9016393442,"Fls on:":5.9016393442,"+\/-":-17.7049180327,"GW":1.0,"GP":1},"RC. Calimag":{"TEAM":"SBU","MINS":15.7166666667,"FGM":5.7264050901,"FGA":11.4528101803,"FG%":50.0,"2PM":1.9088016967,"2PA":3.8176033934,"2P%":50.0,"3PM":3.8176033934,"3PA":7.6352067868,"3P%":50.0,"FTM":0.0,"FTA":0.0,"FT%":0.0,"PTS":15.2704135737,"OFF":0.0,"DEF":3.8176033934,"REB":3.8176033934,"AST":3.8176033934,"TO":0.0,"STL":0.0,"BLK":0.0,"STK":0.0,"PF":7.6352067868,"Fls on:":0.0,"+\/-":3.8176033934,"GW":1.0,"GP":1},"Y. Andrada":{"TEAM":"SBU","MINS":25.8333333333,"FGM":5.8064516129,"FGA":9.2903225807,"FG%":62.5,"2PM":2.3225806452,"2PA":3.4838709677,"2P%":66.6666666667,"3PM":3.4838709677,"3PA":5.8064516129,"3P%":60.0,"FTM":0.0,"FTA":0.0,"FT%":0.0,"PTS":15.0967741936,"OFF":2.3225806452,"DEF":4.6451612903,"REB":6.9677419355,"AST":1.1612903226,"TO":1.1612903226,"STL":0.0,"BLK":0.0,"STK":0.0,"PF":2.3225806452,"Fls on:":0.0,"+\/-":15.0967741936,"GW":1.0,"GP":1},"R. Villegas":{"TEAM":"LPU","MINS":18.0666666667,"FGM":3.3210332103,"FGA":11.6236162361,"FG%":28.5714285714,"2PM":1.6605166052,"2PA":8.3025830258,"2P%":20.0,"3PM":1.6605166052,"3PA":3.3210332103,"3P%":50.0,"FTM":4.9815498155,"FTA":6.6420664207,"FT%":75.0,"PTS":13.2841328413,"OFF":0.0,"DEF":6.6420664207,"REB":6.6420664207,"AST":1.6605166052,"TO":1.6605166052,"STL":0.0,"BLK":0.0,"STK":0.0,"PF":1.6605166052,"Fls on:":3.3210332103,"+\/-":9.963099631,"GW":0.0,"GP":1},"N. Moralejo":{"TEAM":"LPU","MINS":4.5333333333,"FGM":6.6176470589,"FGA":6.6176470589,"FG%":100.0,"2PM":6.6176470589,"2PA":6.6176470589,"2P%":100.0,"3PM":0.0,"3PA":0.0,"3P%":0.0,"FTM":0.0,"FTA":6.6176470589,"FT%":0.0,"PTS":13.2352941177,"OFF":0.0,"DEF":6.6176470589,"REB":6.6176470589,"AST":0.0,"TO":0.0,"STL":0.0,"BLK":0.0,"STK":0.0,"PF":13.2352941177,"Fls on:":6.6176470589,"+\/-":0.0,"GW":0.0,"GP":1},"J. Payosing":{"TEAM":"SBU","MINS":18.3166666667,"FGM":6.5514103731,"FGA":9.8271155596,"FG%":66.6666666667,"2PM":6.5514103731,"2PA":8.1892629663,"2P%":80.0,"3PM":0.0,"3PA":1.6378525933,"3P%":0.0,"FTM":0.0,"FTA":0.0,"FT%":0.0,"PTS":13.1028207461,"OFF":3.2757051865,"DEF":3.2757051865,"REB":6.5514103731,"AST":4.9135577798,"TO":0.0,"STL":1.6378525933,"BLK":1.6378525933,"STK":3.2757051865,"PF":1.6378525933,"Fls on:":0.0,"+\/-":22.9299363057,"GW":1.0,"GP":1},"J. Barba":{"TEAM":"LPU","MINS":31.5166666667,"FGM":3.8075092544,"FGA":10.4706504495,"FG%":36.3636363636,"2PM":1.9037546272,"2PA":5.7112638815,"2P%":33.3333333333,"3PM":1.9037546272,"3PA":4.7593865679,"3P%":40.0,"FTM":2.8556319408,"FTA":3.8075092544,"FT%":75.0,"PTS":12.3744050767,"OFF":0.9518773136,"DEF":1.9037546272,"REB":2.8556319408,"AST":0.9518773136,"TO":0.9518773136,"STL":0.9518773136,"BLK":0.0,"STK":0.9518773136,"PF":0.0,"Fls on:":1.9037546272,"+\/-":-6.6631411951,"GW":0.0,"GP":1},"League":{"TEAM":"League","MINS":17.6385692447,"FGM":4.0376438942,"FGA":10.3303522167,"FG%":39.085249075,"2PM":2.5202743575,"2PA":5.6608137557,"2P%":44.5214145235,"3PM":1.5173695367,"3PA":4.669538461,"3P%":32.4950645406,"FTM":2.5031846269,"FTA":3.6224556226,"FT%":69.1018714275,"PTS":12.0958419519,"OFF":1.8805794986,"DEF":4.9427614177,"REB":6.8233409163,"AST":1.9879398818,"TO":1.8335650112,"STL":0.8359076595,"BLK":0.3256976485,"STK":1.161605308,"PF":2.6708909056,"Fls on:":3.5536003174,"+\/-":2.2074117351,"GW":0.5000208464,"GP":1},"J. Bravo":{"TEAM":"LPU","MINS":14.0166666667,"FGM":2.1403091558,"FGA":21.4030915576,"FG%":10.0,"2PM":2.1403091558,"2PA":12.8418549346,"2P%":16.6666666667,"3PM":0.0,"3PA":8.561236623,"3P%":0.0,"FTM":6.4209274673,"FTA":8.561236623,"FT%":75.0,"PTS":10.7015457788,"OFF":4.2806183115,"DEF":6.4209274673,"REB":10.7015457788,"AST":0.0,"TO":6.4209274673,"STL":0.0,"BLK":0.0,"STK":0.0,"PF":8.561236623,"Fls on:":4.2806183115,"+\/-":-19.2627824019,"GW":0.0,"GP":1},"M. Songcuya":{"TEAM":"SBU","MINS":14.9,"FGM":2.0134228188,"FGA":8.0536912752,"FG%":25.0,"2PM":2.0134228188,"2PA":8.0536912752,"2P%":25.0,"3PM":0.0,"3PA":0.0,"3P%":0.0,"FTM":6.0402684564,"FTA":8.0536912752,"FT%":75.0,"PTS":10.067114094,"OFF":4.0268456376,"DEF":8.0536912752,"REB":12.0805369128,"AST":4.0268456376,"TO":2.0134228188,"STL":0.0,"BLK":4.0268456376,"STK":4.0268456376,"PF":6.0402684564,"Fls on:":6.0402684564,"+\/-":2.0134228188,"GW":1.0,"GP":1},"J. Puno":{"TEAM":"SBU","MINS":19.4166666667,"FGM":1.5450643777,"FGA":7.7253218884,"FG%":20.0,"2PM":0.0,"2PA":6.1802575107,"2P%":0.0,"3PM":1.5450643777,"3PA":1.5450643777,"3P%":100.0,"FTM":4.635193133,"FTA":6.1802575107,"FT%":75.0,"PTS":9.2703862661,"OFF":1.5450643777,"DEF":12.3605150214,"REB":13.9055793991,"AST":3.0901287554,"TO":3.0901287554,"STL":3.0901287554,"BLK":0.0,"STK":3.0901287554,"PF":0.0,"Fls on:":3.0901287554,"+\/-":43.261802575,"GW":1.0,"GP":1},"N. Gonzales":{"TEAM":"SBU","MINS":17.7333333333,"FGM":3.3834586466,"FGA":8.4586466166,"FG%":40.0,"2PM":1.6917293233,"2PA":6.7669172932,"2P%":25.0,"3PM":1.6917293233,"3PA":1.6917293233,"3P%":100.0,"FTM":0.0,"FTA":0.0,"FT%":0.0,"PTS":8.4586466166,"OFF":3.3834586466,"DEF":10.1503759399,"REB":13.5338345865,"AST":5.0751879699,"TO":5.0751879699,"STL":0.0,"BLK":0.0,"STK":0.0,"PF":1.6917293233,"Fls on:":5.0751879699,"+\/-":6.7669172932,"GW":1.0,"GP":1},"G. Montano":{"TEAM":"LPU","MINS":19.3166666667,"FGM":1.5530629853,"FGA":13.977566868,"FG%":11.1111111111,"2PM":0.0,"2PA":4.659188956,"2P%":0.0,"3PM":1.5530629853,"3PA":9.318377912,"3P%":16.6666666667,"FTM":3.1061259707,"FTA":3.1061259707,"FT%":100.0,"PTS":7.7653149266,"OFF":1.5530629853,"DEF":1.5530629853,"REB":3.1061259707,"AST":1.5530629853,"TO":0.0,"STL":0.0,"BLK":0.0,"STK":0.0,"PF":4.659188956,"Fls on:":4.659188956,"+\/-":6.2122519413,"GW":0.0,"GP":1},"J. Royo":{"TEAM":"SBU","MINS":8.7333333333,"FGM":3.4351145038,"FGA":3.4351145038,"FG%":100.0,"2PM":3.4351145038,"2PA":3.4351145038,"2P%":100.0,"3PM":0.0,"3PA":0.0,"3P%":0.0,"FTM":0.0,"FTA":0.0,"FT%":0.0,"PTS":6.8702290077,"OFF":0.0,"DEF":6.8702290077,"REB":6.8702290077,"AST":0.0,"TO":6.8702290077,"STL":0.0,"BLK":0.0,"STK":0.0,"PF":0.0,"Fls on:":0.0,"+\/-":13.7404580153,"GW":1.0,"GP":1},"Z. Estacio":{"TEAM":"SBU","MINS":13.1833333333,"FGM":2.2756005057,"FGA":6.8268015171,"FG%":33.3333333333,"2PM":2.2756005057,"2PA":2.2756005057,"2P%":100.0,"3PM":0.0,"3PA":4.5512010114,"3P%":0.0,"FTM":2.2756005057,"FTA":4.5512010114,"FT%":50.0,"PTS":6.8268015171,"OFF":0.0,"DEF":6.8268015171,"REB":6.8268015171,