{"LPU":{"POS":75.3460543699,"PACE":75.3460543699},"SBU":{"POS":75.3460543699,"PACE":75.3460543699},"League":{"POS":75.3460543699,"PACE":75.3460543699}}