{"SBU":{"OFF":78.6371635456,"DEF":62.7106494098,"NET":15.9265141358,"PACE":75.3460543699,"hAST%":16.9427710843,"hTO%":14.1189759036,"TOR":19.9081426698,"AR":23.8897712037,"STL%":6.6360475566,"BLK%":13.1578947368,"EFG%":52.34375,"TS%":53.932277444,"PPWS":1.0786455489,"REB%":58.4269662921,"OREB%":36.5853658537,"DREB%":77.0833333333,"FTR":0.328125,"FFI":38.1534838382,"Py-W":-8.9342024947,"Py-L":9.9342024947,"PPR":-1.5,"HHI":0.124499279},"League":{"OFF":70.6739064777,"DEF":70.6739064777,"NET":0.0,"PACE":75.3460543699,"hAST%":12.7027555208,"hTO%":12.2141880008,"TOR":16.5901188915,"AR":17.2537236471,"STL%":7.2996523122,"BLK%":6.7567567568,"EFG%":42.4812030075,"TS%":46.1998958876,"PPWS":0.9239979178,"REB%":50.0,"OREB%":29.2134831461,"DREB%":70.7865168539,"FTR":0.3533834586,"FFI":32.2834594348,"Py-W":0.5,"Py-L":0.5,"PPR":-1.9166666667,"HHI":0.0100332055},"LPU":{"OFF":62.7106494098,"DEF":78.6371635456,"NET":-15.9265141358,"PACE":75.3460543699,"hAST%":8.1267777326,"hTO%":10.1584721658,"TOR":13.2720951132,"AR":10.6176760905,"STL%":7.9632570679,"BLK%":0.0,"EFG%":33.3333333333,"TS%":39.1596220786,"PPWS":0.7831924416,"REB%":41.5730337079,"OREB%":22.9166666667,"DREB%":63.4146341463,"FTR":0.3768115942,"FFI":26.886864358,"Py-W":-9.1038507138,"Py-L":10.1038507138,"PPR":-2.3333333333,"HHI":0.1987906274}}