TEAM,OFF,DEF,NET,PACE,hAST%,hTO%,TOR,AR,STL%,BLK%,EFG%,TS%,PPWS,REB%,OREB%,DREB%,FTR,FFI,Py-W,Py-L,PPR,HHI
SBU,78.63716354558014,62.71064940976644,15.926514135813697,75.3460543699,16.942771084337352,14.118975903614459,19.908142669767123,23.88977120372055,6.636047556589042,13.157894736842104,52.34375,53.93227744401967,1.0786455488803932,58.42696629213483,36.58536585365854,77.08333333333333,0.328125,38.153483838173486,-8.934202494650753,9.934202494650753,-1.5,0.12449927896170485
League,70.6739064776733,70.6739064776733,0.0,75.3460543699,12.702755520812977,12.214188000781707,16.590118891472603,17.25372364713151,7.299652312247946,6.756756756756757,42.4812030075188,46.19989588755856,0.9239979177511712,50.0,29.213483146067414,70.78651685393258,0.3533834586466165,32.28345943478841,0.5,0.5,-1.916666666666667,0.0100332055327535
LPU,62.71064940976644,78.63716354558014,-15.926514135813697,75.3460543699,8.126777732629012,10.158472165786266,13.272095113178084,10.617676090542467,7.96325706790685,0.0,33.33333333333333,39.15962207856788,0.7831924415713576,41.57303370786517,22.916666666666668,63.41463414634146,0.37681159420289856,26.886864358004665,-9.103850713795492,10.103850713795492,-2.3333333333333335,0.19879062736205588
