{"CSB":{"2PM":20.75,"2PA":46.0,"3PM":5.6666666667,"3PA":26.5,"FTM":12.1666666667,"FTA":20.3333333333,"OFF":12.0833333333,"DEF":20.5,"AST":12.5833333333,"TO":11.4166666667,"STL":9.4166666667,"BLK":3.25,"PF":19.5833333333,"Fls on:":19.25,"+\/-":-12.4166666667,"GW":25.0,"GP":12.0,"MINS":200.0,"FGM":26.4166666667,"FGA":72.5,"FG%":36.4367816092,"2P%":45.1086956522,"3P%":21.3836477987,"FT%":59.8360655738,"PTS":70.6666666667,"REB":32.5833333333,"STK":12.6666666667},"SBU":{"2PM":15.5384615385,"2PA":38.0769230769,"3PM":7.6153846154,"3PA":30.6923076923,"FTM":10.9230769231,"FTA":16.3846153846,"OFF":11.0,"DEF":25.1538461538,"AST":13.9230769231,"TO":9.7692307692,"STL":6.1538461538,"BLK":2.6153846154,"PF":19.0,"Fls on:":17.7692307692,"+\/-":-3.5384615385,"GW":62.0,"GP":13.0,"MINS":200.0,"FGM":23.1538461538,"FGA":68.7692307692,"FG%":33.6689038031,"2P%":40.8080808081,"3P%":24.8120300752,"FT%":66.6666666667,"PTS":64.8461538462,"REB":36.1538461538,"STK":8.7692307692},"MU":{"2PM":18.0,"2PA":41.5384615385,"3PM":6.2307692308,"3PA":21.6923076923,"FTM":18.3846153846,"FTA":28.0769230769,"OFF":8.8461538462,"DEF":24.6153846154,"AST":14.6923076923,"TO":12.6153846154,"STL":7.6153846154,"BLK":2.6923076923,"PF":20.4615384615,"Fls on:":23.2307692308,"+\/-":-3.0,"GW":35.0,"GP":13.0,"MINS":200.0,"FGM":24.2307692308,"FGA":63.2307692308,"FG%":38.3211678832,"2P%":43.3333333333,"3P%":28.7234042553,"FT%":65.4794520548,"PTS":73.0769230769,"REB":33.4615384615,"STK":10.3076923077},"League":{"2PM":20.046875,"2PA":43.3203125,"3PM":7.1640625,"3PA":26.171875,"FTM":14.6953125,"FTA":22.8125,"OFF":11.9140625,"DEF":26.8046875,"AST":16.359375,"TO":13.3515625,"STL":7.65625,"BLK":3.140625,"PF":20.875,"Fls on:":20.578125,"+\/-":-0.0015625,"GW":82.9,"GP":12.8,"MINS":200.0,"FGM":27.2109375,"FGA":69.4921875,"FG%":39.1568296796,"2P%":46.2759242561,"3P%":27.3731343284,"FT%":64.4178082192,"PTS":76.28125,"REB":38.71875,"STK":10.796875},"EAC":{"2PM":18.6666666667,"2PA":44.5833333333,"3PM":7.5833333333,"3PA":26.5,"FTM":16.9166666667,"FTA":26.1666666667,"OFF":14.25,"DEF":30.0,"AST":16.9166666667,"TO":14.3333333333,"STL":7.25,"BLK":3.3333333333,"PF":22.3333333333,"Fls on:":21.75,"+\/-":0.0,"GW":81.0,"GP":12.0,"MINS":200.0,"FGM":26.25,"FGA":71.0833333333,"FG%":36.9284876905,"2P%":41.8691588785,"3P%":28.6163522013,"FT%":64.6496815287,"PTS":77.0,"REB":44.25,"STK":10.5833333333},"UPHSD":{"2PM":15.5714285714,"2PA":37.5714285714,"3PM":8.5714285714,"3PA":31.5714285714,"FTM":11.3571428571,"FTA":18.6428571429,"OFF":12.6428571429,"DEF":25.5714285714,"AST":15.0,"TO":13.0,"STL":8.9285714286,"BLK":2.5,"PF":19.0,"Fls on:":17.9285714286,"+\/-":1.1428571429,"GW":103.0,"GP":14.0,"MINS":200.0,"FGM":24.1428571429,"FGA":69.1428571429,"FG%":34.9173553719,"2P%":41.4448669202,"3P%":27.149321267,"FT%":60.9195402299,"PTS":68.2142857143,"REB":38.2142857143,"STK":11.4285714286},"LPU":{"2PM":23.0,"2PA":43.3076923077,"3PM":7.5384615385,"3PA":25.6923076923,"FTM":14.1538461538,"FTA":23.1538461538,"OFF":12.7692307692,"DEF":29.8461538462,"AST":19.2307692308,"TO":14.6923076923,"STL":6.5384615385,"BLK":3.3846153846,"PF":21.3846153846,"Fls on:":20.3846153846,"+\/-":1.3076923077,"GW":90.0,"GP":13.0,"MINS":200.0,"FGM":30.5384615385,"FGA":69.0,"FG%":44.2586399108,"2P%":53.108348135,"3P%":29.3413173653,"FT%":61.1295681063,"PTS":82.7692307692,"REB":42.6153846154,"STK":9.9230769231},"CSJL":{"2PM":21.1538461538,"2PA":47.6153846154,"3PM":7.2307692308,"3PA":28.1538461538,"FTM":13.0769230769,"FTA":20.0,"OFF":14.0,"DEF":25.2307692308,"AST":17.0,"TO":10.9230769231,"STL":9.0,"BLK":2.6923076923,"PF":19.9230769231,"Fls on:":19.9230769231,"+\/-":1.6923076923,"GW":73.0,"GP":13.0,"MINS":200.0,"FGM":28.3846153846,"FGA":75.7692307692,"FG%":37.461928934,"2P%":44.4264943457,"3P%":25.6830601093,"FT%":65.3846153846,"PTS":77.0769230769,"REB":39.2307692308,"STK":11.6923076923},"AU":{"2PM":20.8461538462,"2PA":45.6923076923,"3PM":7.0769230769,"3PA":23.8461538462,"FTM":17.0,"FTA":24.6153846154,"OFF":11.6153846154,"DEF":29.9230769231,"AST":18.2307692308,"TO":15.9230769231,"STL":7.5384615385,"BLK":3.6153846154,"PF":23.4615384615,"Fls on:":20.6923076923,"+\/-":2.7692307692,"GW":107.0,"GP":13.0,"MINS":200.0,"FGM":27.9230769231,"FGA":69.5384615385,"FG%":40.1548672566,"2P%":45.6228956229,"3P%":29.6774193548,"FT%":69.0625,"PTS":79.9230769231,"REB":41.5384615385,"STK":11.1538461538},"JRU":{"2PM":24.0833333333,"2PA":45.75,"3PM":6.3333333333,"3PA":23.0,"FTM":13.3333333333,"FTA":20.5833333333,"OFF":11.1666666667,"DEF":24.75,"AST":13.8333333333,"TO":13.5833333333,"STL":8.3333333333,"BLK":3.6666666667,"PF":23.4166666667,"Fls on:":19.6666666667,"+\/-":4.85,"GW":120.0,"GP":12.0,"MINS":200.0,"FGM":30.4166666667,"FGA":68.75,"FG%":44.2424242424,"2P%":52.6411657559,"3P%":27.5362318841,"FT%":64.7773279352,"PTS":80.5,"REB":35.9166666667,"STK":12.0},"SSCR":{"2PM":23.4615384615,"2PA":44.0,"3PM":7.5384615385,"3PA":23.4615384615,"FTM":19.7692307692,"FTA":30.3846153846,"OFF":10.8461538462,"DEF":32.1538461538,"AST":21.8461538462,"TO":17.2307692308,"STL":5.8461538462,"BLK":3.7692307692,"PF":20.5384615385,"Fls on:":25.3076923077,"+\/-":6.5076923077,"GW":133.0,"GP":13.0,"MINS":200.0,"FGM":31.0,"FGA":67.4615384615,"FG%":45.9521094641,"2P%":53.3216783217,"3P%":32.131147541,"FT%":65.0632911392,"PTS":89.3076923077,"REB":43.0,"STK":9.6153846154}}