{"SBU":{"2PM":49.0,"2PA":111.0,"3PM":24.0,"3PA":116.0,"FTM":38.0,"FTA":64.0,"OFF":44.0,"DEF":78.0,"AST":37.0,"TO":28.0,"STL":20.0,"BLK":7.0,"PF":75.0,"Fls on:":62.0,"+\/-":-21.0,"GW":12.0,"GP":3.0,"MINS":600.0,"FGM":73.0,"FGA":227.0,"FG%":32.1585903084,"2P%":44.1441441441,"3P%":20.6896551724,"FT%":59.375,"PTS":208.0,"REB":122.0,"STK":27.0},"EAC":{"2PM":63.0,"2PA":152.0,"3PM":20.0,"3PA":76.0,"FTM":40.0,"FTA":74.0,"OFF":49.0,"DEF":106.0,"AST":46.0,"TO":38.0,"STL":25.0,"BLK":7.0,"PF":78.0,"Fls on:":63.0,"+\/-":18.0,"GW":27.0,"GP":3.0,"MINS":600.0,"FGM":83.0,"FGA":228.0,"FG%":36.4035087719,"2P%":41.4473684211,"3P%":26.3157894737,"FT%":54.0540540541,"PTS":226.0,"REB":155.0,"STK":32.0},"SSCR":{"2PM":58.0,"2PA":107.0,"3PM":25.0,"3PA":81.0,"FTM":71.0,"FTA":102.0,"OFF":33.0,"DEF":86.0,"AST":57.0,"TO":53.0,"STL":13.0,"BLK":7.0,"PF":71.0,"Fls on:":85.0,"+\/-":1.0,"GW":12.0,"GP":3.0,"MINS":600.0,"FGM":83.0,"FGA":188.0,"FG%":44.1489361702,"2P%":54.2056074766,"3P%":30.8641975309,"FT%":69.6078431373,"PTS":262.0,"REB":119.0,"STK":20.0},"CSB":{"2PM":54.0,"2PA":127.0,"3PM":15.0,"3PA":82.0,"FTM":32.0,"FTA":63.0,"OFF":40.0,"DEF":68.0,"AST":35.0,"TO":42.0,"STL":22.0,"BLK":11.0,"PF":63.0,"Fls on:":58.0,"+\/-":-40.0,"GW":0.0,"GP":3.0,"MINS":600.0,"FGM":69.0,"FGA":209.0,"FG%":33.014354067,"2P%":42.5196850394,"3P%":18.2926829268,"FT%":50.7936507937,"PTS":185.0,"REB":108.0,"STK":33.0},"CSJL":{"2PM":43.0,"2PA":98.0,"3PM":10.0,"3PA":57.0,"FTM":37.0,"FTA":46.0,"OFF":32.0,"DEF":33.0,"AST":29.0,"TO":17.0,"STL":16.0,"BLK":6.0,"PF":48.0,"Fls on:":47.0,"+\/-":-1.0,"GW":13.0,"GP":2.0,"MINS":400.0,"FGM":53.0,"FGA":155.0,"FG%":34.1935483871,"2P%":43.8775510204,"3P%":17.5438596491,"FT%":80.4347826087,"PTS":153.0,"REB":65.0,"STK":22.0},"JRU":{"2PM":70.0,"2PA":126.0,"3PM":21.0,"3PA":64.0,"FTM":46.0,"FTA":72.0,"OFF":31.0,"DEF":69.0,"AST":49.0,"TO":36.0,"STL":26.0,"BLK":14.0,"PF":70.0,"Fls on:":64.0,"+\/-":29.0,"GW":41.0,"GP":3.0,"MINS":600.0,"FGM":91.0,"FGA":190.0,"FG%":47.8947368421,"2P%":55.5555555556,"3P%":32.8125,"FT%":63.8888888889,"PTS":249.0,"REB":100.0,"STK":40.0},"MU":{"2PM":60.0,"2PA":139.0,"3PM":15.0,"3PA":61.0,"FTM":44.0,"FTA":66.0,"OFF":27.0,"DEF":89.0,"AST":47.0,"TO":43.0,"STL":24.0,"BLK":9.0,"PF":47.0,"Fls on:":68.0,"+\/-":4.0,"GW":13.0,"GP":3.0,"MINS":600.0,"FGM":75.0,"FGA":200.0,"FG%":37.5,"2P%":43.1654676259,"3P%":24.5901639344,"FT%":66.6666666667,"PTS":209.0,"REB":116.0,"STK":33.0},"AU":{"2PM":34.0,"2PA":93.0,"3PM":20.0,"3PA":56.0,"FTM":28.0,"FTA":45.0,"OFF":24.0,"DEF":65.0,"AST":40.0,"TO":30.0,"STL":11.0,"BLK":13.0,"PF":45.0,"Fls on:":39.0,"+\/-":9.0,"GW":24.0,"GP":2.0,"MINS":400.0,"FGM":54.0,"FGA":149.0,"FG%":36.2416107383,"2P%":36.5591397849,"3P%":35.7142857143,"FT%":62.2222222222,"PTS":156.0,"REB":89.0,"STK":24.0},"UPHSD":{"2PM":54.0,"2PA":120.0,"3PM":20.0,"3PA":63.0,"FTM":36.0,"FTA":59.0,"OFF":29.0,"DEF":71.0,"AST":42.0,"TO":43.0,"STL":29.0,"BLK":6.0,"PF":55.0,"Fls on:":58.0,"+\/-":-12.0,"GW":11.0,"GP":3.0,"MINS":600.0,"FGM":74.0,"FGA":183.0,"FG%":40.4371584699,"2P%":45.0,"3P%":31.746031746,"FT%":61.0169491525,"PTS":204.0,"REB":100.0,"STK":35.0},"LPU":{"2PM":68.0,"2PA":126.0,"3PM":25.0,"3PA":82.0,"FTM":55.0,"FTA":80.0,"OFF":45.0,"DEF":92.0,"AST":59.0,"TO":42.0,"STL":20.0,"BLK":11.0,"PF":72.0,"Fls on:":74.0,"+\/-":13.0,"GW":28.0,"GP":3.0,"MINS":600.0,"FGM":93.0,"FGA":208.0,"FG%":44.7115384615,"2P%":53.9682539683,"3P%":30.487804878,"FT%":68.75,"PTS":266.0,"REB":137.0,"STK":31.0},"League":{"2PM":55.3,"2PA":119.9,"3PM":19.5,"3PA":73.8,"FTM":42.7,"FTA":67.1,"OFF":35.4,"DEF":75.7,"AST":44.1,"TO":37.2,"STL":20.6,"BLK":9.1,"PF":62.4,"Fls on:":61.8,"+\/-":0.0,"GW":18.1,"GP":2.8,"MINS":560.0,"FGM":74.8,"FGA":193.7,"FG%":38.6164171399,"2P%":46.1217681401,"3P%":26.4227642276,"FT%":63.6363636364,"PTS":211.8,"REB":111.1,"STK":29.7}}