{"CSB":{"MINS":208.3333333333,"FGM":29.0,"FGA":70.6666666667,"2PM":23.3333333333,"2PA":46.0,"3PM":5.6666666667,"3PA":24.6666666667,"FTM":11.3333333333,"FTA":18.6666666667,"PTS":75.0,"OFF":15.3333333333,"DEF":31.0,"REB":46.3333333333,"AST":15.0,"TO":14.6666666667,"STL":8.3333333333,"BLK":4.6666666667,"STK":13.0,"PF":19.3333333333,"Fls on:":20.6666666667,"+\/-":13.3333333333,"GW":40.0,"GP":3.0,"W":3.0,"L":0.0,"FG%":41.0377358491,"2P%":50.7246376812,"3P%":22.972972973,"FT%":60.7142857143,"W%":1.0},"MU":{"MINS":200.0,"FGM":24.0,"FGA":67.0,"2PM":15.0,"2PA":35.6666666667,"3PM":9.0,"3PA":31.3333333333,"FTM":11.3333333333,"FTA":17.3333333333,"PTS":68.3333333333,"OFF":12.0,"DEF":26.6666666667,"REB":38.6666666667,"AST":15.6666666667,"TO":13.3333333333,"STL":9.0,"BLK":2.0,"STK":11.0,"PF":22.6666666667,"Fls on:":15.6666666667,"+\/-":-1.3333333333,"GW":23.0,"GP":3.0,"W":2.0,"L":1.0,"FG%":35.8208955224,"2P%":42.0560747664,"3P%":28.7234042553,"FT%":65.3846153846,"W%":0.6666666667},"SBU":{"MINS":208.3333333333,"FGM":26.0,"FGA":65.0,"2PM":17.0,"2PA":38.0,"3PM":9.0,"3PA":27.0,"FTM":15.3333333333,"FTA":27.6666666667,"PTS":76.3333333333,"OFF":14.0,"DEF":32.3333333333,"REB":46.3333333333,"AST":13.6666666667,"TO":13.6666666667,"STL":4.6666666667,"BLK":3.6666666667,"STK":8.3333333333,"PF":20.6666666667,"Fls on:":25.0,"+\/-":7.0,"GW":27.0,"GP":3.0,"W":2.0,"L":1.0,"FG%":40.0,"2P%":44.7368421053,"3P%":33.3333333333,"FT%":55.421686747,"W%":0.6666666667},"SSCR":{"MINS":200.0,"FGM":31.0,"FGA":83.6666666667,"2PM":24.0,"2PA":45.3333333333,"3PM":7.0,"3PA":38.3333333333,"FTM":18.0,"FTA":24.6666666667,"PTS":87.0,"OFF":17.0,"DEF":23.0,"REB":40.0,"AST":16.0,"TO":8.6666666667,"STL":9.0,"BLK":1.3333333333,"STK":10.3333333333,"PF":28.3333333333,"Fls on:":23.6666666667,"+\/-":-0.3333333333,"GW":26.0,"GP":3.0,"W":2.0,"L":1.0,"FG%":37.0517928287,"2P%":52.9411764706,"3P%":18.2608695652,"FT%":72.972972973,"W%":0.6666666667},"UPHSD":{"MINS":200.0,"FGM":26.0,"FGA":66.6666666667,"2PM":19.0,"2PA":42.6666666667,"3PM":7.0,"3PA":24.0,"FTM":13.0,"FTA":20.3333333333,"PTS":72.0,"OFF":13.3333333333,"DEF":25.3333333333,"REB":38.6666666667,"AST":16.3333333333,"TO":14.3333333333,"STL":7.3333333333,"BLK":3.0,"STK":10.3333333333,"PF":19.3333333333,"Fls on:":18.0,"+\/-":4.0,"GW":25.0,"GP":3.0,"W":2.0,"L":1.0,"FG%":39.0,"2P%":44.53125,"3P%":29.1666666667,"FT%":63.9344262295,"W%":0.6666666667},"CSJL":{"MINS":200.0,"FGM":26.5,"FGA":56.0,"2PM":21.5,"2PA":35.5,"3PM":5.0,"3PA":20.5,"FTM":19.0,"FTA":25.5,"PTS":77.0,"OFF":8.5,"DEF":25.5,"REB":34.0,"AST":15.0,"TO":16.5,"STL":6.0,"BLK":5.0,"STK":11.0,"PF":23.5,"Fls on:":24.0,"+\/-":0.5,"GW":13.0,"GP":2.0,"W":1.0,"L":1.0,"FG%":47.3214285714,"2P%":60.5633802817,"3P%":24.3902439024,"FT%":74.5098039216,"W%":0.5},"League":{"MINS":203.5714285714,"FGM":26.7142857143,"FGA":69.1785714286,"2PM":19.75,"2PA":42.8214285714,"3PM":6.9642857143,"3PA":26.3571428571,"FTM":15.25,"FTA":23.9642857143,"PTS":75.6428571429,"OFF":12.6428571429,"DEF":27.0357142857,"REB":39.6785714286,"AST":15.75,"TO":13.2857142857,"STL":7.3571428571,"BLK":3.25,"STK":10.6071428571,"PF":22.2857142857,"Fls on:":22.0714285714,"+\/-":0.0,"GW":18.1,"GP":2.8,"W":1.4,"L":1.4,"FG%":38.6164171399,"2P%":46.1217681401,"3P%":26.4227642276,"FT%":63.6363636364,"W%":0.5},"EAC":{"MINS":208.3333333333,"FGM":23.0,"FGA":71.3333333333,"2PM":16.6666666667,"2PA":46.3333333333,"3PM":6.3333333333,"3PA":25.0,"FTM":17.0,"FTA":29.0,"PTS":69.3333333333,"OFF":9.3333333333,"DEF":29.0,"REB":38.3333333333,"AST":17.3333333333,"TO":13.0,"STL":5.6666666667,"BLK":6.0,"STK":11.6666666667,"PF":21.6666666667,"Fls on:":25.3333333333,"+\/-":-6.0,"GW":14.0,"GP":3.0,"W":1.0,"L":2.0,"FG%":32.2429906542,"2P%":35.9712230216,"3P%":25.3333333333,"FT%":58.6206896552,"W%":0.3333333333},"LPU":{"MINS":200.0,"FGM":28.6666666667,"FGA":69.6666666667,"2PM":19.6666666667,"2PA":41.0,"3PM":9.0,"3PA":28.6666666667,"FTM":18.0,"FTA":27.3333333333,"PTS":84.3333333333,"OFF":10.3333333333,"DEF":23.6666666667,"REB":34.0,"AST":18.0,"TO":12.3333333333,"STL":6.6666666667,"BLK":1.3333333333,"STK":8.0,"PF":25.0,"Fls on:":24.0,"+\/-":-4.3333333333,"GW":13.0,"GP":3.0,"W":1.0,"L":2.0,"FG%":41.1483253589,"2P%":47.9674796748,"3P%":31.3953488372,"FT%":65.8536585366,"W%":0.3333333333},"AU":{"MINS":212.5,"FGM":30.5,"FGA":76.5,"2PM":27.5,"2PA":59.5,"3PM":3.0,"3PA":17.0,"FTM":9.5,"FTA":21.5,"PTS":73.5,"OFF":12.0,"DEF":34.5,"REB":46.5,"AST":13.0,"TO":12.5,"STL":10.5,"BLK":0.5,"STK":11.0,"PF":20.5,"Fls on:":22.0,"+\/-":-4.5,"GW":0.0,"GP":2.0,"W":0.0,"L":2.0,"FG%":39.8692810458,"2P%":46.218487395,"3P%":17.6470588235,"FT%":44.1860465116,"W%":0.0},"JRU":{"MINS":200.0,"FGM":23.6666666667,"FGA":63.3333333333,"2PM":17.0,"2PA":41.3333333333,"3PM":6.6666666667,"3PA":22.0,"FTM":19.3333333333,"FTA":27.3333333333,"PTS":73.3333333333,"OFF":13.0,"DEF":21.3333333333,"REB":34.3333333333,"AST":16.3333333333,"TO":14.6666666667,"STL":7.0,"BLK":4.6666666667,"STK":11.6666666667,"PF":21.6666666667,"Fls on:":23.0,"+\/-":-9.6666666667,"GW":0.0,"GP":3.0,"W":0.0,"L":3.0,"FG%":37.3684210526,"2P%":41.1290322581,"3P%":30.303030303,"FT%":70.7317073171,"W%":0.0}}