{"AU":{"MINS":225.0,"FGM":32.0,"FGA":86.0,"2PM":28.0,"2PA":67.0,"3PM":4.0,"3PA":19.0,"FTM":12.0,"FTA":29.0,"PTS":80.0,"OFF":14.0,"DEF":43.0,"REB":57.0,"AST":14.0,"TO":10.0,"STL":7.0,"BLK":0.0,"STK":7.0,"PF":28.0,"Fls on:":26.0,"+\/-":-7.0,"GW":0.0,"GP":1.0,"W":0.0,"L":1.0,"FG%":37.2093023256,"2P%":41.7910447761,"3P%":21.0526315789,"FT%":41.3793103448},"CSB":{"MINS":425.0,"FGM":58.0,"FGA":139.0,"2PM":48.0,"2PA":90.0,"3PM":10.0,"3PA":49.0,"FTM":22.0,"FTA":38.0,"PTS":148.0,"OFF":28.0,"DEF":64.0,"REB":92.0,"AST":31.0,"TO":28.0,"STL":14.0,"BLK":9.0,"STK":23.0,"PF":36.0,"Fls on:":43.0,"+\/-":18.0,"GW":25.0,"GP":2.0,"W":2.0,"L":0.0,"FG%":41.726618705,"2P%":53.3333333333,"3P%":20.4081632653,"FT%":57.8947368421},"CSJL":{"MINS":200.0,"FGM":27.0,"FGA":57.0,"2PM":22.0,"2PA":34.0,"3PM":5.0,"3PA":23.0,"FTM":25.0,"FTA":33.0,"PTS":84.0,"OFF":12.0,"DEF":25.0,"REB":37.0,"AST":16.0,"TO":22.0,"STL":5.0,"BLK":4.0,"STK":9.0,"PF":25.0,"Fls on:":28.0,"+\/-":-7.0,"GW":0.0,"GP":1.0,"W":0.0,"L":1.0,"FG%":47.3684210526,"2P%":64.7058823529,"3P%":21.7391304348,"FT%":75.7575757576},"EAC":{"MINS":425.0,"FGM":49.0,"FGA":148.0,"2PM":33.0,"2PA":97.0,"3PM":16.0,"3PA":51.0,"FTM":39.0,"FTA":62.0,"PTS":153.0,"OFF":16.0,"DEF":68.0,"REB":84.0,"AST":40.0,"TO":22.0,"STL":11.0,"BLK":13.0,"STK":24.0,"PF":45.0,"Fls on:":54.0,"+\/-":4.0,"GW":14.0,"GP":2.0,"W":1.0,"L":1.0,"FG%":33.1081081081,"2P%":34.0206185567,"3P%":31.3725490196,"FT%":62.9032258065},"JRU":{"MINS":200.0,"FGM":20.0,"FGA":55.0,"2PM":14.0,"2PA":38.0,"3PM":6.0,"3PA":17.0,"FTM":20.0,"FTA":34.0,"PTS":66.0,"OFF":11.0,"DEF":22.0,"REB":33.0,"AST":15.0,"TO":16.0,"STL":7.0,"BLK":3.0,"STK":10.0,"PF":23.0,"Fls on:":26.0,"+\/-":-16.0,"GW":0.0,"GP":1.0,"W":0.0,"L":1.0,"FG%":36.3636363636,"2P%":36.8421052632,"3P%":35.2941176471,"FT%":58.8235294118},"LPU":{"MINS":400.0,"FGM":50.0,"FGA":141.0,"2PM":34.0,"2PA":78.0,"3PM":16.0,"3PA":63.0,"FTM":40.0,"FTA":57.0,"PTS":156.0,"OFF":22.0,"DEF":53.0,"REB":75.0,"AST":35.0,"TO":24.0,"STL":9.0,"BLK":1.0,"STK":10.0,"PF":53.0,"Fls on:":50.0,"+\/-":-18.0,"GW":0.0,"GP":2.0,"W":0.0,"L":2.0,"FG%":35.4609929078,"2P%":43.5897435897,"3P%":25.3968253968,"FT%":70.1754385965},"MU":{"MINS":400.0,"FGM":47.0,"FGA":140.0,"2PM":32.0,"2PA":77.0,"3PM":15.0,"3PA":63.0,"FTM":25.0,"FTA":41.0,"PTS":134.0,"OFF":28.0,"DEF":57.0,"REB":85.0,"AST":32.0,"TO":28.0,"STL":19.0,"BLK":4.0,"STK":23.0,"PF":49.0,"Fls on:":33.0,"+\/-":-10.0,"GW":12.0,"GP":2.0,"W":1.0,"L":1.0,"FG%":33.5714285714,"2P%":41.5584415584,"3P%":23.8095238095,"FT%":60.9756097561},"SBU":{"MINS":425.0,"FGM":52.0,"FGA":136.0,"2PM":35.0,"2PA":81.0,"3PM":17.0,"3PA":55.0,"FTM":23.0,"FTA":45.0,"PTS":144.0,"OFF":32.0,"DEF":63.0,"REB":95.0,"AST":27.0,"TO":24.0,"STL":9.0,"BLK":9.0,"STK":18.0,"PF":44.0,"Fls on:":46.0,"+\/-":11.0,"GW":15.0,"GP":2.0,"W":1.0,"L":1.0,"FG%":38.2352941176,"2P%":43.2098765432,"3P%":30.9090909091,"FT%":51.1111111111},"SSCR":{"MINS":400.0,"FGM":67.0,"FGA":164.0,"2PM":57.0,"2PA":102.0,"3PM":10.0,"3PA":62.0,"FTM":42.0,"FTA":57.0,"PTS":186.0,"OFF":34.0,"DEF":46.0,"REB":80.0,"AST":36.0,"TO":16.0,"STL":17.0,"BLK":1.0,"STK":18.0,"PF":56.0,"Fls on:":53.0,"+\/-":9.0,"GW":26.0,"GP":2.0,"W":2.0,"L":0.0,"FG%":40.8536585366,"2P%":55.8823529412,"3P%":16.1290322581,"FT%":73.6842105263},"UPHSD":{"MINS":200.0,"FGM":29.0,"FGA":67.0,"2PM":24.0,"2PA":44.0,"3PM":5.0,"3PA":23.0,"FTM":19.0,"FTA":29.0,"PTS":82.0,"OFF":17.0,"DEF":25.0,"REB":42.0,"AST":16.0,"TO":12.0,"STL":8.0,"BLK":5.0,"STK":13.0,"PF":26.0,"Fls on:":22.0,"+\/-":16.0,"GW":15.0,"GP":1.0,"W":1.0,"L":0.0,"FG%":43.2835820896,"2P%":54.5454545455,"3P%":21.7391304348,"FT%":65.5172413793},"League":{"MINS":330.0,"FGM":43.1,"FGA":113.3,"2PM":32.7,"2PA":70.8,"3PM":10.4,"3PA":42.5,"FTM":26.7,"FTA":42.5,"PTS":123.3,"OFF":21.4,"DEF":46.6,"REB":68.0,"AST":26.2,"TO":20.2,"STL":10.6,"BLK":4.9,"STK":15.5,"PF":38.5,"Fls on:":38.1,"+\/-":0.0,"GW":10.7,"GP":1.6,"W":0.8,"L":0.8,"FG%":38.0406001765,"2P%":46.186440678,"3P%":24.4705882353,"FT%":62.8235294118}}