{"CSB":{"2PM":20.3,"2PA":44.4,"3PM":6.0,"3PA":27.8,"FTM":12.0,"FTA":20.2,"OFF":12.1,"DEF":20.3,"AST":12.1,"TO":12.0,"STL":9.7,"BLK":2.9,"PF":19.8,"Fls on:":18.7,"+\/-":-11.1,"GW":25.0,"GP":10.0,"MINS":200.0,"FGM":26.3,"FGA":72.2,"FG%":36.4265927978,"2P%":45.7207207207,"3P%":21.5827338129,"FT%":59.4059405941,"PTS":70.6,"REB":32.4,"STK":12.6},"SBU":{"2PM":16.2,"2PA":38.9,"3PM":7.7,"3PA":30.5,"FTM":11.3,"FTA":17.1,"OFF":10.7,"DEF":25.8,"AST":14.2,"TO":9.2,"STL":5.9,"BLK":2.8,"PF":19.8,"Fls on:":17.9,"+\/-":-4.7,"GW":38.0,"GP":10.0,"MINS":200.0,"FGM":23.9,"FGA":69.4,"FG%":34.4380403458,"2P%":41.6452442159,"3P%":25.2459016393,"FT%":66.081871345,"PTS":66.8,"REB":36.5,"STK":8.7},"MU":{"2PM":18.2,"2PA":43.5,"3PM":6.3,"3PA":22.0,"FTM":18.5,"FTA":27.7,"OFF":10.0,"DEF":25.8,"AST":14.8,"TO":12.3,"STL":7.0,"BLK":2.5,"PF":20.4,"Fls on:":23.2,"+\/-":-2.5,"GW":35.0,"GP":10.0,"MINS":200.0,"FGM":24.5,"FGA":65.5,"FG%":37.4045801527,"2P%":41.8390804598,"3P%":28.6363636364,"FT%":66.7870036101,"PTS":73.8,"REB":35.8,"STK":9.5},"League":{"2PM":19.8725490196,"2PA":43.1568627451,"3PM":7.0588235294,"3PA":26.362745098,"FTM":14.8431372549,"FTA":22.9019607843,"OFF":12.0980392157,"DEF":26.9803921569,"AST":15.9509803922,"TO":13.2941176471,"STL":7.637254902,"BLK":3.1176470588,"PF":20.7254901961,"Fls on:":20.4215686275,"+\/-":-0.0019607843,"GW":66.6,"GP":10.2,"MINS":200.0,"FGM":26.931372549,"FGA":69.5196078431,"FG%":38.7392469327,"2P%":46.0472512494,"3P%":26.7757530681,"FT%":64.8116438356,"PTS":75.7647058824,"REB":39.0784313725,"STK":10.7549019608},"EAC":{"2PM":18.7,"2PA":44.7,"3PM":6.9,"3PA":26.1,"FTM":16.7,"FTA":26.3,"OFF":14.2,"DEF":29.8,"AST":16.8,"TO":14.3,"STL":7.9,"BLK":3.3,"PF":21.8,"Fls on:":21.9,"+\/-":0.4,"GW":68.0,"GP":10.0,"MINS":200.0,"FGM":25.6,"FGA":70.8,"FG%":36.1581920904,"2P%":41.8344519016,"3P%":26.4367816092,"FT%":63.4980988593,"PTS":74.8,"REB":44.0,"STK":11.2},"LPU":{"2PM":22.8,"2PA":41.9,"3PM":7.9,"3PA":26.2,"FTM":14.1,"FTA":22.1,"OFF":12.2,"DEF":29.9,"AST":18.2,"TO":14.6,"STL":6.5,"BLK":3.5,"PF":21.2,"Fls on:":19.8,"+\/-":0.8,"GW":68.0,"GP":10.0,"MINS":200.0,"FGM":30.7,"FGA":68.1,"FG%":45.080763583,"2P%":54.415274463,"3P%":30.1526717557,"FT%":63.8009049774,"PTS":83.4,"REB":42.1,"STK":10.0},"UPHSD":{"2PM":16.4545454545,"2PA":38.7272727273,"3PM":7.8181818182,"3PA":30.5454545455,"FTM":11.7272727273,"FTA":18.9090909091,"OFF":12.9090909091,"DEF":26.4545454545,"AST":14.5454545455,"TO":13.2727272727,"STL":8.4545454545,"BLK":2.3636363636,"PF":18.1818181818,"Fls on:":18.0909090909,"+\/-":1.0,"GW":79.0,"GP":11.0,"MINS":200.0,"FGM":24.2727272727,"FGA":69.2727272727,"FG%":35.0393700787,"2P%":42.4882629108,"3P%":25.5952380952,"FT%":62.0192307692,"PTS":68.0909090909,"REB":39.3636363636,"STK":10.8181818182},"CSJL":{"2PM":20.1818181818,"2PA":46.9090909091,"3PM":6.9090909091,"3PA":28.4545454545,"FTM":13.2727272727,"FTA":20.0909090909,"OFF":14.0909090909,"DEF":25.2727272727,"AST":16.3636363636,"TO":10.1818181818,"STL":8.4545454545,"BLK":2.9090909091,"PF":18.7272727273,"Fls on:":19.6363636364,"+\/-":1.5454545455,"GW":61.0,"GP":11.0,"MINS":200.0,"FGM":27.0909090909,"FGA":75.3636363636,"FG%":35.9469240048,"2P%":43.023255814,"3P%":24.2811501597,"FT%":66.0633484163,"PTS":74.3636363636,"REB":39.3636363636,"STK":11.3636363636},"AU":{"2PM":19.4,"2PA":44.8,"3PM":7.8,"3PA":25.2,"FTM":17.2,"FTA":24.9,"OFF":11.7,"DEF":30.1,"AST":17.8,"TO":15.9,"STL":7.9,"BLK":3.5,"PF":24.0,"Fls on:":19.9,"+\/-":2.5,"GW":92.0,"GP":10.0,"MINS":200.0,"FGM":27.2,"FGA":70.0,"FG%":38.8571428571,"2P%":43.3035714286,"3P%":30.9523809524,"FT%":69.0763052209,"PTS":79.4,"REB":41.8,"STK":11.4},"JRU":{"2PM":23.8,"2PA":45.3,"3PM":6.1,"3PA":23.1,"FTM":14.0,"FTA":21.3,"OFF":12.1,"DEF":24.8,"AST":13.2,"TO":14.2,"STL":8.1,"BLK":3.9,"PF":23.5,"Fls on:":20.1,"+\/-":4.12,"GW":94.0,"GP":10.0,"MINS":200.0,"FGM":29.9,"FGA":68.4,"FG%":43.7134502924,"2P%":52.5386313466,"3P%":26.4069264069,"FT%":65.7276995305,"PTS":79.9,"REB":36.9,"STK":12.0},"SSCR":{"2PM":23.0,"2PA":42.5,"3PM":7.1,"3PA":23.1,"FTM":20.1,"FTA":31.1,"OFF":10.7,"DEF":31.8,"AST":21.6,"TO":17.3,"STL":6.3,"BLK":3.6,"PF":20.3,"Fls on:":25.3,"+\/-":7.66,"GW":106.0,"GP":10.0,"MINS":200.0,"FGM":30.1,"FGA":65.6,"FG%":45.8841463415,"2P%":54.1176470588,"3P%":30.7359307359,"FT%":64.6302250804,"PTS":87.4,"REB":42.5,"STK":9.9}}