{"JRU":{"2PM":238.0,"2PA":453.0,"3PM":61.0,"3PA":231.0,"FTM":140.0,"FTA":213.0,"OFF":121.0,"DEF":248.0,"AST":132.0,"TO":142.0,"STL":81.0,"BLK":39.0,"PF":235.0,"Fls on:":201.0,"+\/-":41.2,"GW":94.0,"GP":10.0,"MINS":2000.0,"FGM":299.0,"FGA":684.0,"FG%":43.7134502924,"2P%":52.5386313466,"3P%":26.4069264069,"FT%":65.7276995305,"PTS":799.0,"REB":369.0,"STK":120.0},"SBU":{"2PM":162.0,"2PA":389.0,"3PM":77.0,"3PA":305.0,"FTM":113.0,"FTA":171.0,"OFF":107.0,"DEF":258.0,"AST":142.0,"TO":92.0,"STL":59.0,"BLK":28.0,"PF":198.0,"Fls on:":179.0,"+\/-":-47.0,"GW":38.0,"GP":10.0,"MINS":2000.0,"FGM":239.0,"FGA":694.0,"FG%":34.4380403458,"2P%":41.6452442159,"3P%":25.2459016393,"FT%":66.081871345,"PTS":668.0,"REB":365.0,"STK":87.0},"AU":{"2PM":194.0,"2PA":448.0,"3PM":78.0,"3PA":252.0,"FTM":172.0,"FTA":249.0,"OFF":117.0,"DEF":301.0,"AST":178.0,"TO":159.0,"STL":79.0,"BLK":35.0,"PF":240.0,"Fls on:":199.0,"+\/-":25.0,"GW":92.0,"GP":10.0,"MINS":2000.0,"FGM":272.0,"FGA":700.0,"FG%":38.8571428571,"2P%":43.3035714286,"3P%":30.9523809524,"FT%":69.0763052209,"PTS":794.0,"REB":418.0,"STK":114.0},"EAC":{"2PM":187.0,"2PA":447.0,"3PM":69.0,"3PA":261.0,"FTM":167.0,"FTA":263.0,"OFF":142.0,"DEF":298.0,"AST":168.0,"TO":143.0,"STL":79.0,"BLK":33.0,"PF":218.0,"Fls on:":219.0,"+\/-":4.0,"GW":68.0,"GP":10.0,"MINS":2000.0,"FGM":256.0,"FGA":708.0,"FG%":36.1581920904,"2P%":41.8344519016,"3P%":26.4367816092,"FT%":63.4980988593,"PTS":748.0,"REB":440.0,"STK":112.0},"CSJL":{"2PM":222.0,"2PA":516.0,"3PM":76.0,"3PA":313.0,"FTM":146.0,"FTA":221.0,"OFF":155.0,"DEF":278.0,"AST":180.0,"TO":112.0,"STL":93.0,"BLK":32.0,"PF":206.0,"Fls on:":216.0,"+\/-":17.0,"GW":61.0,"GP":11.0,"MINS":2200.0,"FGM":298.0,"FGA":829.0,"FG%":35.9469240048,"2P%":43.023255814,"3P%":24.2811501597,"FT%":66.0633484163,"PTS":818.0,"REB":433.0,"STK":125.0},"UPHSD":{"2PM":181.0,"2PA":426.0,"3PM":86.0,"3PA":336.0,"FTM":129.0,"FTA":208.0,"OFF":142.0,"DEF":291.0,"AST":160.0,"TO":146.0,"STL":93.0,"BLK":26.0,"PF":200.0,"Fls on:":199.0,"+\/-":11.0,"GW":79.0,"GP":11.0,"MINS":2200.0,"FGM":267.0,"FGA":762.0,"FG%":35.0393700787,"2P%":42.4882629108,"3P%":25.5952380952,"FT%":62.0192307692,"PTS":749.0,"REB":433.0,"STK":119.0},"MU":{"2PM":182.0,"2PA":435.0,"3PM":63.0,"3PA":220.0,"FTM":185.0,"FTA":277.0,"OFF":100.0,"DEF":258.0,"AST":148.0,"TO":123.0,"STL":70.0,"BLK":25.0,"PF":204.0,"Fls on:":232.0,"+\/-":-25.0,"GW":35.0,"GP":10.0,"MINS":2000.0,"FGM":245.0,"FGA":655.0,"FG%":37.4045801527,"2P%":41.8390804598,"3P%":28.6363636364,"FT%":66.7870036101,"PTS":738.0,"REB":358.0,"STK":95.0},"SSCR":{"2PM":230.0,"2PA":425.0,"3PM":71.0,"3PA":231.0,"FTM":201.0,"FTA":311.0,"OFF":107.0,"DEF":318.0,"AST":216.0,"TO":173.0,"STL":63.0,"BLK":36.0,"PF":203.0,"Fls on:":253.0,"+\/-":76.6,"GW":106.0,"GP":10.0,"MINS":2000.0,"FGM":301.0,"FGA":656.0,"FG%":45.8841463415,"2P%":54.1176470588,"3P%":30.7359307359,"FT%":64.6302250804,"PTS":874.0,"REB":425.0,"STK":99.0},"LPU":{"2PM":228.0,"2PA":419.0,"3PM":79.0,"3PA":262.0,"FTM":141.0,"FTA":221.0,"OFF":122.0,"DEF":299.0,"AST":182.0,"TO":146.0,"STL":65.0,"BLK":35.0,"PF":212.0,"Fls on:":198.0,"+\/-":8.0,"GW":68.0,"GP":10.0,"MINS":2000.0,"FGM":307.0,"FGA":681.0,"FG%":45.080763583,"2P%":54.415274463,"3P%":30.1526717557,"FT%":63.8009049774,"PTS":834.0,"REB":421.0,"STK":100.0},"CSB":{"2PM":203.0,"2PA":444.0,"3PM":60.0,"3PA":278.0,"FTM":120.0,"FTA":202.0,"OFF":121.0,"DEF":203.0,"AST":121.0,"TO":120.0,"STL":97.0,"BLK":29.0,"PF":198.0,"Fls on:":187.0,"+\/-":-111.0,"GW":25.0,"GP":10.0,"MINS":2000.0,"FGM":263.0,"FGA":722.0,"FG%":36.4265927978,"2P%":45.7207207207,"3P%":21.5827338129,"FT%":59.4059405941,"PTS":706.0,"REB":324.0,"STK":126.0},"League":{"2PM":202.7,"2PA":440.2,"3PM":72.0,"3PA":268.9,"FTM":151.4,"FTA":233.6,"OFF":123.4,"DEF":275.2,"AST":162.7,"TO":135.6,"STL":77.9,"BLK":31.8,"PF":211.4,"Fls on:":208.3,"+\/-":-0.02,"GW":66.6,"GP":10.2,"MINS":2040.0,"FGM":274.7,"FGA":709.1,"FG%":38.7392469327,"2P%":46.0472512494,"3P%":26.7757530681,"FT%":64.8116438356,"PTS":772.8,"REB":398.6,"STK":109.7}}