{"AU":{"POS":816.7155357085,"PACE":81.6715535709},"CSB":{"POS":781.2562940199,"PACE":78.125629402},"CSJL":{"POS":838.3884337872,"PACE":76.2171303443},"EAC":{"POS":800.8820502227,"PACE":80.0882050223},"JRU":{"POS":772.6327735935,"PACE":77.2632773594},"LPU":{"POS":793.9375334071,"PACE":79.3937533407},"MU":{"POS":763.4015616212,"PACE":76.3401561621},"SBU":{"POS":723.6471734854,"PACE":72.3647173485},"SSCR":{"POS":822.8525360853,"PACE":82.2852536085},"UPHSD":{"POS":827.376031106,"PACE":75.2160028278},"League":{"POS":794.1089923037,"PACE":77.8965678986}}