{"MU":{"2PM":28.0,"2PA":51.0,"3PM":3.0,"3PA":17.0,"FTM":13.0,"FTA":17.0,"OFF":12.0,"DEF":35.0,"AST":14.0,"TO":20.0,"STL":10.0,"BLK":5.0,"PF":15.0,"Fls on:":21.0,"+\/-":13.0,"GW":13.0,"GP":1.0,"MINS":200.0,"FGM":31.0,"FGA":68.0,"FG%":45.5882352941,"2P%":54.9019607843,"3P%":17.6470588235,"FT%":76.4705882353,"PTS":78.0,"REB":47.0,"STK":15.0},"SBU":{"2PM":34.0,"2PA":77.0,"3PM":13.0,"3PA":63.0,"FTM":26.0,"FTA":47.0,"OFF":27.0,"DEF":55.0,"AST":25.0,"TO":18.0,"STL":10.0,"BLK":4.0,"PF":46.0,"Fls on:":44.0,"+\/-":-11.0,"GW":12.0,"GP":2.0,"MINS":400.0,"FGM":47.0,"FGA":140.0,"FG%":33.5714285714,"2P%":44.1558441558,"3P%":20.6349206349,"FT%":55.3191489362,"PTS":133.0,"REB":82.0,"STK":14.0},"UPHSD":{"2PM":14.0,"2PA":38.0,"3PM":6.0,"3PA":17.0,"FTM":20.0,"FTA":34.0,"OFF":11.0,"DEF":22.0,"AST":15.0,"TO":16.0,"STL":7.0,"BLK":3.0,"PF":23.0,"Fls on:":26.0,"+\/-":-16.0,"GW":0.0,"GP":1.0,"MINS":200.0,"FGM":20.0,"FGA":55.0,"FG%":36.3636363636,"2P%":36.8421052632,"3P%":35.2941176471,"FT%":58.8235294118,"PTS":66.0,"REB":33.0,"STK":10.0},"AU":{"2PM":20.0,"2PA":53.0,"3PM":10.0,"3PA":30.0,"FTM":17.0,"FTA":28.0,"OFF":8.0,"DEF":40.0,"AST":22.0,"TO":10.0,"STL":4.0,"BLK":11.0,"PF":27.0,"Fls on:":26.0,"+\/-":7.0,"GW":14.0,"GP":1.0,"MINS":200.0,"FGM":30.0,"FGA":83.0,"FG%":36.1445783133,"2P%":37.7358490566,"3P%":33.3333333333,"FT%":60.7142857143,"PTS":87.0,"REB":48.0,"STK":15.0},"JRU":{"2PM":24.0,"2PA":44.0,"3PM":5.0,"3PA":23.0,"FTM":19.0,"FTA":29.0,"OFF":17.0,"DEF":25.0,"AST":16.0,"TO":12.0,"STL":8.0,"BLK":5.0,"PF":26.0,"Fls on:":22.0,"+\/-":16.0,"GW":15.0,"GP":1.0,"MINS":200.0,"FGM":29.0,"FGA":67.0,"FG%":43.2835820896,"2P%":54.5454545455,"3P%":21.7391304348,"FT%":65.5172413793,"PTS":82.0,"REB":42.0,"STK":13.0},"SSCR":{"2PM":42.0,"2PA":74.0,"3PM":15.0,"3PA":55.0,"FTM":48.0,"FTA":64.0,"OFF":23.0,"DEF":52.0,"AST":43.0,"TO":36.0,"STL":8.0,"BLK":5.0,"PF":53.0,"Fls on:":56.0,"+\/-":-9.0,"GW":0.0,"GP":2.0,"MINS":400.0,"FGM":57.0,"FGA":129.0,"FG%":44.1860465116,"2P%":56.7567567568,"3P%":27.2727272727,"FT%":75.0,"PTS":177.0,"REB":75.0,"STK":13.0},"CSJL":{"2PM":30.0,"2PA":55.0,"3PM":4.0,"3PA":31.0,"FTM":19.0,"FTA":24.0,"OFF":17.0,"DEF":17.0,"AST":16.0,"TO":8.0,"STL":11.0,"BLK":1.0,"PF":28.0,"Fls on:":25.0,"+\/-":7.0,"GW":13.0,"GP":1.0,"MINS":200.0,"FGM":34.0,"FGA":86.0,"FG%":39.5348837209,"2P%":54.5454545455,"3P%":12.9032258065,"FT%":79.1666666667,"PTS":91.0,"REB":34.0,"STK":12.0},"EAC":{"2PM":28.0,"2PA":67.0,"3PM":4.0,"3PA":19.0,"FTM":12.0,"FTA":29.0,"OFF":14.0,"DEF":43.0,"AST":14.0,"TO":10.0,"STL":7.0,"BLK":0.0,"PF":28.0,"Fls on:":26.0,"+\/-":-7.0,"GW":0.0,"GP":1.0,"MINS":200.0,"FGM":32.0,"FGA":86.0,"FG%":37.2093023256,"2P%":41.7910447761,"3P%":21.0526315789,"FT%":41.3793103448,"PTS":80.0,"REB":57.0,"STK":7.0},"CSB":{"2PM":37.0,"2PA":85.0,"3PM":12.0,"3PA":58.0,"FTM":20.0,"FTA":38.0,"OFF":28.0,"DEF":49.0,"AST":23.0,"TO":25.0,"STL":16.0,"BLK":6.0,"PF":43.0,"Fls on:":36.0,"+\/-":-18.0,"GW":0.0,"GP":2.0,"MINS":400.0,"FGM":49.0,"FGA":143.0,"FG%":34.2657342657,"2P%":43.5294117647,"3P%":20.6896551724,"FT%":52.6315789474,"PTS":130.0,"REB":77.0,"STK":22.0},"LPU":{"2PM":44.0,"2PA":83.0,"3PM":17.0,"3PA":59.0,"FTM":35.0,"FTA":54.0,"OFF":32.0,"DEF":66.0,"AST":38.0,"TO":23.0,"STL":11.0,"BLK":5.0,"PF":50.0,"Fls on:":53.0,"+\/-":18.0,"GW":28.0,"GP":2.0,"MINS":400.0,"FGM":61.0,"FGA":142.0,"FG%":42.9577464789,"2P%":53.0120481928,"3P%":28.813559322,"FT%":64.8148148148,"PTS":174.0,"REB":98.0,"STK":16.0},"League":{"2PM":30.1,"2PA":62.7,"3PM":8.9,"3PA":37.2,"FTM":22.9,"FTA":36.4,"OFF":18.9,"DEF":40.4,"AST":22.6,"TO":17.8,"STL":9.2,"BLK":4.5,"PF":33.9,"Fls on:":33.5,"+\/-":0.0,"GW":9.5,"GP":1.4,"MINS":280.0,"FGM":39.0,"FGA":99.9,"FG%":39.039039039,"2P%":48.0063795853,"3P%":23.9247311828,"FT%":62.9120879121,"PTS":109.8,"REB":59.3,"STK":13.7}}