{"UPHSD":{"2PM":14.0,"2PA":38.0,"3PM":6.0,"3PA":17.0,"FTM":20.0,"FTA":34.0,"OFF":11.0,"DEF":22.0,"AST":15.0,"TO":16.0,"STL":7.0,"BLK":3.0,"PF":23.0,"Fls on:":26.0,"+\/-":-16.0,"GW":0.0,"GP":1.0,"MINS":200.0,"FGM":20.0,"FGA":55.0,"FG%":36.3636363636,"2P%":36.8421052632,"3P%":35.2941176471,"FT%":58.8235294118,"PTS":66.0,"REB":33.0,"STK":10.0},"CSB":{"2PM":18.5,"2PA":42.5,"3PM":6.0,"3PA":29.0,"FTM":10.0,"FTA":19.0,"OFF":14.0,"DEF":24.5,"AST":11.5,"TO":12.5,"STL":8.0,"BLK":3.0,"PF":21.5,"Fls on:":18.0,"+\/-":-9.0,"GW":0.0,"GP":2.0,"MINS":200.0,"FGM":24.5,"FGA":71.5,"FG%":34.2657342657,"2P%":43.5294117647,"3P%":20.6896551724,"FT%":52.6315789474,"PTS":65.0,"REB":38.5,"STK":11.0},"EAC":{"2PM":28.0,"2PA":67.0,"3PM":4.0,"3PA":19.0,"FTM":12.0,"FTA":29.0,"OFF":14.0,"DEF":43.0,"AST":14.0,"TO":10.0,"STL":7.0,"BLK":0.0,"PF":28.0,"Fls on:":26.0,"+\/-":-7.0,"GW":0.0,"GP":1.0,"MINS":200.0,"FGM":32.0,"FGA":86.0,"FG%":37.2093023256,"2P%":41.7910447761,"3P%":21.0526315789,"FT%":41.3793103448,"PTS":80.0,"REB":57.0,"STK":7.0},"SBU":{"2PM":17.0,"2PA":38.5,"3PM":6.5,"3PA":31.5,"FTM":13.0,"FTA":23.5,"OFF":13.5,"DEF":27.5,"AST":12.5,"TO":9.0,"STL":5.0,"BLK":2.0,"PF":23.0,"Fls on:":22.0,"+\/-":-5.5,"GW":12.0,"GP":2.0,"MINS":200.0,"FGM":23.5,"FGA":70.0,"FG%":33.5714285714,"2P%":44.1558441558,"3P%":20.6349206349,"FT%":55.3191489362,"PTS":66.5,"REB":41.0,"STK":7.0},"SSCR":{"2PM":21.0,"2PA":37.0,"3PM":7.5,"3PA":27.5,"FTM":24.0,"FTA":32.0,"OFF":11.5,"DEF":26.0,"AST":21.5,"TO":18.0,"STL":4.0,"BLK":2.5,"PF":26.5,"Fls on:":28.0,"+\/-":-4.5,"GW":0.0,"GP":2.0,"MINS":200.0,"FGM":28.5,"FGA":64.5,"FG%":44.1860465116,"2P%":56.7567567568,"3P%":27.2727272727,"FT%":75.0,"PTS":88.5,"REB":37.5,"STK":6.5},"League":{"2PM":21.5,"2PA":44.7857142857,"3PM":6.3571428571,"3PA":26.5714285714,"FTM":16.3571428571,"FTA":26.0,"OFF":13.5,"DEF":28.8571428571,"AST":16.1428571429,"TO":12.7142857143,"STL":6.5714285714,"BLK":3.2142857143,"PF":24.2142857143,"Fls on:":23.9285714286,"+\/-":0.0,"GW":9.5,"GP":1.4,"MINS":200.0,"FGM":27.8571428571,"FGA":71.3571428571,"FG%":39.039039039,"2P%":48.0063795853,"3P%":23.9247311828,"FT%":62.9120879121,"PTS":78.4285714286,"REB":42.3571428571,"STK":9.7857142857},"AU":{"2PM":20.0,"2PA":53.0,"3PM":10.0,"3PA":30.0,"FTM":17.0,"FTA":28.0,"OFF":8.0,"DEF":40.0,"AST":22.0,"TO":10.0,"STL":4.0,"BLK":11.0,"PF":27.0,"Fls on:":26.0,"+\/-":7.0,"GW":14.0,"GP":1.0,"MINS":200.0,"FGM":30.0,"FGA":83.0,"FG%":36.1445783133,"2P%":37.7358490566,"3P%":33.3333333333,"FT%":60.7142857143,"PTS":87.0,"REB":48.0,"STK":15.0},"CSJL":{"2PM":30.0,"2PA":55.0,"3PM":4.0,"3PA":31.0,"FTM":19.0,"FTA":24.0,"OFF":17.0,"DEF":17.0,"AST":16.0,"TO":8.0,"STL":11.0,"BLK":1.0,"PF":28.0,"Fls on:":25.0,"+\/-":7.0,"GW":13.0,"GP":1.0,"MINS":200.0,"FGM":34.0,"FGA":86.0,"FG%":39.5348837209,"2P%":54.5454545455,"3P%":12.9032258065,"FT%":79.1666666667,"PTS":91.0,"REB":34.0,"STK":12.0},"LPU":{"2PM":22.0,"2PA":41.5,"3PM":8.5,"3PA":29.5,"FTM":17.5,"FTA":27.0,"OFF":16.0,"DEF":33.0,"AST":19.0,"TO":11.5,"STL":5.5,"BLK":2.5,"PF":25.0,"Fls on:":26.5,"+\/-":9.0,"GW":28.0,"GP":2.0,"MINS":200.0,"FGM":30.5,"FGA":71.0,"FG%":42.9577464789,"2P%":53.0120481928,"3P%":28.813559322,"FT%":64.8148148148,"PTS":87.0,"REB":49.0,"STK":8.0},"MU":{"2PM":28.0,"2PA":51.0,"3PM":3.0,"3PA":17.0,"FTM":13.0,"FTA":17.0,"OFF":12.0,"DEF":35.0,"AST":14.0,"TO":20.0,"STL":10.0,"BLK":5.0,"PF":15.0,"Fls on:":21.0,"+\/-":13.0,"GW":13.0,"GP":1.0,"MINS":200.0,"FGM":31.0,"FGA":68.0,"FG%":45.5882352941,"2P%":54.9019607843,"3P%":17.6470588235,"FT%":76.4705882353,"PTS":78.0,"REB":47.0,"STK":15.0},"JRU":{"2PM":24.0,"2PA":44.0,"3PM":5.0,"3PA":23.0,"FTM":19.0,"FTA":29.0,"OFF":17.0,"DEF":25.0,"AST":16.0,"TO":12.0,"STL":8.0,"BLK":5.0,"PF":26.0,"Fls on:":22.0,"+\/-":16.0,"GW":15.0,"GP":1.0,"MINS":200.0,"FGM":29.0,"FGA":67.0,"FG%":43.2835820896,"2P%":54.5454545455,"3P%":21.7391304348,"FT%":65.5172413793,"PTS":82.0,"REB":42.0,"STK":13.0}}