{"UPHSD":{"OFF":84.2273330309,"DEF":67.7927314639,"NET":16.434601567,"PACE":73.0166773504,"hAST%":14.847809948,"hTO%":11.135857461,"TOR":16.434601567,"AR":21.9128020893,"STL%":10.9564010447,"BLK%":13.1578947368,"EFG%":47.0149253731,"TS%":51.4042126379,"PPWS":1.0280842528,"REB%":56.0,"OREB%":43.5897435897,"DREB%":69.4444444444,"FTR":0.4328358209,"FFI":38.1251065724,"Py-W":0.969910633,"Py-L":0.030089367,"PPR":-0.734811895,"HHI":0.1252230815},"CSB":{"OFF":73.2015342529,"DEF":64.2986449518,"NET":8.902889301,"PACE":75.818083004,"hAST%":14.4374068554,"hTO%":13.0402384501,"TOR":18.4652518836,"AR":20.4436717283,"STL%":9.2326259418,"BLK%":10.5882352941,"EFG%":45.3237410072,"TS%":47.5211918829,"PPWS":0.9504238377,"REB%":54.4378698225,"OREB%":36.3636363636,"DREB%":69.5652173913,"FTR":0.273381295,"FFI":34.119256071,"Py-W":1.7768682289,"Py-L":0.2231317711,"PPR":-1.8315939485,"HHI":0.1418918919},"SBU":{"OFF":74.0010653602,"DEF":68.3482062007,"NET":5.6528591595,"PACE":72.9719224138,"hAST%":13.0560928433,"hTO%":11.6054158607,"TOR":16.4446811911,"AR":18.50026634,"STL%":6.1667554467,"BLK%":11.6883116883,"EFG%":44.4852941176,"TS%":46.2130937099,"PPWS":0.9242618742,"REB%":53.6723163842,"OREB%":36.7816091954,"DREB%":70.0,"FTR":0.3308823529,"FFI":34.224845078,"Py-W":1.5619737695,"Py-L":0.4380262305,"PPR":-1.5570266142,"HHI":0.143132716},"EAC":{"OFF":69.4428503758,"DEF":63.8554945984,"NET":5.5873557774,"PACE":93.9621568627,"hAST%":17.2792962614,"hTO%":7.8542255734,"TOR":10.6425824331,"AR":23.4136813527,"STL%":4.2570329732,"BLK%":16.4179104478,"EFG%":42.1686746988,"TS%":45.6357532522,"PPWS":0.912715065,"REB%":45.7142857143,"OREB%":15.6862745098,"DREB%":74.0740740741,"FTR":0.3373493976,"FFI":27.7256113536,"Py-W":0.7928356884,"Py-L":0.2071643116,"PPR":1.7764819081,"HHI":0.1227374818},"SSCR":{"OFF":85.402914249,"DEF":81.2705151724,"NET":4.1323990766,"PACE":81.6716860465,"hAST%":14.9328023892,"hTO%":6.6368010619,"TOR":9.7953163296,"AR":22.0394617417,"STL%":10.4075236002,"BLK%":1.3513513514,"EFG%":43.9024390244,"TS%":49.1855299344,"PPWS":0.9837105987,"REB%":51.6129032258,"OREB%":39.5348837209,"DREB%":66.6666666667,"FTR":0.3475609756,"FFI":33.1301960705,"Py-W":1.3771866052,"Py-L":0.6228133948,"PPR":1.9708246143,"HHI":0.1719852006},"League":{"OFF":73.8815665954,"DEF":73.8815665954,"NET":0.0,"PACE":80.4802845776,"hAST%":14.457892986,"hTO%":11.3871900509,"TOR":15.969543235,"AR":20.2759369163,"STL%":8.2539212226,"BLK%":7.1770334928,"EFG%":43.4934934935,"TS%":47.3618827427,"PPWS":0.9472376549,"REB%":50.0,"OREB%":31.8718381113,"DREB%":68.1281618887,"FTR":0.3643643644,"FFI":33.2296162939,"Py-W":0.7,"Py-L":0.7,"PPR":-0.9425287356,"HHI":0.0156890668},"AU":{"OFF":63.8554945984,"DEF":69.4428503758,"NET":-5.5873557774,"PACE":93.9621568627,"hAST%":11.4043662431,"hTO%":8.1459758879,"TOR":10.6425824331,"AR":14.8996154063,"STL%":7.4498077031,"BLK%":0.0,"EFG%":39.5348837209,"TS%":40.5022276225,"PPWS":0.8100445525,"REB%":54.2857142857,"OREB%":25.9259259259,"DREB%":84.3137254902,"FTR":0.3372093023,"FFI":28.7179238167,"Py-W":0.2071643116,"Py-L":0.7928356884,"PPR":-0.2537831297,"HHI":0.148125},"CSJL":{"OFF":78.751826551,"DEF":85.3144787635,"NET":-6.5626522126,"PACE":79.9981444992,"hAST%":14.6092037984,"hTO%":20.0876552228,"TOR":27.5006378432,"AR":20.000463886,"STL%":6.2501449644,"BLK%":7.2727272727,"EFG%":51.7543859649,"TS%":58.7248322148,"PPWS":1.1744966443,"REB%":52.1126760563,"OREB%":41.3793103448,"DREB%":59.5238095238,"FTR":0.5789473684,"FFI":44.536986442,"Py-W":0.2174339294,"Py-L":0.7825660706,"PPR":-5.7008190477,"HHI":0.1366213152},"LPU":{"OFF":73.7173200215,"DEF":82.2231646393,"NET":-8.5058446179,"PACE":79.3571985294,"hAST%":15.5500266572,"hTO%":10.6628754221,"TOR":15.1215015429,"AR":22.05218975,"STL%":5.6705630786,"BLK%":1.2048192771,"EFG%":41.134751773,"TS%":46.9653179191,"PPWS":0.9393063584,"REB%":43.3526011561,"OREB%":25.0,"DREB%":62.3529411765,"FTR":0.4042553191,"FFI":31.2981058822,"Py-W":0.2968042794,"Py-L":1.7031957206,"PPR":-0.1690253816,"HHI":0.148339908},"MU":{"OFF":60.1642815459,"DEF":72.1971378551,"NET":-12.0328563092,"PACE":81.0281428571,"hAST%":13.0645763345,"hTO%":14.9309443822,"TOR":19.7462257382,"AR":17.2779475209,"STL%":14.8096693036,"BLK%":3.9215686275,"EFG%":39.4366197183,"TS%":42.1202695697,"PPWS":0.8424053914,"REB%":41.975308642,"OREB%":23.9130434783,"DREB%":65.7142857143,"FTR":0.1971830986,"FFI":28.4515594964,"Py-W":0.0513125075,"Py-L":0.9486874925,"PPR":-3.3107955557,"HHI":0.139408284},"JRU":{"OFF":67.7927314639,"DEF":84.2273330309,"NET":-16.434601567,"PACE":73.0166773504,"hAST%":14.8573692552,"hTO%":15.8478605388,"TOR":21.9128020893,"AR":20.5432519587,"STL%":9.5868509141,"BLK%":6.8181818182,"EFG%":41.8181818182,"TS%":47.1698113208,"PPWS":0.9433962264,"REB%":44.0,"OREB%":30.5555555556,"DREB%":56.4102564103,"FTR":0.6181818182,"FFI":37.5893116334,"Py-W":0.030089367,"Py-L":0.969910633,"PPR":-3.3066535276,"HHI":0.1235078053}}