{"CSB":{"2PM":20.3076923077,"2PA":45.8461538462,"3PM":5.8461538462,"3PA":26.6923076923,"FTM":12.0769230769,"FTA":20.6153846154,"OFF":12.1538461538,"DEF":21.5384615385,"AST":12.7692307692,"TO":11.4615384615,"STL":9.1538461538,"BLK":3.1538461538,"PF":20.3076923077,"Fls on:":19.5384615385,"+\/-":-11.7692307692,"GW":25.0,"GP":13.0,"MINS":200.0,"FGM":26.1538461538,"FGA":72.5384615385,"FG%":36.0551431601,"2P%":44.2953020134,"3P%":21.9020172911,"FT%":58.5820895522,"PTS":70.2307692308,"REB":33.6923076923,"STK":12.3076923077},"SBU":{"2PM":15.5384615385,"2PA":38.0769230769,"3PM":7.6153846154,"3PA":30.6923076923,"FTM":10.9230769231,"FTA":16.3846153846,"OFF":11.0,"DEF":25.1538461538,"AST":13.9230769231,"TO":9.7692307692,"STL":6.1538461538,"BLK":2.6153846154,"PF":19.0,"Fls on:":17.7692307692,"+\/-":-3.5384615385,"GW":62.0,"GP":13.0,"MINS":200.0,"FGM":23.1538461538,"FGA":68.7692307692,"FG%":33.6689038031,"2P%":40.8080808081,"3P%":24.8120300752,"FT%":66.6666666667,"PTS":64.8461538462,"REB":36.1538461538,"STK":8.7692307692},"MU":{"2PM":18.2142857143,"2PA":41.5,"3PM":6.0,"3PA":21.4285714286,"FTM":18.2857142857,"FTA":27.7142857143,"OFF":8.5714285714,"DEF":24.9285714286,"AST":14.7142857143,"TO":12.9285714286,"STL":7.3571428571,"BLK":2.7142857143,"PF":19.9285714286,"Fls on:":23.2857142857,"+\/-":-2.8571428571,"GW":35.0,"GP":14.0,"MINS":200.0,"FGM":24.2142857143,"FGA":62.9285714286,"FG%":38.4790011351,"2P%":43.8898450947,"3P%":28.0,"FT%":65.9793814433,"PTS":72.7142857143,"REB":33.5,"STK":10.0714285714},"League":{"2PM":20.0,"2PA":43.25,"3PM":7.1764705882,"3PA":26.2205882353,"FTM":14.75,"FTA":23.0147058824,"OFF":11.8308823529,"DEF":26.9632352941,"AST":16.4191176471,"TO":13.4044117647,"STL":7.625,"BLK":3.0661764706,"PF":20.9558823529,"Fls on:":20.6691176471,"+\/-":-0.0014705882,"GW":88.4,"GP":13.6,"MINS":200.0,"FGM":27.1764705882,"FGA":69.4705882353,"FG%":39.1193903472,"2P%":46.2427745665,"3P%":27.3696017947,"FT%":64.089456869,"PTS":76.2794117647,"REB":38.7941176471,"STK":10.6911764706},"EAC":{"2PM":18.0769230769,"2PA":43.5384615385,"3PM":7.7692307692,"3PA":27.4615384615,"FTM":16.9230769231,"FTA":26.6923076923,"OFF":14.3076923077,"DEF":30.3076923077,"AST":17.0769230769,"TO":14.2307692308,"STL":7.3846153846,"BLK":3.3076923077,"PF":22.3846153846,"Fls on:":22.3076923077,"+\/-":0.3076923077,"GW":95.0,"GP":13.0,"MINS":200.0,"FGM":25.8461538462,"FGA":71.0,"FG%":36.4030335861,"2P%":41.519434629,"3P%":28.2913165266,"FT%":63.4005763689,"PTS":76.3846153846,"REB":44.6153846154,"STK":10.6923076923},"UPHSD":{"2PM":15.5714285714,"2PA":37.5714285714,"3PM":8.5714285714,"3PA":31.5714285714,"FTM":11.3571428571,"FTA":18.6428571429,"OFF":12.6428571429,"DEF":25.5714285714,"AST":15.0,"TO":13.0,"STL":8.9285714286,"BLK":2.5,"PF":19.0,"Fls on:":17.9285714286,"+\/-":1.1428571429,"GW":103.0,"GP":14.0,"MINS":200.0,"FGM":24.1428571429,"FGA":69.1428571429,"FG%":34.9173553719,"2P%":41.4448669202,"3P%":27.149321267,"FT%":60.9195402299,"PTS":68.2142857143,"REB":38.2142857143,"STK":11.4285714286},"LPU":{"2PM":22.5,"2PA":42.7857142857,"3PM":7.6428571429,"3PA":26.2857142857,"FTM":13.8571428571,"FTA":22.7857142857,"OFF":12.5714285714,"DEF":29.5,"AST":19.2142857143,"TO":14.4285714286,"STL":6.6428571429,"BLK":3.4285714286,"PF":21.5714285714,"Fls on:":19.8571428571,"+\/-":1.2857142857,"GW":102.0,"GP":14.0,"MINS":200.0,"FGM":30.1428571429,"FGA":69.0714285714,"FG%":43.6401240951,"2P%":52.5876460768,"3P%":29.0760869565,"FT%":60.8150470219,"PTS":81.7857142857,"REB":42.0714285714,"STK":10.0714285714},"CSJL":{"2PM":21.5,"2PA":48.0714285714,"3PM":7.1428571429,"3PA":27.8571428571,"FTM":13.5714285714,"FTA":20.7142857143,"OFF":13.8571428571,"DEF":25.1428571429,"AST":17.3571428571,"TO":11.0,"STL":8.8571428571,"BLK":2.5714285714,"PF":20.7857142857,"Fls on:":20.2142857143,"+\/-":1.8571428571,"GW":87.0,"GP":14.0,"MINS":200.0,"FGM":28.6428571429,"FGA":75.9285714286,"FG%":37.7234242709,"2P%":44.7251114413,"3P%":25.641025641,"FT%":65.5172413793,"PTS":78.0,"REB":39.0,"STK":11.4285714286},"AU":{"2PM":21.0714285714,"2PA":45.3571428571,"3PM":7.3571428571,"3PA":24.1428571429,"FTM":16.2857142857,"FTA":23.5,"OFF":11.4285714286,"DEF":30.3571428571,"AST":18.2142857143,"TO":16.2142857143,"STL":7.3571428571,"BLK":3.4285714286,"PF":23.3571428571,"Fls on:":20.0,"+\/-":3.5,"GW":122.0,"GP":14.0,"MINS":200.0,"FGM":28.4285714286,"FGA":69.5,"FG%":40.9044193217,"2P%":46.4566929134,"3P%":30.4733727811,"FT%":69.3009118541,"PTS":80.5,"REB":41.7857142857,"STK":10.7857142857},"JRU":{"2PM":23.8461538462,"2PA":45.8461538462,"3PM":6.2307692308,"3PA":22.3846153846,"FTM":14.5384615385,"FTA":22.3076923077,"OFF":10.8461538462,"DEF":25.2307692308,"AST":13.6923076923,"TO":13.9230769231,"STL":8.1538461538,"BLK":3.4615384615,"PF":23.4615384615,"Fls on:":20.6153846154,"+\/-":4.1692307692,"GW":120.0,"GP":13.0,"MINS":200.0,"FGM":30.0769230769,"FGA":68.2307692308,"FG%":44.0811724915,"2P%":52.0134228188,"3P%":27.8350515464,"FT%":65.1724137931,"PTS":80.9230769231,"REB":36.0769230769,"STK":11.6153846154},"SSCR":{"2PM":23.2142857143,"2PA":43.9285714286,"3PM":7.5,"3PA":23.8571428571,"FTM":19.3571428571,"FTA":30.3571428571,"OFF":11.0,"DEF":31.5,"AST":21.6428571429,"TO":16.7857142857,"STL":6.2857142857,"BLK":3.5,"PF":19.8571428571,"Fls on:":25.0,"+\/-":5.1142857143,"GW":133.0,"GP":14.0,"MINS":200.0,"FGM":30.7142857143,"FGA":67.7857142857,"FG%":45.31085353,"2P%":52.8455284553,"3P%":31.4371257485,"FT%":63.7647058824,"PTS":88.2857142857,"REB":42.5,"STK":9.7857142857}}