{"MU":{"2PM":255.0,"2PA":581.0,"3PM":84.0,"3PA":300.0,"FTM":256.0,"FTA":388.0,"OFF":120.0,"DEF":349.0,"AST":206.0,"TO":181.0,"STL":103.0,"BLK":38.0,"PF":279.0,"Fls on:":326.0,"+\/-":-40.0,"GW":35.0,"GP":14.0,"MINS":2800.0,"FGM":339.0,"FGA":881.0,"FG%":38.4790011351,"2P%":43.8898450947,"3P%":28.0,"FT%":65.9793814433,"PTS":1018.0,"REB":469.0,"STK":141.0},"LPU":{"2PM":315.0,"2PA":599.0,"3PM":107.0,"3PA":368.0,"FTM":194.0,"FTA":319.0,"OFF":176.0,"DEF":413.0,"AST":269.0,"TO":202.0,"STL":93.0,"BLK":48.0,"PF":302.0,"Fls on:":278.0,"+\/-":18.0,"GW":102.0,"GP":14.0,"MINS":2800.0,"FGM":422.0,"FGA":967.0,"FG%":43.6401240951,"2P%":52.5876460768,"3P%":29.0760869565,"FT%":60.8150470219,"PTS":1145.0,"REB":589.0,"STK":141.0},"CSJL":{"2PM":301.0,"2PA":673.0,"3PM":100.0,"3PA":390.0,"FTM":190.0,"FTA":290.0,"OFF":194.0,"DEF":352.0,"AST":243.0,"TO":154.0,"STL":124.0,"BLK":36.0,"PF":291.0,"Fls on:":283.0,"+\/-":26.0,"GW":87.0,"GP":14.0,"MINS":2800.0,"FGM":401.0,"FGA":1063.0,"FG%":37.7234242709,"2P%":44.7251114413,"3P%":25.641025641,"FT%":65.5172413793,"PTS":1092.0,"REB":546.0,"STK":160.0},"UPHSD":{"2PM":218.0,"2PA":526.0,"3PM":120.0,"3PA":442.0,"FTM":159.0,"FTA":261.0,"OFF":177.0,"DEF":358.0,"AST":210.0,"TO":182.0,"STL":125.0,"BLK":35.0,"PF":266.0,"Fls on:":251.0,"+\/-":16.0,"GW":103.0,"GP":14.0,"MINS":2800.0,"FGM":338.0,"FGA":968.0,"FG%":34.9173553719,"2P%":41.4448669202,"3P%":27.149321267,"FT%":60.9195402299,"PTS":955.0,"REB":535.0,"STK":160.0},"JRU":{"2PM":310.0,"2PA":596.0,"3PM":81.0,"3PA":291.0,"FTM":189.0,"FTA":290.0,"OFF":141.0,"DEF":328.0,"AST":178.0,"TO":181.0,"STL":106.0,"BLK":45.0,"PF":305.0,"Fls on:":268.0,"+\/-":54.2,"GW":120.0,"GP":13.0,"MINS":2600.0,"FGM":391.0,"FGA":887.0,"FG%":44.0811724915,"2P%":52.0134228188,"3P%":27.8350515464,"FT%":65.1724137931,"PTS":1052.0,"REB":469.0,"STK":151.0},"CSB":{"2PM":264.0,"2PA":596.0,"3PM":76.0,"3PA":347.0,"FTM":157.0,"FTA":268.0,"OFF":158.0,"DEF":280.0,"AST":166.0,"TO":149.0,"STL":119.0,"BLK":41.0,"PF":264.0,"Fls on:":254.0,"+\/-":-153.0,"GW":25.0,"GP":13.0,"MINS":2600.0,"FGM":340.0,"FGA":943.0,"FG%":36.0551431601,"2P%":44.2953020134,"3P%":21.9020172911,"FT%":58.5820895522,"PTS":913.0,"REB":438.0,"STK":160.0},"SSCR":{"2PM":325.0,"2PA":615.0,"3PM":105.0,"3PA":334.0,"FTM":271.0,"FTA":425.0,"OFF":154.0,"DEF":441.0,"AST":303.0,"TO":235.0,"STL":88.0,"BLK":49.0,"PF":278.0,"Fls on:":350.0,"+\/-":71.6,"GW":133.0,"GP":14.0,"MINS":2800.0,"FGM":430.0,"FGA":949.0,"FG%":45.31085353,"2P%":52.8455284553,"3P%":31.4371257485,"FT%":63.7647058824,"PTS":1236.0,"REB":595.0,"STK":137.0},"EAC":{"2PM":235.0,"2PA":566.0,"3PM":101.0,"3PA":357.0,"FTM":220.0,"FTA":347.0,"OFF":186.0,"DEF":394.0,"AST":222.0,"TO":185.0,"STL":96.0,"BLK":43.0,"PF":291.0,"Fls on:":290.0,"+\/-":4.0,"GW":95.0,"GP":13.0,"MINS":2600.0,"FGM":336.0,"FGA":923.0,"FG%":36.4030335861,"2P%":41.519434629,"3P%":28.2913165266,"FT%":63.4005763689,"PTS":993.0,"REB":580.0,"STK":139.0},"AU":{"2PM":295.0,"2PA":635.0,"3PM":103.0,"3PA":338.0,"FTM":228.0,"FTA":329.0,"OFF":160.0,"DEF":425.0,"AST":255.0,"TO":227.0,"STL":103.0,"BLK":48.0,"PF":327.0,"Fls on:":280.0,"+\/-":49.0,"GW":122.0,"GP":14.0,"MINS":2800.0,"FGM":398.0,"FGA":973.0,"FG%":40.9044193217,"2P%":46.4566929134,"3P%":30.4733727811,"FT%":69.3009118541,"PTS":1127.0,"REB":585.0,"STK":151.0},"SBU":{"2PM":202.0,"2PA":495.0,"3PM":99.0,"3PA":399.0,"FTM":142.0,"FTA":213.0,"OFF":143.0,"DEF":327.0,"AST":181.0,"TO":127.0,"STL":80.0,"BLK":34.0,"PF":247.0,"Fls on:":231.0,"+\/-":-46.0,"GW":62.0,"GP":13.0,"MINS":2600.0,"FGM":301.0,"FGA":894.0,"FG%":33.6689038031,"2P%":40.8080808081,"3P%":24.8120300752,"FT%":66.6666666667,"PTS":843.0,"REB":470.0,"STK":114.0},"League":{"2PM":272.0,"2PA":588.2,"3PM":97.6,"3PA":356.6,"FTM":200.6,"FTA":313.0,"OFF":160.9,"DEF":366.7,"AST":223.3,"TO":182.3,"STL":103.7,"BLK":41.7,"PF":285.0,"Fls on:":281.1,"+\/-":-0.02,"GW":88.4,"GP":13.6,"MINS":2720.0,"FGM":369.6,"FGA":944.8,"FG%":39.1193903472,"2P%":46.2427745665,"3P%":27.3696017947,"FT%":64.089456869,"PTS":1037.4,"REB":527.6,"STK":145.4}}