{"CSB":{"MINS":203.8461538462,"FGM":30.8461538462,"FGA":69.1538461538,"2PM":23.6153846154,"2PA":43.4615384615,"3PM":7.2307692308,"3PA":25.6923076923,"FTM":13.0769230769,"FTA":22.4615384615,"PTS":82.0,"OFF":13.8461538462,"DEF":31.3846153846,"REB":45.2307692308,"AST":18.1538461538,"TO":15.7692307692,"STL":7.3076923077,"BLK":4.0,"STK":11.3076923077,"PF":19.5384615385,"Fls on:":19.9230769231,"+\/-":11.7692307692,"GW":154.0,"GP":13.0,"W":11.0,"L":2.0,"FG%":44.6051167964,"2P%":54.3362831858,"3P%":28.1437125749,"FT%":58.2191780822,"W%":0.8461538462},"MU":{"MINS":201.7857142857,"FGM":26.7142857143,"FGA":68.6428571429,"2PM":18.2142857143,"2PA":38.9285714286,"3PM":8.5,"3PA":29.7142857143,"FTM":13.6428571429,"FTA":21.9285714286,"PTS":75.5714285714,"OFF":13.2857142857,"DEF":26.5,"REB":39.7857142857,"AST":16.1428571429,"TO":13.5714285714,"STL":7.6428571429,"BLK":2.5,"STK":10.1428571429,"PF":23.7142857143,"Fls on:":19.6428571429,"+\/-":2.8714285714,"GW":132.0,"GP":14.0,"W":11.0,"L":3.0,"FG%":38.9177939646,"2P%":46.7889908257,"3P%":28.6057692308,"FT%":62.2149837134,"W%":0.7857142857},"SBU":{"MINS":203.8461538462,"FGM":23.8461538462,"FGA":62.5384615385,"2PM":15.3076923077,"2PA":35.3846153846,"3PM":8.5384615385,"3PA":27.1538461538,"FTM":12.1538461538,"FTA":20.7692307692,"PTS":68.3846153846,"OFF":10.6153846154,"DEF":29.2307692308,"REB":39.8461538462,"AST":13.3076923077,"TO":11.7692307692,"STL":5.0769230769,"BLK":2.6153846154,"STK":7.6923076923,"PF":17.7692307692,"Fls on:":18.8461538462,"+\/-":3.5384615385,"GW":106.0,"GP":13.0,"W":8.0,"L":5.0,"FG%":38.1303813038,"2P%":43.2608695652,"3P%":31.4447592068,"FT%":58.5185185185,"W%":0.6153846154},"CSJL":{"MINS":208.9285714286,"FGM":26.5714285714,"FGA":64.9285714286,"2PM":19.5,"2PA":39.1428571429,"3PM":7.0714285714,"3PA":25.7857142857,"FTM":15.9285714286,"FTA":21.7142857143,"PTS":76.1428571429,"OFF":9.0,"DEF":28.5,"REB":37.5,"AST":15.8571428571,"TO":15.7857142857,"STL":5.9285714286,"BLK":4.3571428571,"STK":10.2857142857,"PF":20.6428571429,"Fls on:":20.4285714286,"+\/-":-1.8571428571,"GW":90.0,"GP":14.0,"W":7.0,"L":7.0,"FG%":40.9240924092,"2P%":49.8175182482,"3P%":27.4238227147,"FT%":73.3552631579,"W%":0.5},"League":{"MINS":204.0441176471,"FGM":27.1764705882,"FGA":69.4705882353,"2PM":20.0,"2PA":43.25,"3PM":7.1764705882,"3PA":26.2205882353,"FTM":14.75,"FTA":23.0147058824,"PTS":76.2794117647,"OFF":11.8308823529,"DEF":26.9632352941,"REB":38.7941176471,"AST":16.4191176471,"TO":13.4044117647,"STL":7.625,"BLK":3.0661764706,"STK":10.6911764706,"PF":20.9558823529,"Fls on:":20.6691176471,"+\/-":-0.0014705882,"GW":88.4,"GP":13.6,"W":6.8,"L":6.8,"FG%":39.1193903472,"2P%":46.2427745665,"3P%":27.3696017947,"FT%":64.089456869,"W%":0.5},"EAC":{"MINS":201.9230769231,"FGM":26.3846153846,"FGA":72.1538461538,"2PM":17.9230769231,"2PA":44.3076923077,"3PM":8.4615384615,"3PA":27.8461538462,"FTM":14.8461538462,"FTA":25.6923076923,"PTS":76.0769230769,"OFF":12.1538461538,"DEF":27.2307692308,"REB":39.3846153846,"AST":17.8461538462,"TO":13.0769230769,"STL":7.6923076923,"BLK":3.6923076923,"STK":11.3846153846,"PF":22.6153846154,"Fls on:":22.2307692308,"+\/-":-0.3384615385,"GW":85.0,"GP":13.0,"W":6.0,"L":7.0,"FG%":36.5671641791,"2P%":40.4513888889,"3P%":30.3867403315,"FT%":57.7844311377,"W%":0.4615384615},"LPU":{"MINS":203.5714285714,"FGM":28.0,"FGA":70.3571428571,"2PM":20.0714285714,"2PA":40.9285714286,"3PM":7.9285714286,"3PA":29.4285714286,"FTM":16.5714285714,"FTA":23.4285714286,"PTS":80.5,"OFF":9.6428571429,"DEF":25.5714285714,"REB":35.2142857143,"AST":17.4285714286,"TO":11.6428571429,"STL":7.6428571429,"BLK":1.7857142857,"STK":9.4285714286,"PF":20.1428571429,"Fls on:":21.3571428571,"+\/-":-1.2857142857,"GW":77.0,"GP":14.0,"W":6.0,"L":8.0,"FG%":39.7969543147,"2P%":49.0401396161,"3P%":26.9417475728,"FT%":70.7317073171,"W%":0.4285714286},"UPHSD":{"MINS":207.1428571429,"FGM":24.2142857143,"FGA":66.6428571429,"2PM":18.0,"2PA":42.5,"3PM":6.2142857143,"3PA":24.1428571429,"FTM":12.4285714286,"FTA":19.6428571429,"PTS":67.0714285714,"OFF":12.0,"DEF":29.0714285714,"REB":41.0714285714,"AST":17.6428571429,"TO":14.5714285714,"STL":7.2142857143,"BLK":3.7142857143,"STK":10.9285714286,"PF":18.1428571429,"Fls on:":18.7142857143,"+\/-":-1.1428571429,"GW":67.0,"GP":14.0,"W":6.0,"L":8.0,"FG%":36.3344051447,"2P%":42.3529411765,"3P%":25.7396449704,"FT%":63.2727272727,"W%":0.4285714286},"AU":{"MINS":203.5714285714,"FGM":29.0,"FGA":72.3571428571,"2PM":24.2857142857,"2PA":52.1428571429,"3PM":4.7142857143,"3PA":20.2142857143,"FTM":14.2857142857,"FTA":25.6428571429,"PTS":77.0,"OFF":12.2142857143,"DEF":25.1428571429,"REB":37.3571428571,"AST":15.5,"TO":12.5,"STL":10.2142857143,"BLK":2.7142857143,"STK":12.9285714286,"PF":20.4285714286,"Fls on:":22.7857142857,"+\/-":-3.5,"GW":63.0,"GP":14.0,"W":5.0,"L":9.0,"FG%":40.0789733465,"2P%":46.5753424658,"3P%":23.3215547703,"FT%":55.7103064067,"W%":0.3571428571},"JRU":{"MINS":200.0,"FGM":26.4615384615,"FGA":69.2307692308,"2PM":21.2307692308,"2PA":48.4615384615,"3PM":5.2307692308,"3PA":20.7692307692,"FTM":18.6153846154,"FTA":27.2307692308,"PTS":76.7692307692,"OFF":12.4615384615,"DEF":23.1538461538,"REB":35.6153846154,"AST":17.6153846154,"TO":13.8461538462,"STL":7.8461538462,"BLK":3.8461538462,"STK":11.6923076923,"PF":20.7692307692,"Fls on:":23.1538461538,"+\/-":-4.1538461538,"GW":58.0,"GP":13.0,"W":4.0,"L":9.0,"FG%":38.2222222222,"2P%":43.8095238095,"3P%":25.1851851852,"FT%":68.3615819209,"W%":0.3076923077},"SSCR":{"MINS":205.3571428571,"FGM":29.6428571429,"FGA":78.3571428571,"2PM":21.7142857143,"2PA":47.1428571429,"3PM":7.9285714286,"3PA":31.2142857143,"FTM":15.9285714286,"FTA":21.9285714286,"PTS":83.1428571429,"OFF":13.2142857143,"DEF":24.0714285714,"REB":37.2857142857,"AST":14.7857142857,"TO":11.5714285714,"STL":9.5,"BLK":1.5714285714,"STK":11.0714285714,"PF":25.5714285714,"Fls on:":19.7142857143,"+\/-":-5.1428571429,"GW":52.0,"GP":14.0,"W":4.0,"L":10.0,"FG%":37.8304466727,"2P%":46.0606060606,"3P%":25.4004576659,"FT%":72.6384364821,"W%":0.2857142857}}