{"CSB":{"2PM":20.2142857143,"2PA":45.5,"3PM":5.7142857143,"3PA":26.3571428571,"FTM":11.6428571429,"FTA":19.8571428571,"OFF":11.7142857143,"DEF":21.7857142857,"AST":12.8571428571,"TO":11.4285714286,"STL":9.1428571429,"BLK":3.2142857143,"PF":19.9285714286,"Fls on:":19.2142857143,"+\/-":-11.2857142857,"GW":25.0,"GP":14,"MINS":200.0,"FGM":25.9285714286,"FGA":71.8571428571,"FG%":36.083499006,"2P%":44.4270015699,"3P%":21.6802168022,"FT%":58.6330935252,"PTS":69.2142857143,"REB":33.5,"STK":12.3571428571},"SBU":{"2PM":16.1333333333,"2PA":37.9333333333,"3PM":7.1333333333,"3PA":29.8666666667,"FTM":11.1333333333,"FTA":17.0,"OFF":10.5333333333,"DEF":24.3333333333,"AST":13.7333333333,"TO":10.1333333333,"STL":5.9333333333,"BLK":2.7333333333,"PF":19.2,"Fls on:":18.0666666667,"+\/-":-5.9333333333,"GW":62.0,"GP":15,"MINS":200.0,"FGM":23.2666666667,"FGA":67.8,"FG%":34.3166175025,"2P%":42.5307557118,"3P%":23.8839285714,"FT%":65.4901960784,"PTS":64.8,"REB":34.8666666667,"STK":8.6666666667},"MU":{"2PM":18.4666666667,"2PA":41.8666666667,"3PM":5.7333333333,"3PA":20.8666666667,"FTM":17.5333333333,"FTA":26.8666666667,"OFF":9.0,"DEF":24.7333333333,"AST":14.8666666667,"TO":13.7333333333,"STL":7.4,"BLK":2.8,"PF":19.4,"Fls on:":22.8,"+\/-":-3.6,"GW":35.0,"GP":15,"MINS":200.0,"FGM":24.2,"FGA":62.7333333333,"FG%":38.5759829968,"2P%":44.1082802548,"3P%":27.4760383387,"FT%":65.2605459057,"PTS":71.6666666667,"REB":33.7333333333,"STK":10.2},"League":{"2PM":20.0133333333,"2PA":42.9466666667,"3PM":7.08,"3PA":26.1066666667,"FTM":14.6133333333,"FTA":22.7466666667,"OFF":11.6666666667,"DEF":26.76,"AST":16.4466666667,"TO":13.44,"STL":7.62,"BLK":3.0466666667,"PF":20.8266666667,"Fls on:":20.5466666667,"+\/-":-0.0013333333,"GW":97.4,"GP":15,"MINS":200.0,"FGM":27.0933333333,"FGA":69.0533333333,"FG%":39.2353736243,"2P%":46.6004346476,"3P%":27.1195097038,"FT%":64.2438452521,"PTS":75.88,"REB":38.4266666667,"STK":10.6666666667},"LPU":{"2PM":22.4,"2PA":42.4,"3PM":7.7333333333,"3PA":27.0,"FTM":14.0,"FTA":22.6,"OFF":12.2,"DEF":28.7333333333,"AST":19.2666666667,"TO":14.2,"STL":6.6666666667,"BLK":3.2666666667,"PF":22.0666666667,"Fls on:":19.7333333333,"+\/-":0.6666666667,"GW":102.0,"GP":15,"MINS":200.0,"FGM":30.1333333333,"FGA":69.4,"FG%":43.4197886647,"2P%":52.8301886792,"3P%":28.6419753086,"FT%":61.9469026549,"PTS":82.0,"REB":40.9333333333,"STK":9.9333333333},"EAC":{"2PM":17.8666666667,"2PA":42.4,"3PM":7.9333333333,"3PA":28.0,"FTM":16.4666666667,"FTA":25.5333333333,"OFF":13.7333333333,"DEF":30.3333333333,"AST":17.1333333333,"TO":14.0,"STL":7.1333333333,"BLK":3.2666666667,"PF":21.6666666667,"Fls on:":21.8666666667,"+\/-":1.6,"GW":110.0,"GP":15,"MINS":200.0,"FGM":25.8,"FGA":70.4,"FG%":36.6477272727,"2P%":42.1383647799,"3P%":28.3333333333,"FT%":64.4908616188,"PTS":76.0,"REB":44.0666666667,"STK":10.4},"UPHSD":{"2PM":15.5625,"2PA":37.0625,"3PM":8.5625,"3PA":31.3125,"FTM":11.125,"FTA":18.375,"OFF":12.3125,"DEF":25.375,"AST":15.3125,"TO":13.0625,"STL":9.375,"BLK":2.375,"PF":18.625,"Fls on:":17.375,"+\/-":2.1875,"GW":129.0,"GP":16,"MINS":200.0,"FGM":24.125,"FGA":68.375,"FG%":35.2833638026,"2P%":41.9898819562,"3P%":27.3453093812,"FT%":60.5442176871,"PTS":67.9375,"REB":37.6875,"STK":11.75},"CSJL":{"2PM":21.2666666667,"2PA":48.0,"3PM":7.2666666667,"3PA":28.1333333333,"FTM":13.0,"FTA":20.0666666667,"OFF":14.0666666667,"DEF":25.4,"AST":17.5333333333,"TO":10.9333333333,"STL":8.7333333333,"BLK":2.6666666667,"PF":20.7333333333,"Fls on:":20.0,"+\/-":2.4,"GW":100.0,"GP":15,"MINS":200.0,"FGM":28.5333333333,"FGA":76.1333333333,"FG%":37.4781085814,"2P%":44.3055555556,"3P%":25.8293838863,"FT%":64.7840531561,"PTS":77.3333333333,"REB":39.4666666667,"STK":11.4},"AU":{"2PM":21.3333333333,"2PA":45.6666666667,"3PM":7.1333333333,"3PA":23.5333333333,"FTM":16.2,"FTA":23.2666666667,"OFF":11.3333333333,"DEF":30.2,"AST":18.4,"TO":16.3333333333,"STL":7.3333333333,"BLK":3.2666666667,"PF":23.8,"Fls on:":19.9333333333,"+\/-":3.0,"GW":122.0,"GP":15,"MINS":200.0,"FGM":28.4666666667,"FGA":69.2,"FG%":41.1368015414,"2P%":46.7153284672,"3P%":30.3116147309,"FT%":69.6275071633,"PTS":80.2666666667,"REB":41.5333333333,"STK":10.6},"JRU":{"2PM":23.7333333333,"2PA":45.5333333333,"3PM":6.1333333333,"3PA":21.9333333333,"FTM":15.2,"FTA":23.1333333333,"OFF":10.8,"DEF":25.0,"AST":13.7333333333,"TO":13.6666666667,"STL":8.0666666667,"BLK":3.6666666667,"PF":23.2,"Fls on:":21.3333333333,"+\/-":4.7466666667,"GW":144.0,"GP":15,"MINS":200.0,"FGM":29.8666666667,"FGA":67.4666666667,"FG%":44.2687747036,"2P%":52.1229868228,"3P%":27.9635258359,"FT%":65.7060518732,"PTS":81.0666666667,"REB":35.8,"STK":11.7333333333},"SSCR":{"2PM":23.4666666667,"2PA":43.6666666667,"3PM":7.2666666667,"3PA":23.7333333333,"FTM":19.8666666667,"FTA":30.8666666667,"OFF":10.9333333333,"DEF":31.4666666667,"AST":21.4666666667,"TO":16.8,"STL":6.4,"BLK":3.2666666667,"PF":19.7333333333,"Fls on:":25.2666666667,"+\/-":5.3066666667,"GW":145.0,"GP":15,"MINS":200.0,"FGM":30.7333333333,"FGA":67.4,"FG%":45.5984174085,"2P%":53.7404580153,"3P%":30.6179775281,"FT%":64.3628509719,"PTS":88.6,"REB":42.4,"STK":9.6666666667}}