{"CSB":{"MINS":203.5714285714,"FGM":30.3571428571,"FGA":69.1428571429,"2PM":23.2857142857,"2PA":43.4285714286,"3PM":7.0714285714,"3PA":25.7142857143,"FTM":12.7142857143,"FTA":21.6428571429,"PTS":80.5,"OFF":13.8571428571,"DEF":31.2857142857,"REB":45.1428571429,"AST":17.8571428571,"TO":15.5714285714,"STL":7.4285714286,"BLK":3.8571428571,"STK":11.2857142857,"PF":19.2857142857,"Fls on:":19.5714285714,"+\/-":11.2857142857,"GW":168.0,"GP":14,"W":12.0,"L":2.0,"FG%":43.9049586777,"2P%":53.6184210526,"3P%":27.5,"FT%":58.7458745875,"W%":0.8571428571},"MU":{"MINS":201.6666666667,"FGM":26.5333333333,"FGA":67.8666666667,"2PM":17.8,"2PA":37.9333333333,"3PM":8.7333333333,"3PA":29.9333333333,"FTM":13.4666666667,"FTA":21.8,"PTS":75.2666666667,"OFF":12.8,"DEF":25.9333333333,"REB":38.7333333333,"AST":16.4666666667,"TO":13.6,"STL":8.1333333333,"BLK":2.4,"STK":10.5333333333,"PF":23.2,"Fls on:":19.1333333333,"+\/-":3.6133333333,"GW":144.0,"GP":15,"W":12.0,"L":3.0,"FG%":39.0962671906,"2P%":46.9244288225,"3P%":29.1759465479,"FT%":61.7737003058,"W%":0.8},"SBU":{"MINS":203.3333333333,"FGM":24.8,"FGA":63.4666666667,"2PM":15.8,"2PA":35.9333333333,"3PM":9.0,"3PA":27.5333333333,"FTM":12.1333333333,"FTA":20.4,"PTS":70.7333333333,"OFF":11.0,"DEF":28.9333333333,"REB":39.9333333333,"AST":14.1333333333,"TO":11.6666666667,"STL":5.0666666667,"BLK":2.6,"STK":7.6666666667,"PF":18.1333333333,"Fls on:":19.0666666667,"+\/-":5.9333333333,"GW":133.0,"GP":15,"W":10.0,"L":5.0,"FG%":39.0756302521,"2P%":43.9703153989,"3P%":32.6876513317,"FT%":59.477124183,"W%":0.6666666667},"League":{"MINS":203.6666666667,"FGM":27.0933333333,"FGA":69.0533333333,"2PM":20.0133333333,"2PA":42.9466666667,"3PM":7.08,"3PA":26.1066666667,"FTM":14.6133333333,"FTA":22.7333333333,"PTS":75.88,"OFF":11.6666666667,"DEF":26.7533333333,"REB":38.42,"AST":16.4466666667,"TO":13.4333333333,"STL":7.6133333333,"BLK":3.0466666667,"STK":10.66,"PF":20.8266666667,"Fls on:":20.5466666667,"+\/-":-0.0013333333,"GW":97.4,"GP":15,"W":7.5,"L":7.5,"FG%":39.2353736243,"2P%":46.6004346476,"3P%":27.1195097038,"FT%":64.2815249267,"W%":0.5},"CSJL":{"MINS":208.3333333333,"FGM":26.0666666667,"FGA":64.8,"2PM":19.1333333333,"2PA":38.6666666667,"3PM":6.9333333333,"3PA":26.1333333333,"FTM":15.8666666667,"FTA":21.5333333333,"PTS":74.9333333333,"OFF":9.0,"DEF":28.7333333333,"REB":37.7333333333,"AST":15.6,"TO":15.7333333333,"STL":5.8666666667,"BLK":4.3333333333,"STK":10.2,"PF":20.4,"Fls on:":20.3333333333,"+\/-":-2.4,"GW":90.0,"GP":15,"W":7.0,"L":8.0,"FG%":40.2263374486,"2P%":49.4827586207,"3P%":26.5306122449,"FT%":73.6842105263,"W%":0.4666666667},"EAC":{"MINS":201.6666666667,"FGM":26.0666666667,"FGA":71.7333333333,"2PM":17.7333333333,"2PA":43.4,"3PM":8.3333333333,"3PA":28.3333333333,"FTM":13.9333333333,"FTA":24.3333333333,"PTS":74.4,"OFF":12.0,"DEF":26.8,"REB":38.8,"AST":17.5333333333,"TO":12.9333333333,"STL":7.4666666667,"BLK":3.6666666667,"STK":11.1333333333,"PF":22.2,"Fls on:":21.4666666667,"+\/-":-1.6266666667,"GW":98.0,"GP":15,"W":7.0,"L":8.0,"FG%":36.3382899628,"2P%":40.8602150538,"3P%":29.4117647059,"FT%":57.2602739726,"W%":0.4666666667},"LPU":{"MINS":203.3333333333,"FGM":28.2,"FGA":69.8,"2PM":20.5333333333,"2PA":40.8666666667,"3PM":7.6666666667,"3PA":28.9333333333,"FTM":17.2666666667,"FTA":24.4,"PTS":81.3333333333,"OFF":9.6666666667,"DEF":25.9333333333,"REB":35.6,"AST":17.5333333333,"TO":12.0,"STL":7.6666666667,"BLK":1.6666666667,"STK":9.3333333333,"PF":20.0,"Fls on:":21.8666666667,"+\/-":-0.6666666667,"GW":89.0,"GP":15,"W":7.0,"L":8.0,"FG%":40.4011461318,"2P%":50.2446982055,"3P%":26.4976958525,"FT%":70.7650273224,"W%":0.4666666667},"AU":{"MINS":203.3333333333,"FGM":28.8666666667,"FGA":71.2666666667,"2PM":24.4666666667,"2PA":51.7333333333,"3PM":4.4,"3PA":19.5333333333,"FTM":15.1333333333,"FTA":26.4666666667,"PTS":77.2666666667,"OFF":11.7333333333,"DEF":24.9333333333,"REB":36.6666666667,"AST":15.2666666667,"TO":12.4666666667,"STL":10.2666666667,"BLK":3.0,"STK":13.2666666667,"PF":20.3333333333,"Fls on:":23.2666666667,"+\/-":-3.0,"GW":75.0,"GP":15,"W":6.0,"L":9.0,"FG%":40.5051449953,"2P%":47.293814433,"3P%":22.5255972696,"FT%":57.1788413098,"W%":0.4},"UPHSD":{"MINS":206.25,"FGM":24.125,"FGA":66.0,"2PM":18.3125,"2PA":42.6875,"3PM":5.8125,"3PA":23.3125,"FTM":11.6875,"FTA":18.75,"PTS":65.75,"OFF":11.8125,"DEF":28.3125,"REB":40.125,"AST":17.375,"TO":14.9375,"STL":7.375,"BLK":3.75,"STK":11.125,"PF":17.5625,"Fls on:":18.3125,"+\/-":-2.1875,"GW":67.0,"GP":16,"W":6.0,"L":10.0,"FG%":36.553030303,"2P%":42.8989751098,"3P%":24.9329758713,"FT%":62.3333333333,"W%":0.375},"JRU":{"MINS":200.0,"FGM":26.6666666667,"FGA":68.6,"2PM":21.7333333333,"2PA":48.4,"3PM":4.9333333333,"3PA":20.2,"FTM":18.0666666667,"FTA":26.4,"PTS":76.3333333333,"OFF":12.1333333333,"DEF":23.2,"REB":35.3333333333,"AST":17.6,"TO":13.9333333333,"STL":7.5333333333,"BLK":3.6666666667,"STK":11.2,"PF":21.4666666667,"Fls on:":22.9333333333,"+\/-":-4.7333333333,"GW":58.0,"GP":15,"W":4.0,"L":11.0,"FG%":38.8726919339,"2P%":44.9035812672,"3P%":24.4224422442,"FT%":68.4343434343,"W%":0.2666666667},"SSCR":{"MINS":205.0,"FGM":29.6666666667,"FGA":78.0666666667,"2PM":21.6666666667,"2PA":46.4666666667,"3PM":8.0,"3PA":31.6,"FTM":15.9333333333,"FTA":21.8,"PTS":83.2666666667,"OFF":12.8,"DEF":23.6666666667,"REB":36.4666666667,"AST":15.1333333333,"TO":11.5333333333,"STL":9.3333333333,"BLK":1.5333333333,"STK":10.8666666667,"PF":25.8,"Fls on:":19.6,"+\/-":-5.3333333333,"GW":52.0,"GP":15,"W":4.0,"L":11.0,"FG%":38.0017079419,"2P%":46.6284074605,"3P%":25.3164556962,"FT%":73.0886850153,"W%":0.2666666667}}