{"AU":{"MINS":3050.0,"FGM":433.0,"FGA":1069.0,"2PM":367.0,"2PA":776.0,"3PM":66.0,"3PA":293.0,"FTM":227.0,"FTA":397.0,"PTS":1159.0,"OFF":176.0,"DEF":374.0,"REB":550.0,"AST":229.0,"TO":187.0,"STL":154.0,"BLK":45.0,"STK":199.0,"PF":305.0,"Fls on:":349.0,"+\/-":-45.0,"GW":75.0,"GP":15.0,"W":6.0,"L":9.0,"FG%":40.5051449953,"2P%":47.293814433,"3P%":22.5255972696,"FT%":57.1788413098},"CSB":{"MINS":2850.0,"FGM":425.0,"FGA":968.0,"2PM":326.0,"2PA":608.0,"3PM":99.0,"3PA":360.0,"FTM":178.0,"FTA":303.0,"PTS":1127.0,"OFF":194.0,"DEF":438.0,"REB":632.0,"AST":250.0,"TO":218.0,"STL":104.0,"BLK":54.0,"STK":158.0,"PF":270.0,"Fls on:":274.0,"+\/-":158.0,"GW":168.0,"GP":14.0,"W":12.0,"L":2.0,"FG%":43.9049586777,"2P%":53.6184210526,"3P%":27.5,"FT%":58.7458745875},"CSJL":{"MINS":3125.0,"FGM":391.0,"FGA":972.0,"2PM":287.0,"2PA":580.0,"3PM":104.0,"3PA":392.0,"FTM":238.0,"FTA":323.0,"PTS":1124.0,"OFF":135.0,"DEF":431.0,"REB":566.0,"AST":234.0,"TO":236.0,"STL":88.0,"BLK":65.0,"STK":153.0,"PF":306.0,"Fls on:":305.0,"+\/-":-36.0,"GW":90.0,"GP":15.0,"W":7.0,"L":8.0,"FG%":40.2263374486,"2P%":49.4827586207,"3P%":26.5306122449,"FT%":73.6842105263},"EAC":{"MINS":3025.0,"FGM":391.0,"FGA":1076.0,"2PM":266.0,"2PA":651.0,"3PM":125.0,"3PA":425.0,"FTM":209.0,"FTA":365.0,"PTS":1116.0,"OFF":180.0,"DEF":402.0,"REB":582.0,"AST":263.0,"TO":194.0,"STL":112.0,"BLK":55.0,"STK":167.0,"PF":333.0,"Fls on:":322.0,"+\/-":-24.4,"GW":98.0,"GP":15.0,"W":7.0,"L":8.0,"FG%":36.3382899628,"2P%":40.8602150538,"3P%":29.4117647059,"FT%":57.2602739726},"JRU":{"MINS":3000.0,"FGM":400.0,"FGA":1029.0,"2PM":326.0,"2PA":726.0,"3PM":74.0,"3PA":303.0,"FTM":271.0,"FTA":396.0,"PTS":1145.0,"OFF":182.0,"DEF":348.0,"REB":530.0,"AST":264.0,"TO":209.0,"STL":113.0,"BLK":55.0,"STK":168.0,"PF":322.0,"Fls on:":344.0,"+\/-":-71.0,"GW":58.0,"GP":15.0,"W":4.0,"L":11.0,"FG%":38.8726919339,"2P%":44.9035812672,"3P%":24.4224422442,"FT%":68.4343434343},"LPU":{"MINS":3050.0,"FGM":423.0,"FGA":1047.0,"2PM":308.0,"2PA":613.0,"3PM":115.0,"3PA":434.0,"FTM":259.0,"FTA":366.0,"PTS":1220.0,"OFF":145.0,"DEF":389.0,"REB":534.0,"AST":263.0,"TO":180.0,"STL":115.0,"BLK":25.0,"STK":140.0,"PF":300.0,"Fls on:":328.0,"+\/-":-10.0,"GW":89.0,"GP":15.0,"W":7.0,"L":8.0,"FG%":40.4011461318,"2P%":50.2446982055,"3P%":26.4976958525,"FT%":70.7650273224},"MU":{"MINS":3025.0,"FGM":398.0,"FGA":1018.0,"2PM":267.0,"2PA":569.0,"3PM":131.0,"3PA":449.0,"FTM":202.0,"FTA":327.0,"PTS":1129.0,"OFF":192.0,"DEF":389.0,"REB":581.0,"AST":247.0,"TO":204.0,"STL":122.0,"BLK":36.0,"STK":158.0,"PF":348.0,"Fls on:":287.0,"+\/-":54.2,"GW":144.0,"GP":15.0,"W":12.0,"L":3.0,"FG%":39.0962671906,"2P%":46.9244288225,"3P%":29.1759465479,"FT%":61.7737003058},"SBU":{"MINS":3050.0,"FGM":372.0,"FGA":952.0,"2PM":237.0,"2PA":539.0,"3PM":135.0,"3PA":413.0,"FTM":182.0,"FTA":306.0,"PTS":1061.0,"OFF":165.0,"DEF":434.0,"REB":599.0,"AST":212.0,"TO":175.0,"STL":76.0,"BLK":39.0,"STK":115.0,"PF":272.0,"Fls on:":286.0,"+\/-":89.0,"GW":133.0,"GP":15.0,"W":10.0,"L":5.0,"FG%":39.0756302521,"2P%":43.9703153989,"3P%":32.6876513317,"FT%":59.477124183},"SSCR":{"MINS":3075.0,"FGM":445.0,"FGA":1171.0,"2PM":325.0,"2PA":697.0,"3PM":120.0,"3PA":474.0,"FTM":239.0,"FTA":327.0,"PTS":1249.0,"OFF":192.0,"DEF":355.0,"REB":547.0,"AST":227.0,"TO":173.0,"STL":140.0,"BLK":23.0,"STK":163.0,"PF":387.0,"Fls on:":294.0,"+\/-":-80.0,"GW":52.0,"GP":15.0,"W":4.0,"L":11.0,"FG%":38.0017079419,"2P%":46.6284074605,"3P%":25.3164556962,"FT%":73.0886850153},"UPHSD":{"MINS":3300.0,"FGM":386.0,"FGA":1056.0,"2PM":293.0,"2PA":683.0,"3PM":93.0,"3PA":373.0,"FTM":187.0,"FTA":300.0,"PTS":1052.0,"OFF":189.0,"DEF":453.0,"REB":642.0,"AST":278.0,"TO":239.0,"STL":118.0,"BLK":60.0,"STK":178.0,"PF":281.0,"Fls on:":293.0,"+\/-":-35.0,"GW":67.0,"GP":16.0,"W":6.0,"L":10.0,"FG%":36.553030303,"2P%":42.8989751098,"3P%":24.9329758713,"FT%":62.3333333333},"League":{"MINS":3055.0,"FGM":406.4,"FGA":1035.8,"2PM":300.2,"2PA":644.2,"3PM":106.2,"3PA":391.6,"FTM":219.2,"FTA":341.0,"PTS":1138.2,"OFF":175.0,"DEF":401.3,"REB":576.3,"AST":246.7,"TO":201.5,"STL":114.2,"BLK":45.7,"STK":159.9,"PF":312.4,"Fls on:":308.2,"+\/-":-0.02,"GW":97.4,"GP":15.0,"W":7.5,"L":7.5,"FG%":39.2353736243,"2P%":46.6004346476,"3P%":27.1195097038,"FT%":64.2815249267}}