{"CSB":{"OFF":78.1266543867,"DEF":68.3227640077,"NET":9.803890379,"PACE":76.9783698945,"hAST%":16.5270798437,"hTO%":13.7353433836,"TOR":19.9731431324,"AR":24.0327250699,"STL%":9.1746551787,"BLK%":8.8888888889,"EFG%":49.0410958904,"TS%":51.3610888711,"PPWS":1.0272217774,"REB%":57.5342465753,"OREB%":38.5840707965,"DREB%":73.3727810651,"FTR":0.3196347032,"FFI":37.1210588465,"Py-W":14.3238289519,"Py-L":1.6761710481,"PPR":-1.5143802041,"HHI":0.098109519},"SBU":{"OFF":74.1674549587,"DEF":68.5983439415,"NET":5.5691110172,"PACE":71.5441834016,"hAST%":14.7318055905,"hTO%":12.0246789222,"TOR":16.6854934006,"AR":20.4419133809,"STL%":7.4254813563,"BLK%":6.4569536424,"EFG%":45.6692913386,"TS%":48.6505071343,"PPWS":0.9730101427,"REB%":53.5413153457,"OREB%":30.9608540925,"DREB%":73.8782051282,"FTR":0.3297244094,"FFI":33.5771268458,"Py-W":12.4337855852,"Py-L":3.5662144148,"PPR":-1.1718330602,"HHI":0.1099792106},"MU":{"OFF":74.8869926363,"DEF":71.4038766997,"NET":3.4831159366,"PACE":75.3635551559,"hAST%":15.2689687573,"hTO%":12.2739018088,"TOR":17.332648351,"AR":21.562146274,"STL%":10.6152104734,"BLK%":5.5722891566,"EFG%":45.6561922366,"TS%":48.792348841,"PPWS":0.9758469768,"REB%":52.6452732003,"OREB%":33.3333333333,"DREB%":73.381294964,"FTR":0.3188539741,"FFI":34.0451152609,"Py-W":10.9087741051,"Py-L":5.0912258949,"PPR":-1.142422691,"HHI":0.1352813435},"LPU":{"OFF":76.4100466738,"DEF":76.3545161167,"NET":0.0555305572,"PACE":79.4475137701,"hAST%":15.9639655135,"hTO%":10.9113973039,"TOR":15.0302708089,"AR":21.9901006416,"STL%":9.6252965771,"BLK%":4.2176870748,"EFG%":45.9079283887,"TS%":50.5718738055,"PPWS":1.0114374761,"REB%":46.6004583652,"OREB%":25.0384024578,"DREB%":67.9331306991,"FTR":0.3631713555,"FFI":32.5759898818,"Py-W":8.5494360133,"Py-L":8.4505639867,"PPR":-0.1420123102,"HHI":0.1169963071},"League":{"OFF":72.9634067857,"DEF":72.9634067857,"NET":0.0,"PACE":77.8494222756,"hAST%":15.2979804875,"hTO%":12.2372652985,"TOR":17.1291598251,"AR":21.4134078472,"STL%":9.7120064852,"BLK%":7.0566519949,"EFG%":44.3286219081,"TS%":47.9551589728,"PPWS":0.9591031795,"REB%":50.0,"OREB%":30.1871827411,"DREB%":69.8128172589,"FTR":0.327385159,"FFI":32.9619526529,"Py-W":8.2,"Py-L":8.2,"PPR":-1.0924537731,"HHI":0.0099391877},"EAC":{"OFF":69.4403667115,"DEF":70.718069459,"NET":-1.2777027475,"PACE":79.4164279872,"hAST%":15.6071168453,"hTO%":11.133076683,"TOR":15.8509210413,"AR":22.2209173477,"STL%":8.9624366636,"BLK%":8.4815321477,"EFG%":41.3821138211,"TS%":44.3829001562,"PPWS":0.8876580031,"REB%":47.226074896,"OREB%":28.5519125683,"DREB%":66.4788732394,"FTR":0.3292682927,"FFI":31.1649826927,"Py-W":7.2688903331,"Py-L":9.7311096669,"PPR":-0.400693691,"HHI":0.10903808},"CSJL":{"OFF":72.0648096551,"DEF":74.1528268495,"NET":-2.0880171944,"PACE":78.177179075,"hAST%":15.2642838043,"hTO%":14.2615206346,"TOR":19.2624288924,"AR":20.6168184239,"STL%":7.9006056004,"BLK%":8.4788029925,"EFG%":45.9641255605,"TS%":50.4727123253,"PPWS":1.0094542465,"REB%":48.3024691358,"OREB%":25.3401360544,"DREB%":67.3728813559,"FTR":0.3058295964,"FFI":32.8567286044,"Py-W":6.5908718541,"Py-L":10.4091281459,"PPR":-2.071656292,"HHI":0.1206632126},"UPHSD":{"OFF":66.336256983,"DEF":69.0510860054,"NET":-2.7148290224,"PACE":74.7528388689,"hAST%":16.4509881597,"hTO%":14.2501870681,"TOR":20.3808903423,"AR":23.5285181944,"STL%":9.9150277341,"BLK%":10.3773584906,"EFG%":41.1949685535,"TS%":44.6201727642,"PPWS":0.8924034553,"REB%":51.5957446809,"OREB%":31.5873015873,"DREB%":69.970845481,"FTR":0.2991913747,"FFI":32.3785409444,"Py-W":5.8624297198,"Py-L":11.1375702802,"PPR":-1.7753804593,"HHI":0.1235942427},"AU":{"OFF":70.2050089101,"DEF":73.3751858314,"NET":-3.1701769212,"PACE":81.3243255521,"hAST%":13.5679863082,"hTO%":10.9219474846,"TOR":14.9094381265,"AR":18.5215184974,"STL%":12.4501493634,"BLK%":6.7567567568,"EFG%":42.3442906574,"TS%":45.4057439384,"PPWS":0.9081148788,"REB%":46.9483568075,"OREB%":28.3430232558,"DREB%":68.6440677966,"FTR":0.3641868512,"FFI":31.7964832139,"Py-W":5.2854020898,"Py-L":10.7145979102,"PPR":-0.9818164586,"HHI":0.110470744},"SSCR":{"OFF":74.7098641554,"DEF":78.579969731,"NET":-3.8701055756,"PACE":83.5733014721,"hAST%":13.5480628455,"hTO%":10.3795642768,"TOR":14.2090832728,"AR":18.5465929034,"STL%":11.2924819694,"BLK%":3.323699422,"EFG%":43.7399678973,"TS%":47.8269611927,"PPWS":0.9565392239,"REB%":46.3687150838,"OREB%":28.7553648069,"DREB%":68.5920577617,"FTR":0.2672552167,"FFI":30.8081591889,"Py-W":4.9328132282,"Py-L":11.0671867718,"PPR":-0.7015958247,"HHI":0.1268362958},"JRU":{"OFF":73.6966556191,"DEF":78.0883746886,"NET":-4.3917190695,"PACE":77.9165275787,"hAST%":15.9442343411,"hTO%":12.5875534272,"TOR":18.0481605598,"AR":22.8610033757,"STL%":9.5454715849,"BLK%":7.9276773296,"EFG%":42.9616087751,"TS%":47.9459561011,"PPWS":0.958919122,"REB%":50.3527336861,"OREB%":33.1081081081,"DREB%":69.1881918819,"FTR":0.3811700183,"FFI":34.0358555458,"Py-W":4.5393344258,"Py-L":11.4606655742,"PPR":-1.0928080121,"HHI":0.117574344}}