{"CSB":{"2PM":18.0,"2PA":45.0,"3PM":4.25,"3PA":26.25,"FTM":10.25,"FTA":20.25,"OFF":13.0,"DEF":22.75,"AST":10.75,"TO":12.75,"STL":7.5,"BLK":3.75,"PF":19.5,"Fls on:":20.0,"+\/-":-16.75,"GW":0.0,"GP":4.0,"MINS":200.0,"FGM":22.25,"FGA":71.25,"FG%":31.2280701754,"2P%":40.0,"3P%":16.1904761905,"FT%":50.6172839506,"PTS":59.0,"REB":35.75,"STK":11.25},"CSJL":{"2PM":21.6666666667,"2PA":48.6666666667,"3PM":6.0,"3PA":26.0,"FTM":16.0,"FTA":22.3333333333,"OFF":13.6666666667,"DEF":17.6666666667,"AST":14.6666666667,"TO":10.3333333333,"STL":9.3333333333,"BLK":3.6666666667,"PF":22.0,"Fls on:":22.0,"+\/-":-2.6666666667,"GW":13.0,"GP":3.0,"MINS":200.0,"FGM":27.6666666667,"FGA":74.6666666667,"FG%":37.0535714286,"2P%":44.5205479452,"3P%":23.0769230769,"FT%":71.6417910448,"PTS":77.3333333333,"REB":31.3333333333,"STK":13.0},"SBU":{"2PM":14.5,"2PA":35.75,"3PM":9.25,"3PA":38.25,"FTM":12.25,"FTA":19.75,"OFF":13.75,"DEF":26.5,"AST":13.75,"TO":9.5,"STL":7.25,"BLK":2.0,"PF":25.25,"Fls on:":19.25,"+\/-":-2.0,"GW":25.0,"GP":4.0,"MINS":200.0,"FGM":23.75,"FGA":74.0,"FG%":32.0945945946,"2P%":40.5594405594,"3P%":24.1830065359,"FT%":62.0253164557,"PTS":69.0,"REB":40.25,"STK":9.25},"League":{"2PM":19.4411764706,"2PA":42.7647058824,"3PM":6.9705882353,"3PA":26.5294117647,"FTM":14.7647058824,"FTA":23.2058823529,"OFF":12.7058823529,"DEF":27.1470588235,"AST":15.2058823529,"TO":13.1470588235,"STL":7.4411764706,"BLK":3.2647058824,"PF":21.7941176471,"Fls on:":21.5,"+\/-":0.0,"GW":22.3,"GP":3.4,"MINS":200.0,"FGM":26.4117647059,"FGA":69.2941176471,"FG%":38.1154499151,"2P%":45.4607977992,"3P%":26.2749445676,"FT%":63.6248415716,"PTS":74.5588235294,"REB":39.8529411765,"STK":10.7058823529},"SSCR":{"2PM":19.3333333333,"2PA":35.6666666667,"3PM":8.3333333333,"3PA":27.0,"FTM":23.6666666667,"FTA":34.0,"OFF":11.0,"DEF":28.6666666667,"AST":19.0,"TO":17.6666666667,"STL":4.3333333333,"BLK":2.3333333333,"PF":23.6666666667,"Fls on:":28.3333333333,"+\/-":0.3333333333,"GW":12.0,"GP":3.0,"MINS":200.0,"FGM":27.6666666667,"FGA":62.6666666667,"FG%":44.1489361702,"2P%":54.2056074766,"3P%":30.8641975309,"FT%":69.6078431373,"PTS":87.3333333333,"REB":39.6666666667,"STK":6.6666666667},"EAC":{"2PM":18.5,"2PA":46.5,"3PM":6.25,"3PA":25.5,"FTM":14.5,"FTA":26.25,"OFF":16.5,"DEF":33.0,"AST":14.0,"TO":13.5,"STL":7.25,"BLK":2.0,"PF":23.25,"Fls on:":22.25,"+\/-":1.25,"GW":27.0,"GP":4.0,"MINS":200.0,"FGM":24.75,"FGA":72.0,"FG%":34.375,"2P%":39.7849462366,"3P%":24.5098039216,"FT%":55.2380952381,"PTS":70.25,"REB":49.5,"STK":9.25},"MU":{"2PM":20.0,"2PA":46.3333333333,"3PM":5.0,"3PA":20.3333333333,"FTM":14.6666666667,"FTA":22.0,"OFF":9.0,"DEF":29.6666666667,"AST":15.6666666667,"TO":14.3333333333,"STL":8.0,"BLK":3.0,"PF":15.6666666667,"Fls on:":22.6666666667,"+\/-":1.3333333333,"GW":13.0,"GP":3.0,"MINS":200.0,"FGM":25.0,"FGA":66.6666666667,"FG%":37.5,"2P%":43.1654676259,"3P%":24.5901639344,"FT%":66.6666666667,"PTS":69.6666666667,"REB":38.6666666667,"STK":11.0},"UPHSD":{"2PM":19.25,"2PA":41.25,"3PM":7.0,"3PA":23.75,"FTM":11.0,"FTA":17.75,"OFF":11.5,"DEF":27.5,"AST":13.25,"TO":13.5,"STL":8.75,"BLK":2.25,"PF":19.25,"Fls on:":18.0,"+\/-":3.75,"GW":26.0,"GP":4.0,"MINS":200.0,"FGM":26.25,"FGA":65.0,"FG%":40.3846153846,"2P%":46.6666666667,"3P%":29.4736842105,"FT%":61.9718309859,"PTS":70.5,"REB":39.0,"STK":11.0},"LPU":{"2PM":22.6666666667,"2PA":42.0,"3PM":8.3333333333,"3PA":27.3333333333,"FTM":18.3333333333,"FTA":26.6666666667,"OFF":15.0,"DEF":30.6666666667,"AST":19.6666666667,"TO":14.0,"STL":6.6666666667,"BLK":3.6666666667,"PF":24.0,"Fls on:":24.6666666667,"+\/-":4.3333333333,"GW":28.0,"GP":3.0,"MINS":200.0,"FGM":31.0,"FGA":69.3333333333,"FG%":44.7115384615,"2P%":53.9682539683,"3P%":30.487804878,"FT%":68.75,"PTS":88.6666666667,"REB":45.6666666667,"STK":10.3333333333},"AU":{"2PM":19.6666666667,"2PA":45.3333333333,"3PM":8.6666666667,"3PA":27.0,"FTM":15.3333333333,"FTA":22.0,"OFF":12.0,"DEF":31.6666666667,"AST":18.0,"TO":15.0,"STL":6.3333333333,"BLK":6.3333333333,"PF":22.0,"Fls on:":18.6666666667,"+\/-":5.3333333333,"GW":38.0,"GP":3.0,"MINS":200.0,"FGM":28.3333333333,"FGA":72.3333333333,"FG%":39.1705069124,"2P%":43.3823529412,"3P%":32.0987654321,"FT%":69.696969697,"PTS":80.6666666667,"REB":43.6666666667,"STK":12.6666666667},"JRU":{"2PM":23.3333333333,"2PA":42.0,"3PM":7.0,"3PA":21.3333333333,"FTM":15.3333333333,"FTA":24.0,"OFF":10.3333333333,"DEF":23.0,"AST":16.3333333333,"TO":12.0,"STL":8.6666666667,"BLK":4.6666666667,"PF":23.3333333333,"Fls on:":21.3333333333,"+\/-":9.6666666667,"GW":41.0,"GP":3.0,"MINS":200.0,"FGM":30.3333333333,"FGA":63.3333333333,"FG%":47.8947368421,"2P%":55.5555555556,"3P%":32.8125,"FT%":63.8888888889,"PTS":83.0,"REB":33.3333333333,"STK":13.3333333333}}