{"CSB":{"OFF":75.0644190567,"DEF":58.466016163,"NET":16.5984028937,"PACE":75.6849925889,"hAST%":13.0256791961,"hTO%":12.7930777819,"TOR":18.1674061523,"AR":18.4977226278,"STL%":10.2398107404,"BLK%":9.4444444444,"EFG%":45.1557093426,"TS%":47.5040762574,"PPWS":0.9500815251,"REB%":57.6923076923,"OREB%":40.9090909091,"DREB%":71.7391304348,"FTR":0.2352941176,"FFI":34.3153652216,"Py-W":3.9279431643,"Py-L":0.0720568357,"PPR":-2.1863202357,"HHI":0.1145094707},"CSJL":{"OFF":79.7218624674,"DEF":77.0644670519,"NET":2.6573954156,"PACE":75.2616636679,"hAST%":14.4889357218,"hTO%":15.8061116965,"TOR":21.2591633246,"AR":19.4875663809,"STL%":8.8579847186,"BLK%":10.9589041096,"EFG%":51.1111111111,"TS%":56.6893424036,"PPWS":1.1337868481,"REB%":53.9215686275,"OREB%":35.3658536585,"DREB%":66.393442623,"FTR":0.4,"FFI":38.8324060073,"Py-W":1.8971289412,"Py-L":1.1028710588,"PPR":-3.1942182638,"HHI":0.1088888889},"SBU":{"OFF":71.5790493661,"DEF":69.5627381164,"NET":2.0163112498,"PACE":74.3932763449,"hAST%":12.3438861458,"hTO%":13.7961080453,"TOR":19.1549568726,"AR":17.1386456229,"STL%":6.0489337493,"BLK%":8.3916083916,"EFG%":43.137254902,"TS%":46.5329663128,"PPWS":0.9306593263,"REB%":53.0612244898,"OREB%":35.7575757576,"DREB%":69.1011235955,"FTR":0.4470588235,"FFI":35.9010386834,"Py-W":2.4493741878,"Py-L":1.5506258122,"PPR":-2.895763452,"HHI":0.1350426503},"League":{"OFF":72.5308351529,"DEF":72.5308351529,"NET":0.0,"PACE":77.2721294957,"hAST%":14.0981031643,"hTO%":12.1892690802,"TOR":17.0526144975,"AR":19.723046298,"STL%":9.6517035075,"BLK%":7.6341127923,"EFG%":43.1451612903,"TS%":46.8895662854,"PPWS":0.9377913257,"REB%":50.0,"OREB%":31.8819188192,"DREB%":68.1180811808,"FTR":0.3348896435,"FFI":32.9209465563,"Py-W":1.7,"Py-L":1.7,"PPR":-1.4830917874,"HHI":0.0105084237},"SSCR":{"OFF":80.0422433213,"DEF":80.348918583,"NET":-0.3066752618,"PACE":81.5194543438,"hAST%":13.4243203938,"hTO%":7.27150688,"TOR":10.6314090746,"AR":19.6272167531,"STL%":11.0403094236,"BLK%":3.738317757,"EFG%":41.235059761,"TS%":46.0220059247,"PPWS":0.9204401185,"REB%":50.2092050209,"OREB%":37.2262773723,"DREB%":67.6470588235,"FTR":0.2948207171,"FFI":31.0194424045,"Py-W":1.4541251535,"Py-L":1.5458748465,"PPR":0.9478980216,"HHI":0.151656611},"EAC":{"OFF":65.0734734255,"DEF":66.2523406977,"NET":-1.1788672722,"PACE":79.5254921489,"hAST%":15.664160401,"hTO%":10.9649122807,"TOR":15.4038656901,"AR":22.0055224144,"STL%":8.1734797539,"BLK%":10.2150537634,"EFG%":37.8091872792,"TS%":42.0885689887,"PPWS":0.8417713798,"REB%":43.75,"OREB%":22.8070175439,"DREB%":63.5359116022,"FTR":0.3604240283,"FFI":28.942405267,"Py-W":1.7146983451,"Py-L":2.2853016549,"PPR":-0.2748143156,"HHI":0.1088269271},"MU":{"OFF":67.1841323271,"DEF":68.4950422262,"NET":-1.3109098991,"PACE":76.2828933333,"hAST%":15.118373649,"hTO%":12.8667009779,"TOR":17.4787986542,"AR":20.5375884187,"STL%":11.7981890916,"BLK%":4.3165467626,"EFG%":42.5373134328,"TS%":45.7834554225,"PPWS":0.9156691085,"REB%":50.0,"OREB%":28.8,"DREB%":74.7663551402,"FTR":0.2587064677,"FFI":31.0252220516,"Py-W":1.2699385862,"Py-L":1.7300614138,"PPR":-1.4631759925,"HHI":0.1420345033},"UPHSD":{"OFF":68.0832737745,"DEF":71.9081767956,"NET":-3.824903021,"PACE":73.5312760749,"hAST%":13.5791881075,"hTO%":12.388031256,"TOR":17.6795517417,"AR":19.3795086399,"STL%":10.1997413894,"BLK%":7.8787878788,"EFG%":39.6739130435,"TS%":42.9591968078,"PPWS":0.8591839362,"REB%":49.1856677524,"OREB%":32.0987654321,"DREB%":68.275862069,"FTR":0.2862318841,"FFI":31.0026845001,"Py-W":1.1772464911,"Py-L":2.8227535089,"PPR":-1.8390300541,"HHI":0.133611076},"LPU":{"OFF":79.0797845003,"DEF":83.1431726367,"NET":-4.0633881364,"PACE":79.9825143678,"hAST%":16.0676029517,"hTO%":11.0092835039,"TOR":15.4200370304,"AR":22.5049189092,"STL%":8.3351551515,"BLK%":3.1746031746,"EFG%":47.6076555024,"TS%":51.6157989228,"PPWS":1.0323159785,"REB%":42.6778242678,"OREB%":25.2032520325,"DREB%":61.2068965517,"FTR":0.3923444976,"FFI":33.8238893292,"Py-W":0.9289801203,"Py-L":2.0710198797,"PPR":-0.1610187971,"HHI":0.1468387258},"AU":{"OFF":68.0469694156,"DEF":72.864453976,"NET":-4.8174845604,"PACE":83.0308836458,"hAST%":12.4182214684,"hTO%":11.8124545675,"TOR":15.6568248213,"AR":16.4597389147,"STL%":13.2480825411,"BLK%":4.4117647059,"EFG%":44.1441441441,"TS%":45.1710905021,"PPWS":0.90342181,"REB%":48.2213438735,"OREB%":25.78125,"DREB%":71.2,"FTR":0.2882882883,"FFI":31.0524381873,"Py-W":0.7523473133,"Py-L":2.2476526867,"PPR":-1.7372006904,"HHI":0.1076043543},"JRU":{"OFF":74.8209245102,"DEF":84.6836827411,"NET":-9.8627582309,"PACE":73.5088484405,"hAST%":15.3566503698,"hTO%":13.78964523,"TOR":19.9522465361,"AR":22.2195472788,"STL%":9.5226631195,"BLK%":11.1111111111,"EFG%":42.6315789474,"TS%":48.6553432413,"PPWS":0.9731068648,"REB%":50.7389162562,"OREB%":36.1111111111,"DREB%":67.3684210526,"FTR":0.4315789474,"FFI":35.7365996457,"Py-W":0.3635711361,"Py-L":2.6364288639,"PPR":-1.9855904414,"HHI":0.115661157}}