{"AU":{"POS":249.0926509375,"PACE":83.0308836458},"CSB":{"POS":302.7399703557,"PACE":75.6849925889},"CSJL":{"POS":225.7849910036,"PACE":75.2616636679},"EAC":{"POS":318.1019685955,"PACE":79.5254921489},"JRU":{"POS":220.5265453216,"PACE":73.5088484405},"LPU":{"POS":239.9475431034,"PACE":79.9825143678},"MU":{"POS":228.84868,"PACE":76.2828933333},"SBU":{"POS":297.5731053796,"PACE":74.3932763449},"SSCR":{"POS":244.5583630313,"PACE":81.5194543438},"UPHSD":{"POS":294.1251042997,"PACE":73.5312760749},"League":{"POS":262.1298922028,"PACE":77.2721294957}}