{"AU":{"MINS":2050.0,"FGM":288.0,"FGA":713.0,"2PM":244.0,"2PA":524.0,"3PM":44.0,"3PA":189.0,"FTM":149.0,"FTA":261.0,"PTS":769.0,"OFF":114.0,"DEF":256.0,"REB":370.0,"AST":142.0,"TO":126.0,"STL":99.0,"BLK":26.0,"STK":125.0,"PF":204.0,"Fls on:":234.0,"+\/-":-25.0,"GW":38.0,"GP":10.0,"W":3.0,"L":7.0,"FG%":40.3927068724,"2P%":46.5648854962,"3P%":23.2804232804,"FT%":57.0881226054},"CSB":{"MINS":2050.0,"FGM":308.0,"FGA":686.0,"2PM":239.0,"2PA":431.0,"3PM":69.0,"3PA":255.0,"FTM":132.0,"FTA":220.0,"PTS":817.0,"OFF":140.0,"DEF":309.0,"REB":449.0,"AST":178.0,"TO":169.0,"STL":75.0,"BLK":37.0,"STK":112.0,"PF":187.0,"Fls on:":193.0,"+\/-":111.0,"GW":110.0,"GP":10.0,"W":8.0,"L":2.0,"FG%":44.8979591837,"2P%":55.4524361949,"3P%":27.0588235294,"FT%":60.0},"CSJL":{"MINS":2275.0,"FGM":284.0,"FGA":708.0,"2PM":207.0,"2PA":411.0,"3PM":77.0,"3PA":297.0,"FTM":156.0,"FTA":207.0,"PTS":801.0,"OFF":103.0,"DEF":314.0,"REB":417.0,"AST":174.0,"TO":167.0,"STL":64.0,"BLK":52.0,"STK":116.0,"PF":221.0,"Fls on:":202.0,"+\/-":-17.0,"GW":77.0,"GP":11.0,"W":6.0,"L":5.0,"FG%":40.1129943503,"2P%":50.3649635036,"3P%":25.9259259259,"FT%":75.3623188406},"EAC":{"MINS":2225.0,"FGM":286.0,"FGA":789.0,"2PM":198.0,"2PA":485.0,"3PM":88.0,"3PA":304.0,"FTM":163.0,"FTA":281.0,"PTS":823.0,"OFF":134.0,"DEF":288.0,"REB":422.0,"AST":194.0,"TO":150.0,"STL":89.0,"BLK":41.0,"STK":130.0,"PF":245.0,"Fls on:":240.0,"+\/-":-7.4,"GW":71.0,"GP":11.0,"W":5.0,"L":6.0,"FG%":36.2484157161,"2P%":40.824742268,"3P%":28.9473684211,"FT%":58.0071174377},"JRU":{"MINS":2000.0,"FGM":256.0,"FGA":692.0,"2PM":201.0,"2PA":484.0,"3PM":55.0,"3PA":208.0,"FTM":191.0,"FTA":276.0,"PTS":758.0,"OFF":133.0,"DEF":224.0,"REB":357.0,"AST":166.0,"TO":139.0,"STL":83.0,"BLK":42.0,"STK":125.0,"PF":203.0,"Fls on:":231.0,"+\/-":-41.0,"GW":44.0,"GP":10.0,"W":3.0,"L":7.0,"FG%":36.9942196532,"2P%":41.5289256198,"3P%":26.4423076923,"FT%":69.2028985507},"LPU":{"MINS":2225.0,"FGM":309.0,"FGA":779.0,"2PM":220.0,"2PA":450.0,"3PM":89.0,"3PA":329.0,"FTM":183.0,"FTA":257.0,"PTS":890.0,"OFF":113.0,"DEF":282.0,"REB":395.0,"AST":188.0,"TO":118.0,"STL":85.0,"BLK":18.0,"STK":103.0,"PF":217.0,"Fls on:":229.0,"+\/-":-6.0,"GW":77.0,"GP":11.0,"W":6.0,"L":5.0,"FG%":39.6662387677,"2P%":48.8888888889,"3P%":27.0516717325,"FT%":71.2062256809},"MU":{"MINS":2225.0,"FGM":294.0,"FGA":752.0,"2PM":200.0,"2PA":426.0,"3PM":94.0,"3PA":326.0,"FTM":163.0,"FTA":255.0,"PTS":845.0,"OFF":148.0,"DEF":301.0,"REB":449.0,"AST":167.0,"TO":147.0,"STL":80.0,"BLK":29.0,"STK":109.0,"PF":262.0,"Fls on:":223.0,"+\/-":28.2,"GW":97.0,"GP":11.0,"W":8.0,"L":3.0,"FG%":39.0957446809,"2P%":46.9483568075,"3P%":28.8343558282,"FT%":63.9215686275},"SBU":{"MINS":2250.0,"FGM":274.0,"FGA":712.0,"2PM":182.0,"2PA":415.0,"3PM":92.0,"3PA":297.0,"FTM":137.0,"FTA":236.0,"PTS":777.0,"OFF":126.0,"DEF":332.0,"REB":458.0,"AST":146.0,"TO":129.0,"STL":50.0,"BLK":28.0,"STK":78.0,"PF":198.0,"Fls on:":215.0,"+\/-":45.0,"GW":94.0,"GP":11.0,"W":7.0,"L":4.0,"FG%":38.4831460674,"2P%":43.8554216867,"3P%":30.9764309764,"FT%":58.0508474576},"SSCR":{"MINS":2025.0,"FGM":276.0,"FGA":774.0,"2PM":204.0,"2PA":452.0,"3PM":72.0,"3PA":322.0,"FTM":173.0,"FTA":232.0,"PTS":797.0,"OFF":139.0,"DEF":225.0,"REB":364.0,"AST":136.0,"TO":110.0,"STL":99.0,"BLK":15.0,"STK":114.0,"PF":259.0,"Fls on:":201.0,"+\/-":-77.0,"GW":26.0,"GP":10.0,"W":2.0,"L":8.0,"FG%":35.6589147287,"2P%":45.1327433628,"3P%":22.3602484472,"FT%":74.5689655172},"UPHSD":{"MINS":2275.0,"FGM":268.0,"FGA":743.0,"2PM":199.0,"2PA":473.0,"3PM":69.0,"3PA":270.0,"FTM":133.0,"FTA":211.0,"PTS":738.0,"OFF":129.0,"DEF":323.0,"REB":452.0,"AST":190.0,"TO":154.0,"STL":83.0,"BLK":42.0,"STK":125.0,"PF":201.0,"Fls on:":197.0,"+\/-":-11.0,"GW":58.0,"GP":11.0,"W":5.0,"L":6.0,"FG%":36.069986541,"2P%":42.0718816068,"3P%":25.5555555556,"FT%":63.0331753555},"League":{"MINS":2160.0,"FGM":284.3,"FGA":734.8,"2PM":209.4,"2PA":455.1,"3PM":74.9,"3PA":279.7,"FTM":158.0,"FTA":243.6,"PTS":801.5,"OFF":127.9,"DEF":285.4,"REB":413.3,"AST":168.1,"TO":140.9,"STL":80.7,"BLK":33.0,"STK":113.7,"PF":219.7,"Fls on:":216.5,"+\/-":-0.02,"GW":69.2,"GP":10.6,"W":5.3,"L":5.3,"FG%":38.6908002177,"2P%":46.0118655241,"3P%":26.7786914551,"FT%":64.8604269294}}