{"AU":{"MINS":2450.0,"FGM":356.0,"FGA":874.0,"2PM":304.0,"2PA":646.0,"3PM":52.0,"3PA":228.0,"FTM":173.0,"FTA":305.0,"PTS":937.0,"OFF":144.0,"DEF":307.0,"REB":451.0,"AST":183.0,"TO":149.0,"STL":116.0,"BLK":34.0,"STK":150.0,"PF":252.0,"Fls on:":278.0,"+\/-":-43.0,"GW":51.0,"GP":12.0,"W":4.0,"L":8.0,"FG%":40.7322654462,"2P%":47.0588235294,"3P%":22.8070175439,"FT%":56.7213114754},"CSB":{"MINS":2250.0,"FGM":347.0,"FGA":766.0,"2PM":271.0,"2PA":490.0,"3PM":76.0,"3PA":276.0,"FTM":147.0,"FTA":249.0,"PTS":917.0,"OFF":159.0,"DEF":343.0,"REB":502.0,"AST":200.0,"TO":180.0,"STL":80.0,"BLK":45.0,"STK":125.0,"PF":208.0,"Fls on:":217.0,"+\/-":134.0,"GW":125.0,"GP":11.0,"W":9.0,"L":2.0,"FG%":45.3002610966,"2P%":55.306122449,"3P%":27.5362318841,"FT%":59.0361445783},"CSJL":{"MINS":2475.0,"FGM":311.0,"FGA":766.0,"2PM":227.0,"2PA":448.0,"3PM":84.0,"3PA":318.0,"FTM":173.0,"FTA":232.0,"PTS":879.0,"OFF":107.0,"DEF":333.0,"REB":440.0,"AST":189.0,"TO":182.0,"STL":73.0,"BLK":55.0,"STK":128.0,"PF":243.0,"Fls on:":227.0,"+\/-":-25.0,"GW":77.0,"GP":12.0,"W":6.0,"L":6.0,"FG%":40.6005221932,"2P%":50.6696428571,"3P%":26.4150943396,"FT%":74.5689655172},"EAC":{"MINS":2425.0,"FGM":320.0,"FGA":865.0,"2PM":218.0,"2PA":532.0,"3PM":102.0,"3PA":333.0,"FTM":182.0,"FTA":310.0,"PTS":924.0,"OFF":145.0,"DEF":320.0,"REB":465.0,"AST":217.0,"TO":158.0,"STL":94.0,"BLK":46.0,"STK":140.0,"PF":265.0,"Fls on:":266.0,"+\/-":-0.4,"GW":85.0,"GP":12.0,"W":6.0,"L":6.0,"FG%":36.9942196532,"2P%":40.977443609,"3P%":30.6306306306,"FT%":58.7096774194},"JRU":{"MINS":2200.0,"FGM":289.0,"FGA":756.0,"2PM":231.0,"2PA":531.0,"3PM":58.0,"3PA":225.0,"FTM":207.0,"FTA":302.0,"PTS":843.0,"OFF":144.0,"DEF":257.0,"REB":401.0,"AST":190.0,"TO":161.0,"STL":87.0,"BLK":45.0,"STK":132.0,"PF":225.0,"Fls on:":254.0,"+\/-":-43.0,"GW":44.0,"GP":11.0,"W":3.0,"L":8.0,"FG%":38.2275132275,"2P%":43.5028248588,"3P%":25.7777777778,"FT%":68.5430463576},"LPU":{"MINS":2425.0,"FGM":340.0,"FGA":845.0,"2PM":246.0,"2PA":495.0,"3PM":94.0,"3PA":350.0,"FTM":202.0,"FTA":280.0,"PTS":976.0,"OFF":118.0,"DEF":308.0,"REB":426.0,"AST":210.0,"TO":135.0,"STL":94.0,"BLK":19.0,"STK":113.0,"PF":241.0,"Fls on:":252.0,"+\/-":-11.0,"GW":77.0,"GP":12.0,"W":6.0,"L":6.0,"FG%":40.2366863905,"2P%":49.696969697,"3P%":26.8571428571,"FT%":72.1428571429},"MU":{"MINS":2425.0,"FGM":328.0,"FGA":815.0,"2PM":226.0,"2PA":469.0,"3PM":102.0,"3PA":346.0,"FTM":173.0,"FTA":274.0,"PTS":931.0,"OFF":158.0,"DEF":326.0,"REB":484.0,"AST":192.0,"TO":164.0,"STL":91.0,"BLK":30.0,"STK":121.0,"PF":287.0,"Fls on:":244.0,"+\/-":36.2,"GW":109.0,"GP":12.0,"W":9.0,"L":3.0,"FG%":40.245398773,"2P%":48.1876332623,"3P%":29.4797687861,"FT%":63.1386861314},"SBU":{"MINS":2450.0,"FGM":294.0,"FGA":770.0,"2PM":189.0,"2PA":437.0,"3PM":105.0,"3PA":333.0,"FTM":141.0,"FTA":240.0,"PTS":834.0,"OFF":135.0,"DEF":356.0,"REB":491.0,"AST":162.0,"TO":139.0,"STL":58.0,"BLK":30.0,"STK":88.0,"PF":213.0,"Fls on:":224.0,"+\/-":49.0,"GW":106.0,"GP":12.0,"W":8.0,"L":4.0,"FG%":38.1818181818,"2P%":43.2494279176,"3P%":31.5315315315,"FT%":58.75},"SSCR":{"MINS":2425.0,"FGM":343.0,"FGA":935.0,"2PM":253.0,"2PA":559.0,"3PM":90.0,"3PA":376.0,"FTM":202.0,"FTA":278.0,"PTS":978.0,"OFF":159.0,"DEF":276.0,"REB":435.0,"AST":173.0,"TO":129.0,"STL":115.0,"BLK":19.0,"STK":134.0,"PF":308.0,"Fls on:":243.0,"+\/-":-82.0,"GW":37.0,"GP":12.0,"W":3.0,"L":9.0,"FG%":36.6844919786,"2P%":45.259391771,"3P%":23.9361702128,"FT%":72.6618705036},"UPHSD":{"MINS":2475.0,"FGM":288.0,"FGA":803.0,"2PM":211.0,"2PA":505.0,"3PM":77.0,"3PA":298.0,"FTM":138.0,"FTA":219.0,"PTS":791.0,"OFF":138.0,"DEF":347.0,"REB":485.0,"AST":203.0,"TO":165.0,"STL":89.0,"BLK":46.0,"STK":135.0,"PF":211.0,"Fls on:":212.0,"+\/-":-15.0,"GW":58.0,"GP":12.0,"W":5.0,"L":7.0,"FG%":35.8655043587,"2P%":41.7821782178,"3P%":25.8389261745,"FT%":63.0136986301},"League":{"MINS":2400.0,"FGM":321.6,"FGA":819.5,"2PM":237.6,"2PA":511.2,"3PM":84.0,"3PA":308.3,"FTM":173.8,"FTA":268.9,"PTS":901.0,"OFF":140.7,"DEF":317.3,"REB":458.0,"AST":191.9,"TO":156.2,"STL":89.7,"BLK":36.9,"STK":126.6,"PF":245.3,"Fls on:":241.7,"+\/-":-0.02,"GW":76.9,"GP":11.8,"W":5.9,"L":5.9,"FG%":39.2434411226,"2P%":46.4788732394,"3P%":27.2461887772,"FT%":64.6336928226}}