{"CSB":{"OFF":79.6986751353,"DEF":68.0524129017,"NET":11.6462622335,"PACE":78.4488916116,"hAST%":15.9291471535,"hTO%":14.3362324381,"TOR":20.8589771346,"AR":23.1766412607,"STL%":9.2706565043,"BLK%":8.875739645,"EFG%":50.2610966057,"TS%":52.3664854493,"PPWS":1.047329709,"REB%":57.9008073818,"OREB%":41.2987012987,"DREB%":71.1618257261,"FTR":0.3250652742,"FFI":38.454902298,"Py-W":15.8547043095,"Py-L":-4.8547043095,"PPR":-2.0603860412,"HHI":0.0967559333},"SBU":{"OFF":73.1990458947,"DEF":68.8983825268,"NET":4.3006633679,"PACE":71.2099445599,"hAST%":13.7684854666,"hTO%":11.8137004929,"TOR":16.2664546433,"AR":18.9580262749,"STL%":6.7874415058,"BLK%":6.5934065934,"EFG%":45.0,"TS%":47.6244860667,"PPWS":0.9524897213,"REB%":53.196099675,"OREB%":30.5429864253,"DREB%":74.0124740125,"FTR":0.3116883117,"FFI":32.8505356212,"Py-W":-2.0500864714,"Py-L":14.0500864714,"PPR":-1.3847332158,"HHI":0.1205309134},"MU":{"OFF":75.9413137534,"DEF":73.0048075288,"NET":2.9365062246,"PACE":76.6216662895,"hAST%":14.8657437517,"hTO%":12.6978227879,"TOR":17.8365563273,"AR":20.8818220418,"STL%":9.8971135719,"BLK%":5.8027079304,"EFG%":46.5030674847,"TS%":49.7562956946,"PPWS":0.9951259139,"REB%":54.2600896861,"OREB%":34.8017621145,"DREB%":74.4292237443,"FTR":0.336196319,"FFI":35.0636632839,"Py-W":9.9820318598,"Py-L":2.0179681402,"PPR":-1.5099073997,"HHI":0.1316291342},"EAC":{"OFF":71.8255124666,"DEF":71.8255124666,"NET":0.0,"PACE":80.4031854654,"hAST%":15.7657657658,"hTO%":11.4792211566,"TOR":16.3758022651,"AR":22.490817035,"STL%":9.7425659046,"BLK%":8.5981308411,"EFG%":42.8901734104,"TS%":46.1354104254,"PPWS":0.9227082085,"REB%":46.686746988,"OREB%":28.7128712871,"DREB%":65.1731160896,"FTR":0.3583815029,"FFI":32.3683167312,"Py-W":-49.5134697836,"Py-L":61.5134697836,"PPR":-0.5329235183,"HHI":0.1099164184},"League":{"OFF":73.4891170585,"DEF":73.4891170585,"NET":0.0,"PACE":77.9311613058,"hAST%":14.9232142691,"hTO%":12.1469831622,"TOR":16.9870515494,"AR":20.8694954695,"STL%":9.7550481689,"BLK%":7.2183098592,"EFG%":44.3685173887,"TS%":48.0371416141,"PPWS":0.9607428323,"REB%":50.0,"OREB%":30.7205240175,"DREB%":69.2794759825,"FTR":0.3281269067,"FFI":33.0601782461,"Py-W":-15.4290450003,"Py-L":27.2290450003,"PPR":-1.1777777778,"HHI":0.0099583011},"LPU":{"OFF":76.9519419157,"DEF":77.8192281463,"NET":-0.8672862306,"PACE":79.2702542411,"hAST%":15.9914712154,"hTO%":10.2802314956,"TOR":14.1919565008,"AR":22.0763767791,"STL%":9.8818067487,"BLK%":3.6893203883,"EFG%":45.798816568,"TS%":50.4028093369,"PPWS":1.0080561867,"REB%":45.9051724138,"OREB%":24.8945147679,"DREB%":67.8414096916,"FTR":0.3313609467,"FFI":31.8168329072,"Py-W":0.0,"Py-L":12.0,"PPR":0.2027025249,"HHI":0.1159592515},"UPHSD":{"OFF":66.822289018,"DEF":68.0894626403,"NET":-1.2671736223,"PACE":73.9835475955,"hAST%":16.0175482894,"hTO%":13.0191894963,"TOR":18.5852131276,"AR":22.8654440298,"STL%":10.0247513234,"BLK%":10.2678571429,"EFG%":40.6600249066,"TS%":43.9757160648,"PPWS":0.8795143213,"REB%":50.9989484753,"OREB%":30.4635761589,"DREB%":69.6787148594,"FTR":0.2727272727,"FFI":31.0939375672,"Py-W":143.1202242491,"Py-L":-131.1202242491,"PPR":-1.2626109292,"HHI":0.1268106271},"CSJL":{"OFF":71.9621217363,"DEF":74.008825995,"NET":-2.0467042587,"PACE":76.3422459962,"hAST%":15.2532524131,"hTO%":14.6883171385,"TOR":19.8666760046,"AR":20.6307789278,"STL%":7.9685019139,"BLK%":9.8389982111,"EFG%":46.0835509138,"TS%":50.6289742881,"PPWS":1.0125794858,"REB%":48.4581497797,"OREB%":26.0975609756,"DREB%":66.8674698795,"FTR":0.3028720627,"FFI":33.1626825017,"Py-W":12.20996327,"Py-L":-0.20996327,"PPR":-2.3097184258,"HHI":0.1118514291},"AU":{"OFF":71.3225559547,"DEF":74.5956294937,"NET":-3.273073539,"PACE":82.1093680899,"hAST%":13.6546784062,"hTO%":11.1177436204,"TOR":15.1221072035,"AR":18.5727893842,"STL%":11.7729156752,"BLK%":6.1594202899,"EFG%":43.7070938215,"TS%":46.4689545725,"PPWS":0.9293790915,"REB%":47.3242392445,"OREB%":28.5148514851,"DREB%":68.5267857143,"FTR":0.3489702517,"FFI":32.2008884022,"Py-W":132.667016903,"Py-L":-120.667016903,"PPR":-1.0459625085,"HHI":0.108802247},"JRU":{"OFF":73.6402836896,"DEF":77.396549643,"NET":-3.7562659533,"PACE":78.0514004665,"hAST%":15.3240636191,"hTO%":12.985127593,"TOR":18.7522114259,"AR":22.1299389498,"STL%":10.1331825718,"BLK%":8.9108910891,"EFG%":42.0634920635,"TS%":47.4192241922,"PPWS":0.9483844838,"REB%":50.4402515723,"OREB%":35.1219512195,"DREB%":66.7532467532,"FTR":0.3994708995,"FFI":34.5299034178,"Py-W":2.2196776841,"Py-L":8.7803223159,"PPR":-1.5582019274,"HHI":0.1159433138},"SSCR":{"OFF":73.7591193454,"DEF":79.9434217854,"NET":-6.18430244,"PACE":82.8711087422,"hAST%":12.7269517111,"hTO%":9.4900391372,"TOR":12.9719514595,"AR":17.3964930426,"STL%":11.564142774,"BLK%":3.6608863198,"EFG%":41.4973262032,"TS%":46.2490069232,"PPWS":0.9249801385,"REB%":45.934530095,"OREB%":29.3357933579,"DREB%":68.1481481481,"FTR":0.2973262032,"FFI":30.1689700659,"Py-W":24.6510667812,"Py-L":-12.6510667812,"PPR":-0.5299792396,"HHI":0.1337774599}}