{"AU":{"POS":985.3124170792,"PACE":82.1093680899},"CSB":{"POS":862.9378077275,"PACE":78.4488916116},"CSJL":{"POS":916.1069519542,"PACE":76.3422459962},"EAC":{"POS":964.8382255853,"PACE":80.4031854654},"JRU":{"POS":858.5654051315,"PACE":78.0514004665},"LPU":{"POS":951.2430508931,"PACE":79.2702542411},"MU":{"POS":919.459995474,"PACE":76.6216662895},"SBU":{"POS":854.5193347193,"PACE":71.2099445599},"SSCR":{"POS":994.4533049064,"PACE":82.8711087422},"UPHSD":{"POS":887.8025711455,"PACE":73.9835475955},"League":{"POS":919.5239064616,"PACE":77.9311613058}}