{"AU":{"POS":1221.3405519674,"PACE":81.4227034645},"CSB":{"POS":1085.9425285122,"PACE":77.5673234652},"CSJL":{"POS":1174.9318895349,"PACE":78.3287926357},"EAC":{"POS":1119.0178934043,"PACE":79.9298495289},"JRU":{"POS":1170.2967491815,"PACE":78.0197832788},"LPU":{"POS":1196.6456526807,"PACE":79.7763768454},"MU":{"POS":1065.4495682281,"PACE":76.1035405877},"SBU":{"POS":994.5723045161,"PACE":71.040878894},"SSCR":{"POS":1256.2079425215,"PACE":83.7471961681},"UPHSD":{"POS":1117.5697939313,"PACE":74.5046529288},"League":{"POS":1140.1974874478,"PACE":78.0441097797}}