{"EAC":{"2PM":187.0,"2PA":447.0,"3PM":69.0,"3PA":261.0,"FTM":167.0,"FTA":263.0,"OFF":142.0,"DEF":298.0,"AST":168.0,"TO":143.0,"STL":79.0,"BLK":33.0,"PF":218.0,"Fls on:":219.0,"+\/-":4.0,"GW":68.0,"GP":10.0,"MINS":2000.0,"FGM":256.0,"FGA":708.0,"FG%":36.1581920904,"2P%":41.8344519016,"3P%":26.4367816092,"FT%":63.4980988593,"PTS":748.0,"REB":440.0,"STK":112.0},"MU":{"2PM":182.0,"2PA":435.0,"3PM":63.0,"3PA":220.0,"FTM":185.0,"FTA":277.0,"OFF":100.0,"DEF":258.0,"AST":148.0,"TO":123.0,"STL":70.0,"BLK":25.0,"PF":204.0,"Fls on:":232.0,"+\/-":-25.0,"GW":35.0,"GP":10.0,"MINS":2000.0,"FGM":245.0,"FGA":655.0,"FG%":37.4045801527,"2P%":41.8390804598,"3P%":28.6363636364,"FT%":66.7870036101,"PTS":738.0,"REB":358.0,"STK":95.0},"SSCR":{"2PM":211.0,"2PA":396.0,"3PM":61.0,"3PA":203.0,"FTM":178.0,"FTA":273.0,"OFF":98.0,"DEF":288.0,"AST":193.0,"TO":159.0,"STL":61.0,"BLK":31.0,"PF":180.0,"Fls on:":227.0,"+\/-":70.6,"GW":92.0,"GP":9.0,"MINS":1800.0,"FGM":272.0,"FGA":599.0,"FG%":45.409015025,"2P%":53.2828282828,"3P%":30.0492610837,"FT%":65.2014652015,"PTS":783.0,"REB":386.0,"STK":92.0},"LPU":{"2PM":228.0,"2PA":419.0,"3PM":79.0,"3PA":262.0,"FTM":141.0,"FTA":221.0,"OFF":122.0,"DEF":299.0,"AST":182.0,"TO":146.0,"STL":65.0,"BLK":35.0,"PF":212.0,"Fls on:":198.0,"+\/-":8.0,"GW":68.0,"GP":10.0,"MINS":2000.0,"FGM":307.0,"FGA":681.0,"FG%":45.080763583,"2P%":54.415274463,"3P%":30.1526717557,"FT%":63.8009049774,"PTS":834.0,"REB":421.0,"STK":100.0},"CSJL":{"2PM":222.0,"2PA":516.0,"3PM":76.0,"3PA":313.0,"FTM":146.0,"FTA":221.0,"OFF":155.0,"DEF":278.0,"AST":180.0,"TO":112.0,"STL":93.0,"BLK":32.0,"PF":206.0,"Fls on:":216.0,"+\/-":17.0,"GW":61.0,"GP":11.0,"MINS":2200.0,"FGM":298.0,"FGA":829.0,"FG%":35.9469240048,"2P%":43.023255814,"3P%":24.2811501597,"FT%":66.0633484163,"PTS":818.0,"REB":433.0,"STK":125.0},"SBU":{"2PM":162.0,"2PA":389.0,"3PM":77.0,"3PA":305.0,"FTM":113.0,"FTA":171.0,"OFF":107.0,"DEF":258.0,"AST":142.0,"TO":92.0,"STL":59.0,"BLK":28.0,"PF":198.0,"Fls on:":179.0,"+\/-":-47.0,"GW":38.0,"GP":10.0,"MINS":2000.0,"FGM":239.0,"FGA":694.0,"FG%":34.4380403458,"2P%":41.6452442159,"3P%":25.2459016393,"FT%":66.081871345,"PTS":668.0,"REB":365.0,"STK":87.0},"AU":{"2PM":194.0,"2PA":448.0,"3PM":78.0,"3PA":252.0,"FTM":172.0,"FTA":249.0,"OFF":117.0,"DEF":301.0,"AST":178.0,"TO":159.0,"STL":79.0,"BLK":35.0,"PF":240.0,"Fls on:":199.0,"+\/-":25.0,"GW":92.0,"GP":10.0,"MINS":2000.0,"FGM":272.0,"FGA":700.0,"FG%":38.8571428571,"2P%":43.3035714286,"3P%":30.9523809524,"FT%":69.0763052209,"PTS":794.0,"REB":418.0,"STK":114.0},"UPHSD":{"2PM":181.0,"2PA":426.0,"3PM":86.0,"3PA":336.0,"FTM":129.0,"FTA":208.0,"OFF":142.0,"DEF":291.0,"AST":160.0,"TO":146.0,"STL":93.0,"BLK":26.0,"PF":200.0,"Fls on:":199.0,"+\/-":11.0,"GW":79.0,"GP":11.0,"MINS":2200.0,"FGM":267.0,"FGA":762.0,"FG%":35.0393700787,"2P%":42.4882629108,"3P%":25.5952380952,"FT%":62.0192307692,"PTS":749.0,"REB":433.0,"STK":119.0},"CSB":{"2PM":180.0,"2PA":397.0,"3PM":54.0,"3PA":251.0,"FTM":99.0,"FTA":171.0,"OFF":105.0,"DEF":183.0,"AST":111.0,"TO":114.0,"STL":91.0,"BLK":28.0,"PF":171.0,"Fls on:":164.0,"+\/-":-105.0,"GW":25.0,"GP":9.0,"MINS":1800.0,"FGM":234.0,"FGA":648.0,"FG%":36.1111111111,"2P%":45.3400503778,"3P%":21.5139442231,"FT%":57.8947368421,"PTS":621.0,"REB":288.0,"STK":119.0},"JRU":{"2PM":238.0,"2PA":453.0,"3PM":61.0,"3PA":231.0,"FTM":140.0,"FTA":213.0,"OFF":121.0,"DEF":248.0,"AST":132.0,"TO":142.0,"STL":81.0,"BLK":39.0,"PF":235.0,"Fls on:":201.0,"+\/-":41.2,"GW":94.0,"GP":10.0,"MINS":2000.0,"FGM":299.0,"FGA":684.0,"FG%":43.7134502924,"2P%":52.5386313466,"3P%":26.4069264069,"FT%":65.7276995305,"PTS":799.0,"REB":369.0,"STK":120.0},"League":{"2PM":198.5,"2PA":432.6,"3PM":70.4,"3PA":263.4,"FTM":147.0,"FTA":226.7,"OFF":120.9,"DEF":270.2,"AST":159.4,"TO":133.6,"STL":77.1,"BLK":31.2,"PF":206.4,"Fls on:":203.4,"+\/-":-0.02,"GW":65.2,"GP":10.0,"MINS":2000.0,"FGM":268.9,"FGA":696.0,"FG%":38.6350574713,"2P%":45.885344429,"3P%":26.7274107821,"FT%":64.8434053816,"PTS":755.2,"REB":391.1,"STK":108.3}}