{"CSB":{"2PM":20.0,"2PA":44.1111111111,"3PM":6.0,"3PA":27.8888888889,"FTM":11.0,"FTA":19.0,"OFF":11.6666666667,"DEF":20.3333333333,"AST":12.3333333333,"TO":12.6666666667,"STL":10.1111111111,"BLK":3.1111111111,"PF":19.0,"Fls on:":18.2222222222,"+\/-":-11.6666666667,"GW":25.0,"GP":9,"MINS":200.0,"FGM":26.0,"FGA":72.0,"FG%":36.1111111111,"2P%":45.3400503778,"3P%":21.5139442231,"FT%":57.8947368421,"PTS":69.0,"REB":32.0,"STK":13.2222222222},"SBU":{"2PM":16.2,"2PA":38.9,"3PM":7.7,"3PA":30.5,"FTM":11.3,"FTA":17.1,"OFF":10.7,"DEF":25.8,"AST":14.2,"TO":9.2,"STL":5.9,"BLK":2.8,"PF":19.8,"Fls on:":17.9,"+\/-":-4.7,"GW":38.0,"GP":10,"MINS":200.0,"FGM":23.9,"FGA":69.4,"FG%":34.4380403458,"2P%":41.6452442159,"3P%":25.2459016393,"FT%":66.081871345,"PTS":66.8,"REB":36.5,"STK":8.7},"MU":{"2PM":18.2,"2PA":43.5,"3PM":6.3,"3PA":22.0,"FTM":18.5,"FTA":27.7,"OFF":10.0,"DEF":25.8,"AST":14.8,"TO":12.3,"STL":7.0,"BLK":2.5,"PF":20.4,"Fls on:":23.2,"+\/-":-2.5,"GW":35.0,"GP":10,"MINS":200.0,"FGM":24.5,"FGA":65.5,"FG%":37.4045801527,"2P%":41.8390804598,"3P%":28.6363636364,"FT%":66.7870036101,"PTS":73.8,"REB":35.8,"STK":9.5},"League":{"2PM":19.85,"2PA":43.26,"3PM":7.04,"3PA":26.34,"FTM":14.7,"FTA":22.67,"OFF":12.09,"DEF":27.02,"AST":15.94,"TO":13.36,"STL":7.71,"BLK":3.12,"PF":20.64,"Fls on:":20.34,"+\/-":-0.002,"GW":65.2,"GP":10,"MINS":200.0,"FGM":26.89,"FGA":69.6,"FG%":38.6350574713,"2P%":45.885344429,"3P%":26.7274107821,"FT%":64.8434053816,"PTS":75.52,"REB":39.11,"STK":10.83},"EAC":{"2PM":18.7,"2PA":44.7,"3PM":6.9,"3PA":26.1,"FTM":16.7,"FTA":26.3,"OFF":14.2,"DEF":29.8,"AST":16.8,"TO":14.3,"STL":7.9,"BLK":3.3,"PF":21.8,"Fls on:":21.9,"+\/-":0.4,"GW":68.0,"GP":10,"MINS":200.0,"FGM":25.6,"FGA":70.8,"FG%":36.1581920904,"2P%":41.8344519016,"3P%":26.4367816092,"FT%":63.4980988593,"PTS":74.8,"REB":44.0,"STK":11.2},"LPU":{"2PM":22.8,"2PA":41.9,"3PM":7.9,"3PA":26.2,"FTM":14.1,"FTA":22.1,"OFF":12.2,"DEF":29.9,"AST":18.2,"TO":14.6,"STL":6.5,"BLK":3.5,"PF":21.2,"Fls on:":19.8,"+\/-":0.8,"GW":68.0,"GP":10,"MINS":200.0,"FGM":30.7,"FGA":68.1,"FG%":45.080763583,"2P%":54.415274463,"3P%":30.1526717557,"FT%":63.8009049774,"PTS":83.4,"REB":42.1,"STK":10.0},"UPHSD":{"2PM":16.4545454545,"2PA":38.7272727273,"3PM":7.8181818182,"3PA":30.5454545455,"FTM":11.7272727273,"FTA":18.9090909091,"OFF":12.9090909091,"DEF":26.4545454545,"AST":14.5454545455,"TO":13.2727272727,"STL":8.4545454545,"BLK":2.3636363636,"PF":18.1818181818,"Fls on:":18.0909090909,"+\/-":1.0,"GW":79.0,"GP":11,"MINS":200.0,"FGM":24.2727272727,"FGA":69.2727272727,"FG%":35.0393700787,"2P%":42.4882629108,"3P%":25.5952380952,"FT%":62.0192307692,"PTS":68.0909090909,"REB":39.3636363636,"STK":10.8181818182},"CSJL":{"2PM":20.1818181818,"2PA":46.9090909091,"3PM":6.9090909091,"3PA":28.4545454545,"FTM":13.2727272727,"FTA":20.0909090909,"OFF":14.0909090909,"DEF":25.2727272727,"AST":16.3636363636,"TO":10.1818181818,"STL":8.4545454545,"BLK":2.9090909091,"PF":18.7272727273,"Fls on:":19.6363636364,"+\/-":1.5454545455,"GW":61.0,"GP":11,"MINS":200.0,"FGM":27.0909090909,"FGA":75.3636363636,"FG%":35.9469240048,"2P%":43.023255814,"3P%":24.2811501597,"FT%":66.0633484163,"PTS":74.3636363636,"REB":39.3636363636,"STK":11.3636363636},"AU":{"2PM":19.4,"2PA":44.8,"3PM":7.8,"3PA":25.2,"FTM":17.2,"FTA":24.9,"OFF":11.7,"DEF":30.1,"AST":17.8,"TO":15.9,"STL":7.9,"BLK":3.5,"PF":24.0,"Fls on:":19.9,"+\/-":2.5,"GW":92.0,"GP":10,"MINS":200.0,"FGM":27.2,"FGA":70.0,"FG%":38.8571428571,"2P%":43.3035714286,"3P%":30.9523809524,"FT%":69.0763052209,"PTS":79.4,"REB":41.8,"STK":11.4},"JRU":{"2PM":23.8,"2PA":45.3,"3PM":6.1,"3PA":23.1,"FTM":14.0,"FTA":21.3,"OFF":12.1,"DEF":24.8,"AST":13.2,"TO":14.2,"STL":8.1,"BLK":3.9,"PF":23.5,"Fls on:":20.1,"+\/-":4.12,"GW":94.0,"GP":10,"MINS":200.0,"FGM":29.9,"FGA":68.4,"FG%":43.7134502924,"2P%":52.5386313466,"3P%":26.4069264069,"FT%":65.7276995305,"PTS":79.9,"REB":36.9,"STK":12.0},"SSCR":{"2PM":23.4444444444,"2PA":44.0,"3PM":6.7777777778,"3PA":22.5555555556,"FTM":19.7777777778,"FTA":30.3333333333,"OFF":10.8888888889,"DEF":32.0,"AST":21.4444444444,"TO":17.6666666667,"STL":6.7777777778,"BLK":3.4444444444,"PF":20.0,"Fls on:":25.2222222222,"+\/-":7.8444444444,"GW":92.0,"GP":9,"MINS":200.0,"FGM":30.2222222222,"FGA":66.5555555556,"FG%":45.409015025,"2P%":53.2828282828,"3P%":30.0492610837,"FT%":65.2014652015,"PTS":87.0,"REB":42.8888888889,"STK":10.2222222222}}