{"AU":{"MINS":2050.0,"FGM":288.0,"FGA":713.0,"2PM":244.0,"2PA":524.0,"3PM":44.0,"3PA":189.0,"FTM":149.0,"FTA":261.0,"PTS":769.0,"OFF":114.0,"DEF":256.0,"REB":370.0,"AST":142.0,"TO":126.0,"STL":99.0,"BLK":26.0,"STK":125.0,"PF":204.0,"Fls on:":234.0,"+\/-":-25.0,"GW":38.0,"GP":10.0,"W":3.0,"L":7.0,"FG%":40.3927068724,"2P%":46.5648854962,"3P%":23.2804232804,"FT%":57.0881226054},"CSB":{"MINS":1850.0,"FGM":279.0,"FGA":629.0,"2PM":220.0,"2PA":402.0,"3PM":59.0,"3PA":227.0,"FTM":109.0,"FTA":182.0,"PTS":726.0,"OFF":131.0,"DEF":279.0,"REB":410.0,"AST":155.0,"TO":155.0,"STL":73.0,"BLK":32.0,"STK":105.0,"PF":164.0,"Fls on:":167.0,"+\/-":105.0,"GW":96.0,"GP":9.0,"W":7.0,"L":2.0,"FG%":44.3561208267,"2P%":54.7263681592,"3P%":25.9911894273,"FT%":59.8901098901},"CSJL":{"MINS":2275.0,"FGM":284.0,"FGA":708.0,"2PM":207.0,"2PA":411.0,"3PM":77.0,"3PA":297.0,"FTM":156.0,"FTA":207.0,"PTS":801.0,"OFF":103.0,"DEF":314.0,"REB":417.0,"AST":174.0,"TO":167.0,"STL":64.0,"BLK":52.0,"STK":116.0,"PF":221.0,"Fls on:":202.0,"+\/-":-17.0,"GW":77.0,"GP":11.0,"W":6.0,"L":5.0,"FG%":40.1129943503,"2P%":50.3649635036,"3P%":25.9259259259,"FT%":75.3623188406},"EAC":{"MINS":2025.0,"FGM":259.0,"FGA":723.0,"2PM":176.0,"2PA":440.0,"3PM":83.0,"3PA":283.0,"FTM":143.0,"FTA":248.0,"PTS":744.0,"OFF":126.0,"DEF":269.0,"REB":395.0,"AST":177.0,"TO":138.0,"STL":77.0,"BLK":38.0,"STK":115.0,"PF":223.0,"Fls on:":216.0,"+\/-":-4.4,"GW":71.0,"GP":10.0,"W":5.0,"L":5.0,"FG%":35.8229598893,"2P%":40.0,"3P%":29.3286219081,"FT%":57.6612903226},"JRU":{"MINS":2000.0,"FGM":256.0,"FGA":692.0,"2PM":201.0,"2PA":484.0,"3PM":55.0,"3PA":208.0,"FTM":191.0,"FTA":276.0,"PTS":758.0,"OFF":133.0,"DEF":224.0,"REB":357.0,"AST":166.0,"TO":139.0,"STL":83.0,"BLK":42.0,"STK":125.0,"PF":203.0,"Fls on:":231.0,"+\/-":-41.0,"GW":44.0,"GP":10.0,"W":3.0,"L":7.0,"FG%":36.9942196532,"2P%":41.5289256198,"3P%":26.4423076923,"FT%":69.2028985507},"LPU":{"MINS":2025.0,"FGM":288.0,"FGA":715.0,"2PM":205.0,"2PA":416.0,"3PM":83.0,"3PA":299.0,"FTM":167.0,"FTA":238.0,"PTS":826.0,"OFF":104.0,"DEF":257.0,"REB":361.0,"AST":177.0,"TO":109.0,"STL":78.0,"BLK":17.0,"STK":95.0,"PF":199.0,"Fls on:":210.0,"+\/-":-8.0,"GW":64.0,"GP":10.0,"W":5.0,"L":5.0,"FG%":40.2797202797,"2P%":49.2788461538,"3P%":27.7591973244,"FT%":70.1680672269},"MU":{"MINS":2025.0,"FGM":269.0,"FGA":690.0,"2PM":186.0,"2PA":393.0,"3PM":83.0,"3PA":297.0,"FTM":142.0,"FTA":226.0,"PTS":763.0,"OFF":132.0,"DEF":272.0,"REB":404.0,"AST":152.0,"TO":128.0,"STL":75.0,"BLK":25.0,"STK":100.0,"PF":238.0,"Fls on:":201.0,"+\/-":25.2,"GW":84.0,"GP":10.0,"W":7.0,"L":3.0,"FG%":38.9855072464,"2P%":47.3282442748,"3P%":27.9461279461,"FT%":62.8318584071},"SBU":{"MINS":2050.0,"FGM":251.0,"FGA":647.0,"2PM":166.0,"2PA":378.0,"3PM":85.0,"3PA":269.0,"FTM":128.0,"FTA":217.0,"PTS":715.0,"OFF":114.0,"DEF":303.0,"REB":417.0,"AST":135.0,"TO":116.0,"STL":46.0,"BLK":24.0,"STK":70.0,"PF":179.0,"Fls on:":198.0,"+\/-":47.0,"GW":94.0,"GP":10.0,"W":7.0,"L":3.0,"FG%":38.7944358578,"2P%":43.9153439153,"3P%":31.5985130112,"FT%":58.9861751152},"SSCR":{"MINS":1825.0,"FGM":247.0,"FGA":700.0,"2PM":181.0,"2PA":405.0,"3PM":66.0,"3PA":295.0,"FTM":152.0,"FTA":201.0,"PTS":712.0,"OFF":123.0,"DEF":205.0,"REB":328.0,"AST":126.0,"TO":104.0,"STL":93.0,"BLK":14.0,"STK":107.0,"PF":232.0,"Fls on:":178.0,"+\/-":-71.0,"GW":26.0,"GP":9.0,"W":2.0,"L":7.0,"FG%":35.2857142857,"2P%":44.6913580247,"3P%":22.3728813559,"FT%":75.6218905473},"UPHSD":{"MINS":2275.0,"FGM":268.0,"FGA":743.0,"2PM":199.0,"2PA":473.0,"3PM":69.0,"3PA":270.0,"FTM":133.0,"FTA":211.0,"PTS":738.0,"OFF":129.0,"DEF":323.0,"REB":452.0,"AST":190.0,"TO":154.0,"STL":83.0,"BLK":42.0,"STK":125.0,"PF":201.0,"Fls on:":197.0,"+\/-":-11.0,"GW":58.0,"GP":11.0,"W":5.0,"L":6.0,"FG%":36.069986541,"2P%":42.0718816068,"3P%":25.5555555556,"FT%":63.0331753555},"League":{"MINS":2040.0,"FGM":268.9,"FGA":696.0,"2PM":198.5,"2PA":432.6,"3PM":70.4,"3PA":263.4,"FTM":147.0,"FTA":226.7,"PTS":755.2,"OFF":120.9,"DEF":270.2,"REB":391.1,"AST":159.4,"TO":133.6,"STL":77.1,"BLK":31.2,"STK":108.3,"PF":206.4,"Fls on:":203.4,"+\/-":-0.02,"GW":65.2,"GP":10.0,"W":5.0,"L":5.0,"FG%":38.6350574713,"2P%":45.885344429,"3P%":26.7274107821,"FT%":64.8434053816}}