{"CSB":{"OFF":77.2432344767,"DEF":66.0716923003,"NET":11.1715421764,"PACE":78.3240116883,"hAST%":15.2097970719,"hTO%":15.2097970719,"TOR":21.9884322202,"AR":21.9884322202,"STL%":10.3558422714,"BLK%":8.0604534005,"EFG%":49.0461049285,"TS%":51.1930952784,"PPWS":1.0238619056,"REB%":58.7392550143,"OREB%":41.7197452229,"DREB%":72.65625,"FTR":0.2893481717,"FFI":37.7997216465,"Py-W":8.3169626932,"Py-L":0.6830373068,"PPR":-2.7806836036,"HHI":0.101602046},"SBU":{"OFF":74.1037925177,"DEF":69.2326341284,"NET":4.8711583893,"PACE":72.3647173485,"hAST%":13.5885976567,"hTO%":11.6761283569,"TOR":16.0299112952,"AR":18.6555002143,"STL%":6.3566889619,"BLK%":6.1696658098,"EFG%":45.3632148377,"TS%":48.1494451029,"PPWS":0.9629889021,"REB%":53.3248081841,"OREB%":30.6451612903,"DREB%":73.9024390244,"FTR":0.3353941267,"FFI":33.312707918,"Py-W":7.4798793909,"Py-L":2.5201206091,"PPR":-1.3667856213,"HHI":0.1212910167},"MU":{"OFF":74.9605487818,"DEF":72.5044364364,"NET":2.4561123454,"PACE":76.3401561621,"hAST%":14.2130460802,"hTO%":11.9688809096,"TOR":16.767060278,"AR":19.9108840801,"STL%":9.8244493816,"BLK%":5.7471264368,"EFG%":45.0,"TS%":48.3253952169,"PPWS":0.9665079043,"REB%":53.0183727034,"OREB%":33.8461538462,"DREB%":73.1182795699,"FTR":0.3275362319,"FFI":33.874039317,"Py-W":6.3018890605,"Py-L":3.6981109395,"PPR":-1.3452358893,"HHI":0.1352098789},"League":{"OFF":72.7218127245,"DEF":72.7218127245,"NET":0.0,"PACE":77.9844088795,"hAST%":14.6406698336,"hTO%":12.2709754691,"TOR":17.1533089336,"AR":20.4658491319,"STL%":9.8991026855,"BLK%":7.2122052705,"EFG%":43.6925287356,"TS%":47.4522084881,"PPWS":0.9490441698,"REB%":50.0,"OREB%":30.912810023,"DREB%":69.087189977,"FTR":0.3257183908,"FFI":32.8336765943,"Py-W":5.0,"Py-L":5.0,"PPR":-1.339869281,"HHI":0.0100961993},"EAC":{"OFF":69.673180944,"DEF":70.0477679384,"NET":-0.3745869943,"PACE":80.0882050223,"hAST%":15.4299463003,"hTO%":12.030127624,"TOR":17.2310017388,"AR":22.100632665,"STL%":9.614399521,"BLK%":8.5011185682,"EFG%":41.5629322268,"TS%":44.7050906119,"PPWS":0.8941018122,"REB%":47.3053892216,"OREB%":29.7169811321,"DREB%":65.4501216545,"FTR":0.3430152144,"FFI":32.0215477676,"Py-W":4.7856537259,"Py-L":5.2143462741,"PPR":-0.9617101342,"HHI":0.1070571742},"LPU":{"OFF":78.0288088084,"DEF":78.7845357702,"NET":-0.7557269618,"PACE":79.3937533407,"hAST%":16.007669211,"hTO%":9.8578301921,"TOR":13.7290398065,"AR":22.2939453738,"STL%":9.8244505037,"BLK%":4.0572792363,"EFG%":46.0839160839,"TS%":50.3830576294,"PPWS":1.0076611526,"REB%":46.1636828645,"OREB%":25.8064516129,"DREB%":67.8100263852,"FTR":0.3328671329,"FFI":32.0201237008,"Py-W":4.6152171586,"Py-L":5.3847828414,"PPR":0.4365549659,"HHI":0.1230909485},"UPHSD":{"OFF":66.8982396384,"DEF":67.8953678715,"NET":-0.9971282331,"PACE":75.2160028278,"hAST%":16.103878492,"hTO%":13.052617304,"TOR":18.6130603511,"AR":22.9641653682,"STL%":10.0317143451,"BLK%":9.8591549296,"EFG%":40.7133243607,"TS%":44.1472052067,"PPWS":0.8829441041,"REB%":51.0734463277,"OREB%":30.7142857143,"DREB%":69.4623655914,"FTR":0.2839838493,"FFI":31.3412097138,"Py-W":4.8520360454,"Py-L":6.1479639546,"PPR":-1.2456864231,"HHI":0.1273051755},"CSJL":{"OFF":71.6553301298,"DEF":73.1761049265,"NET":-1.5207747968,"PACE":76.2171303443,"hAST%":15.2620868711,"hTO%":14.6480948705,"TOR":19.9191679262,"AR":20.7541031087,"STL%":7.6336930975,"BLK%":10.0775193798,"EFG%":45.5508474576,"TS%":50.1201381589,"PPWS":1.0024027632,"REB%":49.0588235294,"OREB%":27.0341207349,"DREB%":66.9509594883,"FTR":0.2923728814,"FFI":32.9925483319,"Py-W":4.5845365143,"Py-L":6.4154634857,"PPR":-2.2937388294,"HHI":0.1184521221},"AU":{"OFF":70.6182232103,"DEF":72.914004199,"NET":-2.2957809886,"PACE":81.6715535709,"hAST%":12.9580960724,"hTO%":11.4980289093,"TOR":15.4276482436,"AR":17.3867146872,"STL%":12.12172362,"BLK%":5.8035714286,"EFG%":43.4782608696,"TS%":46.4461731736,"PPWS":0.9289234635,"REB%":46.9543147208,"OREB%":27.4698795181,"DREB%":68.6327077748,"FTR":0.366058906,"FFI":32.2330759028,"Py-W":3.7475294412,"Py-L":6.2524705588,"PPR":-1.4594516285,"HHI":0.1078917954},"JRU":{"OFF":73.5795865034,"DEF":77.5594849818,"NET":-3.9798984784,"PACE":77.2632773594,"hAST%":14.8421014985,"hTO%":12.4280247488,"TOR":17.9904353984,"AR":21.4849804038,"STL%":10.7424902019,"BLK%":9.2715231788,"EFG%":40.9682080925,"TS%":46.5922501967,"PPWS":0.9318450039,"REB%":49.173553719,"OREB%":34.9081364829,"DREB%":64.9275362319,"FTR":0.3988439306,"FFI":33.8491783427,"Py-W":3.0093678214,"Py-L":6.9906321786,"PPR":-1.4298890282,"HHI":0.1129656574},"SSCR":{"OFF":71.5158588327,"DEF":78.6473559916,"NET":-7.1314971589,"PACE":82.9652811303,"hAST%":12.3718628491,"hTO%":10.2116963199,"TOR":13.9281822446,"AR":16.8745284886,"STL%":12.4550091226,"BLK%":3.5353535354,"EFG%":40.0,"TS%":45.1524529451,"PPWS":0.9030490589,"REB%":45.9383753501,"OREB%":29.9270072993,"DREB%":67.6567656766,"FTR":0.2871428571,"FFI":29.7745898781,"Py-W":1.6139923087,"Py-L":7.3860076913,"PPR":-1.0300979486,"HHI":0.1286019758}}