{"CSB":{"MINS":205.5555555556,"FGM":31.0,"FGA":69.8888888889,"2PM":24.4444444444,"2PA":44.6666666667,"3PM":6.5555555556,"3PA":25.2222222222,"FTM":12.1111111111,"FTA":20.2222222222,"PTS":80.6666666667,"OFF":14.5555555556,"DEF":31.0,"REB":45.5555555556,"AST":17.2222222222,"TO":17.2222222222,"STL":8.1111111111,"BLK":3.5555555556,"STK":11.6666666667,"PF":18.2222222222,"Fls on:":18.5555555556,"+\/-":11.6666666667,"GW":96.0,"GP":9,"W":7,"L":2,"FG%":44.3561208267,"2P%":54.7263681592,"3P%":25.9911894273,"FT%":59.8901098901,"W%":0.7777777778},"MU":{"MINS":202.5,"FGM":26.9,"FGA":69.0,"2PM":18.6,"2PA":39.3,"3PM":8.3,"3PA":29.7,"FTM":14.2,"FTA":22.6,"PTS":76.3,"OFF":13.2,"DEF":27.2,"REB":40.4,"AST":15.2,"TO":12.8,"STL":7.5,"BLK":2.5,"STK":10.0,"PF":23.8,"Fls on:":20.1,"+\/-":2.52,"GW":84.0,"GP":10,"W":7,"L":3,"FG%":38.9855072464,"2P%":47.3282442748,"3P%":27.9461279461,"FT%":62.8318584071,"W%":0.7},"SBU":{"MINS":205.0,"FGM":25.1,"FGA":64.7,"2PM":16.6,"2PA":37.8,"3PM":8.5,"3PA":26.9,"FTM":12.8,"FTA":21.7,"PTS":71.5,"OFF":11.4,"DEF":30.3,"REB":41.7,"AST":13.5,"TO":11.6,"STL":4.6,"BLK":2.4,"STK":7.0,"PF":17.9,"Fls on:":19.8,"+\/-":4.7,"GW":94.0,"GP":10,"W":7,"L":3,"FG%":38.7944358578,"2P%":43.9153439153,"3P%":31.5985130112,"FT%":58.9861751152,"W%":0.7},"CSJL":{"MINS":206.8181818182,"FGM":25.8181818182,"FGA":64.3636363636,"2PM":18.8181818182,"2PA":37.3636363636,"3PM":7.0,"3PA":27.0,"FTM":14.1818181818,"FTA":18.8181818182,"PTS":72.8181818182,"OFF":9.3636363636,"DEF":28.5454545455,"REB":37.9090909091,"AST":15.8181818182,"TO":15.1818181818,"STL":5.8181818182,"BLK":4.7272727273,"STK":10.5454545455,"PF":20.0909090909,"Fls on:":18.3636363636,"+\/-":-1.5454545455,"GW":77.0,"GP":11,"W":6,"L":5,"FG%":40.1129943503,"2P%":50.3649635036,"3P%":25.9259259259,"FT%":75.3623188406,"W%":0.5454545455},"EAC":{"MINS":202.5,"FGM":25.9,"FGA":72.3,"2PM":17.6,"2PA":44.0,"3PM":8.3,"3PA":28.3,"FTM":14.3,"FTA":24.8,"PTS":74.4,"OFF":12.6,"DEF":26.9,"REB":39.5,"AST":17.7,"TO":13.8,"STL":7.7,"BLK":3.8,"STK":11.5,"PF":22.3,"Fls on:":21.6,"+\/-":-0.44,"GW":71.0,"GP":10,"W":5,"L":5,"FG%":35.8229598893,"2P%":40.0,"3P%":29.3286219081,"FT%":57.6612903226,"W%":0.5},"LPU":{"MINS":202.5,"FGM":28.8,"FGA":71.5,"2PM":20.5,"2PA":41.6,"3PM":8.3,"3PA":29.9,"FTM":16.7,"FTA":23.8,"PTS":82.6,"OFF":10.4,"DEF":25.7,"REB":36.1,"AST":17.7,"TO":10.9,"STL":7.8,"BLK":1.7,"STK":9.5,"PF":19.9,"Fls on:":21.0,"+\/-":-0.8,"GW":64.0,"GP":10,"W":5,"L":5,"FG%":40.2797202797,"2P%":49.2788461538,"3P%":27.7591973244,"FT%":70.1680672269,"W%":0.5},"League":{"MINS":204.0,"FGM":26.89,"FGA":69.6,"2PM":19.85,"2PA":43.26,"3PM":7.04,"3PA":26.34,"FTM":14.7,"FTA":22.67,"PTS":75.52,"OFF":12.09,"DEF":27.02,"REB":39.11,"AST":15.94,"TO":13.36,"STL":7.71,"BLK":3.12,"STK":10.83,"PF":20.64,"Fls on:":20.34,"+\/-":-0.002,"GW":65.2,"GP":10,"W":5,"L":5,"FG%":38.6350574713,"2P%":45.885344429,"3P%":26.7274107821,"FT%":64.8434053816,"W%":0.5},"UPHSD":{"MINS":206.8181818182,"FGM":24.3636363636,"FGA":67.5454545455,"2PM":18.0909090909,"2PA":43.0,"3PM":6.2727272727,"3PA":24.5454545455,"FTM":12.0909090909,"FTA":19.1818181818,"PTS":67.0909090909,"OFF":11.7272727273,"DEF":29.3636363636,"REB":41.0909090909,"AST":17.2727272727,"TO":14.0,"STL":7.5454545455,"BLK":3.8181818182,"STK":11.3636363636,"PF":18.2727272727,"Fls on:":17.9090909091,"+\/-":-1.0,"GW":58.0,"GP":11,"W":5,"L":6,"FG%":36.069986541,"2P%":42.0718816068,"3P%":25.5555555556,"FT%":63.0331753555,"W%":0.4545454545},"AU":{"MINS":205.0,"FGM":28.8,"FGA":71.3,"2PM":24.4,"2PA":52.4,"3PM":4.4,"3PA":18.9,"FTM":14.9,"FTA":26.1,"PTS":76.9,"OFF":11.4,"DEF":25.6,"REB":37.0,"AST":14.2,"TO":12.6,"STL":9.9,"BLK":2.6,"STK":12.5,"PF":20.4,"Fls on:":23.4,"+\/-":-2.5,"GW":38.0,"GP":10,"W":3,"L":7,"FG%":40.3927068724,"2P%":46.5648854962,"3P%":23.2804232804,"FT%":57.0881226054,"W%":0.3},"JRU":{"MINS":200.0,"FGM":25.6,"FGA":69.2,"2PM":20.1,"2PA":48.4,"3PM":5.5,"3PA":20.8,"FTM":19.1,"FTA":27.6,"PTS":75.8,"OFF":13.3,"DEF":22.4,"REB":35.7,"AST":16.6,"TO":13.9,"STL":8.3,"BLK":4.2,"STK":12.5,"PF":20.3,"Fls on:":23.1,"+\/-":-4.1,"GW":44.0,"GP":10,"W":3,"L":7,"FG%":36.9942196532,"2P%":41.5289256198,"3P%":26.4423076923,"FT%":69.2028985507,"W%":0.3},"SSCR":{"MINS":202.7777777778,"FGM":27.4444444444,"FGA":77.7777777778,"2PM":20.1111111111,"2PA":45.0,"3PM":7.3333333333,"3PA":32.7777777778,"FTM":16.8888888889,"FTA":22.3333333333,"PTS":79.1111111111,"OFF":13.6666666667,"DEF":22.7777777778,"REB":36.4444444444,"AST":14.0,"TO":11.5555555556,"STL":10.3333333333,"BLK":1.5555555556,"STK":11.8888888889,"PF":25.7777777778,"Fls on:":19.7777777778,"+\/-":-7.8888888889,"GW":26.0,"GP":9,"W":2,"L":7,"FG%":35.2857142857,"2P%":44.6913580247,"3P%":22.3728813559,"FT%":75.6218905473,"W%":0.2222222222}}