{"CSB":{"2PM":20.9090909091,"2PA":46.0909090909,"3PM":5.8181818182,"3PA":27.0,"FTM":11.9090909091,"FTA":20.1818181818,"OFF":12.6363636364,"DEF":20.5454545455,"AST":12.1818181818,"TO":11.8181818182,"STL":9.5454545455,"BLK":3.1818181818,"PF":20.1818181818,"Fls on:":18.9090909091,"+\/-":-12.1818181818,"GW":25.0,"GP":11.0,"MINS":200.0,"FGM":26.7272727273,"FGA":73.0909090909,"FG%":36.5671641791,"2P%":45.3648915187,"3P%":21.5488215488,"FT%":59.009009009,"PTS":71.1818181818,"REB":33.1818181818,"STK":12.7272727273},"SBU":{"2PM":15.75,"2PA":37.9166666667,"3PM":7.5833333333,"3PA":30.25,"FTM":11.1666666667,"FTA":16.5,"OFF":10.4166666667,"DEF":25.5833333333,"AST":13.8333333333,"TO":9.3333333333,"STL":6.0,"BLK":2.75,"PF":18.8333333333,"Fls on:":17.75,"+\/-":-4.0833333333,"GW":51.0,"GP":12.0,"MINS":200.0,"FGM":23.3333333333,"FGA":68.1666666667,"FG%":34.2298288509,"2P%":41.5384615385,"3P%":25.0688705234,"FT%":67.6767676768,"PTS":65.4166666667,"REB":36.0,"STK":8.75},"MU":{"2PM":18.6666666667,"2PA":43.0833333333,"3PM":6.25,"3PA":21.8333333333,"FTM":18.5,"FTA":27.9166666667,"OFF":9.3333333333,"DEF":24.6666666667,"AST":15.0,"TO":12.5,"STL":7.5833333333,"BLK":2.5833333333,"PF":20.6666666667,"Fls on:":23.4166666667,"+\/-":-3.0,"GW":35.0,"GP":12.0,"MINS":200.0,"FGM":24.9166666667,"FGA":64.9166666667,"FG%":38.3825417202,"2P%":43.3268858801,"3P%":28.6259541985,"FT%":66.2686567164,"PTS":74.5833333333,"REB":34.0,"STK":10.1666666667},"League":{"2PM":20.1120689655,"2PA":43.1896551724,"3PM":7.025862069,"3PA":26.0862068966,"FTM":14.6896551724,"FTA":22.7413793103,"OFF":11.9224137931,"DEF":26.7931034483,"AST":16.1724137931,"TO":13.3103448276,"STL":7.6637931034,"BLK":3.1120689655,"PF":20.75,"Fls on:":20.4396551724,"+\/-":-0.0017241379,"GW":75.5,"GP":11.6,"MINS":200.0,"FGM":27.1379310345,"FGA":69.275862069,"FG%":39.1737182678,"2P%":46.5668662675,"3P%":26.9332452082,"FT%":64.5943896892,"PTS":75.9913793103,"REB":38.7155172414,"STK":10.775862069},"EAC":{"2PM":18.2727272727,"2PA":43.6363636364,"3PM":7.2727272727,"3PA":26.3636363636,"FTM":17.0909090909,"FTA":26.5454545455,"OFF":14.3636363636,"DEF":29.7272727273,"AST":16.6363636364,"TO":14.7272727273,"STL":7.6363636364,"BLK":3.3636363636,"PF":22.0,"Fls on:":21.9090909091,"+\/-":0.6363636364,"GW":81.0,"GP":11.0,"MINS":200.0,"FGM":25.5454545455,"FGA":70.0,"FG%":36.4935064935,"2P%":41.875,"3P%":27.5862068966,"FT%":64.3835616438,"PTS":75.4545454545,"REB":44.0909090909,"STK":11.0},"LPU":{"2PM":23.0833333333,"2PA":42.9166666667,"3PM":7.5,"3PA":25.8333333333,"FTM":13.5833333333,"FTA":22.0,"OFF":12.1666666667,"DEF":29.6666666667,"AST":18.4166666667,"TO":14.3333333333,"STL":6.5,"BLK":3.4166666667,"PF":21.25,"Fls on:":19.8333333333,"+\/-":0.9166666667,"GW":81.0,"GP":12.0,"MINS":200.0,"FGM":30.5833333333,"FGA":68.75,"FG%":44.4848484848,"2P%":53.786407767,"3P%":29.0322580645,"FT%":61.7424242424,"PTS":82.25,"REB":41.8333333333,"STK":9.9166666667},"UPHSD":{"2PM":15.6666666667,"2PA":37.3333333333,"3PM":8.25,"3PA":31.0,"FTM":11.0833333333,"FTA":17.6666666667,"OFF":12.5833333333,"DEF":26.25,"AST":14.6666666667,"TO":13.0,"STL":8.4166666667,"BLK":2.3333333333,"PF":17.9166666667,"Fls on:":17.3333333333,"+\/-":1.25,"GW":91.0,"GP":12.0,"MINS":200.0,"FGM":23.9166666667,"FGA":68.3333333333,"FG%":35.0,"2P%":41.9642857143,"3P%":26.6129032258,"FT%":62.7358490566,"PTS":67.1666666667,"REB":38.8333333333,"STK":10.75},"CSJL":{"2PM":20.6666666667,"2PA":46.5833333333,"3PM":7.0,"3PA":27.75,"FTM":13.0,"FTA":20.0,"OFF":13.75,"DEF":25.25,"AST":17.0833333333,"TO":10.75,"STL":8.6666666667,"BLK":2.75,"PF":19.25,"Fls on:":19.75,"+\/-":2.0833333333,"GW":73.0,"GP":12.0,"MINS":200.0,"FGM":27.6666666667,"FGA":74.3333333333,"FG%":37.2197309417,"2P%":44.3649373882,"3P%":25.2252252252,"FT%":65.0,"PTS":75.3333333333,"REB":39.0,"STK":11.4166666667},"AU":{"2PM":21.0,"2PA":46.0,"3PM":7.5,"3PA":24.5,"FTM":17.1666666667,"FTA":25.0833333333,"OFF":11.75,"DEF":30.0833333333,"AST":18.5,"TO":15.5833333333,"STL":7.75,"BLK":3.6666666667,"PF":23.75,"Fls on:":20.5,"+\/-":3.5833333333,"GW":107.0,"GP":12.0,"MINS":200.0,"FGM":28.5,"FGA":70.5,"FG%":40.4255319149,"2P%":45.652173913,"3P%":30.612244898,"FT%":68.438538206,"PTS":81.6666666667,"REB":41.8333333333,"STK":11.4166666667},"JRU":{"2PM":24.0,"2PA":45.9090909091,"3PM":6.1818181818,"3PA":23.3636363636,"FTM":14.0,"FTA":21.5454545455,"OFF":11.6363636364,"DEF":24.1818181818,"AST":13.5454545455,"TO":13.7272727273,"STL":8.5454545455,"BLK":3.6363636364,"PF":23.4545454545,"Fls on:":20.2727272727,"+\/-":3.9272727273,"GW":105.0,"GP":11.0,"MINS":200.0,"FGM":30.1818181818,"FGA":69.2727272727,"FG%":43.5695538058,"2P%":52.2772277228,"3P%":26.4591439689,"FT%":64.9789029536,"PTS":80.5454545455,"REB":35.8181818182,"STK":12.1818181818},"SSCR":{"2PM":23.6363636364,"2PA":42.9090909091,"3PM":6.7272727273,"3PA":22.5454545455,"FTM":19.7272727273,"FTA":30.6363636364,"OFF":10.7272727273,"DEF":31.9090909091,"AST":21.8181818182,"TO":17.7272727273,"STL":6.0909090909,"BLK":3.5454545455,"PF":20.4545454545,"Fls on:":25.0909090909,"+\/-":6.7818181818,"GW":106.0,"GP":11.0,"MINS":200.0,"FGM":30.3636363636,"FGA":65.4545454545,"FG%":46.3888888889,"2P%":55.0847457627,"3P%":29.8387096774,"FT%":64.3916913947,"PTS":87.1818181818,"REB":42.6363636364,"STK":9.6363636364}}