{"JRU":{"2PM":110.0,"2PA":214.0,"3PM":34.0,"3PA":105.0,"FTM":78.0,"FTA":111.0,"OFF":51.0,"DEF":128.0,"AST":70.0,"TO":64.0,"STL":41.0,"BLK":20.0,"PF":120.0,"Fls on:":100.0,"+\/-":30.0,"GW":56.0,"GP":5.0,"MINS":1000.0,"FGM":144.0,"FGA":319.0,"FG%":45.1410658307,"2P%":51.4018691589,"3P%":32.380952381,"FT%":70.2702702703,"PTS":400.0,"REB":179.0,"STK":61.0},"CSJL":{"2PM":104.0,"2PA":232.0,"3PM":33.0,"3PA":133.0,"FTM":71.0,"FTA":113.0,"OFF":68.0,"DEF":112.0,"AST":75.0,"TO":56.0,"STL":44.0,"BLK":17.0,"PF":107.0,"Fls on:":107.0,"+\/-":5.0,"GW":25.0,"GP":5.0,"MINS":1000.0,"FGM":137.0,"FGA":365.0,"FG%":37.5342465753,"2P%":44.8275862069,"3P%":24.8120300752,"FT%":62.8318584071,"PTS":378.0,"REB":180.0,"STK":61.0},"AU":{"2PM":100.0,"2PA":226.0,"3PM":42.0,"3PA":138.0,"FTM":79.0,"FTA":109.0,"OFF":50.0,"DEF":158.0,"AST":90.0,"TO":78.0,"STL":35.0,"BLK":25.0,"PF":120.0,"Fls on:":92.0,"+\/-":6.0,"GW":52.0,"GP":5.0,"MINS":1000.0,"FGM":142.0,"FGA":364.0,"FG%":39.010989011,"2P%":44.2477876106,"3P%":30.4347826087,"FT%":72.4770642202,"PTS":405.0,"REB":208.0,"STK":60.0},"MU":{"2PM":93.0,"2PA":215.0,"3PM":31.0,"3PA":108.0,"FTM":88.0,"FTA":131.0,"OFF":45.0,"DEF":142.0,"AST":76.0,"TO":68.0,"STL":37.0,"BLK":14.0,"PF":93.0,"Fls on:":116.0,"+\/-":4.0,"GW":23.0,"GP":5.0,"MINS":1000.0,"FGM":124.0,"FGA":323.0,"FG%":38.3900928793,"2P%":43.2558139535,"3P%":28.7037037037,"FT%":67.1755725191,"PTS":367.0,"REB":187.0,"STK":51.0},"SBU":{"2PM":73.0,"2PA":189.0,"3PM":43.0,"3PA":174.0,"FTM":61.0,"FTA":96.0,"OFF":64.0,"DEF":123.0,"AST":70.0,"TO":47.0,"STL":34.0,"BLK":13.0,"PF":119.0,"Fls on:":95.0,"+\/-":-25.0,"GW":25.0,"GP":5.0,"MINS":1000.0,"FGM":116.0,"FGA":363.0,"FG%":31.955922865,"2P%":38.6243386243,"3P%":24.7126436782,"FT%":63.5416666667,"PTS":336.0,"REB":187.0,"STK":47.0},"LPU":{"2PM":121.0,"2PA":230.0,"3PM":35.0,"3PA":133.0,"FTM":86.0,"FTA":131.0,"OFF":73.0,"DEF":148.0,"AST":93.0,"TO":65.0,"STL":35.0,"BLK":16.0,"PF":114.0,"Fls on:":116.0,"+\/-":-6.0,"GW":28.0,"GP":5.0,"MINS":1000.0,"FGM":156.0,"FGA":363.0,"FG%":42.9752066116,"2P%":52.6086956522,"3P%":26.3157894737,"FT%":65.6488549618,"PTS":433.0,"REB":221.0,"STK":51.0},"EAC":{"2PM":92.0,"2PA":225.0,"3PM":31.0,"3PA":130.0,"FTM":77.0,"FTA":138.0,"OFF":81.0,"DEF":164.0,"AST":77.0,"TO":70.0,"STL":36.0,"BLK":15.0,"PF":116.0,"Fls on:":114.0,"+\/-":11.0,"GW":40.0,"GP":5.0,"MINS":1000.0,"FGM":123.0,"FGA":355.0,"FG%":34.6478873239,"2P%":40.8888888889,"3P%":23.8461538462,"FT%":55.7971014493,"PTS":354.0,"REB":245.0,"STK":51.0},"CSB":{"2PM":86.0,"2PA":212.0,"3PM":27.0,"3PA":141.0,"FTM":54.0,"FTA":97.0,"OFF":62.0,"DEF":111.0,"AST":56.0,"TO":62.0,"STL":36.0,"BLK":19.0,"PF":97.0,"Fls on:":97.0,"+\/-":-65.0,"GW":14.0,"GP":5.0,"MINS":1000.0,"FGM":113.0,"FGA":353.0,"FG%":32.0113314448,"2P%":40.5660377358,"3P%":19.1489361702,"FT%":55.6701030928,"PTS":307.0,"REB":173.0,"STK":55.0},"UPHSD":{"2PM":109.0,"2PA":245.0,"3PM":38.0,"3PA":167.0,"FTM":69.0,"FTA":122.0,"OFF":76.0,"DEF":161.0,"AST":80.0,"TO":77.0,"STL":56.0,"BLK":13.0,"PF":119.0,"Fls on:":108.0,"+\/-":1.0,"GW":26.0,"GP":6.0,"MINS":1200.0,"FGM":147.0,"FGA":412.0,"FG%":35.6796116505,"2P%":44.4897959184,"3P%":22.754491018,"FT%":56.5573770492,"PTS":401.0,"REB":237.0,"STK":69.0},"SSCR":{"2PM":133.0,"2PA":258.0,"3PM":35.0,"3PA":133.0,"FTM":128.0,"FTA":188.0,"OFF":61.0,"DEF":196.0,"AST":116.0,"TO":101.0,"STL":38.0,"BLK":22.0,"PF":125.0,"Fls on:":165.0,"+\/-":39.0,"GW":51.0,"GP":6.0,"MINS":1200.0,"FGM":168.0,"FGA":391.0,"FG%":42.9667519182,"2P%":51.5503875969,"3P%":26.3157894737,"FT%":68.085106383,"PTS":499.0,"REB":257.0,"STK":60.0},"League":{"2PM":102.1,"2PA":224.6,"3PM":34.9,"3PA":136.2,"FTM":79.1,"FTA":123.6,"OFF":63.1,"DEF":144.3,"AST":80.3,"TO":68.8,"STL":39.2,"BLK":17.4,"PF":113.0,"Fls on:":111.0,"+\/-":0.0,"GW":34.0,"GP":5.2,"MINS":1040.0,"FGM":137.0,"FGA":360.8,"FG%":37.9711751663,"2P%":45.4585930543,"3P%":25.624082232,"FT%":63.996763754,"PTS":388.0,"REB":207.4,"STK":56.6}}