{"CSB":{"MINS":205.0,"FGM":29.0,"FGA":72.4,"2PM":22.8,"2PA":46.0,"3PM":6.2,"3PA":26.4,"FTM":10.2,"FTA":17.6,"PTS":74.4,"OFF":15.6,"DEF":32.2,"REB":47.8,"AST":14.6,"TO":14.0,"STL":7.8,"BLK":3.8,"STK":11.6,"PF":19.4,"Fls on:":19.0,"+\/-":13.0,"GW":55,"GP":5.0,"W":4.0,"L":1.0,"FG%":40.0552486188,"2P%":49.5652173913,"3P%":23.4848484848,"FT%":57.9545454545,"W%":0.8},"UPHSD":{"MINS":200.0,"FGM":24.3333333333,"FGA":66.8333333333,"2PM":19.0,"2PA":43.5,"3PM":5.3333333333,"3PA":23.3333333333,"FTM":12.6666666667,"FTA":20.6666666667,"PTS":66.6666666667,"OFF":11.5,"DEF":29.6666666667,"REB":41.1666666667,"AST":16.3333333333,"TO":14.6666666667,"STL":7.6666666667,"BLK":3.8333333333,"STK":11.5,"PF":18.1666666667,"Fls on:":19.5,"+\/-":-0.1666666667,"GW":48,"GP":6.0,"W":4.0,"L":2.0,"FG%":36.4089775561,"2P%":43.6781609195,"3P%":22.8571428571,"FT%":61.2903225806,"W%":0.6666666667},"CSJL":{"MINS":200.0,"FGM":25.2,"FGA":62.2,"2PM":18.6,"2PA":37.0,"3PM":6.6,"3PA":25.2,"FTM":17.6,"FTA":23.6,"PTS":74.6,"OFF":10.2,"DEF":25.8,"REB":36.0,"AST":13.8,"TO":15.0,"STL":6.4,"BLK":4.8,"STK":11.2,"PF":22.2,"Fls on:":20.6,"+\/-":-1.0,"GW":41,"GP":5.0,"W":3.0,"L":2.0,"FG%":40.5144694534,"2P%":50.2702702703,"3P%":26.1904761905,"FT%":74.5762711864,"W%":0.6},"LPU":{"MINS":205.0,"FGM":30.4,"FGA":69.2,"2PM":21.6,"2PA":41.6,"3PM":8.8,"3PA":27.6,"FTM":18.2,"FTA":26.8,"PTS":87.8,"OFF":8.6,"DEF":27.8,"REB":36.4,"AST":18.6,"TO":12.8,"STL":6.6,"BLK":2.0,"STK":8.6,"PF":23.4,"Fls on:":22.6,"+\/-":1.2,"GW":37,"GP":5.0,"W":3.0,"L":2.0,"FG%":43.9306358382,"2P%":51.9230769231,"3P%":31.884057971,"FT%":67.9104477612,"W%":0.6},"MU":{"MINS":200.0,"FGM":25.2,"FGA":67.4,"2PM":16.8,"2PA":36.4,"3PM":8.4,"3PA":31.0,"FTM":13.8,"FTA":21.2,"PTS":72.6,"OFF":12.6,"DEF":27.2,"REB":39.8,"AST":16.0,"TO":12.6,"STL":8.2,"BLK":2.4,"STK":10.6,"PF":23.8,"Fls on:":18.2,"+\/-":-0.8,"GW":35,"GP":5.0,"W":3.0,"L":2.0,"FG%":37.3887240356,"2P%":46.1538461538,"3P%":27.0967741935,"FT%":65.0943396226,"W%":0.6},"SBU":{"MINS":205.0,"FGM":24.2,"FGA":62.2,"2PM":16.0,"2PA":37.0,"3PM":8.2,"3PA":25.2,"FTM":15.6,"FTA":26.4,"PTS":72.2,"OFF":13.2,"DEF":31.4,"REB":44.6,"AST":12.4,"TO":13.8,"STL":4.4,"BLK":3.2,"STK":7.6,"PF":19.0,"Fls on:":23.8,"+\/-":5.0,"GW":42,"GP":5.0,"W":3.0,"L":2.0,"FG%":38.9067524116,"2P%":43.2432432432,"3P%":32.5396825397,"FT%":59.0909090909,"W%":0.6},"League":{"MINS":202.8846153846,"FGM":26.3461538462,"FGA":69.3846153846,"2PM":19.6346153846,"2PA":43.1923076923,"3PM":6.7115384615,"3PA":26.1923076923,"FTM":15.2115384615,"FTA":23.7692307692,"PTS":74.6153846154,"OFF":12.1346153846,"DEF":27.75,"REB":39.8846153846,"AST":15.4423076923,"TO":13.2307692308,"STL":7.5384615385,"BLK":3.3461538462,"STK":10.8846153846,"PF":21.7307692308,"Fls on:":21.3461538462,"+\/-":0.0,"GW":34,"GP":5.2,"W":2.6,"L":2.6,"FG%":37.9711751663,"2P%":45.4585930543,"3P%":25.624082232,"FT%":63.996763754,"W%":0.5},"EAC":{"MINS":205.0,"FGM":22.6,"FGA":71.4,"2PM":14.8,"2PA":41.6,"3PM":7.8,"3PA":29.8,"FTM":15.6,"FTA":27.8,"PTS":68.6,"OFF":11.2,"DEF":27.8,"REB":39.0,"AST":17.4,"TO":12.2,"STL":7.4,"BLK":4.6,"STK":12.0,"PF":23.2,"Fls on:":22.8,"+\/-":-2.2,"GW":27,"GP":5.0,"W":2.0,"L":3.0,"FG%":31.6526610644,"2P%":35.5769230769,"3P%":26.1744966443,"FT%":56.1151079137,"W%":0.4},"SSCR":{"MINS":200.0,"FGM":26.8333333333,"FGA":78.6666666667,"2PM":20.8333333333,"2PA":45.3333333333,"3PM":6.0,"3PA":33.3333333333,"FTM":17.0,"FTA":22.5,"PTS":76.6666666667,"OFF":14.1666666667,"DEF":23.5,"REB":37.6666666667,"AST":13.6666666667,"TO":11.3333333333,"STL":9.6666666667,"BLK":1.1666666667,"STK":10.8333333333,"PF":28.0,"Fls on:":20.6666666667,"+\/-":-6.5,"GW":26,"GP":6.0,"W":2.0,"L":4.0,"FG%":34.1101694915,"2P%":45.9558823529,"3P%":18.0,"FT%":75.5555555556,"W%":0.3333333333},"AU":{"MINS":210.0,"FGM":31.0,"FGA":75.2,"2PM":27.0,"2PA":57.8,"3PM":4.0,"3PA":17.4,"FTM":13.8,"FTA":25.6,"PTS":79.8,"OFF":11.6,"DEF":30.4,"REB":42.0,"AST":15.0,"TO":12.6,"STL":10.0,"BLK":2.8,"STK":12.8,"PF":19.2,"Fls on:":23.0,"+\/-":-1.2,"GW":14,"GP":5.0,"W":1.0,"L":4.0,"FG%":41.2234042553,"2P%":46.7128027682,"3P%":22.9885057471,"FT%":53.90625,"W%":0.2},"JRU":{"MINS":200.0,"FGM":25.0,"FGA":67.0,"2PM":18.8,"2PA":45.2,"3PM":6.2,"3PA":21.8,"FTM":17.8,"FTA":26.4,"PTS":74.0,"OFF":12.4,"DEF":22.2,"REB":34.6,"AST":16.8,"TO":13.4,"STL":6.8,"BLK":5.2,"STK":12.0,"PF":20.4,"Fls on:":23.8,"+\/-":-6.0,"GW":15,"GP":5.0,"W":1.0,"L":4.0,"FG%":37.3134328358,"2P%":41.592920354,"3P%":28.4403669725,"FT%":67.4242424242,"W%":0.2}}