{"AU":{"POS":426.7531981115,"PACE":85.3506396223},"CSB":{"POS":376.8891230693,"PACE":75.3778246139},"CSJL":{"POS":376.6275903896,"PACE":75.3255180779},"EAC":{"POS":397.9729090909,"PACE":79.5945818182},"JRU":{"POS":374.9638840156,"PACE":74.9927768031},"LPU":{"POS":410.499773412,"PACE":82.0999546824},"MU":{"POS":381.7393133001,"PACE":76.34786266},"SBU":{"POS":366.8349393091,"PACE":73.3669878618},"SSCR":{"POS":494.2422702688,"PACE":82.3737117115},"UPHSD":{"POS":454.8516338583,"PACE":75.808605643},"League":{"POS":406.1374634825,"PACE":78.0638463494}}