{"CSB":{"OFF":78.0367992863,"DEF":68.2894089837,"NET":9.7473903026,"PACE":76.4910619304,"hAST%":16.4456176953,"hTO%":13.4651821259,"TOR":19.4563293614,"AR":23.7628686666,"STL%":8.7668835858,"BLK%":8.5078534031,"EFG%":49.0476190476,"TS%":51.3698630137,"PPWS":1.0273972603,"REB%":57.2298325723,"OREB%":37.3534338358,"DREB%":73.779637378,"FTR":0.3186147186,"FFI":36.7330375058,"Py-W":15.2020979816,"Py-L":1.7979020184,"PPR":-1.3845499228,"HHI":0.0996646471},"SBU":{"OFF":73.7251244003,"DEF":68.9706565788,"NET":4.7544678215,"PACE":71.44982259,"hAST%":14.5902810862,"hTO%":11.7317770367,"TOR":16.2187040836,"AR":20.1704695456,"STL%":7.1625748999,"BLK%":6.24024961,"EFG%":45.235892692,"TS%":48.2541222114,"PPWS":0.9650824442,"REB%":53.253968254,"OREB%":30.1824212272,"DREB%":74.4292237443,"FTR":0.32839963,"FFI":33.1115117927,"Py-W":12.647146204,"Py-L":4.352853796,"PPR":-1.0617454692,"HHI":0.1049720967},"MU":{"OFF":74.8869926363,"DEF":71.4038766997,"NET":3.4831159366,"PACE":75.3635551559,"hAST%":15.2689687573,"hTO%":12.2739018088,"TOR":17.332648351,"AR":21.562146274,"STL%":10.6152104734,"BLK%":5.5722891566,"EFG%":45.6561922366,"TS%":48.792348841,"PPWS":0.9758469768,"REB%":52.6452732003,"OREB%":33.3333333333,"DREB%":73.381294964,"FTR":0.3188539741,"FFI":34.0451152609,"Py-W":10.9087741051,"Py-L":5.0912258949,"PPR":-1.1408064652,"HHI":0.1352813435},"LPU":{"OFF":76.4100466738,"DEF":76.3545161167,"NET":0.0555305572,"PACE":79.4475137701,"hAST%":15.9639655135,"hTO%":10.9113973039,"TOR":15.0302708089,"AR":21.9901006416,"STL%":9.6252965771,"BLK%":4.2176870748,"EFG%":45.9079283887,"TS%":50.5718738055,"PPWS":1.0114374761,"REB%":46.6004583652,"OREB%":25.0384024578,"DREB%":67.9331306991,"FTR":0.3631713555,"FFI":32.5759898818,"Py-W":8.5494360133,"Py-L":8.4505639867,"PPR":-0.1418114003,"HHI":0.1169963071},"League":{"OFF":72.9755248888,"DEF":72.9755248888,"NET":0.0,"PACE":77.7392859423,"hAST%":15.3091142785,"hTO%":12.2689297469,"TOR":17.1693758083,"AR":21.4238684027,"STL%":9.7050880891,"BLK%":6.9840834248,"EFG%":44.3446269678,"TS%":48.0029459833,"PPWS":0.9600589197,"REB%":50.0,"OREB%":30.181148296,"DREB%":69.818851704,"FTR":0.3305099247,"FFI":33.024073269,"Py-W":8.5,"Py-L":8.5,"PPR":-1.1037144235,"HHI":0.0084579868},"EAC":{"OFF":69.4403667115,"DEF":70.718069459,"NET":-1.2777027475,"PACE":79.4164279872,"hAST%":15.6071168453,"hTO%":11.133076683,"TOR":15.8509210413,"AR":22.2209173477,"STL%":8.9624366636,"BLK%":8.4815321477,"EFG%":41.3821138211,"TS%":44.3829001562,"PPWS":0.8876580031,"REB%":47.226074896,"OREB%":28.5519125683,"DREB%":66.4788732394,"FTR":0.3292682927,"FFI":31.1649826927,"Py-W":7.2688903331,"Py-L":9.7311096669,"PPR":-0.4001268155,"HHI":0.10903808},"CSJL":{"OFF":71.5840629726,"DEF":73.6643747877,"NET":-2.0803118151,"PACE":78.1132899485,"hAST%":15.2239875258,"hTO%":14.4864933204,"TOR":19.558487151,"AR":20.5541919514,"STL%":8.1790037177,"BLK%":8.3429895713,"EFG%":45.8439355386,"TS%":50.2877870376,"PPWS":1.0057557408,"REB%":48.0029048656,"OREB%":25.3246753247,"DREB%":66.3600525624,"FTR":0.2994062765,"FFI":32.7832252157,"Py-W":6.9727944814,"Py-L":11.0272055186,"PPR":-2.1997080239,"HHI":0.097834271},"UPHSD":{"OFF":67.482446662,"DEF":69.8248125792,"NET":-2.3423659172,"PACE":74.7107865238,"hAST%":16.5049150283,"hTO%":14.266077974,"TOR":20.3748654384,"AR":23.5723808175,"STL%":10.1874327192,"BLK%":10.3759398496,"EFG%":41.8244406196,"TS%":45.5010378749,"PPWS":0.9100207575,"REB%":51.6411378556,"OREB%":31.7073170732,"DREB%":69.9300699301,"FTR":0.3278829604,"FFI":33.0832004283,"Py-W":6.6024793425,"Py-L":11.3975206575,"PPR":-1.7623497821,"HHI":0.1126330169},"AU":{"OFF":69.9234407043,"DEF":72.8074425388,"NET":-2.8840018345,"PACE":81.0760681962,"hAST%":13.5517074097,"hTO%":11.1261099745,"TOR":15.308789612,"AR":18.6462508545,"STL%":12.4066494012,"BLK%":6.6581306018,"EFG%":41.8292682927,"TS%":44.9791380807,"PPWS":0.8995827616,"REB%":47.5349521707,"OREB%":29.689608637,"DREB%":68.932038835,"FTR":0.3666666667,"FFI":31.9968264475,"Py-W":5.8435631283,"Py-L":11.1564368717,"PPR":-1.1024387741,"HHI":0.0775297128},"SSCR":{"OFF":74.7098641554,"DEF":78.579969731,"NET":-3.8701055756,"PACE":83.5733014721,"hAST%":13.5480628455,"hTO%":10.3795642768,"TOR":14.2090832728,"AR":18.5465929034,"STL%":11.2924819694,"BLK%":3.323699422,"EFG%":43.7399678973,"TS%":47.8269611927,"PPWS":0.9565392239,"REB%":46.3687150838,"OREB%":28.7553648069,"DREB%":68.5920577617,"FTR":0.2672552167,"FFI":30.8081591889,"Py-W":4.9328132282,"Py-L":11.0671867718,"PPR":-0.7006032523,"HHI":0.1072559046},"JRU":{"OFF":74.16205719,"DEF":78.5312066954,"NET":-4.3691495055,"PACE":77.7510318493,"hAST%":16.2426697043,"hTO%":12.7620976248,"TOR":18.3088169752,"AR":23.3021306958,"STL%":9.6840023671,"BLK%":7.7127659574,"EFG%":43.4782608696,"TS%":48.5426075588,"PPWS":0.9708521512,"REB%":50.1680672269,"OREB%":32.9581993569,"DREB%":69.014084507,"FTR":0.387826087,"FFI":34.3775397674,"Py-W":4.8585167507,"Py-L":12.1414832493,"PPR":-1.0782684531,"HHI":0.1171743698}}