{"AU":{"POS":1378.293159336,"PACE":81.0760681962},"CSB":{"POS":1300.3480528164,"PACE":76.4910619304},"CSJL":{"POS":1406.0392190726,"PACE":78.1132899485},"EAC":{"POS":1350.0792757831,"PACE":79.4164279872},"JRU":{"POS":1321.7675414383,"PACE":77.7510318493},"LPU":{"POS":1350.6077340916,"PACE":79.4475137701},"MU":{"POS":1205.816882494,"PACE":75.3635551559},"SBU":{"POS":1214.6469840296,"PACE":71.44982259},"SSCR":{"POS":1337.172823554,"PACE":83.5733014721},"UPHSD":{"POS":1344.7941574279,"PACE":74.7107865238},"League":{"POS":1320.9565830044,"PACE":77.7392859423}}