{"AU":{"MINS":3450.0,"FGM":479.0,"FGA":1230.0,"2PM":408.0,"2PA":889.0,"3PM":71.0,"3PA":341.0,"FTM":256.0,"FTA":451.0,"PTS":1285.0,"OFF":220.0,"DEF":426.0,"REB":646.0,"AST":257.0,"TO":211.0,"STL":171.0,"BLK":52.0,"STK":223.0,"PF":342.0,"Fls on:":398.0,"+\/-":-53.0,"GW":88.0,"GP":17.0,"W":7.0,"L":10.0,"FG%":38.9430894309,"2P%":45.8942632171,"3P%":20.8211143695,"FT%":56.7627494457},"CSB":{"MINS":3450.0,"FGM":507.0,"FGA":1155.0,"2PM":388.0,"2PA":725.0,"3PM":119.0,"3PA":430.0,"FTM":220.0,"FTA":370.0,"PTS":1353.0,"OFF":223.0,"DEF":529.0,"REB":752.0,"AST":309.0,"TO":253.0,"STL":115.0,"BLK":65.0,"STK":180.0,"PF":320.0,"Fls on:":333.0,"+\/-":169.0,"GW":193.0,"GP":17.0,"W":14.0,"L":3.0,"FG%":43.8961038961,"2P%":53.5172413793,"3P%":27.6744186047,"FT%":59.4594594595},"CSJL":{"MINS":3725.0,"FGM":475.0,"FGA":1179.0,"2PM":344.0,"2PA":698.0,"3PM":131.0,"3PA":481.0,"FTM":261.0,"FTA":353.0,"PTS":1342.0,"OFF":156.0,"DEF":505.0,"REB":661.0,"AST":289.0,"TO":275.0,"STL":115.0,"BLK":72.0,"STK":187.0,"PF":373.0,"Fls on:":349.0,"+\/-":-39.0,"GW":100.0,"GP":18.0,"W":8.0,"L":10.0,"FG%":40.288379983,"2P%":49.2836676218,"3P%":27.2349272349,"FT%":73.9376770538},"EAC":{"MINS":3425.0,"FGM":443.0,"FGA":1230.0,"2PM":311.0,"2PA":755.0,"3PM":132.0,"3PA":475.0,"FTM":232.0,"FTA":405.0,"PTS":1250.0,"OFF":209.0,"DEF":472.0,"REB":681.0,"AST":300.0,"TO":214.0,"STL":121.0,"BLK":62.0,"STK":183.0,"PF":378.0,"Fls on:":361.0,"+\/-":-23.4,"GW":111.0,"GP":17.0,"W":8.0,"L":9.0,"FG%":36.0162601626,"2P%":41.1920529801,"3P%":27.7894736842,"FT%":57.2839506173},"JRU":{"MINS":3400.0,"FGM":455.0,"FGA":1150.0,"2PM":365.0,"2PA":805.0,"3PM":90.0,"3PA":345.0,"FTM":307.0,"FTA":446.0,"PTS":1307.0,"OFF":205.0,"DEF":392.0,"REB":597.0,"AST":308.0,"TO":242.0,"STL":128.0,"BLK":58.0,"STK":186.0,"PF":383.0,"Fls on:":388.0,"+\/-":-77.0,"GW":58.0,"GP":17.0,"W":4.0,"L":13.0,"FG%":39.5652173913,"2P%":45.3416149068,"3P%":26.0869565217,"FT%":68.8340807175},"LPU":{"MINS":3450.0,"FGM":477.0,"FGA":1173.0,"2PM":354.0,"2PA":692.0,"3PM":123.0,"3PA":481.0,"FTM":299.0,"FTA":426.0,"PTS":1376.0,"OFF":163.0,"DEF":447.0,"REB":610.0,"AST":297.0,"TO":203.0,"STL":130.0,"BLK":31.0,"STK":161.0,"PF":338.0,"Fls on:":378.0,"+\/-":1.0,"GW":115.0,"GP":17.0,"W":9.0,"L":8.0,"FG%":40.6649616368,"2P%":51.1560693642,"3P%":25.5717255717,"FT%":70.1877934272},"MU":{"MINS":3225.0,"FGM":424.0,"FGA":1082.0,"2PM":284.0,"2PA":610.0,"3PM":140.0,"3PA":472.0,"FTM":216.0,"FTA":345.0,"PTS":1204.0,"OFF":199.0,"DEF":408.0,"REB":607.0,"AST":260.0,"TO":209.0,"STL":128.0,"BLK":37.0,"STK":165.0,"PF":368.0,"Fls on:":304.0,"+\/-":56.2,"GW":154.0,"GP":16.0,"W":13.0,"L":3.0,"FG%":39.1866913124,"2P%":46.5573770492,"3P%":29.6610169492,"FT%":62.6086956522},"SBU":{"MINS":3450.0,"FGM":416.0,"FGA":1081.0,"2PM":270.0,"2PA":621.0,"3PM":146.0,"3PA":460.0,"FTM":216.0,"FTA":355.0,"PTS":1194.0,"OFF":182.0,"DEF":489.0,"REB":671.0,"AST":245.0,"TO":197.0,"STL":87.0,"BLK":40.0,"STK":127.0,"PF":306.0,"Fls on:":328.0,"+\/-":77.0,"GW":133.0,"GP":17.0,"W":10.0,"L":7.0,"FG%":38.4828862165,"2P%":43.4782608696,"3P%":31.7391304348,"FT%":60.8450704225},"SSCR":{"MINS":3275.0,"FGM":479.0,"FGA":1246.0,"2PM":347.0,"2PA":740.0,"3PM":132.0,"3PA":506.0,"FTM":242.0,"FTA":333.0,"PTS":1332.0,"OFF":201.0,"DEF":380.0,"REB":581.0,"AST":248.0,"TO":190.0,"STL":151.0,"BLK":23.0,"STK":174.0,"PF":414.0,"Fls on:":304.0,"+\/-":-69.0,"GW":67.0,"GP":16.0,"W":5.0,"L":11.0,"FG%":38.4430176565,"2P%":46.8918918919,"3P%":26.0869565217,"FT%":72.6726726727},"UPHSD":{"MINS":3700.0,"FGM":435.0,"FGA":1162.0,"2PM":333.0,"2PA":753.0,"3PM":102.0,"3PA":409.0,"FTM":238.0,"FTA":381.0,"PTS":1210.0,"OFF":208.0,"DEF":501.0,"REB":709.0,"AST":317.0,"TO":275.0,"STL":137.0,"BLK":69.0,"STK":206.0,"PF":317.0,"Fls on:":351.0,"+\/-":-42.0,"GW":79.0,"GP":18.0,"W":7.0,"L":11.0,"FG%":37.4354561102,"2P%":44.2231075697,"3P%":24.9388753056,"FT%":62.467191601},"League":{"MINS":3455.0,"FGM":459.0,"FGA":1168.8,"2PM":340.4,"2PA":728.8,"3PM":118.6,"3PA":440.0,"FTM":248.7,"FTA":386.5,"PTS":1285.3,"OFF":196.6,"DEF":454.9,"REB":651.5,"AST":283.0,"TO":226.9,"STL":128.3,"BLK":50.9,"STK":179.2,"PF":353.9,"Fls on:":349.4,"+\/-":-0.02,"GW":109.8,"GP":17.0,"W":8.5,"L":8.5,"FG%":39.2710472279,"2P%":46.7069154775,"3P%":26.9545454545,"FT%":64.3467011643}}