{"AU":{"MINS":1050.0,"FGM":155.0,"FGA":376.0,"2PM":135.0,"2PA":289.0,"3PM":20.0,"3PA":87.0,"FTM":69.0,"FTA":128.0,"PTS":399.0,"OFF":58.0,"DEF":152.0,"REB":210.0,"AST":75.0,"TO":63.0,"STL":50.0,"BLK":14.0,"STK":64.0,"PF":96.0,"Fls on:":115.0,"+\/-":-6.0,"GW":14.0,"GP":5.0,"W":1.0,"L":4.0,"FG%":41.2234042553,"2P%":46.7128027682,"3P%":22.9885057471,"FT%":53.90625},"CSB":{"MINS":1025.0,"FGM":145.0,"FGA":362.0,"2PM":114.0,"2PA":230.0,"3PM":31.0,"3PA":132.0,"FTM":51.0,"FTA":88.0,"PTS":372.0,"OFF":78.0,"DEF":161.0,"REB":239.0,"AST":73.0,"TO":70.0,"STL":39.0,"BLK":19.0,"STK":58.0,"PF":97.0,"Fls on:":95.0,"+\/-":65.0,"GW":55.0,"GP":5.0,"W":4.0,"L":1.0,"FG%":40.0552486188,"2P%":49.5652173913,"3P%":23.4848484848,"FT%":57.9545454545},"CSJL":{"MINS":1000.0,"FGM":126.0,"FGA":311.0,"2PM":93.0,"2PA":185.0,"3PM":33.0,"3PA":126.0,"FTM":88.0,"FTA":118.0,"PTS":373.0,"OFF":51.0,"DEF":129.0,"REB":180.0,"AST":69.0,"TO":75.0,"STL":32.0,"BLK":24.0,"STK":56.0,"PF":111.0,"Fls on:":103.0,"+\/-":-5.0,"GW":41.0,"GP":5.0,"W":3.0,"L":2.0,"FG%":40.5144694534,"2P%":50.2702702703,"3P%":26.1904761905,"FT%":74.5762711864},"EAC":{"MINS":1025.0,"FGM":113.0,"FGA":357.0,"2PM":74.0,"2PA":208.0,"3PM":39.0,"3PA":149.0,"FTM":78.0,"FTA":139.0,"PTS":343.0,"OFF":56.0,"DEF":139.0,"REB":195.0,"AST":87.0,"TO":61.0,"STL":37.0,"BLK":23.0,"STK":60.0,"PF":116.0,"Fls on:":114.0,"+\/-":-11.0,"GW":27.0,"GP":5.0,"W":2.0,"L":3.0,"FG%":31.6526610644,"2P%":35.5769230769,"3P%":26.1744966443,"FT%":56.1151079137},"JRU":{"MINS":1000.0,"FGM":125.0,"FGA":335.0,"2PM":94.0,"2PA":226.0,"3PM":31.0,"3PA":109.0,"FTM":89.0,"FTA":132.0,"PTS":370.0,"OFF":62.0,"DEF":111.0,"REB":173.0,"AST":84.0,"TO":67.0,"STL":34.0,"BLK":26.0,"STK":60.0,"PF":102.0,"Fls on:":119.0,"+\/-":-30.0,"GW":15.0,"GP":5.0,"W":1.0,"L":4.0,"FG%":37.3134328358,"2P%":41.592920354,"3P%":28.4403669725,"FT%":67.4242424242},"LPU":{"MINS":825.0,"FGM":121.0,"FGA":286.0,"2PM":86.0,"2PA":171.0,"3PM":35.0,"3PA":115.0,"FTM":66.0,"FTA":99.0,"PTS":343.0,"OFF":37.0,"DEF":114.0,"REB":151.0,"AST":76.0,"TO":55.0,"STL":26.0,"BLK":9.0,"STK":35.0,"PF":95.0,"Fls on:":86.0,"+\/-":-9.0,"GW":27.0,"GP":4.0,"W":2.0,"L":2.0,"FG%":42.3076923077,"2P%":50.2923976608,"3P%":30.4347826087,"FT%":66.6666666667},"MU":{"MINS":800.0,"FGM":99.0,"FGA":269.0,"2PM":63.0,"2PA":146.0,"3PM":36.0,"3PA":123.0,"FTM":48.0,"FTA":78.0,"PTS":282.0,"OFF":48.0,"DEF":110.0,"REB":158.0,"AST":61.0,"TO":50.0,"STL":35.0,"BLK":10.0,"STK":45.0,"PF":92.0,"Fls on:":69.0,"+\/-":11.0,"GW":35.0,"GP":4.0,"W":3.0,"L":1.0,"FG%":36.8029739777,"2P%":43.1506849315,"3P%":29.2682926829,"FT%":61.5384615385},"SBU":{"MINS":1025.0,"FGM":121.0,"FGA":311.0,"2PM":80.0,"2PA":185.0,"3PM":41.0,"3PA":126.0,"FTM":78.0,"FTA":132.0,"PTS":361.0,"OFF":66.0,"DEF":157.0,"REB":223.0,"AST":62.0,"TO":69.0,"STL":22.0,"BLK":16.0,"STK":38.0,"PF":95.0,"Fls on:":119.0,"+\/-":25.0,"GW":42.0,"GP":5.0,"W":3.0,"L":2.0,"FG%":38.9067524116,"2P%":43.2432432432,"3P%":32.5396825397,"FT%":59.0909090909},"SSCR":{"MINS":1000.0,"FGM":141.0,"FGA":394.0,"2PM":108.0,"2PA":229.0,"3PM":33.0,"3PA":165.0,"FTM":93.0,"FTA":121.0,"PTS":408.0,"OFF":72.0,"DEF":114.0,"REB":186.0,"AST":72.0,"TO":57.0,"STL":48.0,"BLK":7.0,"STK":55.0,"PF":151.0,"Fls on:":111.0,"+\/-":-31.0,"GW":26.0,"GP":5.0,"W":2.0,"L":3.0,"FG%":35.7868020305,"2P%":47.1615720524,"3P%":20.0,"FT%":76.8595041322},"UPHSD":{"MINS":1000.0,"FGM":122.0,"FGA":343.0,"2PM":93.0,"2PA":220.0,"3PM":29.0,"3PA":123.0,"FTM":67.0,"FTA":112.0,"PTS":340.0,"OFF":67.0,"DEF":131.0,"REB":198.0,"AST":78.0,"TO":68.0,"STL":37.0,"BLK":20.0,"STK":57.0,"PF":96.0,"Fls on:":101.0,"+\/-":-9.0,"GW":38.0,"GP":5.0,"W":3.0,"L":2.0,"FG%":35.5685131195,"2P%":42.2727272727,"3P%":23.5772357724,"FT%":59.8214285714},"League":{"MINS":975.0,"FGM":126.8,"FGA":334.4,"2PM":94.0,"2PA":208.9,"3PM":32.8,"3PA":125.5,"FTM":72.7,"FTA":114.7,"PTS":359.1,"OFF":59.5,"DEF":131.8,"REB":191.3,"AST":73.7,"TO":63.5,"STL":36.0,"BLK":16.8,"STK":52.8,"PF":105.1,"Fls on:":103.2,"+\/-":0.0,"GW":32.0,"GP":4.8,"W":2.4,"L":2.4,"FG%":37.9186602871,"2P%":44.9976065103,"3P%":26.1354581673,"FT%":63.3827375763}}