{"MU":{"2PM":41.0,"2PA":95.0,"3PM":9.0,"3PA":38.0,"FTM":35.0,"FTA":51.0,"OFF":20.0,"DEF":63.0,"AST":32.0,"TO":32.0,"STL":17.0,"BLK":7.0,"PF":33.0,"Fls on:":49.0,"+\/-":10.0,"GW":13.0,"GP":2.0,"MINS":400.0,"FGM":50.0,"FGA":133.0,"FG%":37.5939849624,"2P%":43.1578947368,"3P%":23.6842105263,"FT%":68.6274509804,"PTS":144.0,"REB":83.0,"STK":24.0},"SSCR":{"2PM":42.0,"2PA":74.0,"3PM":15.0,"3PA":55.0,"FTM":48.0,"FTA":64.0,"OFF":23.0,"DEF":52.0,"AST":43.0,"TO":36.0,"STL":8.0,"BLK":5.0,"PF":53.0,"Fls on:":56.0,"+\/-":-9.0,"GW":0.0,"GP":2.0,"MINS":400.0,"FGM":57.0,"FGA":129.0,"FG%":44.1860465116,"2P%":56.7567567568,"3P%":27.2727272727,"FT%":75.0,"PTS":177.0,"REB":75.0,"STK":13.0},"LPU":{"2PM":44.0,"2PA":83.0,"3PM":17.0,"3PA":59.0,"FTM":35.0,"FTA":54.0,"OFF":32.0,"DEF":66.0,"AST":38.0,"TO":23.0,"STL":11.0,"BLK":5.0,"PF":50.0,"Fls on:":53.0,"+\/-":18.0,"GW":28.0,"GP":2.0,"MINS":400.0,"FGM":61.0,"FGA":142.0,"FG%":42.9577464789,"2P%":53.0120481928,"3P%":28.813559322,"FT%":64.8148148148,"PTS":174.0,"REB":98.0,"STK":16.0},"CSJL":{"2PM":43.0,"2PA":98.0,"3PM":10.0,"3PA":57.0,"FTM":37.0,"FTA":46.0,"OFF":32.0,"DEF":33.0,"AST":29.0,"TO":17.0,"STL":16.0,"BLK":6.0,"PF":48.0,"Fls on:":47.0,"+\/-":-1.0,"GW":13.0,"GP":2.0,"MINS":400.0,"FGM":53.0,"FGA":155.0,"FG%":34.1935483871,"2P%":43.8775510204,"3P%":17.5438596491,"FT%":80.4347826087,"PTS":153.0,"REB":65.0,"STK":22.0},"SBU":{"2PM":34.0,"2PA":77.0,"3PM":13.0,"3PA":63.0,"FTM":26.0,"FTA":47.0,"OFF":27.0,"DEF":55.0,"AST":25.0,"TO":18.0,"STL":10.0,"BLK":4.0,"PF":46.0,"Fls on:":44.0,"+\/-":-11.0,"GW":12.0,"GP":2.0,"MINS":400.0,"FGM":47.0,"FGA":140.0,"FG%":33.5714285714,"2P%":44.1558441558,"3P%":20.6349206349,"FT%":55.3191489362,"PTS":133.0,"REB":82.0,"STK":14.0},"AU":{"2PM":20.0,"2PA":53.0,"3PM":10.0,"3PA":30.0,"FTM":17.0,"FTA":28.0,"OFF":8.0,"DEF":40.0,"AST":22.0,"TO":10.0,"STL":4.0,"BLK":11.0,"PF":27.0,"Fls on:":26.0,"+\/-":7.0,"GW":14.0,"GP":1.0,"MINS":200.0,"FGM":30.0,"FGA":83.0,"FG%":36.1445783133,"2P%":37.7358490566,"3P%":33.3333333333,"FT%":60.7142857143,"PTS":87.0,"REB":48.0,"STK":15.0},"JRU":{"2PM":45.0,"2PA":81.0,"3PM":10.0,"3PA":41.0,"FTM":32.0,"FTA":47.0,"OFF":22.0,"DEF":51.0,"AST":30.0,"TO":23.0,"STL":15.0,"BLK":11.0,"PF":48.0,"Fls on:":42.0,"+\/-":24.0,"GW":28.0,"GP":2.0,"MINS":400.0,"FGM":55.0,"FGA":122.0,"FG%":45.0819672131,"2P%":55.5555555556,"3P%":24.3902439024,"FT%":68.085106383,"PTS":152.0,"REB":73.0,"STK":26.0},"EAC":{"2PM":41.0,"2PA":104.0,"3PM":13.0,"3PA":51.0,"FTM":28.0,"FTA":56.0,"OFF":31.0,"DEF":77.0,"AST":32.0,"TO":22.0,"STL":14.0,"BLK":2.0,"PF":56.0,"Fls on:":44.0,"+\/-":-4.0,"GW":12.0,"GP":2.0,"MINS":400.0,"FGM":54.0,"FGA":155.0,"FG%":34.8387096774,"2P%":39.4230769231,"3P%":25.4901960784,"FT%":50.0,"PTS":149.0,"REB":108.0,"STK":16.0},"CSB":{"2PM":37.0,"2PA":85.0,"3PM":12.0,"3PA":58.0,"FTM":20.0,"FTA":38.0,"OFF":28.0,"DEF":49.0,"AST":23.0,"TO":25.0,"STL":16.0,"BLK":6.0,"PF":43.0,"Fls on:":36.0,"+\/-":-18.0,"GW":0.0,"GP":2.0,"MINS":400.0,"FGM":49.0,"FGA":143.0,"FG%":34.2657342657,"2P%":43.5294117647,"3P%":20.6896551724,"FT%":52.6315789474,"PTS":130.0,"REB":77.0,"STK":22.0},"UPHSD":{"2PM":14.0,"2PA":38.0,"3PM":6.0,"3PA":17.0,"FTM":20.0,"FTA":34.0,"OFF":11.0,"DEF":22.0,"AST":15.0,"TO":16.0,"STL":7.0,"BLK":3.0,"PF":23.0,"Fls on:":26.0,"+\/-":-16.0,"GW":0.0,"GP":1.0,"MINS":200.0,"FGM":20.0,"FGA":55.0,"FG%":36.3636363636,"2P%":36.8421052632,"3P%":35.2941176471,"FT%":58.8235294118,"PTS":66.0,"REB":33.0,"STK":10.0},"League":{"2PM":36.1,"2PA":78.8,"3PM":11.5,"3PA":46.9,"FTM":29.8,"FTA":46.5,"OFF":23.4,"DEF":50.8,"AST":28.9,"TO":22.2,"STL":11.8,"BLK":6.0,"PF":42.7,"Fls on:":42.3,"+\/-":0.0,"GW":12.0,"GP":1.8,"MINS":360.0,"FGM":47.6,"FGA":125.7,"FG%":37.8679395386,"2P%":45.8121827411,"3P%":24.5202558635,"FT%":64.0860215054,"PTS":136.5,"REB":74.2,"STK":17.8}}