{"UPHSD":{"2PM":14.0,"2PA":38.0,"3PM":6.0,"3PA":17.0,"FTM":20.0,"FTA":34.0,"OFF":11.0,"DEF":22.0,"AST":15.0,"TO":16.0,"STL":7.0,"BLK":3.0,"PF":23.0,"Fls on:":26.0,"+\/-":-16.0,"GW":0,"GP":1.0,"MINS":200.0,"FGM":20.0,"FGA":55.0,"FG%":36.3636363636,"2P%":36.8421052632,"3P%":35.2941176471,"FT%":58.8235294118,"PTS":66.0,"REB":33.0,"STK":10.0},"CSB":{"2PM":18.5,"2PA":42.5,"3PM":6.0,"3PA":29.0,"FTM":10.0,"FTA":19.0,"OFF":14.0,"DEF":24.5,"AST":11.5,"TO":12.5,"STL":8.0,"BLK":3.0,"PF":21.5,"Fls on:":18.0,"+\/-":-9.0,"GW":0,"GP":2.0,"MINS":200.0,"FGM":24.5,"FGA":71.5,"FG%":34.2657342657,"2P%":43.5294117647,"3P%":20.6896551724,"FT%":52.6315789474,"PTS":65.0,"REB":38.5,"STK":11.0},"SBU":{"2PM":17.0,"2PA":38.5,"3PM":6.5,"3PA":31.5,"FTM":13.0,"FTA":23.5,"OFF":13.5,"DEF":27.5,"AST":12.5,"TO":9.0,"STL":5.0,"BLK":2.0,"PF":23.0,"Fls on:":22.0,"+\/-":-5.5,"GW":12,"GP":2.0,"MINS":200.0,"FGM":23.5,"FGA":70.0,"FG%":33.5714285714,"2P%":44.1558441558,"3P%":20.6349206349,"FT%":55.3191489362,"PTS":66.5,"REB":41.0,"STK":7.0},"SSCR":{"2PM":21.0,"2PA":37.0,"3PM":7.5,"3PA":27.5,"FTM":24.0,"FTA":32.0,"OFF":11.5,"DEF":26.0,"AST":21.5,"TO":18.0,"STL":4.0,"BLK":2.5,"PF":26.5,"Fls on:":28.0,"+\/-":-4.5,"GW":0,"GP":2.0,"MINS":200.0,"FGM":28.5,"FGA":64.5,"FG%":44.1860465116,"2P%":56.7567567568,"3P%":27.2727272727,"FT%":75.0,"PTS":88.5,"REB":37.5,"STK":6.5},"EAC":{"2PM":20.5,"2PA":52.0,"3PM":6.5,"3PA":25.5,"FTM":14.0,"FTA":28.0,"OFF":15.5,"DEF":38.5,"AST":16.0,"TO":11.0,"STL":7.0,"BLK":1.0,"PF":28.0,"Fls on:":22.0,"+\/-":-2.0,"GW":12,"GP":2.0,"MINS":200.0,"FGM":27.0,"FGA":77.5,"FG%":34.8387096774,"2P%":39.4230769231,"3P%":25.4901960784,"FT%":50.0,"PTS":74.5,"REB":54.0,"STK":8.0},"CSJL":{"2PM":21.5,"2PA":49.0,"3PM":5.0,"3PA":28.5,"FTM":18.5,"FTA":23.0,"OFF":16.0,"DEF":16.5,"AST":14.5,"TO":8.5,"STL":8.0,"BLK":3.0,"PF":24.0,"Fls on:":23.5,"+\/-":-0.5,"GW":13,"GP":2.0,"MINS":200.0,"FGM":26.5,"FGA":77.5,"FG%":34.1935483871,"2P%":43.8775510204,"3P%":17.5438596491,"FT%":80.4347826087,"PTS":76.5,"REB":32.5,"STK":11.0},"League":{"2PM":20.0555555556,"2PA":43.7777777778,"3PM":6.3888888889,"3PA":26.0555555556,"FTM":16.5555555556,"FTA":25.8333333333,"OFF":13.0,"DEF":28.2222222222,"AST":16.0555555556,"TO":12.3333333333,"STL":6.5555555556,"BLK":3.3333333333,"PF":23.7222222222,"Fls on:":23.5,"+\/-":0.0,"GW":12,"GP":1.8,"MINS":200.0,"FGM":26.4444444444,"FGA":69.8333333333,"FG%":37.8679395386,"2P%":45.8121827411,"3P%":24.5202558635,"FT%":64.0860215054,"PTS":75.8333333333,"REB":41.2222222222,"STK":9.8888888889},"MU":{"2PM":20.5,"2PA":47.5,"3PM":4.5,"3PA":19.0,"FTM":17.5,"FTA":25.5,"OFF":10.0,"DEF":31.5,"AST":16.0,"TO":16.0,"STL":8.5,"BLK":3.5,"PF":16.5,"Fls on:":24.5,"+\/-":5.0,"GW":13,"GP":2.0,"MINS":200.0,"FGM":25.0,"FGA":66.5,"FG%":37.5939849624,"2P%":43.1578947368,"3P%":23.6842105263,"FT%":68.6274509804,"PTS":72.0,"REB":41.5,"STK":12.0},"AU":{"2PM":20.0,"2PA":53.0,"3PM":10.0,"3PA":30.0,"FTM":17.0,"FTA":28.0,"OFF":8.0,"DEF":40.0,"AST":22.0,"TO":10.0,"STL":4.0,"BLK":11.0,"PF":27.0,"Fls on:":26.0,"+\/-":7.0,"GW":14,"GP":1.0,"MINS":200.0,"FGM":30.0,"FGA":83.0,"FG%":36.1445783133,"2P%":37.7358490566,"3P%":33.3333333333,"FT%":60.7142857143,"PTS":87.0,"REB":48.0,"STK":15.0},"LPU":{"2PM":22.0,"2PA":41.5,"3PM":8.5,"3PA":29.5,"FTM":17.5,"FTA":27.0,"OFF":16.0,"DEF":33.0,"AST":19.0,"TO":11.5,"STL":5.5,"BLK":2.5,"PF":25.0,"Fls on:":26.5,"+\/-":9.0,"GW":28,"GP":2.0,"MINS":200.0,"FGM":30.5,"FGA":71.0,"FG%":42.9577464789,"2P%":53.0120481928,"3P%":28.813559322,"FT%":64.8148148148,"PTS":87.0,"REB":49.0,"STK":8.0},"JRU":{"2PM":22.5,"2PA":40.5,"3PM":5.0,"3PA":20.5,"FTM":16.0,"FTA":23.5,"OFF":11.0,"DEF":25.5,"AST":15.0,"TO":11.5,"STL":7.5,"BLK":5.5,"PF":24.0,"Fls on:":21.0,"+\/-":12.0,"GW":28,"GP":2.0,"MINS":200.0,"FGM":27.5,"FGA":61.0,"FG%":45.0819672131,"2P%":55.5555555556,"3P%":24.3902439024,"FT%":68.085106383,"PTS":76.0,"REB":36.5,"STK":13.0}}