{"UPHSD":{"OFF":84.2273330309,"DEF":67.7927314639,"NET":16.434601567,"PACE":73.0166773504,"hAST%":14.847809948,"hTO%":11.135857461,"TOR":16.434601567,"AR":21.9128020893,"STL%":10.9564010447,"BLK%":13.1578947368,"EFG%":47.0149253731,"TS%":51.4042126379,"PPWS":1.0280842528,"REB%":56.0,"OREB%":43.5897435897,"DREB%":69.4444444444,"FTR":0.4328358209,"FFI":38.1251065724,"Py-W":0.969910633,"Py-L":0.030089367,"PPR":-0.7157956703,"HHI":0.1252230815},"CSB":{"OFF":73.2015342529,"DEF":64.2986449518,"NET":8.902889301,"PACE":75.818083004,"hAST%":14.4374068554,"hTO%":13.0402384501,"TOR":18.4652518836,"AR":20.4436717283,"STL%":9.2326259418,"BLK%":10.5882352941,"EFG%":45.3237410072,"TS%":47.5211918829,"PPWS":0.9504238377,"REB%":54.4378698225,"OREB%":36.3636363636,"DREB%":69.5652173913,"FTR":0.273381295,"FFI":34.119256071,"Py-W":1.7768682289,"Py-L":0.2231317711,"PPR":-1.7841940597,"HHI":0.1418918919},"SBU":{"OFF":74.0010653602,"DEF":68.3482062007,"NET":5.6528591595,"PACE":72.9719224138,"hAST%":13.0560928433,"hTO%":11.6054158607,"TOR":16.4446811911,"AR":18.50026634,"STL%":6.1667554467,"BLK%":11.6883116883,"EFG%":44.4852941176,"TS%":46.2130937099,"PPWS":0.9242618742,"REB%":53.6723163842,"OREB%":36.7816091954,"DREB%":70.0,"FTR":0.3308823529,"FFI":34.224845078,"Py-W":1.5619737695,"Py-L":0.4380262305,"PPR":-1.5167322638,"HHI":0.143132716},"SSCR":{"OFF":85.402914249,"DEF":81.2705151724,"NET":4.1323990766,"PACE":81.6716860465,"hAST%":14.9328023892,"hTO%":6.6368010619,"TOR":9.7953163296,"AR":22.0394617417,"STL%":10.4075236002,"BLK%":1.3513513514,"EFG%":43.9024390244,"TS%":49.1855299344,"PPWS":0.9837105987,"REB%":51.6129032258,"OREB%":39.5348837209,"DREB%":66.6666666667,"FTR":0.3475609756,"FFI":33.1301960705,"Py-W":1.3771866052,"Py-L":0.6228133948,"PPR":1.9198215699,"HHI":0.1719852006},"EAC":{"OFF":67.0787096269,"DEF":65.3250178719,"NET":1.753691755,"PACE":85.5338457152,"hAST%":16.8577208361,"hTO%":9.2717464599,"TOR":12.860406203,"AR":23.3825567327,"STL%":6.4302031015,"BLK%":12.5,"EFG%":38.5135135135,"TS%":43.6444545869,"PPWS":0.8728890917,"REB%":43.75,"OREB%":17.2043010753,"DREB%":68.6868686869,"FTR":0.4189189189,"FFI":28.345150955,"Py-W":1.2088158841,"Py-L":0.7911841159,"PPR":1.0064269193,"HHI":0.1161519074},"CSJL":{"OFF":79.0398261868,"DEF":78.5265805622,"NET":0.5132456246,"PACE":73.0644319277,"hAST%":15.1944894652,"hTO%":16.7139384117,"TOR":22.5828074819,"AR":20.5298249836,"STL%":8.2119299934,"BLK%":10.2040816327,"EFG%":51.7857142857,"TS%":57.2746206486,"PPWS":1.145492413,"REB%":51.1278195489,"OREB%":34.0,"DREB%":61.4457831325,"FTR":0.4553571429,"FFI":39.9903447276,"Py-W":1.0520703118,"Py-L":0.9479296882,"PPR":-3.487223169,"HHI":0.1210996795},"League":{"OFF":73.0742754389,"DEF":73.0742754389,"NET":0.0,"PACE":78.3975322612,"hAST%":14.6507147927,"hTO%":11.2541822975,"TOR":15.8461432454,"AR":20.6285378284,"STL%":8.4227247881,"BLK%":7.614213198,"EFG%":42.4423229912,"TS%":46.6954022989,"PPWS":0.933908046,"REB%":50.0,"OREB%":31.5363881402,"DREB%":68.4636118598,"FTR":0.369928401,"FFI":32.7946686502,"Py-W":0.9,"Py-L":0.9,"PPR":-0.7927927928,"HHI":0.0124387309},"MU":{"OFF":63.5846549627,"DEF":68.3297784674,"NET":-4.7451235047,"PACE":79.0285014985,"hAST%":14.6762062007,"hTO%":12.8416804256,"TOR":17.7151277508,"AR":20.2458602866,"STL%":12.0209795452,"BLK%":4.2105263158,"EFG%":38.9285714286,"TS%":42.3943305492,"PPWS":0.847886611,"REB%":50.5952380952,"OREB%":30.7692307692,"DREB%":74.025974026,"FTR":0.2928571429,"FFI":30.5469138058,"Py-W":0.4804026781,"Py-L":1.5195973219,"PPR":-1.6533598802,"HHI":0.1234127868},"AU":{"OFF":63.8554945984,"DEF":69.4428503758,"NET":-5.5873557774,"PACE":93.9621568627,"hAST%":11.4043662431,"hTO%":8.1459758879,"TOR":10.6425824331,"AR":14.8996154063,"STL%":7.4498077031,"BLK%":0.0,"EFG%":39.5348837209,"TS%":40.5022276225,"PPWS":0.8100445525,"REB%":54.2857142857,"OREB%":25.9259259259,"DREB%":84.3137254902,"FTR":0.3372093023,"FFI":28.7179238167,"Py-W":0.2071643116,"Py-L":0.7928356884,"PPR":-0.2472154666,"HHI":0.148125},"LPU":{"OFF":73.7173200215,"DEF":82.2231646393,"NET":-8.5058446179,"PACE":79.3571985294,"hAST%":15.5500266572,"hTO%":10.6628754221,"TOR":15.1215015429,"AR":22.05218975,"STL%":5.6705630786,"BLK%":1.2048192771,"EFG%":41.134751773,"TS%":46.9653179191,"PPWS":0.9393063584,"REB%":43.3526011561,"OREB%":25.0,"DREB%":62.3529411765,"FTR":0.4042553191,"FFI":31.2981058822,"Py-W":0.2968042794,"Py-L":1.7031957206,"PPR":-0.1646511674,"HHI":0.148339908},"JRU":{"OFF":69.0142840989,"DEF":81.9544623674,"NET":-12.9401782685,"PACE":69.5508192641,"hAST%":13.8861337036,"hTO%":12.398333664,"TOR":17.9724698174,"AR":20.1291661955,"STL%":8.6267855124,"BLK%":9.8765432099,"EFG%":36.2903225806,"TS%":43.057050592,"PPWS":0.8611410118,"REB%":46.7153284672,"OREB%":33.7662337662,"DREB%":63.3333333333,"FTR":0.4516129032,"FFI":32.5366867882,"Py-W":0.1202180248,"Py-L":1.8797819752,"PPR":-1.7847298909,"HHI":0.12890625}}