{"SBU":{"2PM":113.0,"2PA":270.0,"3PM":56.0,"3PA":229.0,"FTM":78.0,"FTA":119.0,"OFF":76.0,"DEF":182.0,"AST":104.0,"TO":62.0,"STL":40.0,"BLK":21.0,"PF":157.0,"Fls on:":125.0,"+\/-":-25.0,"GW":38.0,"GP":7.0,"MINS":1400.0,"FGM":169.0,"FGA":499.0,"FG%":33.8677354709,"2P%":41.8518518519,"3P%":24.4541484716,"FT%":65.5462184874,"PTS":472.0,"REB":258.0,"STK":61.0},"UPHSD":{"2PM":143.0,"2PA":324.0,"3PM":56.0,"3PA":247.0,"FTM":93.0,"FTA":153.0,"OFF":107.0,"DEF":218.0,"AST":111.0,"TO":102.0,"STL":74.0,"BLK":19.0,"PF":146.0,"Fls on:":142.0,"+\/-":12.0,"GW":51.0,"GP":8.0,"MINS":1600.0,"FGM":199.0,"FGA":571.0,"FG%":34.8511383538,"2P%":44.1358024691,"3P%":22.6720647773,"FT%":60.7843137255,"PTS":547.0,"REB":325.0,"STK":93.0},"CSB":{"2PM":159.0,"2PA":353.0,"3PM":47.0,"3PA":227.0,"FTM":93.0,"FTA":162.0,"OFF":96.0,"DEF":164.0,"AST":94.0,"TO":98.0,"STL":79.0,"BLK":24.0,"PF":155.0,"Fls on:":152.0,"+\/-":-90.0,"GW":25.0,"GP":8.0,"MINS":1600.0,"FGM":206.0,"FGA":580.0,"FG%":35.5172413793,"2P%":45.0424929178,"3P%":20.704845815,"FT%":57.4074074074,"PTS":552.0,"REB":260.0,"STK":103.0},"MU":{"2PM":140.0,"2PA":339.0,"3PM":51.0,"3PA":170.0,"FTM":158.0,"FTA":235.0,"OFF":78.0,"DEF":210.0,"AST":121.0,"TO":109.0,"STL":59.0,"BLK":24.0,"PF":161.0,"Fls on:":196.0,"+\/-":-28.0,"GW":23.0,"GP":8.0,"MINS":1600.0,"FGM":191.0,"FGA":509.0,"FG%":37.5245579568,"2P%":41.2979351032,"3P%":30.0,"FT%":67.2340425532,"PTS":591.0,"REB":288.0,"STK":83.0},"LPU":{"2PM":189.0,"2PA":351.0,"3PM":64.0,"3PA":210.0,"FTM":118.0,"FTA":186.0,"OFF":107.0,"DEF":242.0,"AST":146.0,"TO":112.0,"STL":52.0,"BLK":26.0,"PF":177.0,"Fls on:":163.0,"+\/-":19.0,"GW":57.0,"GP":8.0,"MINS":1600.0,"FGM":253.0,"FGA":561.0,"FG%":45.0980392157,"2P%":53.8461538462,"3P%":30.4761904762,"FT%":63.4408602151,"PTS":688.0,"REB":349.0,"STK":78.0},"SSCR":{"2PM":184.0,"2PA":345.0,"3PM":52.0,"3PA":181.0,"FTM":162.0,"FTA":248.0,"OFF":87.0,"DEF":254.0,"AST":163.0,"TO":140.0,"STL":53.0,"BLK":27.0,"PF":162.0,"Fls on:":207.0,"+\/-":60.0,"GW":77.0,"GP":8.0,"MINS":1600.0,"FGM":236.0,"FGA":526.0,"FG%":44.8669201521,"2P%":53.3333333333,"3P%":28.729281768,"FT%":65.3225806452,"PTS":686.0,"REB":341.0,"STK":80.0},"EAC":{"2PM":154.0,"2PA":361.0,"3PM":50.0,"3PA":205.0,"FTM":134.0,"FTA":214.0,"OFF":118.0,"DEF":252.0,"AST":131.0,"TO":117.0,"STL":61.0,"BLK":26.0,"PF":174.0,"Fls on:":183.0,"+\/-":23.0,"GW":68.0,"GP":8.0,"MINS":1600.0,"FGM":204.0,"FGA":566.0,"FG%":36.0424028269,"2P%":42.6592797784,"3P%":24.3902439024,"FT%":62.6168224299,"PTS":592.0,"REB":370.0,"STK":87.0},"JRU":{"2PM":188.0,"2PA":368.0,"3PM":50.0,"3PA":177.0,"FTM":114.0,"FTA":164.0,"OFF":90.0,"DEF":196.0,"AST":105.0,"TO":116.0,"STL":67.0,"BLK":29.0,"PF":199.0,"Fls on:":158.0,"+\/-":22.0,"GW":69.0,"GP":8.0,"MINS":1600.0,"FGM":238.0,"FGA":545.0,"FG%":43.6697247706,"2P%":51.0869565217,"3P%":28.2485875706,"FT%":69.512195122,"PTS":640.0,"REB":286.0,"STK":96.0},"CSJL":{"2PM":165.0,"2PA":385.0,"3PM":52.0,"3PA":225.0,"FTM":104.0,"FTA":165.0,"OFF":115.0,"DEF":196.0,"AST":121.0,"TO":82.0,"STL":64.0,"BLK":24.0,"PF":151.0,"Fls on:":163.0,"+\/-":-4.0,"GW":37.0,"GP":8.0,"MINS":1600.0,"FGM":217.0,"FGA":610.0,"FG%":35.5737704918,"2P%":42.8571428571,"3P%":23.1111111111,"FT%":63.0303030303,"PTS":590.0,"REB":311.0,"STK":88.0},"AU":{"2PM":176.0,"2PA":400.0,"3PM":69.0,"3PA":233.0,"FTM":156.0,"FTA":227.0,"OFF":105.0,"DEF":272.0,"AST":157.0,"TO":146.0,"STL":74.0,"BLK":34.0,"PF":218.0,"Fls on:":184.0,"+\/-":11.0,"GW":77.0,"GP":9.0,"MINS":1800.0,"FGM":245.0,"FGA":633.0,"FG%":38.7045813586,"2P%":44.0,"3P%":29.6137339056,"FT%":68.7224669604,"PTS":715.0,"REB":377.0,"STK":108.0},"League":{"2PM":161.1,"2PA":349.6,"3PM":54.7,"3PA":210.4,"FTM":121.0,"FTA":187.3,"OFF":97.9,"DEF":218.6,"AST":125.3,"TO":108.4,"STL":62.3,"BLK":25.4,"PF":170.0,"Fls on:":167.3,"+\/-":0.0,"GW":52.2,"GP":8.0,"MINS":1600.0,"FGM":215.8,"FGA":560.0,"FG%":38.5357142857,"2P%":46.0812356979,"3P%":25.9980988593,"FT%":64.6022423919,"PTS":607.3,"REB":316.5,"STK":87.7}}