{"UPHSD":{"2PM":14.0,"2PA":38.0,"3PM":6.0,"3PA":17.0,"FTM":20.0,"FTA":34.0,"OFF":11.0,"DEF":22.0,"AST":15.0,"TO":16.0,"STL":7.0,"BLK":3.0,"PF":23.0,"Fls on:":26.0,"+\/-":-16.0,"GW":0,"GP":1,"MINS":200.0,"FGM":20.0,"FGA":55.0,"FG%":36.3636363636,"2P%":36.8421052632,"3P%":35.2941176471,"FT%":58.8235294118,"PTS":66.0,"REB":33.0,"STK":10.0},"SBU":{"2PM":14.0,"2PA":38.0,"3PM":6.0,"3PA":31.0,"FTM":17.0,"FTA":26.0,"OFF":11.0,"DEF":26.0,"AST":8.0,"TO":10.0,"STL":6.0,"BLK":0.0,"PF":25.0,"Fls on:":22.0,"+\/-":-16.0,"GW":0,"GP":1,"MINS":200.0,"FGM":20.0,"FGA":69.0,"FG%":28.9855072464,"2P%":36.8421052632,"3P%":19.3548387097,"FT%":65.3846153846,"PTS":63.0,"REB":37.0,"STK":6.0},"CSB":{"2PM":19.0,"2PA":40.0,"3PM":6.0,"3PA":31.0,"FTM":9.0,"FTA":14.0,"OFF":11.0,"DEF":23.0,"AST":14.0,"TO":16.0,"STL":12.0,"BLK":2.0,"PF":21.0,"Fls on:":15.0,"+\/-":-13.0,"GW":0,"GP":1,"MINS":200.0,"FGM":25.0,"FGA":71.0,"FG%":35.2112676056,"2P%":47.5,"3P%":19.3548387097,"FT%":64.2857142857,"PTS":65.0,"REB":34.0,"STK":14.0},"SSCR":{"2PM":22.0,"2PA":34.0,"3PM":5.0,"3PA":23.0,"FTM":25.0,"FTA":33.0,"OFF":12.0,"DEF":25.0,"AST":16.0,"TO":22.0,"STL":5.0,"BLK":4.0,"PF":25.0,"Fls on:":28.0,"+\/-":-7.0,"GW":0,"GP":1,"MINS":200.0,"FGM":27.0,"FGA":57.0,"FG%":47.3684210526,"2P%":64.7058823529,"3P%":21.7391304348,"FT%":75.7575757576,"PTS":84.0,"REB":37.0,"STK":9.0},"EAC":{"2PM":28.0,"2PA":67.0,"3PM":4.0,"3PA":19.0,"FTM":12.0,"FTA":29.0,"OFF":14.0,"DEF":43.0,"AST":14.0,"TO":10.0,"STL":7.0,"BLK":0.0,"PF":28.0,"Fls on:":26.0,"+\/-":-7.0,"GW":0,"GP":1,"MINS":200.0,"FGM":32.0,"FGA":86.0,"FG%":37.2093023256,"2P%":41.7910447761,"3P%":21.0526315789,"FT%":41.3793103448,"PTS":80.0,"REB":57.0,"STK":7.0},"League":{"2PM":21.6,"2PA":45.6,"3PM":6.0,"3PA":25.0,"FTM":16.3,"FTA":25.5,"OFF":12.8,"DEF":29.3,"AST":15.3,"TO":13.9,"STL":7.5,"BLK":3.6,"PF":24.0,"Fls on:":23.6,"+\/-":0.0,"GW":7,"GP":1,"MINS":200.0,"FGM":27.6,"FGA":70.6,"FG%":39.0934844193,"2P%":47.3684210526,"3P%":24.0,"FT%":63.9215686275,"PTS":77.5,"REB":42.1,"STK":11.1},"AU":{"2PM":20.0,"2PA":53.0,"3PM":10.0,"3PA":30.0,"FTM":17.0,"FTA":28.0,"OFF":8.0,"DEF":40.0,"AST":22.0,"TO":10.0,"STL":4.0,"BLK":11.0,"PF":27.0,"Fls on:":26.0,"+\/-":7.0,"GW":14,"GP":1,"MINS":200.0,"FGM":30.0,"FGA":83.0,"FG%":36.1445783133,"2P%":37.7358490566,"3P%":33.3333333333,"FT%":60.7142857143,"PTS":87.0,"REB":48.0,"STK":15.0},"CSJL":{"2PM":30.0,"2PA":55.0,"3PM":4.0,"3PA":31.0,"FTM":19.0,"FTA":24.0,"OFF":17.0,"DEF":17.0,"AST":16.0,"TO":8.0,"STL":11.0,"BLK":1.0,"PF":28.0,"Fls on:":25.0,"+\/-":7.0,"GW":13,"GP":1,"MINS":200.0,"FGM":34.0,"FGA":86.0,"FG%":39.5348837209,"2P%":54.5454545455,"3P%":12.9032258065,"FT%":79.1666666667,"PTS":91.0,"REB":34.0,"STK":12.0},"MU":{"2PM":28.0,"2PA":51.0,"3PM":3.0,"3PA":17.0,"FTM":13.0,"FTA":17.0,"OFF":12.0,"DEF":35.0,"AST":14.0,"TO":20.0,"STL":10.0,"BLK":5.0,"PF":15.0,"Fls on:":21.0,"+\/-":13.0,"GW":13,"GP":1,"MINS":200.0,"FGM":31.0,"FGA":68.0,"FG%":45.5882352941,"2P%":54.9019607843,"3P%":17.6470588235,"FT%":76.4705882353,"PTS":78.0,"REB":47.0,"STK":15.0},"LPU":{"2PM":17.0,"2PA":36.0,"3PM":11.0,"3PA":28.0,"FTM":12.0,"FTA":21.0,"OFF":15.0,"DEF":37.0,"AST":18.0,"TO":15.0,"STL":5.0,"BLK":5.0,"PF":22.0,"Fls on:":25.0,"+\/-":16.0,"GW":15,"GP":1,"MINS":200.0,"FGM":28.0,"FGA":64.0,"FG%":43.75,"2P%":47.2222222222,"3P%":39.2857142857,"FT%":57.1428571429,"PTS":79.0,"REB":52.0,"STK":10.0},"JRU":{"2PM":24.0,"2PA":44.0,"3PM":5.0,"3PA":23.0,"FTM":19.0,"FTA":29.0,"OFF":17.0,"DEF":25.0,"AST":16.0,"TO":12.0,"STL":8.0,"BLK":5.0,"PF":26.0,"Fls on:":22.0,"+\/-":16.0,"GW":15,"GP":1,"MINS":200.0,"FGM":29.0,"FGA":67.0,"FG%":43.2835820896,"2P%":54.5454545455,"3P%":21.7391304348,"FT%":65.5172413793,"PTS":82.0,"REB":42.0,"STK":13.0}}