{"AU":{"MINS":1450.0,"FGM":217.0,"FGA":520.0,"2PM":188.0,"2PA":393.0,"3PM":29.0,"3PA":127.0,"FTM":97.0,"FTA":167.0,"PTS":560.0,"OFF":78.0,"DEF":196.0,"REB":274.0,"AST":107.0,"TO":89.0,"STL":69.0,"BLK":20.0,"STK":89.0,"PF":143.0,"Fls on:":156.0,"+\/-":-7.0,"GW":27.0,"GP":7.0,"W":2.0,"L":5.0,"FG%":41.7307692308,"2P%":47.8371501272,"3P%":22.8346456693,"FT%":58.0838323353},"CSB":{"MINS":1225.0,"FGM":184.0,"FGA":424.0,"2PM":145.0,"2PA":270.0,"3PM":39.0,"3PA":154.0,"FTM":68.0,"FTA":111.0,"PTS":475.0,"OFF":85.0,"DEF":193.0,"REB":278.0,"AST":94.0,"TO":87.0,"STL":44.0,"BLK":22.0,"STK":66.0,"PF":116.0,"Fls on:":112.0,"+\/-":90.0,"GW":70.0,"GP":6.0,"W":5.0,"L":1.0,"FG%":43.3962264151,"2P%":53.7037037037,"3P%":25.3246753247,"FT%":61.2612612613},"CSJL":{"MINS":1475.0,"FGM":184.0,"FGA":457.0,"2PM":135.0,"2PA":267.0,"3PM":49.0,"3PA":190.0,"FTM":113.0,"FTA":145.0,"PTS":530.0,"OFF":74.0,"DEF":199.0,"REB":273.0,"AST":105.0,"TO":113.0,"STL":45.0,"BLK":36.0,"STK":81.0,"PF":147.0,"Fls on:":138.0,"+\/-":6.0,"GW":66.0,"GP":7.0,"W":5.0,"L":2.0,"FG%":40.2625820569,"2P%":50.5617977528,"3P%":25.7894736842,"FT%":77.9310344828},"EAC":{"MINS":1425.0,"FGM":172.0,"FGA":511.0,"2PM":113.0,"2PA":303.0,"3PM":59.0,"3PA":208.0,"FTM":103.0,"FTA":184.0,"PTS":506.0,"OFF":86.0,"DEF":185.0,"REB":271.0,"AST":120.0,"TO":80.0,"STL":52.0,"BLK":28.0,"STK":80.0,"PF":160.0,"Fls on:":153.0,"+\/-":-11.0,"GW":41.0,"GP":7.0,"W":3.0,"L":4.0,"FG%":33.6594911937,"2P%":37.2937293729,"3P%":28.3653846154,"FT%":55.9782608696},"JRU":{"MINS":1400.0,"FGM":177.0,"FGA":467.0,"2PM":135.0,"2PA":321.0,"3PM":42.0,"3PA":146.0,"FTM":147.0,"FTA":209.0,"PTS":543.0,"OFF":88.0,"DEF":159.0,"REB":247.0,"AST":120.0,"TO":100.0,"STL":53.0,"BLK":35.0,"STK":88.0,"PF":141.0,"Fls on:":171.0,"+\/-":-34.0,"GW":29.0,"GP":7.0,"W":2.0,"L":5.0,"FG%":37.9014989293,"2P%":42.0560747664,"3P%":28.7671232877,"FT%":70.3349282297},"LPU":{"MINS":1425.0,"FGM":210.0,"FGA":496.0,"2PM":148.0,"2PA":292.0,"3PM":62.0,"3PA":204.0,"FTM":123.0,"FTA":180.0,"PTS":605.0,"OFF":64.0,"DEF":185.0,"REB":249.0,"AST":127.0,"TO":81.0,"STL":46.0,"BLK":12.0,"STK":58.0,"PF":152.0,"Fls on:":153.0,"+\/-":-21.0,"GW":37.0,"GP":7.0,"W":3.0,"L":4.0,"FG%":42.3387096774,"2P%":50.6849315068,"3P%":30.3921568627,"FT%":68.3333333333},"MU":{"MINS":1400.0,"FGM":192.0,"FGA":479.0,"2PM":133.0,"2PA":266.0,"3PM":59.0,"3PA":213.0,"FTM":99.0,"FTA":152.0,"PTS":542.0,"OFF":87.0,"DEF":186.0,"REB":273.0,"AST":110.0,"TO":86.0,"STL":52.0,"BLK":14.0,"STK":66.0,"PF":166.0,"Fls on:":132.0,"+\/-":22.0,"GW":60.0,"GP":7.0,"W":5.0,"L":2.0,"FG%":40.0835073069,"2P%":50.0,"3P%":27.6995305164,"FT%":65.1315789474},"SBU":{"MINS":1225.0,"FGM":148.0,"FGA":376.0,"2PM":99.0,"2PA":224.0,"3PM":49.0,"3PA":152.0,"FTM":86.0,"FTA":150.0,"PTS":431.0,"OFF":74.0,"DEF":189.0,"REB":263.0,"AST":77.0,"TO":80.0,"STL":28.0,"BLK":17.0,"STK":45.0,"PF":116.0,"Fls on:":137.0,"+\/-":23.0,"GW":42.0,"GP":6.0,"W":3.0,"L":3.0,"FG%":39.3617021277,"2P%":44.1964285714,"3P%":32.2368421053,"FT%":57.3333333333},"SSCR":{"MINS":1400.0,"FGM":180.0,"FGA":527.0,"2PM":134.0,"2PA":300.0,"3PM":46.0,"3PA":227.0,"FTM":126.0,"FTA":167.0,"PTS":532.0,"OFF":93.0,"DEF":162.0,"REB":255.0,"AST":94.0,"TO":80.0,"STL":63.0,"BLK":9.0,"STK":72.0,"PF":190.0,"Fls on:":147.0,"+\/-":-58.0,"GW":26.0,"GP":7.0,"W":2.0,"L":5.0,"FG%":34.155597723,"2P%":44.6666666667,"3P%":20.2643171806,"FT%":75.4491017964},"UPHSD":{"MINS":1475.0,"FGM":175.0,"FGA":496.0,"2PM":134.0,"2PA":318.0,"3PM":41.0,"3PA":178.0,"FTM":82.0,"FTA":136.0,"PTS":473.0,"OFF":88.0,"DEF":212.0,"REB":300.0,"AST":120.0,"TO":101.0,"STL":54.0,"BLK":27.0,"STK":81.0,"PF":121.0,"Fls on:":132.0,"+\/-":-10.0,"GW":48.0,"GP":7.0,"W":4.0,"L":3.0,"FG%":35.2822580645,"2P%":42.1383647799,"3P%":23.0337078652,"FT%":60.2941176471},"League":{"MINS":1390.0,"FGM":183.9,"FGA":475.3,"2PM":136.4,"2PA":295.4,"3PM":47.5,"3PA":179.9,"FTM":104.4,"FTA":160.1,"PTS":519.7,"OFF":81.7,"DEF":186.6,"REB":268.3,"AST":107.4,"TO":89.7,"STL":50.6,"BLK":22.0,"STK":72.6,"PF":145.2,"Fls on:":143.1,"+\/-":0.0,"GW":44.6,"GP":6.8,"W":3.4,"L":3.4,"FG%":38.6913528298,"2P%":46.1746784022,"3P%":26.403557532,"FT%":65.2092442224}}