{"CSB":{"MINS":204.1666666667,"FGM":30.6666666667,"FGA":70.6666666667,"2PM":24.1666666667,"2PA":45.0,"3PM":6.5,"3PA":25.6666666667,"FTM":11.3333333333,"FTA":18.5,"PTS":79.1666666667,"OFF":14.1666666667,"DEF":32.1666666667,"REB":46.3333333333,"AST":15.6666666667,"TO":14.5,"STL":7.3333333333,"BLK":3.6666666667,"STK":11.0,"PF":19.3333333333,"Fls on:":18.6666666667,"+\/-":15.0,"GW":70.0,"GP":6.0,"W":5.0,"L":1.0,"FG%":43.3962264151,"2P%":53.7037037037,"3P%":25.3246753247,"FT%":61.2612612613,"W%":0.8333333333},"CSJL":{"MINS":210.7142857143,"FGM":26.2857142857,"FGA":65.2857142857,"2PM":19.2857142857,"2PA":38.1428571429,"3PM":7.0,"3PA":27.1428571429,"FTM":16.1428571429,"FTA":20.7142857143,"PTS":75.7142857143,"OFF":10.5714285714,"DEF":28.4285714286,"REB":39.0,"AST":15.0,"TO":16.1428571429,"STL":6.4285714286,"BLK":5.1428571429,"STK":11.5714285714,"PF":21.0,"Fls on:":19.7142857143,"+\/-":0.8571428571,"GW":66.0,"GP":7.0,"W":5.0,"L":2.0,"FG%":40.2625820569,"2P%":50.5617977528,"3P%":25.7894736842,"FT%":77.9310344828,"W%":0.7142857143},"MU":{"MINS":200.0,"FGM":27.4285714286,"FGA":68.4285714286,"2PM":19.0,"2PA":38.0,"3PM":8.4285714286,"3PA":30.4285714286,"FTM":14.1428571429,"FTA":21.7142857143,"PTS":77.4285714286,"OFF":12.4285714286,"DEF":26.5714285714,"REB":39.0,"AST":15.7142857143,"TO":12.2857142857,"STL":7.4285714286,"BLK":2.0,"STK":9.4285714286,"PF":23.7142857143,"Fls on:":18.8571428571,"+\/-":3.1428571429,"GW":60.0,"GP":7.0,"W":5.0,"L":2.0,"FG%":40.0835073069,"2P%":50.0,"3P%":27.6995305164,"FT%":65.1315789474,"W%":0.7142857143},"UPHSD":{"MINS":210.7142857143,"FGM":25.0,"FGA":70.8571428571,"2PM":19.1428571429,"2PA":45.4285714286,"3PM":5.8571428571,"3PA":25.4285714286,"FTM":11.7142857143,"FTA":19.4285714286,"PTS":67.5714285714,"OFF":12.5714285714,"DEF":30.2857142857,"REB":42.8571428571,"AST":17.1428571429,"TO":14.4285714286,"STL":7.7142857143,"BLK":3.8571428571,"STK":11.5714285714,"PF":17.2857142857,"Fls on:":18.8571428571,"+\/-":-1.4285714286,"GW":48.0,"GP":7.0,"W":4.0,"L":3.0,"FG%":35.2822580645,"2P%":42.1383647799,"3P%":23.0337078652,"FT%":60.2941176471,"W%":0.5714285714},"SBU":{"MINS":204.1666666667,"FGM":24.6666666667,"FGA":62.6666666667,"2PM":16.5,"2PA":37.3333333333,"3PM":8.1666666667,"3PA":25.3333333333,"FTM":14.3333333333,"FTA":25.0,"PTS":71.8333333333,"OFF":12.3333333333,"DEF":31.5,"REB":43.8333333333,"AST":12.8333333333,"TO":13.3333333333,"STL":4.6666666667,"BLK":2.8333333333,"STK":7.5,"PF":19.3333333333,"Fls on:":22.8333333333,"+\/-":3.8333333333,"GW":42.0,"GP":6.0,"W":3.0,"L":3.0,"FG%":39.3617021277,"2P%":44.1964285714,"3P%":32.2368421053,"FT%":57.3333333333,"W%":0.5},"League":{"MINS":204.4117647059,"FGM":27.0441176471,"FGA":69.8970588235,"2PM":20.0588235294,"2PA":43.4411764706,"3PM":6.9852941176,"3PA":26.4558823529,"FTM":15.3529411765,"FTA":23.5441176471,"PTS":76.4264705882,"OFF":12.0147058824,"DEF":27.4411764706,"REB":39.4558823529,"AST":15.7941176471,"TO":13.1911764706,"STL":7.4411764706,"BLK":3.2352941176,"STK":10.6764705882,"PF":21.3529411765,"Fls on:":21.0441176471,"+\/-":0.0,"GW":44.6,"GP":6.8,"W":3.4,"L":3.4,"FG%":38.6913528298,"2P%":46.1746784022,"3P%":26.403557532,"FT%":65.2092442224,"W%":0.5},"EAC":{"MINS":203.5714285714,"FGM":24.5714285714,"FGA":73.0,"2PM":16.1428571429,"2PA":43.2857142857,"3PM":8.4285714286,"3PA":29.7142857143,"FTM":14.7142857143,"FTA":26.2857142857,"PTS":72.2857142857,"OFF":12.2857142857,"DEF":26.4285714286,"REB":38.7142857143,"AST":17.1428571429,"TO":11.4285714286,"STL":7.4285714286,"BLK":4.0,"STK":11.4285714286,"PF":22.8571428571,"Fls on:":21.8571428571,"+\/-":-1.5714285714,"GW":41.0,"GP":7.0,"W":3.0,"L":4.0,"FG%":33.6594911937,"2P%":37.2937293729,"3P%":28.3653846154,"FT%":55.9782608696,"W%":0.4285714286},"LPU":{"MINS":203.5714285714,"FGM":30.0,"FGA":70.8571428571,"2PM":21.1428571429,"2PA":41.7142857143,"3PM":8.8571428571,"3PA":29.1428571429,"FTM":17.5714285714,"FTA":25.7142857143,"PTS":86.4285714286,"OFF":9.1428571429,"DEF":26.4285714286,"REB":35.5714285714,"AST":18.1428571429,"TO":11.5714285714,"STL":6.5714285714,"BLK":1.7142857143,"STK":8.2857142857,"PF":21.7142857143,"Fls on:":21.8571428571,"+\/-":-3.0,"GW":37.0,"GP":7.0,"W":3.0,"L":4.0,"FG%":42.3387096774,"2P%":50.6849315068,"3P%":30.3921568627,"FT%":68.3333333333,"W%":0.4285714286},"AU":{"MINS":207.1428571429,"FGM":31.0,"FGA":74.2857142857,"2PM":26.8571428571,"2PA":56.1428571429,"3PM":4.1428571429,"3PA":18.1428571429,"FTM":13.8571428571,"FTA":23.8571428571,"PTS":80.0,"OFF":11.1428571429,"DEF":28.0,"REB":39.1428571429,"AST":15.2857142857,"TO":12.7142857143,"STL":9.8571428571,"BLK":2.8571428571,"STK":12.7142857143,"PF":20.4285714286,"Fls on:":22.2857142857,"+\/-":-1.0,"GW":27.0,"GP":7.0,"W":2.0,"L":5.0,"FG%":41.7307692308,"2P%":47.8371501272,"3P%":22.8346456693,"FT%":58.0838323353,"W%":0.2857142857},"JRU":{"MINS":200.0,"FGM":25.2857142857,"FGA":66.7142857143,"2PM":19.2857142857,"2PA":45.8571428571,"3PM":6.0,"3PA":20.8571428571,"FTM":21.0,"FTA":29.8571428571,"PTS":77.5714285714,"OFF":12.5714285714,"DEF":22.7142857143,"REB":35.2857142857,"AST":17.1428571429,"TO":14.2857142857,"STL":7.5714285714,"BLK":5.0,"STK":12.5714285714,"PF":20.1428571429,"Fls on:":24.4285714286,"+\/-":-4.8571428571,"GW":29.0,"GP":7.0,"W":2.0,"L":5.0,"FG%":37.9014989293,"2P%":42.0560747664,"3P%":28.7671232877,"FT%":70.3349282297,"W%":0.2857142857},"SSCR":{"MINS":200.0,"FGM":25.7142857143,"FGA":75.2857142857,"2PM":19.1428571429,"2PA":42.8571428571,"3PM":6.5714285714,"3PA":32.4285714286,"FTM":18.0,"FTA":23.8571428571,"PTS":76.0,"OFF":13.2857142857,"DEF":23.1428571429,"REB":36.4285714286,"AST":13.4285714286,"TO":11.4285714286,"STL":9.0,"BLK":1.2857142857,"STK":10.2857142857,"PF":27.1428571429,"Fls on:":21.0,"+\/-":-8.2857142857,"GW":26.0,"GP":7.0,"W":2.0,"L":5.0,"FG%":34.155597723,"2P%":44.6666666667,"3P%":20.2643171806,"FT%":75.4491017964,"W%":0.2857142857}}