{"JRU":{"2PM":141.0,"2PA":275.0,"3PM":37.0,"3PA":120.0,"FTM":96.0,"FTA":136.0,"OFF":64.0,"DEF":146.0,"AST":86.0,"TO":81.0,"STL":55.0,"BLK":23.0,"PF":149.0,"Fls on:":120.0,"+\/-":27.0,"GW":56.0,"GP":6.0,"MINS":1200.0,"FGM":178.0,"FGA":395.0,"FG%":45.0632911392,"2P%":51.2727272727,"3P%":30.8333333333,"FT%":70.5882352941,"PTS":489.0,"REB":210.0,"STK":78.0},"SSCR":{"2PM":133.0,"2PA":258.0,"3PM":35.0,"3PA":133.0,"FTM":128.0,"FTA":188.0,"OFF":61.0,"DEF":196.0,"AST":116.0,"TO":101.0,"STL":38.0,"BLK":22.0,"PF":125.0,"Fls on:":165.0,"+\/-":39.0,"GW":51.0,"GP":6.0,"MINS":1200.0,"FGM":168.0,"FGA":391.0,"FG%":42.9667519182,"2P%":51.5503875969,"3P%":26.3157894737,"FT%":68.085106383,"PTS":499.0,"REB":257.0,"STK":60.0},"LPU":{"2PM":121.0,"2PA":230.0,"3PM":35.0,"3PA":133.0,"FTM":86.0,"FTA":131.0,"OFF":73.0,"DEF":148.0,"AST":93.0,"TO":65.0,"STL":35.0,"BLK":16.0,"PF":114.0,"Fls on:":116.0,"+\/-":-6.0,"GW":28.0,"GP":5.0,"MINS":1000.0,"FGM":156.0,"FGA":363.0,"FG%":42.9752066116,"2P%":52.6086956522,"3P%":26.3157894737,"FT%":65.6488549618,"PTS":433.0,"REB":221.0,"STK":51.0},"CSB":{"2PM":86.0,"2PA":212.0,"3PM":27.0,"3PA":141.0,"FTM":54.0,"FTA":97.0,"OFF":62.0,"DEF":111.0,"AST":56.0,"TO":62.0,"STL":36.0,"BLK":19.0,"PF":97.0,"Fls on:":97.0,"+\/-":-65.0,"GW":14.0,"GP":5.0,"MINS":1000.0,"FGM":113.0,"FGA":353.0,"FG%":32.0113314448,"2P%":40.5660377358,"3P%":19.1489361702,"FT%":55.6701030928,"PTS":307.0,"REB":173.0,"STK":55.0},"MU":{"2PM":93.0,"2PA":215.0,"3PM":31.0,"3PA":108.0,"FTM":88.0,"FTA":131.0,"OFF":45.0,"DEF":142.0,"AST":76.0,"TO":68.0,"STL":37.0,"BLK":14.0,"PF":93.0,"Fls on:":116.0,"+\/-":4.0,"GW":23.0,"GP":5.0,"MINS":1000.0,"FGM":124.0,"FGA":323.0,"FG%":38.3900928793,"2P%":43.2558139535,"3P%":28.7037037037,"FT%":67.1755725191,"PTS":367.0,"REB":187.0,"STK":51.0},"CSJL":{"2PM":125.0,"2PA":286.0,"3PM":38.0,"3PA":158.0,"FTM":87.0,"FTA":134.0,"OFF":84.0,"DEF":129.0,"AST":91.0,"TO":65.0,"STL":54.0,"BLK":18.0,"PF":130.0,"Fls on:":128.0,"+\/-":3.0,"GW":25.0,"GP":6.0,"MINS":1200.0,"FGM":163.0,"FGA":444.0,"FG%":36.7117117117,"2P%":43.7062937063,"3P%":24.0506329114,"FT%":64.9253731343,"PTS":451.0,"REB":213.0,"STK":72.0},"UPHSD":{"2PM":109.0,"2PA":245.0,"3PM":38.0,"3PA":167.0,"FTM":69.0,"FTA":122.0,"OFF":76.0,"DEF":161.0,"AST":80.0,"TO":77.0,"STL":56.0,"BLK":13.0,"PF":119.0,"Fls on:":108.0,"+\/-":1.0,"GW":26.0,"GP":6.0,"MINS":1200.0,"FGM":147.0,"FGA":412.0,"FG%":35.6796116505,"2P%":44.4897959184,"3P%":22.754491018,"FT%":56.5573770492,"PTS":401.0,"REB":237.0,"STK":69.0},"SBU":{"2PM":73.0,"2PA":189.0,"3PM":43.0,"3PA":174.0,"FTM":61.0,"FTA":96.0,"OFF":64.0,"DEF":123.0,"AST":70.0,"TO":47.0,"STL":34.0,"BLK":13.0,"PF":119.0,"Fls on:":95.0,"+\/-":-25.0,"GW":25.0,"GP":5.0,"MINS":1000.0,"FGM":116.0,"FGA":363.0,"FG%":31.955922865,"2P%":38.6243386243,"3P%":24.7126436782,"FT%":63.5416666667,"PTS":336.0,"REB":187.0,"STK":47.0},"EAC":{"2PM":114.0,"2PA":259.0,"3PM":36.0,"3PA":150.0,"FTM":93.0,"FTA":155.0,"OFF":84.0,"DEF":195.0,"AST":94.0,"TO":93.0,"STL":41.0,"BLK":22.0,"PF":137.0,"Fls on:":137.0,"+\/-":13.0,"GW":53.0,"GP":6.0,"MINS":1200.0,"FGM":150.0,"FGA":409.0,"FG%":36.6748166259,"2P%":44.0154440154,"3P%":24.0,"FT%":60.0,"PTS":429.0,"REB":279.0,"STK":63.0},"AU":{"2PM":121.0,"2PA":273.0,"3PM":48.0,"3PA":157.0,"FTM":111.0,"FTA":152.0,"OFF":63.0,"DEF":182.0,"AST":108.0,"TO":97.0,"STL":44.0,"BLK":29.0,"PF":140.0,"Fls on:":121.0,"+\/-":9.0,"GW":66.0,"GP":6.0,"MINS":1200.0,"FGM":169.0,"FGA":430.0,"FG%":39.3023255814,"2P%":44.3223443223,"3P%":30.5732484076,"FT%":73.0263157895,"PTS":497.0,"REB":245.0,"STK":73.0},"League":{"2PM":111.6,"2PA":244.2,"3PM":36.8,"3PA":144.1,"FTM":87.3,"FTA":134.2,"OFF":67.6,"DEF":153.3,"AST":87.0,"TO":75.6,"STL":43.0,"BLK":18.9,"PF":122.3,"Fls on:":120.3,"+\/-":0.0,"GW":36.7,"GP":5.6,"MINS":1120.0,"FGM":148.4,"FGA":388.3,"FG%":38.2178727788,"2P%":45.7002457002,"3P%":25.5378209577,"FT%":65.0521609538,"PTS":420.9,"REB":220.9,"STK":61.9}}