{"CSB":{"MINS":205.0,"FGM":29.0,"FGA":72.4,"2PM":22.8,"2PA":46.0,"3PM":6.2,"3PA":26.4,"FTM":10.2,"FTA":17.6,"PTS":74.4,"OFF":15.6,"DEF":32.2,"REB":47.8,"AST":14.6,"TO":14.0,"STL":7.8,"BLK":3.8,"STK":11.6,"PF":19.4,"Fls on:":19.0,"+\/-":13.0,"GW":55.0,"GP":5.0,"W":4.0,"L":1.0,"FG%":40.0552486188,"2P%":49.5652173913,"3P%":23.4848484848,"FT%":57.9545454545,"W%":0.8},"CSJL":{"MINS":200.0,"FGM":25.5,"FGA":60.8333333333,"2PM":19.1666666667,"2PA":36.5,"3PM":6.3333333333,"3PA":24.3333333333,"FTM":17.3333333333,"FTA":22.5,"PTS":74.6666666667,"OFF":9.0,"DEF":26.6666666667,"REB":35.6666666667,"AST":14.3333333333,"TO":16.3333333333,"STL":6.1666666667,"BLK":5.1666666667,"STK":11.3333333333,"PF":22.0,"Fls on:":21.0,"+\/-":-0.5,"GW":54.0,"GP":6.0,"W":4.0,"L":2.0,"FG%":41.9178082192,"2P%":52.5114155251,"3P%":26.0273972603,"FT%":77.037037037,"W%":0.6666666667},"UPHSD":{"MINS":200.0,"FGM":24.3333333333,"FGA":66.8333333333,"2PM":19.0,"2PA":43.5,"3PM":5.3333333333,"3PA":23.3333333333,"FTM":12.6666666667,"FTA":20.6666666667,"PTS":66.6666666667,"OFF":11.5,"DEF":29.6666666667,"REB":41.1666666667,"AST":16.3333333333,"TO":14.6666666667,"STL":7.6666666667,"BLK":3.8333333333,"STK":11.5,"PF":18.1666666667,"Fls on:":19.5,"+\/-":-0.1666666667,"GW":48.0,"GP":6.0,"W":4.0,"L":2.0,"FG%":36.4089775561,"2P%":43.6781609195,"3P%":22.8571428571,"FT%":61.2903225806,"W%":0.6666666667},"LPU":{"MINS":205.0,"FGM":30.4,"FGA":69.2,"2PM":21.6,"2PA":41.6,"3PM":8.8,"3PA":27.6,"FTM":18.2,"FTA":26.8,"PTS":87.8,"OFF":8.6,"DEF":27.8,"REB":36.4,"AST":18.6,"TO":12.8,"STL":6.6,"BLK":2.0,"STK":8.6,"PF":23.4,"Fls on:":22.6,"+\/-":1.2,"GW":37.0,"GP":5.0,"W":3.0,"L":2.0,"FG%":43.9306358382,"2P%":51.9230769231,"3P%":31.884057971,"FT%":67.9104477612,"W%":0.6},"MU":{"MINS":200.0,"FGM":25.2,"FGA":67.4,"2PM":16.8,"2PA":36.4,"3PM":8.4,"3PA":31.0,"FTM":13.8,"FTA":21.2,"PTS":72.6,"OFF":12.6,"DEF":27.2,"REB":39.8,"AST":16.0,"TO":12.6,"STL":8.2,"BLK":2.4,"STK":10.6,"PF":23.8,"Fls on:":18.2,"+\/-":-0.8,"GW":35.0,"GP":5.0,"W":3.0,"L":2.0,"FG%":37.3887240356,"2P%":46.1538461538,"3P%":27.0967741935,"FT%":65.0943396226,"W%":0.6},"SBU":{"MINS":205.0,"FGM":24.2,"FGA":62.2,"2PM":16.0,"2PA":37.0,"3PM":8.2,"3PA":25.2,"FTM":15.6,"FTA":26.4,"PTS":72.2,"OFF":13.2,"DEF":31.4,"REB":44.6,"AST":12.4,"TO":13.8,"STL":4.4,"BLK":3.2,"STK":7.6,"PF":19.0,"Fls on:":23.8,"+\/-":5.0,"GW":42.0,"GP":5.0,"W":3.0,"L":2.0,"FG%":38.9067524116,"2P%":43.2432432432,"3P%":32.5396825397,"FT%":59.0909090909,"W%":0.6},"League":{"MINS":202.6785714286,"FGM":26.5,"FGA":69.3392857143,"2PM":19.9285714286,"2PA":43.6071428571,"3PM":6.5714285714,"3PA":25.7321428571,"FTM":15.5892857143,"FTA":23.9642857143,"PTS":75.1607142857,"OFF":12.0714285714,"DEF":27.375,"REB":39.4464285714,"AST":15.5357142857,"TO":13.5,"STL":7.6785714286,"BLK":3.375,"STK":11.0535714286,"PF":21.8392857143,"Fls on:":21.4821428571,"+\/-":0.0,"GW":36.7,"GP":5.6,"W":2.8,"L":2.8,"FG%":38.2178727788,"2P%":45.7002457002,"3P%":25.5378209577,"FT%":65.0521609538,"W%":0.5},"EAC":{"MINS":204.1666666667,"FGM":23.1666666667,"FGA":72.6666666667,"2PM":15.8333333333,"2PA":43.6666666667,"3PM":7.3333333333,"3PA":29.0,"FTM":15.6666666667,"FTA":26.6666666667,"PTS":69.3333333333,"OFF":12.0,"DEF":26.0,"REB":38.0,"AST":17.1666666667,"TO":11.6666666667,"STL":7.8333333333,"BLK":4.0,"STK":11.8333333333,"PF":23.1666666667,"Fls on:":22.5,"+\/-":-2.1666666667,"GW":27.0,"GP":6.0,"W":2.0,"L":4.0,"FG%":31.880733945,"2P%":36.2595419847,"3P%":25.2873563218,"FT%":58.75,"W%":0.3333333333},"JRU":{"MINS":200.0,"FGM":25.3333333333,"FGA":66.8333333333,"2PM":19.1666666667,"2PA":45.5,"3PM":6.1666666667,"3PA":21.3333333333,"FTM":20.1666666667,"FTA":29.1666666667,"PTS":77.0,"OFF":12.5,"DEF":22.5,"REB":35.0,"AST":17.0,"TO":14.3333333333,"STL":7.1666666667,"BLK":5.0,"STK":12.1666666667,"PF":20.3333333333,"Fls on:":24.6666666667,"+\/-":-4.5,"GW":29.0,"GP":6.0,"W":2.0,"L":4.0,"FG%":37.9052369077,"2P%":42.1245421245,"3P%":28.90625,"FT%":69.1428571429,"W%":0.3333333333},"SSCR":{"MINS":200.0,"FGM":26.8333333333,"FGA":78.6666666667,"2PM":20.8333333333,"2PA":45.3333333333,"3PM":6.0,"3PA":33.3333333333,"FTM":17.0,"FTA":22.5,"PTS":76.6666666667,"OFF":14.1666666667,"DEF":23.5,"REB":37.6666666667,"AST":13.6666666667,"TO":11.3333333333,"STL":9.6666666667,"BLK":1.1666666667,"STK":10.8333333333,"PF":28.0,"Fls on:":20.6666666667,"+\/-":-6.5,"GW":26.0,"GP":6.0,"W":2.0,"L":4.0,"FG%":34.1101694915,"2P%":45.9558823529,"3P%":18.0,"FT%":75.5555555556,"W%":0.3333333333},"AU":{"MINS":208.3333333333,"FGM":31.5,"FGA":75.3333333333,"2PM":27.6666666667,"2PA":58.3333333333,"3PM":3.8333333333,"3PA":17.0,"FTM":14.5,"FTA":25.5,"PTS":81.3333333333,"OFF":11.8333333333,"DEF":28.3333333333,"REB":40.1666666667,"AST":15.1666666667,"TO":13.3333333333,"STL":10.6666666667,"BLK":2.8333333333,"STK":13.5,"PF":20.8333333333,"Fls on:":22.5,"+\/-":-1.5,"GW":14.0,"GP":6.0,"W":1.0,"L":5.0,"FG%":41.814159292,"2P%":47.4285714286,"3P%":22.5490196078,"FT%":56.862745098,"W%":0.1666666667}}