{"AU":{"POS":1221.3405519674,"PACE":81.4227034645},"CSB":{"POS":1162.4729793233,"PACE":77.4981986216},"CSJL":{"POS":1252.5635379507,"PACE":78.2852211219},"EAC":{"POS":1192.4500695452,"PACE":79.496671303},"JRU":{"POS":1246.6644412586,"PACE":77.9165275787},"LPU":{"POS":1272.8276698116,"PACE":79.5517293632},"MU":{"POS":1137.7122498407,"PACE":75.8474833227},"SBU":{"POS":1068.215345487,"PACE":71.2143563658},"SSCR":{"POS":1256.2079425215,"PACE":83.7471961681},"UPHSD":{"POS":1188.7399348416,"PACE":74.2962459276},"League":{"POS":1199.9194722548,"PACE":77.9276333237}}