{"CSB":{"MINS":203.3333333333,"FGM":30.3333333333,"FGA":68.8,"2PM":23.4666666667,"2PA":43.4666666667,"3PM":6.8666666667,"3PA":25.3333333333,"FTM":13.1333333333,"FTA":22.0,"PTS":80.6666666667,"OFF":13.6666666667,"DEF":31.2666666667,"REB":44.9333333333,"AST":18.6666666667,"TO":15.5333333333,"STL":7.3333333333,"BLK":3.9333333333,"STK":11.2666666667,"PF":18.8666666667,"Fls on:":19.5333333333,"+\/-":10.8666666667,"GW":180.0,"GP":15.0,"W":13.0,"L":2.0,"FG%":44.0891472868,"2P%":53.9877300613,"3P%":27.1052631579,"FT%":59.696969697,"W%":0.8666666667},"MU":{"MINS":201.6666666667,"FGM":26.5333333333,"FGA":67.8666666667,"2PM":17.8,"2PA":37.9333333333,"3PM":8.7333333333,"3PA":29.9333333333,"FTM":13.4666666667,"FTA":21.8,"PTS":75.2666666667,"OFF":12.8,"DEF":25.9333333333,"REB":38.7333333333,"AST":16.4666666667,"TO":13.6,"STL":8.1333333333,"BLK":2.4,"STK":10.5333333333,"PF":23.2,"Fls on:":19.1333333333,"+\/-":3.6133333333,"GW":144.0,"GP":15.0,"W":12.0,"L":3.0,"FG%":39.0962671906,"2P%":46.9244288225,"3P%":29.1759465479,"FT%":61.7737003058,"W%":0.8},"SBU":{"MINS":203.3333333333,"FGM":24.8,"FGA":63.4666666667,"2PM":15.8,"2PA":35.9333333333,"3PM":9.0,"3PA":27.5333333333,"FTM":12.1333333333,"FTA":20.4,"PTS":70.7333333333,"OFF":11.0,"DEF":28.9333333333,"REB":39.9333333333,"AST":14.1333333333,"TO":11.6666666667,"STL":5.0666666667,"BLK":2.6,"STK":7.6666666667,"PF":18.1333333333,"Fls on:":19.0666666667,"+\/-":5.9333333333,"GW":133.0,"GP":15.0,"W":10.0,"L":5.0,"FG%":39.0756302521,"2P%":43.9703153989,"3P%":32.6876513317,"FT%":59.477124183,"W%":0.6666666667},"LPU":{"MINS":203.125,"FGM":28.25,"FGA":68.9375,"2PM":20.8125,"2PA":40.5625,"3PM":7.4375,"3PA":28.375,"FTM":17.4375,"FTA":24.875,"PTS":81.375,"OFF":9.375,"DEF":25.625,"REB":35.0,"AST":17.5,"TO":12.0625,"STL":7.875,"BLK":1.6875,"STK":9.5625,"PF":19.9375,"Fls on:":22.25,"+\/-":-0.5,"GW":100.0,"GP":16.0,"W":8.0,"L":8.0,"FG%":40.9791477788,"2P%":51.3097072419,"3P%":26.2114537445,"FT%":70.1005025126,"W%":0.5},"League":{"MINS":203.5714285714,"FGM":27.1558441558,"FGA":68.9545454545,"2PM":20.0974025974,"2PA":42.9480519481,"3PM":7.0584415584,"3PA":26.0064935065,"FTM":14.6363636364,"FTA":22.7337662338,"PTS":76.0064935065,"OFF":11.6168831169,"DEF":26.7272727273,"REB":38.3441558442,"AST":16.5974025974,"TO":13.4350649351,"STL":7.6168831169,"BLK":3.0324675325,"STK":10.6493506494,"PF":20.7987012987,"Fls on:":20.525974026,"+\/-":-0.0012987013,"GW":99.7,"GP":15.4,"W":7.7,"L":7.7,"FG%":39.3822393822,"2P%":46.7946779559,"3P%":27.1410736579,"FT%":64.3816052556,"W%":0.5},"EAC":{"MINS":201.6666666667,"FGM":26.0666666667,"FGA":71.7333333333,"2PM":17.7333333333,"2PA":43.4,"3PM":8.3333333333,"3PA":28.3333333333,"FTM":13.9333333333,"FTA":24.3333333333,"PTS":74.4,"OFF":12.0,"DEF":26.8,"REB":38.8,"AST":17.5333333333,"TO":12.9333333333,"STL":7.4666666667,"BLK":3.6666666667,"STK":11.1333333333,"PF":22.2,"Fls on:":21.4666666667,"+\/-":-1.6266666667,"GW":98.0,"GP":15.0,"W":7.0,"L":8.0,"FG%":36.3382899628,"2P%":40.8602150538,"3P%":29.4117647059,"FT%":57.2602739726,"W%":0.4666666667},"CSJL":{"MINS":207.8125,"FGM":26.25,"FGA":65.5,"2PM":19.0625,"2PA":38.875,"3PM":7.1875,"3PA":26.625,"FTM":15.4375,"FTA":20.875,"PTS":75.125,"OFF":9.0,"DEF":28.375,"REB":37.375,"AST":15.9375,"TO":15.3125,"STL":6.0,"BLK":4.125,"STK":10.125,"PF":20.3125,"Fls on:":19.875,"+\/-":-2.5625,"GW":90.0,"GP":16.0,"W":7.0,"L":9.0,"FG%":40.0763358779,"2P%":49.0353697749,"3P%":26.9953051643,"FT%":73.9520958084,"W%":0.4375},"AU":{"MINS":203.3333333333,"FGM":28.8666666667,"FGA":71.2666666667,"2PM":24.4666666667,"2PA":51.7333333333,"3PM":4.4,"3PA":19.5333333333,"FTM":15.1333333333,"FTA":26.4666666667,"PTS":77.2666666667,"OFF":11.7333333333,"DEF":24.9333333333,"REB":36.6666666667,"AST":15.2666666667,"TO":12.4666666667,"STL":10.2666666667,"BLK":3.0,"STK":13.2666666667,"PF":20.3333333333,"Fls on:":23.2666666667,"+\/-":-3.0,"GW":75.0,"GP":15.0,"W":6.0,"L":9.0,"FG%":40.5051449953,"2P%":47.293814433,"3P%":22.5255972696,"FT%":57.1788413098,"W%":0.4},"UPHSD":{"MINS":206.25,"FGM":24.125,"FGA":66.0,"2PM":18.3125,"2PA":42.6875,"3PM":5.8125,"3PA":23.3125,"FTM":11.6875,"FTA":18.75,"PTS":65.75,"OFF":11.8125,"DEF":28.375,"REB":40.1875,"AST":17.375,"TO":15.0,"STL":7.375,"BLK":3.75,"STK":11.125,"PF":17.5625,"Fls on:":18.3125,"+\/-":-2.1875,"GW":67.0,"GP":16.0,"W":6.0,"L":10.0,"FG%":36.553030303,"2P%":42.8989751098,"3P%":24.9329758713,"FT%":62.3333333333,"W%":0.375},"SSCR":{"MINS":205.0,"FGM":29.6666666667,"FGA":78.0666666667,"2PM":21.6666666667,"2PA":46.4666666667,"3PM":8.0,"3PA":31.6,"FTM":15.9333333333,"FTA":21.8,"PTS":83.2666666667,"OFF":12.8,"DEF":23.6666666667,"REB":36.4666666667,"AST":15.1333333333,"TO":11.5333333333,"STL":9.3333333333,"BLK":1.5333333333,"STK":10.8666666667,"PF":25.8,"Fls on:":19.6,"+\/-":-5.3333333333,"GW":52.0,"GP":15.0,"W":4.0,"L":11.0,"FG%":38.0017079419,"2P%":46.6284074605,"3P%":25.3164556962,"FT%":73.0886850153,"W%":0.2666666667},"JRU":{"MINS":200.0,"FGM":26.875,"FGA":68.375,"2PM":21.875,"2PA":48.5,"3PM":5.0,"3PA":19.875,"FTM":17.8125,"FTA":26.0625,"PTS":76.5625,"OFF":12.25,"DEF":23.4375,"REB":35.6875,"AST":17.8125,"TO":14.0625,"STL":7.4375,"BLK":3.5625,"STK":11.0,"PF":21.875,"Fls on:":22.6875,"+\/-":-4.5625,"GW":58.0,"GP":16.0,"W":4.0,"L":12.0,"FG%":39.3053016453,"2P%":45.1030927835,"3P%":25.1572327044,"FT%":68.345323741,"W%":0.25}}