{"AU":{"MINS":3050.0,"FGM":433.0,"FGA":1069.0,"2PM":367.0,"2PA":776.0,"3PM":66.0,"3PA":293.0,"FTM":227.0,"FTA":397.0,"PTS":1159.0,"OFF":176.0,"DEF":374.0,"REB":550.0,"AST":229.0,"TO":187.0,"STL":154.0,"BLK":45.0,"STK":199.0,"PF":305.0,"Fls on:":349.0,"+\/-":-45.0,"GW":75.0,"GP":15.0,"W":6.0,"L":9.0,"FG%":40.5051449953,"2P%":47.293814433,"3P%":22.5255972696,"FT%":57.1788413098},"CSB":{"MINS":3050.0,"FGM":455.0,"FGA":1032.0,"2PM":352.0,"2PA":652.0,"3PM":103.0,"3PA":380.0,"FTM":197.0,"FTA":328.0,"PTS":1210.0,"OFF":205.0,"DEF":469.0,"REB":674.0,"AST":280.0,"TO":233.0,"STL":109.0,"BLK":59.0,"STK":168.0,"PF":283.0,"Fls on:":293.0,"+\/-":163.0,"GW":180.0,"GP":15.0,"W":13.0,"L":2.0,"FG%":44.0891472868,"2P%":53.9877300613,"3P%":27.1052631579,"FT%":60.0609756098},"CSJL":{"MINS":3325.0,"FGM":420.0,"FGA":1048.0,"2PM":305.0,"2PA":622.0,"3PM":115.0,"3PA":426.0,"FTM":247.0,"FTA":334.0,"PTS":1202.0,"OFF":144.0,"DEF":454.0,"REB":598.0,"AST":255.0,"TO":245.0,"STL":96.0,"BLK":66.0,"STK":162.0,"PF":325.0,"Fls on:":318.0,"+\/-":-41.0,"GW":90.0,"GP":16.0,"W":7.0,"L":9.0,"FG%":40.0763358779,"2P%":49.0353697749,"3P%":26.9953051643,"FT%":73.9520958084},"EAC":{"MINS":3025.0,"FGM":391.0,"FGA":1076.0,"2PM":266.0,"2PA":651.0,"3PM":125.0,"3PA":425.0,"FTM":209.0,"FTA":365.0,"PTS":1116.0,"OFF":180.0,"DEF":402.0,"REB":582.0,"AST":263.0,"TO":194.0,"STL":112.0,"BLK":55.0,"STK":167.0,"PF":333.0,"Fls on:":322.0,"+\/-":-24.4,"GW":98.0,"GP":15.0,"W":7.0,"L":8.0,"FG%":36.3382899628,"2P%":40.8602150538,"3P%":29.4117647059,"FT%":57.2602739726},"JRU":{"MINS":3200.0,"FGM":430.0,"FGA":1094.0,"2PM":350.0,"2PA":776.0,"3PM":80.0,"3PA":318.0,"FTM":285.0,"FTA":417.0,"PTS":1225.0,"OFF":196.0,"DEF":375.0,"REB":571.0,"AST":285.0,"TO":225.0,"STL":119.0,"BLK":57.0,"STK":176.0,"PF":350.0,"Fls on:":363.0,"+\/-":-73.0,"GW":58.0,"GP":16.0,"W":4.0,"L":12.0,"FG%":39.3053016453,"2P%":45.1030927835,"3P%":25.1572327044,"FT%":68.345323741},"LPU":{"MINS":3250.0,"FGM":452.0,"FGA":1103.0,"2PM":333.0,"2PA":649.0,"3PM":119.0,"3PA":454.0,"FTM":279.0,"FTA":398.0,"PTS":1302.0,"OFF":150.0,"DEF":410.0,"REB":560.0,"AST":280.0,"TO":193.0,"STL":126.0,"BLK":27.0,"STK":153.0,"PF":319.0,"Fls on:":356.0,"+\/-":-8.0,"GW":100.0,"GP":16.0,"W":8.0,"L":8.0,"FG%":40.9791477788,"2P%":51.3097072419,"3P%":26.2114537445,"FT%":70.1005025126},"MU":{"MINS":3025.0,"FGM":398.0,"FGA":1018.0,"2PM":267.0,"2PA":569.0,"3PM":131.0,"3PA":449.0,"FTM":202.0,"FTA":327.0,"PTS":1129.0,"OFF":192.0,"DEF":389.0,"REB":581.0,"AST":247.0,"TO":204.0,"STL":122.0,"BLK":36.0,"STK":158.0,"PF":348.0,"Fls on:":287.0,"+\/-":54.2,"GW":144.0,"GP":15.0,"W":12.0,"L":3.0,"FG%":39.0962671906,"2P%":46.9244288225,"3P%":29.1759465479,"FT%":61.7737003058},"SBU":{"MINS":3050.0,"FGM":372.0,"FGA":952.0,"2PM":237.0,"2PA":539.0,"3PM":135.0,"3PA":413.0,"FTM":182.0,"FTA":306.0,"PTS":1061.0,"OFF":165.0,"DEF":434.0,"REB":599.0,"AST":212.0,"TO":175.0,"STL":76.0,"BLK":39.0,"STK":115.0,"PF":272.0,"Fls on:":286.0,"+\/-":89.0,"GW":133.0,"GP":15.0,"W":10.0,"L":5.0,"FG%":39.0756302521,"2P%":43.9703153989,"3P%":32.6876513317,"FT%":59.477124183},"SSCR":{"MINS":3075.0,"FGM":445.0,"FGA":1171.0,"2PM":325.0,"2PA":697.0,"3PM":120.0,"3PA":474.0,"FTM":239.0,"FTA":327.0,"PTS":1249.0,"OFF":192.0,"DEF":355.0,"REB":547.0,"AST":227.0,"TO":173.0,"STL":140.0,"BLK":23.0,"STK":163.0,"PF":387.0,"Fls on:":294.0,"+\/-":-80.0,"GW":52.0,"GP":15.0,"W":4.0,"L":11.0,"FG%":38.0017079419,"2P%":46.6284074605,"3P%":25.3164556962,"FT%":73.0886850153},"UPHSD":{"MINS":3300.0,"FGM":386.0,"FGA":1056.0,"2PM":293.0,"2PA":683.0,"3PM":93.0,"3PA":373.0,"FTM":187.0,"FTA":300.0,"PTS":1052.0,"OFF":189.0,"DEF":453.0,"REB":642.0,"AST":278.0,"TO":239.0,"STL":118.0,"BLK":60.0,"STK":178.0,"PF":281.0,"Fls on:":293.0,"+\/-":-35.0,"GW":67.0,"GP":16.0,"W":6.0,"L":10.0,"FG%":36.553030303,"2P%":42.8989751098,"3P%":24.9329758713,"FT%":62.3333333333},"League":{"MINS":3135.0,"FGM":418.2,"FGA":1061.9,"2PM":309.5,"2PA":661.4,"3PM":108.7,"3PA":400.5,"FTM":225.4,"FTA":349.9,"PTS":1170.5,"OFF":178.9,"DEF":411.5,"REB":590.4,"AST":255.6,"TO":206.8,"STL":117.2,"BLK":46.7,"STK":163.9,"PF":320.3,"Fls on:":316.1,"+\/-":-0.02,"GW":99.7,"GP":15.4,"W":7.7,"L":7.7,"FG%":39.3822393822,"2P%":46.7946779559,"3P%":27.1410736579,"FT%":64.4184052586}}