{"CSB":{"OFF":77.2432344767,"DEF":66.0716923003,"NET":11.1715421764,"PACE":78.3240116883,"hAST%":15.2097970719,"hTO%":15.2097970719,"TOR":21.9884322202,"AR":21.9884322202,"STL%":10.3558422714,"BLK%":8.0604534005,"EFG%":49.0461049285,"TS%":51.1930952784,"PPWS":1.0238619056,"REB%":58.7392550143,"OREB%":41.7197452229,"DREB%":72.65625,"FTR":0.2893481717,"FFI":37.7997216465,"Py-W":8.3169626932,"Py-L":0.6830373068,"PPR":-2.7941183863,"HHI":0.101602046},"SBU":{"OFF":73.1146602491,"DEF":69.3209750475,"NET":3.7936852016,"PACE":72.4888822836,"hAST%":12.9134571817,"hTO%":11.6674218396,"TOR":15.7878616471,"AR":17.4739439589,"STL%":6.2844886168,"BLK%":6.6282420749,"EFG%":45.1724137931,"TS%":47.7620907179,"PPWS":0.9552418144,"REB%":53.0324400564,"OREB%":29.9120234604,"DREB%":74.4565217391,"FTR":0.3362068966,"FFI":33.0414390694,"Py-W":6.3098253219,"Py-L":2.6901746781,"PPR":-1.5776898955,"HHI":0.1250148333},"MU":{"OFF":74.7384735237,"DEF":72.4572119772,"NET":2.2812615465,"PACE":76.711940491,"hAST%":14.5427348652,"hTO%":12.1535712802,"TOR":16.9465143455,"AR":20.2778804134,"STL%":10.1389402067,"BLK%":4.774535809,"EFG%":45.1534733441,"TS%":48.7473075615,"PPWS":0.9749461512,"REB%":52.8467153285,"OREB%":32.5779036827,"DREB%":74.3975903614,"FTR":0.3182552504,"FFI":33.5874274166,"Py-W":5.5936287936,"Py-L":3.4063712064,"PPR":-1.324683931,"HHI":0.1379588629},"CSJL":{"OFF":73.0494844801,"DEF":71.3102110401,"NET":1.73927344,"PACE":76.6603630382,"hAST%":15.1766004415,"hTO%":14.3275598574,"TOR":19.5668262,"AR":20.7263418267,"STL%":7.39191212,"BLK%":10.5633802817,"EFG%":45.8404074703,"TS%":50.5841262194,"PPWS":1.0116825244,"REB%":50.7142857143,"OREB%":28.6173633441,"DREB%":68.3804627249,"FTR":0.2903225806,"FFI":33.3061809166,"Py-W":5.3569224284,"Py-L":3.6430775716,"PPR":-2.1624923245,"HHI":0.1171033518},"League":{"OFF":72.5593048892,"DEF":72.5593048892,"NET":0.0,"PACE":78.3611880243,"hAST%":14.5231004884,"hTO%":12.3334324625,"TOR":17.171199027,"AR":20.2197603736,"STL%":9.9539072807,"BLK%":7.2270630446,"EFG%":43.7559656379,"TS%":47.501754425,"PPWS":0.9500350885,"REB%":50.0,"OREB%":30.5257207462,"DREB%":69.4742792538,"FTR":0.3238943684,"FFI":32.7587456877,"Py-W":4.5,"Py-L":4.5,"PPR":-1.4148550725,"HHI":0.0100455364},"AU":{"OFF":70.8230272085,"DEF":71.9296370086,"NET":-1.1066098001,"PACE":82.8355818426,"hAST%":13.2829977629,"hTO%":11.884787472,"TOR":15.9620080261,"AR":17.8398913233,"STL%":12.340375953,"BLK%":6.0,"EFG%":44.1860465116,"TS%":46.9784326287,"PPWS":0.9395686526,"REB%":47.2727272727,"OREB%":27.0777479893,"DREB%":69.298245614,"FTR":0.3674418605,"FFI":32.592098116,"Py-W":3.9446940342,"Py-L":5.0553059658,"PPR":-1.5510739134,"HHI":0.1084468621},"EAC":{"OFF":68.8651381889,"DEF":70.1059514896,"NET":-1.2408133007,"PACE":80.592301794,"hAST%":15.3065178641,"hTO%":11.6252034411,"TOR":16.5441773427,"AR":21.7831668345,"STL%":9.237165683,"BLK%":9.0464547677,"EFG%":41.095890411,"TS%":44.1504030547,"PPWS":0.8830080611,"REB%":46.4566929134,"OREB%":28.3854166667,"DREB%":64.8148148148,"FTR":0.3363774734,"FFI":31.2971459338,"Py-W":3.8614638885,"Py-L":5.1385361115,"PPR":-0.7814046743,"HHI":0.1052223395},"UPHSD":{"OFF":65.9578879156,"DEF":67.3941568317,"NET":-1.4362689161,"PACE":75.4269149183,"hAST%":15.548552948,"hTO%":13.2680985156,"TOR":18.8556329496,"AR":22.0964448629,"STL%":10.0170550045,"BLK%":9.1428571429,"EFG%":40.243902439,"TS%":43.4674976701,"PPWS":0.8693499534,"REB%":51.5561569689,"OREB%":31.0541310541,"DREB%":70.1030927835,"FTR":0.2650406504,"FFI":30.9979051799,"Py-W":3.7320808265,"Py-L":5.2679191735,"PPR":-1.5514272888,"HHI":0.1275753418},"LPU":{"OFF":76.7327567885,"DEF":79.9691043538,"NET":-3.2363475652,"PACE":79.8224937608,"hAST%":15.6605922551,"hTO%":9.9658314351,"TOR":13.6413789846,"AR":21.4364526901,"STL%":9.4654466424,"BLK%":4.0920716113,"EFG%":45.8267716535,"TS%":50.2488514548,"PPWS":1.0049770291,"REB%":44.2553191489,"OREB%":23.1197771588,"DREB%":66.1849710983,"FTR":0.3448818898,"FFI":31.5382371858,"Py-W":3.0646619238,"Py-L":5.9353380762,"PPR":0.2510265355,"HHI":0.1253459207},"JRU":{"OFF":73.6011513384,"DEF":77.5651143654,"NET":-3.963963027,"PACE":77.7841092957,"hAST%":15.1185770751,"hTO%":13.0434782609,"TOR":18.855607912,"AR":21.8553637162,"STL%":11.2847956443,"BLK%":10.0244498778,"EFG%":41.6531604538,"TS%":47.2489683631,"PPWS":0.9449793673,"REB%":49.6147919877,"OREB%":34.6041055718,"DREB%":66.2337662338,"FTR":0.4051863857,"FFI":34.37378306,"Py-W":2.7151143022,"Py-L":6.2848856978,"PPR":-1.6790316328,"HHI":0.1134883859},"SSCR":{"OFF":71.5158588327,"DEF":78.6473559916,"NET":-7.1314971589,"PACE":82.9652811303,"hAST%":12.3718628491,"hTO%":10.2116963199,"TOR":13.9281822446,"AR":16.8745284886,"STL%":12.4550091226,"BLK%":3.5353535354,"EFG%":40.0,"TS%":45.1524529451,"PPWS":0.9030490589,"REB%":45.9383753501,"OREB%":29.9270072993,"DREB%":67.6567656766,"FTR":0.2871428571,"FFI":29.7745898781,"Py-W":1.6139923087,"Py-L":7.3860076913,"PPR":-1.0350748334,"HHI":0.1286019758}}