{"CSB":{"MINS":205.5555555556,"FGM":31.0,"FGA":69.8888888889,"2PM":24.4444444444,"2PA":44.6666666667,"3PM":6.5555555556,"3PA":25.2222222222,"FTM":12.1111111111,"FTA":20.2222222222,"PTS":80.6666666667,"OFF":14.5555555556,"DEF":31.0,"REB":45.5555555556,"AST":17.2222222222,"TO":17.2222222222,"STL":8.1111111111,"BLK":3.5555555556,"STK":11.6666666667,"PF":18.2222222222,"Fls on:":18.5555555556,"+\/-":11.6666666667,"GW":96.0,"GP":9,"W":7.0,"L":2.0,"FG%":44.3561208267,"2P%":54.7263681592,"3P%":25.9911894273,"FT%":59.8901098901,"W%":0.7777777778},"CSJL":{"MINS":208.3333333333,"FGM":26.5555555556,"FGA":65.4444444444,"2PM":19.6666666667,"2PA":38.3333333333,"3PM":6.8888888889,"3PA":27.1111111111,"FTM":14.6666666667,"FTA":19.0,"PTS":74.6666666667,"OFF":9.8888888889,"DEF":29.5555555556,"REB":39.4444444444,"AST":15.8888888889,"TO":15.0,"STL":5.6666666667,"BLK":5.0,"STK":10.6666666667,"PF":20.4444444444,"Fls on:":18.2222222222,"+\/-":1.7777777778,"GW":77.0,"GP":9,"W":6.0,"L":3.0,"FG%":40.5772495756,"2P%":51.3043478261,"3P%":25.4098360656,"FT%":77.1929824561,"W%":0.6666666667},"MU":{"MINS":202.7777777778,"FGM":26.7777777778,"FGA":68.7777777778,"2PM":18.2222222222,"2PA":38.7777777778,"3PM":8.5555555556,"3PA":30.0,"FTM":14.3333333333,"FTA":21.8888888889,"PTS":76.4444444444,"OFF":12.7777777778,"DEF":27.4444444444,"REB":40.2222222222,"AST":15.5555555556,"TO":13.0,"STL":7.7777777778,"BLK":2.0,"STK":9.7777777778,"PF":23.7777777778,"Fls on:":19.3333333333,"+\/-":2.3333333333,"GW":71.0,"GP":9,"W":6.0,"L":3.0,"FG%":38.9337641357,"2P%":46.9914040115,"3P%":28.5185185185,"FT%":65.4822335025,"W%":0.6666666667},"SBU":{"MINS":205.5555555556,"FGM":24.8888888889,"FGA":64.4444444444,"2PM":16.4444444444,"2PA":36.6666666667,"3PM":8.4444444444,"3PA":27.7777777778,"FTM":12.4444444444,"FTA":21.6666666667,"PTS":70.6666666667,"OFF":11.3333333333,"DEF":30.4444444444,"REB":41.7777777778,"AST":12.6666666667,"TO":11.4444444444,"STL":4.5555555556,"BLK":2.5555555556,"STK":7.1111111111,"PF":17.4444444444,"Fls on:":20.3333333333,"+\/-":3.6666666667,"GW":79.0,"GP":9,"W":6.0,"L":3.0,"FG%":38.6206896552,"2P%":44.8484848485,"3P%":30.4,"FT%":57.4358974359,"W%":0.6666666667},"League":{"MINS":204.4444444444,"FGM":27.0555555556,"FGA":69.8444444444,"2PM":20.0444444444,"2PA":43.3555555556,"3PM":7.0111111111,"3PA":26.4888888889,"FTM":14.6888888889,"FTA":22.6222222222,"PTS":75.8111111111,"OFF":12.0,"DEF":27.3111111111,"REB":39.3111111111,"AST":15.8444444444,"TO":13.4555555556,"STL":7.8,"BLK":3.1333333333,"STK":10.9333333333,"PF":20.6444444444,"Fls on:":20.3333333333,"+\/-":-0.0044444444,"GW":58.5,"GP":9,"W":4.5,"L":4.5,"FG%":38.7368755966,"2P%":46.2327011789,"3P%":26.4681208054,"FT%":64.931237721,"W%":0.5},"EAC":{"MINS":202.7777777778,"FGM":26.0,"FGA":73.0,"2PM":18.0,"2PA":44.6666666667,"3PM":8.0,"3PA":28.3333333333,"FTM":14.0,"FTA":24.5555555556,"PTS":74.0,"OFF":12.1111111111,"DEF":27.2222222222,"REB":39.3333333333,"AST":17.5555555556,"TO":13.3333333333,"STL":7.4444444444,"BLK":4.1111111111,"STK":11.5555555556,"PF":22.6666666667,"Fls on:":21.3333333333,"+\/-":-1.3777777778,"GW":56.0,"GP":9,"W":4.0,"L":5.0,"FG%":35.6164383562,"2P%":40.2985074627,"3P%":28.2352941176,"FT%":57.0135746606,"W%":0.4444444444},"LPU":{"MINS":202.7777777778,"FGM":28.2222222222,"FGA":70.5555555556,"2PM":20.0,"2PA":40.4444444444,"3PM":8.2222222222,"3PA":30.1111111111,"FTM":17.0,"FTA":24.3333333333,"PTS":81.6666666667,"OFF":9.2222222222,"DEF":25.4444444444,"REB":34.6666666667,"AST":17.1111111111,"TO":10.8888888889,"STL":7.5555555556,"BLK":1.7777777778,"STK":9.3333333333,"PF":20.1111111111,"Fls on:":21.3333333333,"+\/-":-3.4444444444,"GW":50.0,"GP":9,"W":4.0,"L":5.0,"FG%":40.0,"2P%":49.4505494505,"3P%":27.3062730627,"FT%":69.8630136986,"W%":0.4444444444},"UPHSD":{"MINS":208.3333333333,"FGM":24.5555555556,"FGA":68.3333333333,"2PM":18.6666666667,"2PA":44.1111111111,"3PM":5.8888888889,"3PA":24.2222222222,"FTM":11.3333333333,"FTA":18.1111111111,"PTS":66.3333333333,"OFF":12.1111111111,"DEF":30.2222222222,"REB":42.3333333333,"AST":16.6666666667,"TO":14.2222222222,"STL":7.5555555556,"BLK":3.5555555556,"STK":11.1111111111,"PF":17.4444444444,"Fls on:":17.7777777778,"+\/-":-1.4444444444,"GW":48.0,"GP":9,"W":4.0,"L":5.0,"FG%":35.9349593496,"2P%":42.3173803526,"3P%":24.3119266055,"FT%":62.5766871166,"W%":0.4444444444},"AU":{"MINS":205.5555555556,"FGM":29.4444444444,"FGA":71.6666666667,"2PM":25.0,"2PA":53.5555555556,"3PM":4.4444444444,"3PA":18.1111111111,"FTM":14.8888888889,"FTA":26.3333333333,"PTS":78.2222222222,"OFF":11.2222222222,"DEF":26.3333333333,"REB":37.5555555556,"AST":14.7777777778,"TO":13.2222222222,"STL":10.2222222222,"BLK":2.6666666667,"STK":12.8888888889,"PF":21.0,"Fls on:":23.5555555556,"+\/-":-1.2222222222,"GW":38.0,"GP":9,"W":3.0,"L":6.0,"FG%":41.0852713178,"2P%":46.6804979253,"3P%":24.5398773006,"FT%":56.5400843882,"W%":0.3333333333},"JRU":{"MINS":200.0,"FGM":25.6666666667,"FGA":68.5555555556,"2PM":19.8888888889,"2PA":47.3333333333,"3PM":5.7777777778,"3PA":21.2222222222,"FTM":19.2222222222,"FTA":27.7777777778,"PTS":76.3333333333,"OFF":13.1111111111,"DEF":22.6666666667,"REB":35.7777777778,"AST":17.0,"TO":14.6666666667,"STL":8.7777777778,"BLK":4.5555555556,"STK":13.3333333333,"PF":19.5555555556,"Fls on:":23.1111111111,"+\/-":-4.1111111111,"GW":44.0,"GP":9,"W":3.0,"L":6.0,"FG%":37.4392220421,"2P%":42.0187793427,"3P%":27.2251308901,"FT%":69.2,"W%":0.3333333333},"SSCR":{"MINS":202.7777777778,"FGM":27.4444444444,"FGA":77.7777777778,"2PM":20.1111111111,"2PA":45.0,"3PM":7.3333333333,"3PA":32.7777777778,"FTM":16.8888888889,"FTA":22.3333333333,"PTS":79.1111111111,"OFF":13.6666666667,"DEF":22.7777777778,"REB":36.4444444444,"AST":14.0,"TO":11.5555555556,"STL":10.3333333333,"BLK":1.5555555556,"STK":11.8888888889,"PF":25.7777777778,"Fls on:":19.7777777778,"+\/-":-7.8888888889,"GW":26.0,"GP":9,"W":2.0,"L":7.0,"FG%":35.2857142857,"2P%":44.6913580247,"3P%":22.3728813559,"FT%":75.6218905473,"W%":0.2222222222}}