{"CSB":{"2PM":20.0666666667,"2PA":45.2666666667,"3PM":6.0666666667,"3PA":26.8666666667,"FTM":11.4666666667,"FTA":19.2666666667,"OFF":11.5333333333,"DEF":21.8,"AST":13.4,"TO":11.2,"STL":9.0666666667,"BLK":3.0666666667,"PF":19.8666666667,"Fls on:":18.8,"+\/-":-10.8666666667,"GW":25.0,"GP":15.0,"MINS":200.0,"FGM":26.1333333333,"FGA":72.1333333333,"FG%":36.2292051756,"2P%":44.3298969072,"3P%":22.5806451613,"FT%":59.5155709343,"PTS":69.8,"REB":33.3333333333,"STK":12.1333333333},"SBU":{"2PM":16.1333333333,"2PA":37.9333333333,"3PM":7.1333333333,"3PA":29.8666666667,"FTM":11.1333333333,"FTA":17.0,"OFF":10.5333333333,"DEF":24.3333333333,"AST":13.7333333333,"TO":10.1333333333,"STL":5.9333333333,"BLK":2.7333333333,"PF":19.2,"Fls on:":18.0666666667,"+\/-":-5.9333333333,"GW":62.0,"GP":15.0,"MINS":200.0,"FGM":23.2666666667,"FGA":67.8,"FG%":34.3166175025,"2P%":42.5307557118,"3P%":23.8839285714,"FT%":65.4901960784,"PTS":64.8,"REB":34.8666666667,"STK":8.6666666667},"MU":{"2PM":18.4666666667,"2PA":41.8666666667,"3PM":5.7333333333,"3PA":20.8666666667,"FTM":17.5333333333,"FTA":26.8666666667,"OFF":9.0,"DEF":24.7333333333,"AST":14.8666666667,"TO":13.7333333333,"STL":7.4,"BLK":2.8,"PF":19.4,"Fls on:":22.8,"+\/-":-3.6,"GW":35.0,"GP":15.0,"MINS":200.0,"FGM":24.2,"FGA":62.7333333333,"FG%":38.5759829968,"2P%":44.1082802548,"3P%":27.4760383387,"FT%":65.2605459057,"PTS":71.6666666667,"REB":33.7333333333,"STK":10.2},"League":{"2PM":20.1012658228,"2PA":43.0443037975,"3PM":7.0443037975,"3PA":26.0189873418,"FTM":14.5379746835,"FTA":22.6455696203,"OFF":11.6582278481,"DEF":26.8164556962,"AST":16.6392405063,"TO":13.4493670886,"STL":7.6012658228,"BLK":3.0443037975,"PF":20.7784810127,"Fls on:":20.5126582278,"+\/-":-0.0012658228,"GW":102.5,"GP":15.8,"MINS":200.0,"FGM":27.1455696203,"FGA":69.0632911392,"FG%":39.3053519062,"2P%":46.6990148508,"3P%":27.0737046947,"FT%":64.1978759083,"PTS":75.8734177215,"REB":38.4746835443,"STK":10.6455696203},"LPU":{"2PM":22.5,"2PA":42.875,"3PM":7.625,"3PA":26.25,"FTM":14.0,"FTA":22.5,"OFF":12.3125,"DEF":28.625,"AST":19.375,"TO":14.3125,"STL":6.625,"BLK":3.1875,"PF":22.4375,"Fls on:":19.6875,"+\/-":0.5,"GW":102.0,"GP":16.0,"MINS":200.0,"FGM":30.125,"FGA":69.125,"FG%":43.5804701627,"2P%":52.4781341108,"3P%":29.0476190476,"FT%":62.2222222222,"PTS":81.875,"REB":40.9375,"STK":9.8125},"EAC":{"2PM":17.9375,"2PA":43.0,"3PM":7.625,"3PA":28.4375,"FTM":16.1875,"FTA":25.4375,"OFF":14.0625,"DEF":30.375,"AST":16.8125,"TO":13.5625,"STL":7.1875,"BLK":3.375,"PF":21.5625,"Fls on:":21.9375,"+\/-":0.875,"GW":110.0,"GP":16.0,"MINS":200.0,"FGM":25.5625,"FGA":71.4375,"FG%":35.7830271216,"2P%":41.7151162791,"3P%":26.8131868132,"FT%":63.6363636364,"PTS":74.9375,"REB":44.4375,"STK":10.5625},"CSJL":{"2PM":21.5625,"2PA":47.75,"3PM":7.0625,"3PA":27.625,"FTM":13.375,"FTA":20.375,"OFF":13.875,"DEF":25.75,"AST":18.3125,"TO":11.1875,"STL":8.5,"BLK":2.8125,"PF":20.25,"Fls on:":19.9375,"+\/-":2.5625,"GW":112.0,"GP":16.0,"MINS":200.0,"FGM":28.625,"FGA":75.375,"FG%":37.9767827529,"2P%":45.1570680628,"3P%":25.5656108597,"FT%":65.6441717791,"PTS":77.6875,"REB":39.625,"STK":11.3125},"UPHSD":{"2PM":15.9411764706,"2PA":37.4117647059,"3PM":8.7647058824,"3PA":31.3529411765,"FTM":10.6470588235,"FTA":17.5294117647,"OFF":12.1176470588,"DEF":25.3529411765,"AST":15.6470588235,"TO":13.2941176471,"STL":9.4117647059,"BLK":2.2352941176,"PF":19.1176470588,"Fls on:":16.9411764706,"+\/-":2.7058823529,"GW":144.0,"GP":17.0,"MINS":200.0,"FGM":24.7058823529,"FGA":68.7647058824,"FG%":35.9281437126,"2P%":42.6100628931,"3P%":27.9549718574,"FT%":60.7382550336,"PTS":68.8235294118,"REB":37.4705882353,"STK":11.6470588235},"AU":{"2PM":21.4375,"2PA":46.25,"3PM":7.0,"3PA":23.25,"FTM":15.6875,"FTA":22.8125,"OFF":11.5625,"DEF":30.8125,"AST":18.4375,"TO":16.1875,"STL":7.0,"BLK":3.25,"PF":23.75,"Fls on:":19.9375,"+\/-":3.4375,"GW":135.0,"GP":16.0,"MINS":200.0,"FGM":28.4375,"FGA":69.5,"FG%":40.9172661871,"2P%":46.3513513514,"3P%":30.1075268817,"FT%":68.7671232877,"PTS":79.5625,"REB":42.375,"STK":10.25},"SSCR":{"2PM":23.0625,"2PA":43.25,"3PM":7.1875,"3PA":23.5,"FTM":19.875,"FTA":31.0,"OFF":10.875,"DEF":31.125,"AST":21.4375,"TO":16.9375,"STL":6.5,"BLK":3.4375,"PF":19.125,"Fls on:":25.375,"+\/-":4.2875,"GW":145.0,"GP":16.0,"MINS":200.0,"FGM":30.25,"FGA":66.75,"FG%":45.3183520599,"2P%":53.323699422,"3P%":30.585106383,"FT%":64.1129032258,"PTS":87.5625,"REB":42.0,"STK":9.9375},"JRU":{"2PM":23.8125,"2PA":44.9375,"3PM":6.0,"3PA":21.8125,"FTM":15.5,"FTA":23.6875,"OFF":10.4375,"DEF":24.75,"AST":13.9375,"TO":13.625,"STL":8.25,"BLK":3.5625,"PF":22.9375,"Fls on:":21.75,"+\/-":4.575,"GW":155.0,"GP":16.0,"MINS":200.0,"FGM":29.8125,"FGA":66.75,"FG%":44.6629213483,"2P%":52.9902642559,"3P%":27.5071633238,"FT%":65.4353562005,"PTS":81.125,"REB":35.1875,"STK":11.8125}}