{"AU":{"POS":1301.1892088343,"PACE":81.3243255521},"CSB":{"POS":1163.5961538462,"PACE":77.5730769231},"CSJL":{"POS":1252.5635379507,"PACE":78.2852211219},"EAC":{"POS":1272.1486666909,"PACE":79.5092916682},"JRU":{"POS":1246.6644412586,"PACE":77.9165275787},"LPU":{"POS":1272.8276698116,"PACE":79.5517293632},"MU":{"POS":1137.7122498407,"PACE":75.8474833227},"SBU":{"POS":1068.215345487,"PACE":71.2143563658},"SSCR":{"POS":1337.172823554,"PACE":83.5733014721},"UPHSD":{"POS":1270.798260771,"PACE":74.7528388689},"League":{"POS":1232.2888358045,"PACE":77.9548152237}}