{"CSB":{"OFF":78.066330671,"DEF":67.5499572005,"NET":10.5163734706,"PACE":77.4981986216,"hAST%":16.574716454,"hTO%":13.7925319063,"TOR":20.0434766351,"AR":24.0865813641,"STL%":9.376562031,"BLK%":8.6892488954,"EFG%":49.0794573643,"TS%":51.4315832427,"PPWS":1.0286316649,"REB%":57.4105621806,"OREB%":38.5338345865,"DREB%":73.0529595016,"FTR":0.3178294574,"FFI":37.1168608823,"Py-W":13.6517531661,"Py-L":1.3482468339,"PPR":-1.5278055089,"HHI":0.0973949867},"SBU":{"OFF":74.4934065366,"DEF":68.2446664972,"NET":6.2487400394,"PACE":71.2143563658,"hAST%":14.3861458701,"hTO%":11.8753562607,"TOR":16.3824645227,"AR":19.8461855932,"STL%":7.114670307,"BLK%":6.8541300527,"EFG%":46.1659663866,"TS%":48.820216447,"PPWS":0.9764043289,"REB%":53.3868092692,"OREB%":31.1320754717,"DREB%":73.3108108108,"FTR":0.3214285714,"FFI":33.6098463511,"Py-W":12.0369961378,"Py-L":2.9630038622,"PPR":-1.2080883589,"HHI":0.1072299442},"MU":{"OFF":74.4256731101,"DEF":70.8658977798,"NET":3.5597753303,"PACE":75.8474833227,"hAST%":15.3142205248,"hTO%":12.6481821338,"TOR":17.9307201824,"AR":21.7102347307,"STL%":10.7232738346,"BLK%":5.7324840764,"EFG%":45.5304518664,"TS%":48.5850518126,"PPWS":0.9717010363,"REB%":53.4498620055,"OREB%":34.1030195382,"DREB%":74.2366412214,"FTR":0.3212180747,"FFI":34.3337358196,"Py-W":10.2987237888,"Py-L":4.7012762112,"PPR":-1.3361652469,"HHI":0.1344433452},"League":{"OFF":72.9748118994,"DEF":72.9748118994,"NET":0.0,"PACE":77.9409999455,"hAST%":15.249136907,"hTO%":12.3257572945,"TOR":17.247411332,"AR":21.3380914785,"STL%":9.7478310634,"BLK%":7.0724893398,"EFG%":44.4052419355,"TS%":48.0045361644,"PPWS":0.9600907233,"REB%":50.0,"OREB%":30.3010363547,"DREB%":69.6989636453,"FTR":0.3278958944,"FFI":33.0525952946,"Py-W":7.9,"Py-L":7.9,"PPR":-1.1581130119,"HHI":0.0085021039},"LPU":{"OFF":76.7189481467,"DEF":77.1903395332,"NET":-0.4713913865,"PACE":79.5517293632,"hAST%":15.9897665494,"hTO%":11.0215176573,"TOR":15.1630895979,"AR":21.9982647016,"STL%":9.8992191157,"BLK%":3.9358600583,"EFG%":46.3735267452,"TS%":50.9341845836,"PPWS":1.0186836917,"REB%":46.0905349794,"OREB%":24.6710526316,"DREB%":67.5453047776,"FTR":0.3608340888,"FFI":32.6869049566,"Py-W":7.6082755414,"Py-L":8.3917244586,"PPR":-0.1909261141,"HHI":0.1189638533},"EAC":{"OFF":69.862117791,"DEF":70.6874930223,"NET":-0.8253752313,"PACE":79.5092916682,"hAST%":15.6004514173,"hTO%":11.506715939,"TOR":16.3502902959,"AR":22.1672204974,"STL%":8.9612167968,"BLK%":8.4302325581,"EFG%":42.0869565217,"TS%":44.9667587505,"PPWS":0.899335175,"REB%":47.2551928783,"OREB%":28.6343612335,"DREB%":66.2668665667,"FTR":0.3313043478,"FFI":31.6187926468,"Py-W":7.2505178442,"Py-L":8.7494821558,"PPR":-0.6079227072,"HHI":0.108003347},"CSJL":{"OFF":71.9723968235,"DEF":74.4273621061,"NET":-2.4549652827,"PACE":78.2852211219,"hAST%":15.0446028225,"hTO%":14.4546183981,"TOR":19.559885992,"AR":20.3582486855,"STL%":7.6642818581,"BLK%":8.6387434555,"EFG%":45.5629770992,"TS%":50.2945705296,"PPWS":1.0058914106,"REB%":48.538961039,"OREB%":25.8992805755,"DREB%":67.1597633136,"FTR":0.3187022901,"FFI":33.0755528039,"Py-W":5.9034545929,"Py-L":10.0965454071,"PPR":-2.2457210221,"HHI":0.0993103563},"UPHSD":{"OFF":66.3924548232,"DEF":69.1095837572,"NET":-2.717128934,"PACE":74.6895643883,"hAST%":16.4600444807,"hTO%":14.2029815251,"TOR":20.319398985,"AR":23.5484507617,"STL%":9.9234274113,"BLK%":10.3773584906,"EFG%":41.1949685535,"TS%":44.6201727642,"PPWS":0.8924034553,"REB%":51.5589353612,"OREB%":31.5873015873,"DREB%":69.9270072993,"FTR":0.2991913747,"FFI":32.363168105,"Py-W":5.8624297198,"Py-L":11.1375702802,"PPR":-1.7491595095,"HHI":0.1144124948},"AU":{"OFF":70.2050089101,"DEF":73.3751858314,"NET":-3.1701769212,"PACE":81.3243255521,"hAST%":13.5679863082,"hTO%":10.9219474846,"TOR":14.9094381265,"AR":18.5215184974,"STL%":12.4501493634,"BLK%":6.7567567568,"EFG%":42.3442906574,"TS%":45.4057439384,"PPWS":0.9081148788,"REB%":46.9483568075,"OREB%":28.3430232558,"DREB%":68.6440677966,"FTR":0.3641868512,"FFI":31.7964832139,"Py-W":5.2854020898,"Py-L":10.7145979102,"PPR":-0.9829714121,"HHI":0.0812686549},"SSCR":{"OFF":74.7098641554,"DEF":78.579969731,"NET":-3.8701055756,"PACE":83.5733014721,"hAST%":13.5480628455,"hTO%":10.3795642768,"TOR":14.2090832728,"AR":18.5465929034,"STL%":11.2924819694,"BLK%":3.323699422,"EFG%":43.7399678973,"TS%":47.8269611927,"PPWS":0.9565392239,"REB%":46.3687150838,"OREB%":28.7553648069,"DREB%":68.5920577617,"FTR":0.2672552167,"FFI":30.8081591889,"Py-W":4.9328132282,"Py-L":11.0671867718,"PPR":-0.7024211425,"HHI":0.1072559046},"JRU":{"OFF":73.6966556191,"DEF":78.0883746886,"NET":-4.3917190695,"PACE":77.9165275787,"hAST%":15.9442343411,"hTO%":12.5875534272,"TOR":18.0481605598,"AR":22.8610033757,"STL%":9.5454715849,"BLK%":7.9276773296,"EFG%":42.9616087751,"TS%":47.9459561011,"PPWS":0.958919122,"REB%":50.3527336861,"OREB%":33.1081081081,"DREB%":69.1881918819,"FTR":0.3811700183,"FFI":34.0358555458,"Py-W":4.5393344258,"Py-L":11.4606655742,"PPR":-1.0940935298,"HHI":0.117250479}}