{"AU":{"MINS":3250.0,"FGM":455.0,"FGA":1156.0,"2PM":386.0,"2PA":828.0,"3PM":69.0,"3PA":328.0,"FTM":239.0,"FTA":421.0,"PTS":1218.0,"OFF":195.0,"DEF":405.0,"REB":600.0,"AST":241.0,"TO":194.0,"STL":162.0,"BLK":50.0,"STK":212.0,"PF":325.0,"Fls on:":372.0,"+\/-":-55.0,"GW":75.0,"GP":16.0,"W":6.0,"L":10.0,"FG%":39.3598615917,"2P%":46.6183574879,"3P%":21.0365853659,"FT%":56.7695961995},"CSB":{"MINS":3050.0,"FGM":455.0,"FGA":1032.0,"2PM":352.0,"2PA":652.0,"3PM":103.0,"3PA":380.0,"FTM":197.0,"FTA":328.0,"PTS":1210.0,"OFF":205.0,"DEF":469.0,"REB":674.0,"AST":280.0,"TO":233.0,"STL":109.0,"BLK":59.0,"STK":168.0,"PF":283.0,"Fls on:":293.0,"+\/-":163.0,"GW":180.0,"GP":15.0,"W":13.0,"L":2.0,"FG%":44.0891472868,"2P%":53.9877300613,"3P%":27.1052631579,"FT%":60.0609756098},"CSJL":{"MINS":3325.0,"FGM":420.0,"FGA":1048.0,"2PM":305.0,"2PA":622.0,"3PM":115.0,"3PA":426.0,"FTM":247.0,"FTA":334.0,"PTS":1202.0,"OFF":144.0,"DEF":454.0,"REB":598.0,"AST":255.0,"TO":245.0,"STL":96.0,"BLK":66.0,"STK":162.0,"PF":325.0,"Fls on:":318.0,"+\/-":-41.0,"GW":90.0,"GP":16.0,"W":7.0,"L":9.0,"FG%":40.0763358779,"2P%":49.0353697749,"3P%":26.9953051643,"FT%":73.9520958084},"EAC":{"MINS":3225.0,"FGM":419.0,"FGA":1150.0,"2PM":289.0,"2PA":706.0,"3PM":130.0,"3PA":444.0,"FTM":217.0,"FTA":381.0,"PTS":1185.0,"OFF":195.0,"DEF":442.0,"REB":637.0,"AST":282.0,"TO":208.0,"STL":114.0,"BLK":58.0,"STK":172.0,"PF":356.0,"Fls on:":342.0,"+\/-":-14.4,"GW":111.0,"GP":16.0,"W":8.0,"L":8.0,"FG%":36.4347826087,"2P%":40.9348441926,"3P%":29.2792792793,"FT%":56.9553805774},"JRU":{"MINS":3200.0,"FGM":430.0,"FGA":1094.0,"2PM":350.0,"2PA":776.0,"3PM":80.0,"3PA":318.0,"FTM":285.0,"FTA":417.0,"PTS":1225.0,"OFF":196.0,"DEF":375.0,"REB":571.0,"AST":285.0,"TO":225.0,"STL":119.0,"BLK":57.0,"STK":176.0,"PF":350.0,"Fls on:":363.0,"+\/-":-73.0,"GW":58.0,"GP":16.0,"W":4.0,"L":12.0,"FG%":39.3053016453,"2P%":45.1030927835,"3P%":25.1572327044,"FT%":68.345323741},"LPU":{"MINS":3250.0,"FGM":452.0,"FGA":1103.0,"2PM":333.0,"2PA":649.0,"3PM":119.0,"3PA":454.0,"FTM":279.0,"FTA":398.0,"PTS":1302.0,"OFF":150.0,"DEF":410.0,"REB":560.0,"AST":280.0,"TO":193.0,"STL":126.0,"BLK":27.0,"STK":153.0,"PF":319.0,"Fls on:":356.0,"+\/-":-8.0,"GW":100.0,"GP":16.0,"W":8.0,"L":8.0,"FG%":40.9791477788,"2P%":51.3097072419,"3P%":26.2114537445,"FT%":70.1005025126},"MU":{"MINS":3025.0,"FGM":398.0,"FGA":1018.0,"2PM":267.0,"2PA":569.0,"3PM":131.0,"3PA":449.0,"FTM":202.0,"FTA":327.0,"PTS":1129.0,"OFF":192.0,"DEF":389.0,"REB":581.0,"AST":247.0,"TO":204.0,"STL":122.0,"BLK":36.0,"STK":158.0,"PF":348.0,"Fls on:":287.0,"+\/-":54.2,"GW":144.0,"GP":15.0,"W":12.0,"L":3.0,"FG%":39.0962671906,"2P%":46.9244288225,"3P%":29.1759465479,"FT%":61.7737003058},"SBU":{"MINS":3050.0,"FGM":372.0,"FGA":952.0,"2PM":237.0,"2PA":539.0,"3PM":135.0,"3PA":413.0,"FTM":182.0,"FTA":306.0,"PTS":1061.0,"OFF":165.0,"DEF":434.0,"REB":599.0,"AST":212.0,"TO":175.0,"STL":76.0,"BLK":39.0,"STK":115.0,"PF":272.0,"Fls on:":286.0,"+\/-":89.0,"GW":133.0,"GP":15.0,"W":10.0,"L":5.0,"FG%":39.0756302521,"2P%":43.9703153989,"3P%":32.6876513317,"FT%":59.477124183},"SSCR":{"MINS":3275.0,"FGM":479.0,"FGA":1246.0,"2PM":347.0,"2PA":740.0,"3PM":132.0,"3PA":506.0,"FTM":242.0,"FTA":333.0,"PTS":1332.0,"OFF":201.0,"DEF":380.0,"REB":581.0,"AST":248.0,"TO":190.0,"STL":151.0,"BLK":23.0,"STK":174.0,"PF":414.0,"Fls on:":304.0,"+\/-":-69.0,"GW":67.0,"GP":16.0,"W":5.0,"L":11.0,"FG%":38.4430176565,"2P%":46.8918918919,"3P%":26.0869565217,"FT%":72.6726726727},"UPHSD":{"MINS":3500.0,"FGM":409.0,"FGA":1113.0,"2PM":310.0,"2PA":720.0,"3PM":99.0,"3PA":393.0,"FTM":207.0,"FTA":333.0,"PTS":1124.0,"OFF":199.0,"DEF":479.0,"REB":678.0,"AST":299.0,"TO":258.0,"STL":126.0,"BLK":66.0,"STK":192.0,"PF":291.0,"Fls on:":320.0,"+\/-":-46.0,"GW":67.0,"GP":17.0,"W":6.0,"L":11.0,"FG%":36.7475292004,"2P%":43.0555555556,"3P%":25.1908396947,"FT%":62.1621621622},"League":{"MINS":3215.0,"FGM":428.9,"FGA":1091.2,"2PM":317.6,"2PA":680.1,"3PM":111.3,"3PA":411.1,"FTM":229.7,"FTA":357.8,"PTS":1198.8,"OFF":184.2,"DEF":423.7,"REB":607.9,"AST":262.9,"TO":212.5,"STL":120.1,"BLK":48.1,"STK":168.2,"PF":328.3,"Fls on:":324.1,"+\/-":-0.02,"GW":102.5,"GP":15.8,"W":7.9,"L":7.9,"FG%":39.3053519062,"2P%":46.6990148508,"3P%":27.0737046947,"FT%":64.1978759083}}