{"CSB":{"OFF":78.7150420752,"DEF":67.4172921338,"NET":11.2977499414,"PACE":78.1299207606,"hAST%":16.0710394421,"hTO%":13.9600130747,"TOR":20.1833441218,"AR":23.2354595744,"STL%":9.3532570321,"BLK%":8.7248322148,"EFG%":49.8331479422,"TS%":51.8744890411,"PPWS":1.0374897808,"REB%":57.3099415205,"OREB%":39.1304347826,"DREB%":72.0848056537,"FTR":0.3248053393,"FFI":37.6772622528,"Py-W":11.9944631731,"Py-L":1.0055368269,"PPR":-1.8015870288,"HHI":0.0958537641},"SBU":{"OFF":72.1987919861,"DEF":68.4629714784,"NET":3.7358205077,"PACE":71.0378388995,"hAST%":13.7541739545,"hTO%":12.1640960407,"TOR":16.5675518168,"AR":18.7332448648,"STL%":7.1467870582,"BLK%":6.8686868687,"EFG%":44.9569495695,"TS%":47.7033698219,"PPWS":0.9540673964,"REB%":52.4291497976,"OREB%":29.6774193548,"DREB%":72.6577437859,"FTR":0.332103321,"FFI":33.0417014685,"Py-W":9.1076031206,"Py-L":3.8923968794,"PPR":-1.5657603647,"HHI":0.1212583241},"MU":{"OFF":75.0574302921,"DEF":72.0976327376,"NET":2.9597975545,"PACE":76.0187127186,"hAST%":14.7419097539,"hTO%":12.7478350046,"TOR":18.1129491369,"AR":20.9462596164,"STL%":10.0177763383,"BLK%":5.7407407407,"EFG%":45.342312009,"TS%":48.5680050287,"PPWS":0.9713601006,"REB%":54.5454545455,"OREB%":35.4838709677,"DREB%":75.0542299349,"FTR":0.3243546577,"FFI":34.6272561467,"Py-W":8.5227133455,"Py-L":4.4772866545,"PPR":-1.6078212313,"HHI":0.1312547221},"League":{"OFF":73.1789863623,"DEF":73.1789863623,"NET":0.0,"PACE":78.2534910372,"hAST%":14.9875682926,"hTO%":12.2340541543,"TOR":17.1086946723,"AR":20.9593423869,"STL%":9.7695888797,"BLK%":7.0628768303,"EFG%":44.3073291126,"TS%":47.9342883044,"PPWS":0.9586857661,"REB%":50.0,"OREB%":30.612636835,"DREB%":69.387363165,"FTR":0.331473334,"FFI":33.0947326908,"Py-W":6.7,"Py-L":6.7,"PPR":-1.2029250457,"HHI":0.0090390146},"EAC":{"OFF":70.9866909868,"DEF":71.2737959049,"NET":-0.287104918,"PACE":80.3780138424,"hAST%":15.6023026847,"hTO%":11.4327217948,"TOR":16.2692786893,"AR":22.2027803289,"STL%":9.5701639349,"BLK%":8.480565371,"EFG%":42.4307036247,"TS%":45.5777171509,"PPWS":0.911554343,"REB%":46.8864468864,"OREB%":28.6231884058,"DREB%":65.5555555556,"FTR":0.3560767591,"FFI":32.1053901893,"Py-W":6.2901836332,"Py-L":6.7098163668,"PPR":-0.5686875494,"HHI":0.1099322068},"UPHSD":{"OFF":67.2606115596,"DEF":68.4066922678,"NET":-1.1460807082,"PACE":74.7890485414,"hAST%":16.4119601329,"hTO%":13.5548172757,"TOR":19.4833720386,"AR":23.5901612428,"STL%":9.6461792936,"BLK%":9.8859315589,"EFG%":40.9967845659,"TS%":44.5445920304,"PPWS":0.8908918406,"REB%":51.8018018018,"OREB%":31.9391634981,"DREB%":69.6917808219,"FTR":0.2947481243,"FFI":32.0786114006,"Py-W":6.0595521599,"Py-L":7.9404478401,"PPR":-1.4191505434,"HHI":0.1160106201},"LPU":{"OFF":76.6227325144,"DEF":77.8527480505,"NET":-1.2300155361,"PACE":79.7363286863,"hAST%":15.9559643255,"hTO%":10.1727982163,"TOR":14.0848837861,"AR":22.0920437467,"STL%":9.9365960957,"BLK%":3.9076376554,"EFG%":45.5723542117,"TS%":49.9434069044,"PPWS":0.9988681381,"REB%":45.3109575518,"OREB%":25.0965250965,"DREB%":66.4646464646,"FTR":0.3293736501,"FFI":31.7100724021,"Py-W":5.6763311173,"Py-L":7.3236688827,"PPR":0.246893896,"HHI":0.1164326458},"CSJL":{"OFF":72.6354125085,"DEF":74.4070079356,"NET":-1.771595427,"PACE":78.6216266761,"hAST%":14.9418479431,"hTO%":14.8745423218,"TOR":20.0780815064,"AR":20.168932554,"STL%":7.5406369459,"BLK%":9.0638930163,"EFG%":46.3696369637,"TS%":51.1143503778,"PPWS":1.0222870076,"REB%":49.0196078431,"OREB%":26.359832636,"DREB%":67.2849915683,"FTR":0.3344334433,"FFI":33.8558433394,"Py-W":5.6670095558,"Py-L":8.3329904442,"PPR":-2.4840405779,"HHI":0.1022126869},"AU":{"OFF":70.7786443875,"DEF":73.9958554961,"NET":-3.2172111085,"PACE":81.5924075683,"hAST%":13.8839125761,"hTO%":11.1967036904,"TOR":15.3200528977,"AR":18.9968655932,"STL%":12.5186717964,"BLK%":5.9842519685,"EFG%":43.3366238894,"TS%":46.0306073649,"PPWS":0.9206121473,"REB%":47.202166065,"OREB%":28.6912751678,"DREB%":68.75,"FTR":0.3543928924,"FFI":32.2188111997,"Py-W":4.6105851324,"Py-L":9.3894148676,"PPR":-1.02077318,"HHI":0.0938761742},"JRU":{"OFF":73.3963816587,"DEF":77.3677289629,"NET":-3.9713473042,"PACE":78.4465416084,"hAST%":15.6339605123,"hTO%":12.2887025861,"TOR":17.650432463,"AR":22.4552724113,"STL%":10.001911729,"BLK%":8.389261745,"EFG%":42.0,"TS%":47.2645298174,"PPWS":0.9452905963,"REB%":49.678111588,"OREB%":33.0612244898,"DREB%":68.0995475113,"FTR":0.3933333333,"FFI":33.7248530137,"Py-W":3.9114099619,"Py-L":9.0885900381,"PPR":-1.0486949315,"HHI":0.1159453175},"SSCR":{"OFF":74.4256567602,"DEF":79.029305632,"NET":-4.6036488718,"PACE":83.7844710703,"hAST%":12.9287730782,"hTO%":10.1181702351,"TOR":13.8109466153,"AR":17.6473206751,"STL%":11.3386166656,"BLK%":3.5772357724,"EFG%":42.8896991796,"TS%":47.2371923901,"PPWS":0.9447438478,"REB%":46.7323187108,"OREB%":29.552715655,"DREB%":68.6354378819,"FTR":0.2798541477,"FFI":30.7169716718,"Py-W":3.8754870704,"Py-L":10.1245129296,"PPR":-0.7796749511,"HHI":0.1143467838}}