{"CSB":{"MINS":203.8461538462,"FGM":30.8461538462,"FGA":69.1538461538,"2PM":23.6153846154,"2PA":43.4615384615,"3PM":7.2307692308,"3PA":25.6923076923,"FTM":13.0769230769,"FTA":22.4615384615,"PTS":82.0,"OFF":13.8461538462,"DEF":31.3846153846,"REB":45.2307692308,"AST":18.1538461538,"TO":15.7692307692,"STL":7.3076923077,"BLK":4.0,"STK":11.3076923077,"PF":19.5384615385,"Fls on:":19.9230769231,"+\/-":11.7692307692,"GW":154.0,"GP":13.0,"W":11.0,"L":2.0,"FG%":44.6051167964,"2P%":54.3362831858,"3P%":28.1437125749,"FT%":58.2191780822,"W%":0.8461538462},"MU":{"MINS":201.9230769231,"FGM":26.8461538462,"FGA":68.5384615385,"2PM":18.3846153846,"2PA":39.1538461538,"3PM":8.4615384615,"3PA":29.3846153846,"FTM":13.9230769231,"FTA":22.2307692308,"PTS":76.0769230769,"OFF":13.5384615385,"DEF":26.6153846154,"REB":40.1538461538,"AST":15.9230769231,"TO":13.7692307692,"STL":7.6153846154,"BLK":2.3846153846,"STK":10.0,"PF":23.6923076923,"Fls on:":20.1538461538,"+\/-":3.0153846154,"GW":120.0,"GP":13.0,"W":10.0,"L":3.0,"FG%":39.1694725028,"2P%":46.9548133595,"3P%":28.7958115183,"FT%":62.6297577855,"W%":0.7692307692},"SBU":{"MINS":203.8461538462,"FGM":23.8461538462,"FGA":62.5384615385,"2PM":15.3076923077,"2PA":35.3846153846,"3PM":8.5384615385,"3PA":27.1538461538,"FTM":12.1538461538,"FTA":20.7692307692,"PTS":68.3846153846,"OFF":10.6153846154,"DEF":29.2307692308,"REB":39.8461538462,"AST":13.3076923077,"TO":11.7692307692,"STL":5.0769230769,"BLK":2.6153846154,"STK":7.6923076923,"PF":17.7692307692,"Fls on:":18.8461538462,"+\/-":3.5384615385,"GW":106.0,"GP":13.0,"W":8.0,"L":5.0,"FG%":38.1303813038,"2P%":43.2608695652,"3P%":31.4447592068,"FT%":58.5185185185,"W%":0.6153846154},"CSJL":{"MINS":208.9285714286,"FGM":26.5714285714,"FGA":64.9285714286,"2PM":19.5,"2PA":39.1428571429,"3PM":7.0714285714,"3PA":25.7857142857,"FTM":15.9285714286,"FTA":21.7142857143,"PTS":76.1428571429,"OFF":9.0,"DEF":28.5,"REB":37.5,"AST":15.8571428571,"TO":15.7857142857,"STL":5.9285714286,"BLK":4.3571428571,"STK":10.2857142857,"PF":20.6428571429,"Fls on:":20.4285714286,"+\/-":-1.8571428571,"GW":90.0,"GP":14.0,"W":7.0,"L":7.0,"FG%":40.9240924092,"2P%":49.8175182482,"3P%":27.4238227147,"FT%":73.3552631579,"W%":0.5},"League":{"MINS":204.1044776119,"FGM":27.2164179104,"FGA":69.5447761194,"2PM":20.0223880597,"2PA":43.3208955224,"3PM":7.1940298507,"3PA":26.223880597,"FTM":14.7686567164,"FTA":23.052238806,"PTS":76.3955223881,"OFF":11.8955223881,"DEF":26.9626865672,"REB":38.8582089552,"AST":16.4104477612,"TO":13.3955223881,"STL":7.6492537313,"BLK":3.0597014925,"STK":10.7089552239,"PF":20.9925373134,"Fls on:":20.7014925373,"+\/-":-0.0014925373,"GW":87.2,"GP":13.4,"W":6.7,"L":6.7,"FG%":39.1351003327,"2P%":46.2187769165,"3P%":27.4331246443,"FT%":64.0660407899,"W%":0.5},"EAC":{"MINS":201.9230769231,"FGM":26.3846153846,"FGA":72.1538461538,"2PM":17.9230769231,"2PA":44.3076923077,"3PM":8.4615384615,"3PA":27.8461538462,"FTM":14.8461538462,"FTA":25.6923076923,"PTS":76.0769230769,"OFF":12.1538461538,"DEF":27.2307692308,"REB":39.3846153846,"AST":17.8461538462,"TO":13.0769230769,"STL":7.6923076923,"BLK":3.6923076923,"STK":11.3846153846,"PF":22.6153846154,"Fls on:":22.2307692308,"+\/-":-0.3384615385,"GW":85.0,"GP":13.0,"W":6.0,"L":7.0,"FG%":36.5671641791,"2P%":40.4513888889,"3P%":30.3867403315,"FT%":57.7844311377,"W%":0.4615384615},"LPU":{"MINS":203.8461538462,"FGM":28.3076923077,"FGA":71.2307692308,"2PM":20.0,"2PA":40.9230769231,"3PM":8.3076923077,"3PA":30.3076923077,"FTM":16.5384615385,"FTA":23.4615384615,"PTS":81.4615384615,"OFF":10.0,"DEF":25.3076923077,"REB":35.3076923077,"AST":17.6153846154,"TO":11.2307692308,"STL":7.9230769231,"BLK":1.6923076923,"STK":9.6153846154,"PF":20.6923076923,"Fls on:":21.1538461538,"+\/-":-1.3076923077,"GW":77.0,"GP":13.0,"W":6.0,"L":7.0,"FG%":39.7408207343,"2P%":48.8721804511,"3P%":27.4111675127,"FT%":70.4918032787,"W%":0.4615384615},"UPHSD":{"MINS":207.1428571429,"FGM":24.2142857143,"FGA":66.6428571429,"2PM":18.0,"2PA":42.5,"3PM":6.2142857143,"3PA":24.1428571429,"FTM":12.4285714286,"FTA":19.6428571429,"PTS":67.0714285714,"OFF":12.0,"DEF":29.0714285714,"REB":41.0714285714,"AST":17.6428571429,"TO":14.5714285714,"STL":7.2142857143,"BLK":3.7142857143,"STK":10.9285714286,"PF":18.1428571429,"Fls on:":18.7142857143,"+\/-":-1.1428571429,"GW":67.0,"GP":14.0,"W":6.0,"L":8.0,"FG%":36.3344051447,"2P%":42.3529411765,"3P%":25.7396449704,"FT%":63.2727272727,"W%":0.4285714286},"AU":{"MINS":203.5714285714,"FGM":29.0,"FGA":72.3571428571,"2PM":24.2857142857,"2PA":52.1428571429,"3PM":4.7142857143,"3PA":20.2142857143,"FTM":14.2857142857,"FTA":25.6428571429,"PTS":77.0,"OFF":12.2142857143,"DEF":25.1428571429,"REB":37.3571428571,"AST":15.5,"TO":12.5,"STL":10.2142857143,"BLK":2.7142857143,"STK":12.9285714286,"PF":20.4285714286,"Fls on:":22.7857142857,"+\/-":-3.5,"GW":63.0,"GP":14.0,"W":5.0,"L":9.0,"FG%":40.0789733465,"2P%":46.5753424658,"3P%":23.3215547703,"FT%":55.7103064067,"W%":0.3571428571},"JRU":{"MINS":200.0,"FGM":26.4615384615,"FGA":69.2307692308,"2PM":21.2307692308,"2PA":48.4615384615,"3PM":5.2307692308,"3PA":20.7692307692,"FTM":18.6153846154,"FTA":27.2307692308,"PTS":76.7692307692,"OFF":12.4615384615,"DEF":23.1538461538,"REB":35.6153846154,"AST":17.6153846154,"TO":13.8461538462,"STL":7.8461538462,"BLK":3.8461538462,"STK":11.6923076923,"PF":20.7692307692,"Fls on:":23.1538461538,"+\/-":-4.1538461538,"GW":58.0,"GP":13.0,"W":4.0,"L":9.0,"FG%":38.2222222222,"2P%":43.8095238095,"3P%":25.1851851852,"FT%":68.3615819209,"W%":0.3076923077},"SSCR":{"MINS":205.3571428571,"FGM":29.6428571429,"FGA":78.3571428571,"2PM":21.7142857143,"2PA":47.1428571429,"3PM":7.9285714286,"3PA":31.2142857143,"FTM":15.9285714286,"FTA":21.9285714286,"PTS":83.1428571429,"OFF":13.2142857143,"DEF":24.0714285714,"REB":37.2857142857,"AST":14.7857142857,"TO":11.5714285714,"STL":9.5,"BLK":1.5714285714,"STK":11.0714285714,"PF":25.5714285714,"Fls on:":19.7142857143,"+\/-":-5.1428571429,"GW":52.0,"GP":14.0,"W":4.0,"L":10.0,"FG%":37.8304466727,"2P%":46.0606060606,"3P%":25.4004576659,"FT%":72.6384364821,"W%":0.2857142857}}