{"CSB":{"MINS":208.3333333333,"FGM":29.0,"FGA":70.6666666667,"2PM":23.3333333333,"2PA":46.0,"3PM":5.6666666667,"3PA":24.6666666667,"FTM":11.3333333333,"FTA":18.6666666667,"PTS":75.0,"OFF":15.3333333333,"DEF":31.0,"REB":46.3333333333,"AST":15.0,"TO":14.6666666667,"STL":8.3333333333,"BLK":4.6666666667,"STK":13.0,"PF":19.3333333333,"Fls on:":20.6666666667,"+\/-":13.3333333333,"GW":40.0,"GP":3.0,"W":3.0,"L":0.0,"FG%":41.0377358491,"2P%":50.7246376812,"3P%":22.972972973,"FT%":60.7142857143,"W%":1.0},"UPHSD":{"MINS":200.0,"FGM":26.5,"FGA":66.5,"2PM":19.0,"2PA":42.0,"3PM":7.5,"3PA":24.5,"FTM":15.0,"FTA":23.0,"PTS":75.5,"OFF":16.5,"DEF":25.0,"REB":41.5,"AST":17.0,"TO":16.0,"STL":7.5,"BLK":3.5,"STK":11.0,"PF":22.0,"Fls on:":17.5,"+\/-":9.0,"GW":25.0,"GP":2.0,"W":2.0,"L":0.0,"FG%":39.8496240602,"2P%":45.2380952381,"3P%":30.612244898,"FT%":65.2173913043,"W%":1.0},"SBU":{"MINS":208.3333333333,"FGM":26.0,"FGA":65.0,"2PM":17.0,"2PA":38.0,"3PM":9.0,"3PA":27.0,"FTM":15.3333333333,"FTA":27.6666666667,"PTS":76.3333333333,"OFF":14.0,"DEF":32.3333333333,"REB":46.3333333333,"AST":13.6666666667,"TO":13.6666666667,"STL":4.6666666667,"BLK":3.6666666667,"STK":8.3333333333,"PF":20.6666666667,"Fls on:":25.0,"+\/-":7.0,"GW":27.0,"GP":3.0,"W":2.0,"L":1.0,"FG%":40.0,"2P%":44.7368421053,"3P%":33.3333333333,"FT%":55.421686747,"W%":0.6666666667},"SSCR":{"MINS":200.0,"FGM":31.0,"FGA":83.6666666667,"2PM":24.0,"2PA":45.3333333333,"3PM":7.0,"3PA":38.3333333333,"FTM":18.0,"FTA":24.6666666667,"PTS":87.0,"OFF":17.0,"DEF":23.0,"REB":40.0,"AST":16.0,"TO":8.6666666667,"STL":9.0,"BLK":1.3333333333,"STK":10.3333333333,"PF":28.3333333333,"Fls on:":23.6666666667,"+\/-":-0.3333333333,"GW":26.0,"GP":3.0,"W":2.0,"L":1.0,"FG%":37.0517928287,"2P%":52.9411764706,"3P%":18.2608695652,"FT%":72.972972973,"W%":0.6666666667},"CSJL":{"MINS":200.0,"FGM":26.5,"FGA":56.0,"2PM":21.5,"2PA":35.5,"3PM":5.0,"3PA":20.5,"FTM":19.0,"FTA":25.5,"PTS":77.0,"OFF":8.5,"DEF":25.5,"REB":34.0,"AST":15.0,"TO":16.5,"STL":6.0,"BLK":5.0,"STK":11.0,"PF":23.5,"Fls on:":24.0,"+\/-":0.5,"GW":13.0,"GP":2.0,"W":1.0,"L":1.0,"FG%":47.3214285714,"2P%":60.5633802817,"3P%":24.3902439024,"FT%":74.5098039216,"W%":0.5},"MU":{"MINS":200.0,"FGM":23.5,"FGA":70.0,"2PM":16.0,"2PA":38.5,"3PM":7.5,"3PA":31.5,"FTM":12.5,"FTA":20.5,"PTS":67.0,"OFF":14.0,"DEF":28.5,"REB":42.5,"AST":16.0,"TO":14.0,"STL":9.5,"BLK":2.0,"STK":11.5,"PF":24.5,"Fls on:":16.5,"+\/-":-5.0,"GW":12.0,"GP":2.0,"W":1.0,"L":1.0,"FG%":33.5714285714,"2P%":41.5584415584,"3P%":23.8095238095,"FT%":60.9756097561,"W%":0.5},"League":{"MINS":204.1666666667,"FGM":26.25,"FGA":69.7916666667,"2PM":19.6666666667,"2PA":43.2083333333,"3PM":6.5833333333,"3PA":26.5833333333,"FTM":15.625,"FTA":24.75,"PTS":74.7083333333,"OFF":13.2083333333,"DEF":27.6666666667,"REB":40.875,"AST":15.4583333333,"TO":13.2083333333,"STL":7.125,"BLK":3.25,"STK":10.375,"PF":22.7916666667,"Fls on:":22.5833333333,"+\/-":0.0,"GW":15.7,"GP":2.4,"W":1.2,"L":1.2,"FG%":37.6119402985,"2P%":45.5159112825,"3P%":24.7648902821,"FT%":63.1313131313,"W%":0.5},"EAC":{"MINS":208.3333333333,"FGM":23.0,"FGA":71.3333333333,"2PM":16.6666666667,"2PA":46.3333333333,"3PM":6.3333333333,"3PA":25.0,"FTM":17.0,"FTA":29.0,"PTS":69.3333333333,"OFF":9.3333333333,"DEF":29.0,"REB":38.3333333333,"AST":17.3333333333,"TO":13.0,"STL":5.6666666667,"BLK":6.0,"STK":11.6666666667,"PF":21.6666666667,"Fls on:":25.3333333333,"+\/-":-6.0,"GW":14.0,"GP":3.0,"W":1.0,"L":2.0,"FG%":32.2429906542,"2P%":35.9712230216,"3P%":25.3333333333,"FT%":58.6206896552,"W%":0.3333333333},"AU":{"MINS":212.5,"FGM":30.5,"FGA":76.5,"2PM":27.5,"2PA":59.5,"3PM":3.0,"3PA":17.0,"FTM":9.5,"FTA":21.5,"PTS":73.5,"OFF":12.0,"DEF":34.5,"REB":46.5,"AST":13.0,"TO":12.5,"STL":10.5,"BLK":0.5,"STK":11.0,"PF":20.5,"Fls on:":22.0,"+\/-":-4.5,"GW":0.0,"GP":2.0,"W":0.0,"L":2.0,"FG%":39.8692810458,"2P%":46.218487395,"3P%":17.6470588235,"FT%":44.1860465116,"W%":0.0},"JRU":{"MINS":200.0,"FGM":19.5,"FGA":62.0,"2PM":13.5,"2PA":40.5,"3PM":6.0,"3PA":21.5,"FTM":19.0,"FTA":28.0,"PTS":64.0,"OFF":13.0,"DEF":19.0,"REB":32.0,"AST":14.0,"TO":12.5,"STL":6.0,"BLK":4.0,"STK":10.0,"PF":21.5,"Fls on:":24.0,"+\/-":-12.0,"GW":0.0,"GP":2.0,"W":0.0,"L":2.0,"FG%":31.4516129032,"2P%":33.3333333333,"3P%":27.9069767442,"FT%":67.8571428571,"W%":0.0},"LPU":{"MINS":200.0,"FGM":25.0,"FGA":70.5,"2PM":17.0,"2PA":39.0,"3PM":8.0,"3PA":31.5,"FTM":20.0,"FTA":28.5,"PTS":78.0,"OFF":11.0,"DEF":26.5,"REB":37.5,"AST":17.5,"TO":12.0,"STL":4.5,"BLK":0.5,"STK":5.0,"PF":26.5,"Fls on:":25.0,"+\/-":-9.0,"GW":0.0,"GP":2.0,"W":0.0,"L":2.0,"FG%":35.4609929078,"2P%":43.5897435897,"3P%":25.3968253968,"FT%":70.1754385965,"W%":0.0}}